{ "type": "FeatureCollection", "features": [
{"type":"Feature","geometry":{"type":"LineString","coordinates":[[-122.487433564,37.774290092],[-122.488505758,37.774241084]]},"properties":{":id":"row-qhyu~45b8-upvk",":version":"rv-qy9j~is5z_mhdb",":created_at":"2024-01-18T23:33:38.148Z",":updated_at":"2024-01-18T23:33:38.148Z","objectid":"1291","classcode":"5","cnn":"3495000","f_node_cnn":"27528000","f_st":"28TH AVE","nhood":"Outer Richmond","oneway":"B","st_type":"ST","streetname":"CABRILLO ST","t_st":"29TH AVE","zip_code":"94121","slw_st":"1","length":"0.05879311","extents":"23rd Ave to 45th Ave","status":"Implemented","phase":"3","install_date":"2020-10-20T17:00:00.000","agency":"MTA","type":"Non-local access","supervisor_district":"1","data_as_of":"2023-04-28T14:29:50.000","data_loaded_at":"2024-01-18T15:33:32.817"}},
{"type":"Feature","geometry":{"type":"LineString","coordinates":[[-122.493867856,37.773995847],[-122.494938693,37.773946842]]},"properties":{":id":"row-5fd8-eaaw-5yxv",":version":"rv-p2mw_45bs_rrka",":created_at":"2024-01-18T23:33:38.148Z",":updated_at":"2024-01-18T23:33:38.148Z","objectid":"1286","classcode":"5","cnn":"3501000","f_node_cnn":"27825000","f_st":"34TH AVE","nhood":"Outer Richmond","oneway":"B","st_type":"ST","streetname":"CABRILLO ST","t_st":"35TH AVE","zip_code":"94121","slw_st":"1","length":"0.05871917","extents":"23rd Ave to 45th Ave","status":"Implemented","phase":"3","install_date":"2020-10-20T17:00:00.000","agency":"MTA","type":"Non-local access","supervisor_district":"1","data_as_of":"2023-04-28T14:29:50.000","data_loaded_at":"2024-01-18T15:33:32.817"}},
{"type":"Feature","geometry":{"type":"LineString","coordinates":[[-122.461470836,37.786816064],[-122.462546556,37.78676805]]},"properties":{":id":"row-k678-xj2q_u4sy",":version":"rv-t6sc_k4g2.w3fm",":created_at":"2024-01-18T23:33:38.148Z",":updated_at":"2024-01-18T23:33:38.148Z","objectid":"438","classcode":"5","cnn":"8011000","f_node_cnn":"27584000","f_st":"03RD AVE","nhood":"Presidio Heights","oneway":"B","st_type":"ST","streetname":"LAKE ST","t_st":"04TH AVE","zip_code":"94118","slw_st":"1","length":"0.058972","extents":"28th Avenue to Arguello Boulevard","status":"Implemented","phase":"1","install_date":"2020-04-30T17:00:00.000","agency":"MTA","type":"Non-local access","supervisor_district":"1","data_as_of":"2021-11-23T16:11:01.000","data_loaded_at":"2024-01-18T15:33:32.817"}},
{"type":"Feature","geometry":{"type":"LineString","coordinates":[[-122.477644057,37.786079795],[-122.478713573,37.78603127]]},"properties":{":id":"row-vbs7_dvaa_bkq3",":version":"rv-vd6j_228i_nepx",":created_at":"2024-01-18T23:33:38.148Z",":updated_at":"2024-01-18T23:33:38.148Z","objectid":"432","classcode":"5","cnn":"8027000","f_node_cnn":"27634000","f_st":"18TH AVE","nhood":"Inner Richmond","oneway":"B","st_type":"ST","streetname":"LAKE ST","t_st":"19TH AVE","zip_code":"94121","slw_st":"1","length":"0.05863556","extents":"28th Avenue to Arguello Boulevard","status":"Implemented","phase":"1","install_date":"2020-04-30T17:00:00.000","agency":"MTA","type":"Non-local access","supervisor_district":"1","data_as_of":"2021-11-23T16:11:01.000","data_loaded_at":"2024-01-18T15:33:32.817"}},
{"type":"Feature","geometry":{"type":"LineString","coordinates":[[-122.473255083,37.786288101],[-122.474382842,37.786238018]]},"properties":{":id":"row-q5dq.uwh4~6jx3",":version":"rv-mndh.axh5~nsie",":created_at":"2024-01-18T23:33:38.148Z",":updated_at":"2024-01-18T23:33:38.148Z","objectid":"435","classcode":"5","cnn":"8023000","f_node_cnn":"27622000","f_st":"14TH AVE","nhood":"Inner Richmond","oneway":"B","st_type":"ST","streetname":"LAKE ST","t_st":"15TH AVE","zip_code":"94118","slw_st":"1","length":"0.061824290000000004","extents":"28th Avenue to Arguello Boulevard","status":"Implemented","phase":"1","install_date":"2020-04-30T17:00:00.000","agency":"MTA","type":"Non-local access","supervisor_district":"1","data_as_of":"2021-11-23T16:11:01.000","data_loaded_at":"2024-01-18T15:33:32.817"}},
{"type":"Feature","geometry":{"type":"LineString","coordinates":[[-122.487286365,37.785648841],[-122.488140379,37.785611775]]},"properties":{":id":"row-egmj~c3sm_ibts",":version":"rv-ryis_2rp4_4sig",":created_at":"2024-01-18T23:33:38.148Z",":updated_at":"2024-01-18T23:33:38.148Z","objectid":"433","classcode":"5","cnn":"8036000","f_node_cnn":"27659000","f_st":"27TH AVE","nhood":"Seacliff","oneway":"B","st_type":"ST","streetname":"LAKE ST","t_st":"28TH AVE","zip_code":"94121","slw_st":"1","length":"0.04681459","extents":"28th Avenue to Arguello Boulevard","status":"Implemented","phase":"1","install_date":"2020-04-30T17:00:00.000","agency":"MTA","type":"Non-local access","supervisor_district":"1","data_as_of":"2021-11-23T16:11:01.000","data_loaded_at":"2024-01-18T15:33:32.817"}},
{"type":"Feature","geometry":{"type":"LineString","coordinates":[[-122.497082371,37.773848713],[-122.4981493,37.773799858]]},"properties":{":id":"row-av7i_46a6.3bp7",":version":"rv-tbzj-ve4y.ifv2",":created_at":"2024-01-18T23:33:38.148Z",":updated_at":"2024-01-18T23:33:38.148Z","objectid":"1604","classcode":"5","cnn":"3504000","f_node_cnn":"27863000","f_st":"37TH AVE","nhood":"Outer Richmond","oneway":"B","st_type":"ST","streetname":"CABRILLO ST","t_st":"38TH AVE","zip_code":"94121","slw_st":"1","length":"0.05850511","extents":"23rd Ave to 45th Ave","status":"Implemented","phase":"3","install_date":"2020-10-20T17:00:00.000","agency":"MTA","type":"Non-local access","supervisor_district":"1","data_as_of":"2023-04-28T14:29:50.000","data_loaded_at":"2024-01-18T15:33:32.817"}},
{"type":"Feature","geometry":{"type":"LineString","coordinates":[[-122.482318449,37.776399887],[-122.482183772,37.774534489]]},"properties":{":id":"row-jis4-x54g_2ccv",":version":"rv-hzdy_tci3~8xsv",":created_at":"2024-01-18T23:33:38.148Z",":updated_at":"2024-01-18T23:33:38.148Z","objectid":"648","classcode":"5","cnn":"1216000","f_node_cnn":"27533000","f_st":"BALBOA ST","nhood":"Outer Richmond","oneway":"B","st_type":"AVE","streetname":"23RD AVE","t_st":"CABRILLO ST","zip_code":"94121","slw_st":"1","length":"0.12886334","extents":"Lake to Cabrillo","status":"Implemented","phase":"2","install_date":"2020-06-09T17:00:00.000","agency":"MTA","type":"Non-local access","supervisor_district":"1","data_as_of":"2020-10-13T16:05:18.000","data_loaded_at":"2024-01-18T15:33:32.817"}},
{"type":"Feature","geometry":{"type":"LineString","coordinates":[[-122.442476421,37.789662961],[-122.444119473,37.789457083]]},"properties":{":id":"row-um7c_8zpz_5xkq",":version":"rv-gcev~f35r-nh4t",":created_at":"2024-01-18T23:33:38.148Z",":updated_at":"2024-01-18T23:33:38.148Z","objectid":"1612","classcode":"5","cnn":"4117000","f_node_cnn":"26854000","f_st":"BRODERICK ST","nhood":"Pacific Heights","oneway":"B","st_type":"ST","streetname":"CLAY ST","t_st":"BAKER ST","zip_code":"94115","slw_st":"1","length":"0.091042270000000008","extents":"Arguello to Steiner","status":"Implemented","phase":"3","install_date":"2020-10-05T17:00:00.000","agency":"MTA","type":"Non-local access","supervisor_district":"2","data_as_of":"2020-10-13T16:05:18.000","data_loaded_at":"2024-01-18T15:33:32.817"}},
{"type":"Feature","geometry":{"type":"LineString","coordinates":[[-122.428990052,37.773247801],[-122.430629085,37.773039299]]},"properties":{":id":"row-h65x~iv8c_wwhs",":version":"rv-qvym-mptn.5idx",":created_at":"2024-01-18T23:33:38.148Z",":updated_at":"2024-01-18T23:33:38.148Z","objectid":"100","classcode":"5","cnn":"10174000","f_node_cnn":"25901000","f_st":"WEBSTER ST","nhood":"Western Addition","oneway":"B","st_type":"ST","streetname":"PAGE ST","t_st":"FILLMORE ST","zip_code":"94117","slw_st":"1","length":"0.09087306","extents":"Stanyan to Gough","status":"Implemented","phase":"1","install_date":"2020-04-30T17:00:00.000","agency":"MTA","type":"Non-local access","supervisor_district":"5","data_as_of":"2020-10-13T16:05:18.000","data_loaded_at":"2024-01-18T15:33:32.817"}},
{"type":"Feature","geometry":{"type":"LineString","coordinates":[[-122.442754865,37.774358833],[-122.442945446,37.775295529]]},"properties":{":id":"row-zxra_h5tz-kekk",":version":"rv-pzdq.m4e3-qdqr",":created_at":"2024-01-18T23:33:38.148Z",":updated_at":"2024-01-18T23:33:38.148Z","objectid":"2603","classcode":"5","cnn":"8557000","f_node_cnn":"26356000","f_st":"HAYES ST","nhood":"North Panhandle","oneway":"B","st_type":"ST","streetname":"LYON ST","t_st":"GROVE ST","zip_code":"94117","slw_st":"1","length":"0.06543881","extents":"Turk Street to Haight Street","status":"Implemented","phase":"4","install_date":"2021-07-06T17:00:00.000","agency":"MTA","type":"Non-local access","supervisor_district":"5","data_as_of":"2021-07-07T16:22:50.000","data_loaded_at":"2024-01-18T15:33:32.817"}},
{"type":"Feature","geometry":{"type":"LineString","coordinates":[[-122.433922188,37.772620311],[-122.43556332,37.77241793]]},"properties":{":id":"row-aese~xrit_9n39",":version":"rv-6eyz.w4h3~ys2c",":created_at":"2024-01-18T23:33:38.148Z",":updated_at":"2024-01-18T23:33:38.148Z","objectid":"97","classcode":"5","cnn":"10177000","f_node_cnn":"26003000","f_st":"PIERCE ST","nhood":"Western Addition","oneway":"B","st_type":"ST","streetname":"PAGE ST","t_st":"SCOTT ST","zip_code":"94117","slw_st":"1","length":"0.0909215","extents":"Stanyan to Gough","status":"Implemented","phase":"1","install_date":"2020-04-30T17:00:00.000","agency":"MTA","type":"Non-local access","supervisor_district":"5","data_as_of":"2020-10-13T16:05:18.000","data_loaded_at":"2024-01-18T15:33:32.817"}},
{"type":"Feature","geometry":{"type":"LineString","coordinates":[[-122.446573476,37.730699251],[-122.448860456,37.730690189]]},"properties":{":id":"row-idsm-y2rd~kns9",":version":"rv-t2vk~heie.uvvz",":created_at":"2024-01-18T23:33:38.148Z",":updated_at":"2024-01-18T23:33:38.148Z","objectid":"2568","classcode":"5","cnn":"6865000","f_node_cnn":"22161000","f_st":"EDNA ST","nhood":"Sunnyside","oneway":"B","st_type":"AVE","streetname":"HEARST AVE","t_st":"FOERSTER ST","zip_code":"94112","slw_st":"1","length":"0.12527275000000002","extents":"Ridgewood Avenue to Baden Street","status":"Implemented","phase":"4","install_date":"2021-07-26T17:00:00.000","agency":"MTA","type":"Non-local access","supervisor_district":"7","data_as_of":"2021-08-03T11:50:20.000","data_loaded_at":"2024-01-18T15:33:32.817"}},
{"type":"Feature","geometry":{"type":"LineString","coordinates":[[-122.469263156,37.760170586],[-122.469131021,37.758303993]]},"properties":{":id":"row-358r-eh6u-r9se",":version":"rv-tmf5.7uqa~jaq7",":created_at":"2024-01-18T23:33:38.148Z",":updated_at":"2024-01-18T23:33:38.148Z","objectid":"2562","classcode":"5","cnn":"530000","f_node_cnn":"27159000","f_st":"KIRKHAM ST","nhood":"Inner Sunset","oneway":"B","st_type":"AVE","streetname":"12TH AVE","t_st":"LAWTON ST","zip_code":"94122","slw_st":"1","length":"0.12893746","extents":"Lincoln Way to Lawton","status":"Implemented","phase":"4","install_date":"2021-07-19T17:00:00.000","agency":"MTA","type":"Non-local access","supervisor_district":"7","data_as_of":"2023-04-20T11:36:44.000","data_loaded_at":"2024-01-18T15:33:32.817"}},
{"type":"Feature","geometry":{"type":"LineString","coordinates":[[-122.429422762,37.749157853],[-122.429346499,37.748362264]]},"properties":{":id":"row-rdrw_ah9f~zm2p",":version":"rv-7q8v-b898_syta",":created_at":"2024-01-18T23:33:38.148Z",":updated_at":"2024-01-18T23:33:38.148Z","objectid":"682","classcode":"5","cnn":"11532000","f_node_cnn":"25644000","f_st":"CLIPPER ST","nhood":"Noe Valley","oneway":"B","st_type":"ST","streetname":"SANCHEZ ST","t_st":"26TH ST","zip_code":"94114","slw_st":"1","length":"0.05502842","extents":"23rd St to 30th St","status":"Implemented","phase":"2","install_date":"2020-05-19T17:00:00.000","agency":"MTA","type":"Non-local access","supervisor_district":"8","data_as_of":"2020-10-13T16:05:18.000","data_loaded_at":"2024-01-18T15:33:32.817"}},
{"type":"Feature","geometry":{"type":"LineString","coordinates":[[-122.424289762,37.755105763],[-122.424822692,37.755074983]]},"properties":{":id":"row-y27e~wv5g_b52t",":version":"rv-a4s7_2eji.jx6p",":created_at":"2024-01-18T23:33:38.148Z",":updated_at":"2024-01-18T23:33:38.148Z","objectid":"3538","classcode":"5","cnn":"1197000","f_node_cnn":"25626000","f_st":"FAIR OAKS ST","nhood":"Noe Valley","oneway":"B","st_type":"ST","streetname":"22ND ST","t_st":"QUANE ST","zip_code":"94110","slw_st":"1","length":"0.02925921","extents":"Bryant to Chattanooga","status":"Planned","phase":null,"install_date":null,"agency":"MTA","type":null,"supervisor_district":"8","data_as_of":"2023-03-01T14:13:09.000","data_loaded_at":"2024-01-18T15:33:32.817"}},
{"type":"Feature","geometry":{"type":"LineString","coordinates":[[-122.420964093,37.755294783],[-122.421435247,37.755268223]]},"properties":{":id":"row-6suy-2h2p-gzf6",":version":"rv-pkac.8zah-bbiw",":created_at":"2024-01-18T23:33:38.148Z",":updated_at":"2024-01-18T23:33:38.148Z","objectid":"3534","classcode":"5","cnn":"1193000","f_node_cnn":"24115000","f_st":"VALENCIA ST","nhood":"Inner Mission","oneway":"B","st_type":"ST","streetname":"22ND ST","t_st":"SAN JOSE AVE","zip_code":"94110","slw_st":"1","length":"0.02586426","extents":"Bryant to Chattanooga","status":"Planned","phase":null,"install_date":null,"agency":"MTA","type":null,"supervisor_district":"9","data_as_of":"2023-03-01T14:13:09.000","data_loaded_at":"2024-01-18T15:33:32.817"}},
{"type":"Feature","geometry":{"type":"LineString","coordinates":[[-122.414387601,37.755699465],[-122.415473275,37.755634108]]},"properties":{":id":"row-sucp-cpta.ytbq",":version":"rv-7756~qv7c~naaj",":created_at":"2024-01-18T23:33:38.148Z",":updated_at":"2024-01-18T23:33:38.148Z","objectid":"3528","classcode":"5","cnn":"1187000","f_node_cnn":"24077000","f_st":"FOLSOM ST","nhood":"Inner Mission","oneway":"B","st_type":"ST","streetname":"22ND ST","t_st":"SHOTWELL ST","zip_code":"94110","slw_st":"1","length":"0.05961935","extents":"Bryant to Chattanooga","status":"Planned","phase":null,"install_date":null,"agency":"MTA","type":null,"supervisor_district":"9","data_as_of":"2023-03-01T14:13:09.000","data_loaded_at":"2024-01-18T15:33:32.817"}},
{"type":"Feature","geometry":{"type":"LineString","coordinates":[[-122.409043771,37.73020274],[-122.408548511,37.729002898]]},"properties":{":id":"row-e68m.frg5.yf5x",":version":"rv-62pj-xyb3~v49d",":created_at":"2024-01-18T23:33:38.148Z",":updated_at":"2024-01-18T23:33:38.148Z","objectid":"745","classcode":"5","cnn":"11967000","f_node_cnn":"20902000","f_st":"SILLIMAN ST","nhood":"Excelsior","oneway":"B","st_type":"ST","streetname":"SOMERSET ST","t_st":"FELTON ST","zip_code":"94134","slw_st":"1","length":"0.0870832","extents":"Silver to Woolsey","status":"Implemented","phase":"2","install_date":"2020-06-01T17:00:00.000","agency":"MTA","type":"Non-local access","supervisor_district":"9","data_as_of":"2020-10-13T16:05:18.000","data_loaded_at":"2024-01-18T15:33:32.817"}},
{"type":"Feature","geometry":{"type":"LineString","coordinates":[[-122.416227271,37.763635137],[-122.416077986,37.762034002]]},"properties":{":id":"row-kaeg_c35m-vyft",":version":"rv-rs8d.vxee~xvch",":created_at":"2024-01-18T23:33:38.148Z",":updated_at":"2024-01-18T23:33:38.148Z","objectid":"667","classcode":"5","cnn":"11835000","f_node_cnn":"24135000","f_st":"17TH ST","nhood":"The Mission","oneway":"B","st_type":"ST","streetname":"SHOTWELL ST","t_st":"18TH ST","zip_code":"94110","slw_st":"1","length":"0.11072850000000001","extents":"14th St to Cesar Chavez","status":"Implemented","phase":"2","install_date":"2020-05-19T17:00:00.000","agency":"MTA","type":"Non-local access","supervisor_district":"9","data_as_of":"2020-10-13T16:05:18.000","data_loaded_at":"2024-01-18T15:33:32.817"}},
{"type":"Feature","geometry":{"type":"LineString","coordinates":[[-122.407556405,37.726599246],[-122.407056461,37.72539995]]},"properties":{":id":"row-4zmq-3v49~r2fs",":version":"rv-349w~zx9a~9yfk",":created_at":"2024-01-18T23:33:38.148Z",":updated_at":"2024-01-18T23:33:38.148Z","objectid":"746","classcode":"5","cnn":"11970000","f_node_cnn":"20888000","f_st":"BACON ST","nhood":"Excelsior","oneway":"B","st_type":"ST","streetname":"SOMERSET ST","t_st":"WAYLAND ST","zip_code":"94134","slw_st":"1","length":"0.08712809","extents":"Silver to Woolsey","status":"Implemented","phase":"2","install_date":"2020-06-01T17:00:00.000","agency":"MTA","type":"Non-local access","supervisor_district":"9","data_as_of":"2020-10-13T16:05:18.000","data_loaded_at":"2024-01-18T15:33:32.817"}},
{"type":"Feature","geometry":{"type":"LineString","coordinates":[[-122.44470621,37.717995411],[-122.445246154,37.717521261]]},"properties":{":id":"row-mdpj_4crb.jg2y",":version":"rv-tg73.dvz2-m94a",":created_at":"2024-01-18T23:33:38.148Z",":updated_at":"2024-01-18T23:33:38.148Z","objectid":"1747","classcode":"5","cnn":"3843000","f_node_cnn":"22082000","f_st":"NIAGARA AVE","nhood":"Outer Mission","oneway":"B","st_type":"AVE","streetname":"CAYUGA AVE","t_st":"SHAWNEE AVE","zip_code":"94112","slw_st":"1","length":"0.044095050000000004","extents":"Naglee to Rousseau","status":"Implemented","phase":"3","install_date":"2023-07-31T17:00:00.000","agency":"MTA","type":"Non-local access","supervisor_district":"11","data_as_of":"2023-09-20T15:06:06.000","data_loaded_at":"2024-01-18T15:33:32.817"}},
{"type":"Feature","geometry":{"type":"LineString","coordinates":[[-122.429766351,37.73145973],[-122.430578486,37.731234944]]},"properties":{":id":"row-xgnu-tdxq-uy6e",":version":"rv-yhhq_549s-9px4",":created_at":"2024-01-18T23:33:38.148Z",":updated_at":"2024-01-18T23:33:38.148Z","objectid":"1740","classcode":"5","cnn":"3819000","f_node_cnn":"21706000","f_st":"ROUSSEAU ST","nhood":"Outer Mission","oneway":"B","st_type":"AVE","streetname":"CAYUGA AVE","t_st":"ROTTECK ST","zip_code":"94112","slw_st":"1","length":"0.04710893","extents":"Naglee to Rousseau","status":"Implemented","phase":"3","install_date":"2023-07-31T17:00:00.000","agency":"MTA","type":"Non-local access","supervisor_district":"11","data_as_of":"2023-09-20T15:06:06.000","data_loaded_at":"2024-01-18T15:33:32.817"}},
{"type":"Feature","geometry":{"type":"LineString","coordinates":[[-122.443696073,37.718928673],[-122.444190955,37.718470082]]},"properties":{":id":"row-v6da~hst6-fx3x",":version":"rv-ipw6.kp29_bwrp",":created_at":"2024-01-18T23:33:38.148Z",":updated_at":"2024-01-18T23:33:38.148Z","objectid":"1749","classcode":"5","cnn":"3841000","f_node_cnn":"22088000","f_st":"GENEVA AVE","nhood":"Outer Mission","oneway":"B","st_type":"AVE","streetname":"CAYUGA AVE","t_st":"SEMINOLE AVE","zip_code":"94112","slw_st":"1","length":"0.041657730000000004","extents":"Naglee to Rousseau","status":"Implemented","phase":"3","install_date":"2023-07-31T17:00:00.000","agency":"MTA","type":"Non-local access","supervisor_district":"11","data_as_of":"2023-09-20T15:06:06.000","data_loaded_at":"2024-01-18T15:33:32.817"}},
{"type":"Feature","geometry":{"type":"LineString","coordinates":[[-122.439350074,37.722733433],[-122.439764643,37.722069003]]},"properties":{":id":"row-satt-s896_mx86",":version":"rv-xbjj.skkz~tzxg",":created_at":"2024-01-18T23:33:38.148Z",":updated_at":"2024-01-18T23:33:38.148Z","objectid":"1732","classcode":"5","cnn":"3833000","f_node_cnn":"22064000","f_st":"VALERTON CT","nhood":"Outer Mission","oneway":"B","st_type":"AVE","streetname":"CAYUGA AVE","t_st":"ONONDAGA AVE","zip_code":"94112","slw_st":"1","length":"0.05114299","extents":"Naglee to Rousseau","status":"Implemented","phase":"3","install_date":"2023-07-31T17:00:00.000","agency":"MTA","type":"Non-local access","supervisor_district":"11","data_as_of":"2023-09-20T15:06:06.000","data_loaded_at":"2024-01-18T15:33:32.817"}},
{"type":"Feature","geometry":{"type":"LineString","coordinates":[[-122.440947061,37.720184353],[-122.441400989,37.719865362]]},"properties":{":id":"row-emzq.5evv_giuz",":version":"rv-er47-5i9h~6m4z",":created_at":"2024-01-18T23:33:38.148Z",":updated_at":"2024-01-18T23:33:38.148Z","objectid":"1759","classcode":"5","cnn":"3837000","f_node_cnn":"33428000","f_st":"SUNBEAM LN","nhood":"Outer Mission","oneway":"B","st_type":"AVE","streetname":"CAYUGA AVE","t_st":"JUNIOR TER","zip_code":"94112","slw_st":"1","length":"0.03320247","extents":"Naglee to Rousseau","status":"Implemented","phase":"3","install_date":"2023-07-31T17:00:00.000","agency":"MTA","type":"Non-local access","supervisor_district":"11","data_as_of":"2023-09-20T15:06:06.000","data_loaded_at":"2024-01-18T15:33:32.817"}},
{"type":"Feature","geometry":{"type":"LineString","coordinates":[[-122.459279528,37.786913871],[-122.460404199,37.786865758]]},"properties":{":id":"row-t7ev~v6jz~vaat",":version":"rv-57d2~7ijx-gdzd",":created_at":"2024-01-18T23:33:38.148Z",":updated_at":"2024-01-18T23:33:38.148Z","objectid":"445","classcode":"5","cnn":"8009000","f_node_cnn":"27578000","f_st":"ARGUELLO BLVD","nhood":"Presidio Heights","oneway":"B","st_type":"ST","streetname":"LAKE ST","t_st":"02ND AVE","zip_code":"94118","slw_st":"1","length":"0.06164755","extents":"28th Avenue to Arguello Boulevard","status":"Implemented","phase":"1","install_date":"2020-04-30T17:00:00.000","agency":"MTA","type":"Non-local access","supervisor_district":"1, 2","data_as_of":"2021-11-23T16:11:01.000","data_loaded_at":"2024-01-18T15:33:32.817"}},
{"type":"Feature","geometry":{"type":"LineString","coordinates":[[-122.42487023,37.739011396],[-122.425277591,37.738209207]]},"properties":{":id":"row-c8nj.pf3t-hycc",":version":"rv-5pbr~ah6y~gbki",":created_at":"2024-01-18T23:33:38.148Z",":updated_at":"2024-01-18T23:33:38.148Z","objectid":"1668","classcode":"5","cnn":"2448000","f_node_cnn":"21843000","f_st":"FAIRMOUNT ST","nhood":"Glen Park","oneway":"B","st_type":"ST","streetname":"ARLINGTON ST","t_st":"CHARLES ST","zip_code":"94131","slw_st":"1","length":"0.05965418","extents":"Roanoke to Randall","status":"Implemented","phase":"3","install_date":"2020-11-29T16:00:00.000","agency":"MTA","type":"Non-local access","supervisor_district":"8","data_as_of":"2020-11-30T15:25:20.000","data_loaded_at":"2024-01-18T15:33:32.817"}},
{"type":"Feature","geometry":{"type":"LineString","coordinates":[[-122.428993988,37.73548526],[-122.42969864,37.735027419]]},"properties":{":id":"row-9mgb_2gi9-msk2",":version":"rv-hbna.n6av_i836",":created_at":"2024-01-18T23:33:38.148Z",":updated_at":"2024-01-18T23:33:38.148Z","objectid":"1670","classcode":"5","cnn":"2453000","f_node_cnn":"33378000","f_st":"SAINT MARY'S AVE","nhood":"Glen Park","oneway":"B","st_type":"ST","streetname":"ARLINGTON ST","t_st":"ROANOKE ST","zip_code":"94131","slw_st":"1","length":"0.04986642","extents":"Roanoke to Randall","status":"Implemented","phase":"3","install_date":"2020-11-29T16:00:00.000","agency":"MTA","type":"Non-local access","supervisor_district":"8","data_as_of":"2020-11-30T15:25:20.000","data_loaded_at":"2024-01-18T15:33:32.817"}},
{"type":"Feature","geometry":{"type":"LineString","coordinates":[[-122.421435247,37.755268223],[-122.423181,37.755169794]]},"properties":{":id":"row-hj4g~8v6i-jci6",":version":"rv-836k~xt2m_x9bm",":created_at":"2024-01-18T23:33:38.148Z",":updated_at":"2024-01-18T23:33:38.148Z","objectid":"3535","classcode":"5","cnn":"1194000","f_node_cnn":"24117000","f_st":"SAN JOSE AVE","nhood":"Inner Mission","oneway":"B","st_type":"ST","streetname":"22ND ST","t_st":"GUERRERO ST","zip_code":"94110","slw_st":"1","length":"0.09583423","extents":"Bryant to Chattanooga","status":"Planned","phase":null,"install_date":null,"agency":"MTA","type":null,"supervisor_district":"8, 9","data_as_of":"2023-03-01T14:13:09.000","data_loaded_at":"2024-01-18T15:33:32.817"}},
{"type":"Feature","geometry":{"type":"LineString","coordinates":[[-122.411579841,37.759084056],[-122.41250093,37.759028146]]},"properties":{":id":"row-hwt7.4jbm~ufig",":version":"rv-rycw_fkms~24rz",":created_at":"2024-01-18T23:33:38.148Z",":updated_at":"2024-01-18T23:33:38.148Z","objectid":"3544","classcode":"5","cnn":"1049000","f_node_cnn":"24028000","f_st":"ALABAMA ST","nhood":"Inner Mission","oneway":"B","st_type":"ST","streetname":"20TH ST","t_st":"HARRISON ST","zip_code":"94110","slw_st":"1","length":"0.050581350000000004","extents":"Shotwell to Potrero","status":"Implemented","phase":null,"install_date":"2023-02-28T16:00:00.000","agency":"MTA","type":null,"supervisor_district":"9","data_as_of":"2023-04-20T11:12:17.000","data_loaded_at":"2024-01-18T15:33:32.817"}},
{"type":"Feature","geometry":{"type":"LineString","coordinates":[[-122.408903725,37.759246641],[-122.409770121,37.75919401]]},"properties":{":id":"row-8hdk~jn4m-jr4p",":version":"rv-v38w-f6c5_c4gw",":created_at":"2024-01-18T23:33:38.148Z",":updated_at":"2024-01-18T23:33:38.148Z","objectid":"3541","classcode":"5","cnn":"1046000","f_node_cnn":"24006000","f_st":"YORK ST","nhood":"Inner Mission","oneway":"B","st_type":"ST","streetname":"20TH ST","t_st":"BRYANT ST","zip_code":"94110","slw_st":"1","length":"0.047578010000000004","extents":"Shotwell to Potrero","status":"Implemented","phase":null,"install_date":"2023-02-28T16:00:00.000","agency":"MTA","type":null,"supervisor_district":"9","data_as_of":"2023-04-20T11:12:17.000","data_loaded_at":"2024-01-18T15:33:32.817"}},
{"type":"Feature","geometry":{"type":"LineString","coordinates":[[-122.432220515,37.730780434],[-122.433035016,37.730554971]]},"properties":{":id":"row-tden-n63r~9rzv",":version":"rv-cqug-yp4y~2as6",":created_at":"2024-01-18T23:33:38.148Z",":updated_at":"2024-01-18T23:33:38.148Z","objectid":"1760","classcode":"5","cnn":"3822000","f_node_cnn":"21786000","f_st":"DANTON ST","nhood":"Outer Mission","oneway":"B","st_type":"AVE","streetname":"CAYUGA AVE","t_st":"LAMARTINE ST","zip_code":"94112","slw_st":"1","length":"0.04724706","extents":"Naglee to Rousseau","status":"Implemented","phase":"3","install_date":"2023-07-31T17:00:00.000","agency":"MTA","type":"Non-local access","supervisor_district":"11","data_as_of":"2023-09-20T15:06:06.000","data_loaded_at":"2024-01-18T15:33:32.817"}},
{"type":"Feature","geometry":{"type":"LineString","coordinates":[[-122.439737346,37.730732907],[-122.442015664,37.730721768]]},"properties":{":id":"row-7zvr_kyth_hr9h",":version":"rv-8jbr.mmdx_7i8b",":created_at":"2024-01-18T23:33:38.148Z",":updated_at":"2024-01-18T23:33:38.148Z","objectid":"2569","classcode":"5","cnn":"6862000","f_node_cnn":"22132000","f_st":"BADEN ST","nhood":"Sunnyside","oneway":"B","st_type":"AVE","streetname":"HEARST AVE","t_st":"CONGO ST","zip_code":"94131","slw_st":"1","length":"0.12479903","extents":"Ridgewood Avenue to Baden Street","status":"Implemented","phase":"4","install_date":"2021-07-26T17:00:00.000","agency":"MTA","type":"Non-local access","supervisor_district":"7","data_as_of":"2021-08-03T11:50:20.000","data_loaded_at":"2024-01-18T15:33:32.817"}},
{"type":"Feature","geometry":{"type":"LineString","coordinates":[[-122.433035016,37.730554971],[-122.433854274,37.730328184]]},"properties":{":id":"row-2bqq_7czb~iaaa",":version":"rv-xg4b~pc55.yuns",":created_at":"2024-01-18T23:33:38.148Z",":updated_at":"2024-01-18T23:33:38.148Z","objectid":"1743","classcode":"5","cnn":"3823000","f_node_cnn":"21792000","f_st":"LAMARTINE ST","nhood":"Outer Mission","oneway":"B","st_type":"AVE","streetname":"CAYUGA AVE","t_st":"BADGER ST","zip_code":"94112","slw_st":"1","length":"0.04752329","extents":"Naglee to Rousseau","status":"Implemented","phase":"3","install_date":"2023-07-31T17:00:00.000","agency":"MTA","type":"Non-local access","supervisor_district":"11","data_as_of":"2023-09-20T15:06:06.000","data_loaded_at":"2024-01-18T15:33:32.817"}},
{"type":"Feature","geometry":{"type":"LineString","coordinates":[[-122.492802443,37.774044593],[-122.493867856,37.773995847]]},"properties":{":id":"row-kbzz~ihky~rqei",":version":"rv-6d9x_k7r5_f9ga",":created_at":"2024-01-18T23:33:38.148Z",":updated_at":"2024-01-18T23:33:38.148Z","objectid":"1287","classcode":"5","cnn":"3500000","f_node_cnn":"27822000","f_st":"33RD AVE","nhood":"Outer Richmond","oneway":"B","st_type":"ST","streetname":"CABRILLO ST","t_st":"34TH AVE","zip_code":"94121","slw_st":"1","length":"0.05842167","extents":"23rd Ave to 45th Ave","status":"Implemented","phase":"3","install_date":"2020-10-20T17:00:00.000","agency":"MTA","type":"Non-local access","supervisor_district":"1","data_as_of":"2023-04-28T14:29:50.000","data_loaded_at":"2024-01-18T15:33:32.817"}},
{"type":"Feature","geometry":{"type":"LineString","coordinates":[[-122.449570826,37.777318749],[-122.450458195,37.777204617]]},"properties":{":id":"row-wumt_i88e_kkxv",":version":"rv-jmxx-ywfm-tt5f",":created_at":"2024-01-18T23:33:38.148Z",":updated_at":"2024-01-18T23:33:38.148Z","objectid":"3841","classcode":"5","cnn":"6284000","f_node_cnn":"26456000","f_st":"ROSELYN TER","nhood":"Lone Mountain","oneway":"B","st_type":"AVE","streetname":"GOLDEN GATE AVE","t_st":"KITTREDGE TER","zip_code":"94118","slw_st":"1","length":"0.04920953","extents":"Masonic to Parker","status":"Implemented","phase":null,"install_date":"2023-02-28T16:00:00.000","agency":"MTA","type":null,"supervisor_district":"1","data_as_of":"2023-04-20T12:07:52.000","data_loaded_at":"2024-01-18T15:33:32.817"}},
{"type":"Feature","geometry":{"type":"LineString","coordinates":[[-122.489579477,37.774191997],[-122.49065134,37.774142985]]},"properties":{":id":"row-fcpf-xuzi~bsq2",":version":"rv-aq9c~i5f8.a7k4",":created_at":"2024-01-18T23:33:38.148Z",":updated_at":"2024-01-18T23:33:38.148Z","objectid":"1289","classcode":"5","cnn":"3497000","f_node_cnn":"27814000","f_st":"30TH AVE","nhood":"Outer Richmond","oneway":"B","st_type":"ST","streetname":"CABRILLO ST","t_st":"31ST AVE","zip_code":"94121","slw_st":"1","length":"0.05877512","extents":"23rd Ave to 45th Ave","status":"Implemented","phase":"3","install_date":"2020-10-20T17:00:00.000","agency":"MTA","type":"Non-local access","supervisor_district":"1","data_as_of":"2023-04-28T14:29:50.000","data_loaded_at":"2024-01-18T15:33:32.817"}},
{"type":"Feature","geometry":{"type":"LineString","coordinates":[[-122.485147938,37.78574601],[-122.486223795,37.785697129]]},"properties":{":id":"row-3tpg~9qer~tdra",":version":"rv-fdxn~qf4b-jnby",":created_at":"2024-01-18T23:33:38.148Z",":updated_at":"2024-01-18T23:33:38.148Z","objectid":"451","classcode":"5","cnn":"8034000","f_node_cnn":"27655000","f_st":"25TH AVE","nhood":"Outer Richmond","oneway":"B","st_type":"ST","streetname":"LAKE ST","t_st":"26TH AVE","zip_code":"94121","slw_st":"1","length":"0.05898373","extents":"28th Avenue to Arguello Boulevard","status":"Implemented","phase":"1","install_date":"2020-04-30T17:00:00.000","agency":"MTA","type":"Non-local access","supervisor_district":"1","data_as_of":"2021-11-23T16:11:01.000","data_loaded_at":"2024-01-18T15:33:32.817"}},
{"type":"Feature","geometry":{"type":"LineString","coordinates":[[-122.49065134,37.774142985],[-122.491723389,37.774093954]]},"properties":{":id":"row-fy4s_g9s8-jgdh",":version":"rv-hvkf.sid9_zun8",":created_at":"2024-01-18T23:33:38.148Z",":updated_at":"2024-01-18T23:33:38.148Z","objectid":"1283","classcode":"5","cnn":"3498000","f_node_cnn":"27816000","f_st":"31ST AVE","nhood":"Outer Richmond","oneway":"B","st_type":"ST","streetname":"CABRILLO ST","t_st":"32ND AVE","zip_code":"94121","slw_st":"1","length":"0.0587854","extents":"23rd Ave to 45th Ave","status":"Implemented","phase":"3","install_date":"2020-10-20T17:00:00.000","agency":"MTA","type":"Non-local access","supervisor_district":"1","data_as_of":"2023-04-28T14:29:50.000","data_loaded_at":"2024-01-18T15:33:32.817"}},
{"type":"Feature","geometry":{"type":"LineString","coordinates":[[-122.460404199,37.786865758],[-122.461470836,37.786816064]]},"properties":{":id":"row-dgs8~npfv~sv4v",":version":"rv-jk32.rshr.2sdb",":created_at":"2024-01-18T23:33:38.148Z",":updated_at":"2024-01-18T23:33:38.148Z","objectid":"440","classcode":"5","cnn":"8010000","f_node_cnn":"27579000","f_st":"02ND AVE","nhood":"Presidio Heights","oneway":"B","st_type":"ST","streetname":"LAKE ST","t_st":"03RD AVE","zip_code":"94118","slw_st":"1","length":"0.058482280000000005","extents":"28th Avenue to Arguello Boulevard","status":"Implemented","phase":"1","install_date":"2020-04-30T17:00:00.000","agency":"MTA","type":"Non-local access","supervisor_district":"1","data_as_of":"2021-11-23T16:11:01.000","data_loaded_at":"2024-01-18T15:33:32.817"}},
{"type":"Feature","geometry":{"type":"LineString","coordinates":[[-122.504579894,37.773505194],[-122.505646709,37.773456276]]},"properties":{":id":"row-vth3_wnzy_taw4",":version":"rv-he39_b4fg-538x",":created_at":"2024-01-18T23:33:38.148Z",":updated_at":"2024-01-18T23:33:38.148Z","objectid":"1284","classcode":"5","cnn":"3511000","f_node_cnn":"27970000","f_st":"44TH AVE","nhood":"Outer Richmond","oneway":"B","st_type":"ST","streetname":"CABRILLO ST","t_st":"45TH AVE","zip_code":"94121","slw_st":"1","length":"0.0584994","extents":"23rd Ave to 45th Ave","status":"Implemented","phase":"3","install_date":"2020-10-20T17:00:00.000","agency":"MTA","type":"Non-local access","supervisor_district":"1","data_as_of":"2023-04-28T14:29:50.000","data_loaded_at":"2024-01-18T15:33:32.817"}},
{"type":"Feature","geometry":{"type":"LineString","coordinates":[[-122.484079805,37.78579453],[-122.485147938,37.78574601]]},"properties":{":id":"row-ufgg~7b96.c2pz",":version":"rv-7ggp-mkdu_zjjy",":created_at":"2024-01-18T23:33:38.148Z",":updated_at":"2024-01-18T23:33:38.148Z","objectid":"452","classcode":"5","cnn":"8033000","f_node_cnn":"27654000","f_st":"24TH AVE","nhood":"Outer Richmond","oneway":"B","st_type":"ST","streetname":"LAKE ST","t_st":"25TH AVE","zip_code":"94121","slw_st":"1","length":"0.05856019","extents":"28th Avenue to Arguello Boulevard","status":"Implemented","phase":"1","install_date":"2020-04-30T17:00:00.000","agency":"MTA","type":"Non-local access","supervisor_district":"1","data_as_of":"2021-11-23T16:11:01.000","data_loaded_at":"2024-01-18T15:33:32.817"}},
{"type":"Feature","geometry":{"type":"LineString","coordinates":[[-122.468974695,37.786482586],[-122.470043747,37.786437146]]},"properties":{":id":"row-e6f5.92ta.i84p",":version":"rv-r6ga~g43j-e3as",":created_at":"2024-01-18T23:33:38.148Z",":updated_at":"2024-01-18T23:33:38.148Z","objectid":"431","classcode":"5","cnn":"8018000","f_node_cnn":"27609000","f_st":"10TH AVE","nhood":"Inner Richmond","oneway":"B","st_type":"ST","streetname":"LAKE ST","t_st":"11TH AVE","zip_code":"94118","slw_st":"1","length":"0.058598120000000004","extents":"28th Avenue to Arguello Boulevard","status":"Implemented","phase":"1","install_date":"2020-04-30T17:00:00.000","agency":"MTA","type":"Non-local access","supervisor_district":"1","data_as_of":"2021-11-23T16:11:01.000","data_loaded_at":"2024-01-18T15:33:32.817"}},
{"type":"Feature","geometry":{"type":"LineString","coordinates":[[-122.462546556,37.78676805],[-122.463617943,37.78672158]]},"properties":{":id":"row-34jr-kebg.ubix",":version":"rv-ckz7-7674-79si",":created_at":"2024-01-18T23:33:38.148Z",":updated_at":"2024-01-18T23:33:38.148Z","objectid":"442","classcode":"5","cnn":"8012000","f_node_cnn":"27588000","f_st":"04TH AVE","nhood":"Inner Richmond","oneway":"B","st_type":"ST","streetname":"LAKE ST","t_st":"05TH AVE","zip_code":"94118","slw_st":"1","length":"0.05872935","extents":"28th Avenue to Arguello Boulevard","status":"Implemented","phase":"1","install_date":"2020-04-30T17:00:00.000","agency":"MTA","type":"Non-local access","supervisor_district":"1","data_as_of":"2021-11-23T16:11:01.000","data_loaded_at":"2024-01-18T15:33:32.817"}},
{"type":"Feature","geometry":{"type":"LineString","coordinates":[[-122.465760339,37.786627327],[-122.465921529,37.786608485],[-122.466830335,37.786568136]]},"properties":{":id":"row-a59u~rs65~4jdg",":version":"rv-shy2~yf7z_f4c4",":created_at":"2024-01-18T23:33:38.148Z",":updated_at":"2024-01-18T23:33:38.148Z","objectid":"449","classcode":"5","cnn":"8015000","f_node_cnn":"27600000","f_st":"07TH AVE","nhood":"Inner Richmond","oneway":"B","st_type":"ST","streetname":"LAKE ST","t_st":"08TH AVE","zip_code":"94118","slw_st":"1","length":"0.058738780000000004","extents":"28th Avenue to Arguello Boulevard","status":"Implemented","phase":"1","install_date":"2020-04-30T17:00:00.000","agency":"MTA","type":"Non-local access","supervisor_district":"1","data_as_of":"2021-11-23T16:11:01.000","data_loaded_at":"2024-01-18T15:33:32.817"}},
{"type":"Feature","geometry":{"type":"LineString","coordinates":[[-122.450458195,37.777204617],[-122.451346157,37.777090401]]},"properties":{":id":"row-4ukz.wdax.q8wr",":version":"rv-mwj9~nhx6_cq5e",":created_at":"2024-01-18T23:33:38.148Z",":updated_at":"2024-01-18T23:33:38.148Z","objectid":"3842","classcode":"5","cnn":"6285000","f_node_cnn":"26459000","f_st":"KITTREDGE TER","nhood":"Lone Mountain","oneway":"B","st_type":"AVE","streetname":"GOLDEN GATE AVE","t_st":"CHABOT TER","zip_code":"94118","slw_st":"1","length":"0.04924257","extents":"Masonic to Parker","status":"Implemented","phase":null,"install_date":"2023-02-28T16:00:00.000","agency":"MTA","type":null,"supervisor_district":"1","data_as_of":"2023-04-20T12:07:52.000","data_loaded_at":"2024-01-18T15:33:32.817"}},
{"type":"Feature","geometry":{"type":"LineString","coordinates":[[-122.443132454,37.776226036],[-122.443321055,37.777164445]]},"properties":{":id":"row-yenc-qezw~hbxm",":version":"rv-95xs.sdtx.hgh3",":created_at":"2024-01-18T23:33:38.148Z",":updated_at":"2024-01-18T23:33:38.148Z","objectid":"2600","classcode":"5","cnn":"8559000","f_node_cnn":"26370000","f_st":"FULTON ST","nhood":"North Panhandle","oneway":"B","st_type":"ST","streetname":"LYON ST","t_st":"MCALLISTER ST","zip_code":"94117","slw_st":"1","length":"0.06553826","extents":"Turk Street to Haight Street","status":"Implemented","phase":"4","install_date":"2021-07-06T17:00:00.000","agency":"MTA","type":"Non-local access","supervisor_district":"2","data_as_of":"2021-07-07T16:22:50.000","data_loaded_at":"2024-01-18T15:33:32.817"}},
{"type":"Feature","geometry":{"type":"LineString","coordinates":[[-122.444119473,37.789457083],[-122.445758037,37.789248416]]},"properties":{":id":"row-mgks.db9w_7dwe",":version":"rv-whee~ixr7-sdib",":created_at":"2024-01-18T23:33:38.148Z",":updated_at":"2024-01-18T23:33:38.148Z","objectid":"1611","classcode":"5","cnn":"4118000","f_node_cnn":"26841000","f_st":"BAKER ST","nhood":"Pacific Heights","oneway":"B","st_type":"ST","streetname":"CLAY ST","t_st":"LYON ST","zip_code":"94115","slw_st":"1","length":"0.09083017","extents":"Arguello to Steiner","status":"Implemented","phase":"3","install_date":"2020-10-05T17:00:00.000","agency":"MTA","type":"Non-local access","supervisor_district":"2","data_as_of":"2020-10-13T16:05:18.000","data_loaded_at":"2024-01-18T15:33:32.817"}},
{"type":"Feature","geometry":{"type":"LineString","coordinates":[[-122.445758037,37.789248416],[-122.447148008,37.789071388]]},"properties":{":id":"row-spgu-6g4d.hufy",":version":"rv-32rx.zpyi-pk64",":created_at":"2024-01-18T23:33:38.148Z",":updated_at":"2024-01-18T23:33:38.148Z","objectid":"1610","classcode":"5","cnn":"4119000","f_node_cnn":"26848000","f_st":"LYON ST","nhood":"Pacific Heights","oneway":"B","st_type":"ST","streetname":"CLAY ST","t_st":"PRESIDIO AVE","zip_code":"94115","slw_st":"1","length":"0.07705037","extents":"Arguello to Steiner","status":"Implemented","phase":"3","install_date":"2020-10-05T17:00:00.000","agency":"MTA","type":"Non-local access","supervisor_district":"2","data_as_of":"2020-10-13T16:05:18.000","data_loaded_at":"2024-01-18T15:33:32.817"}},
{"type":"Feature","geometry":{"type":"LineString","coordinates":[[-122.44350692,37.778089213],[-122.445155753,37.777886507]]},"properties":{":id":"row-xzyj-jcv2.aic6",":version":"rv-t6q5_qdi5.c7eg",":created_at":"2024-01-18T23:33:38.148Z",":updated_at":"2024-01-18T23:33:38.148Z","objectid":"460","classcode":"5","cnn":"6279000","f_node_cnn":"26375000","f_st":"LYON ST","nhood":"Western Addition","oneway":"B","st_type":"AVE","streetname":"GOLDEN GATE AVE","t_st":"CENTRAL AVE","zip_code":"94115","slw_st":"1","length":"0.09133498","extents":"Masonic to Parker","status":"Implemented","phase":"2","install_date":"2020-06-09T17:00:00.000","agency":"MTA","type":"Non-local access","supervisor_district":"2","data_as_of":"2023-04-20T12:00:31.000","data_loaded_at":"2024-01-18T15:33:32.817"}},
{"type":"Feature","geometry":{"type":"LineString","coordinates":[[-122.452055221,37.770312752],[-122.453593183,37.770117077],[-122.453726227,37.77009808]]},"properties":{":id":"row-k8gy-ur5b.7r82",":version":"rv-gzgc-tz8v_m74n",":created_at":"2024-01-18T23:33:38.148Z",":updated_at":"2024-01-18T23:33:38.148Z","objectid":"17","classcode":"5","cnn":"10188000","f_node_cnn":"26435000","f_st":"SHRADER ST","nhood":"Haight Ashbury","oneway":"B","st_type":"ST","streetname":"PAGE ST","t_st":"STANYAN ST","zip_code":"94117","slw_st":"1","length":"0.092673600000000009","extents":"Stanyan to Gough","status":"Implemented","phase":"1","install_date":"2020-04-30T17:00:00.000","agency":"MTA","type":"Non-local access","supervisor_district":"5","data_as_of":"2020-10-13T16:05:18.000","data_loaded_at":"2024-01-18T15:33:32.817"}},
{"type":"Feature","geometry":{"type":"LineString","coordinates":[[-122.43556332,37.77241793],[-122.437234932,37.772203713]]},"properties":{":id":"row-gwy8.ikf3-av9h",":version":"rv-5878.nimf-yung",":created_at":"2024-01-18T23:33:38.148Z",":updated_at":"2024-01-18T23:33:38.148Z","objectid":"20","classcode":"5","cnn":"10178000","f_node_cnn":"26028000","f_st":"SCOTT ST","nhood":"Western Addition","oneway":"B","st_type":"ST","streetname":"PAGE ST","t_st":"DIVISADERO ST","zip_code":"94117","slw_st":"1","length":"0.09269755","extents":"Stanyan to Gough","status":"Implemented","phase":"1","install_date":"2020-04-30T17:00:00.000","agency":"MTA","type":"Non-local access","supervisor_district":"5","data_as_of":"2020-10-13T16:05:19.000","data_loaded_at":"2024-01-18T15:33:32.817"}},
{"type":"Feature","geometry":{"type":"LineString","coordinates":[[-122.44054621,37.771779098],[-122.442187879,37.771571038]]},"properties":{":id":"row-c2ua-3238.z2dv",":version":"rv-9qcy.spc4_pquy",":created_at":"2024-01-18T23:33:38.148Z",":updated_at":"2024-01-18T23:33:38.148Z","objectid":"96","classcode":"5","cnn":"10181000","f_node_cnn":"26318000","f_st":"BAKER ST","nhood":"Haight Ashbury","oneway":"B","st_type":"ST","streetname":"PAGE ST","t_st":"LYON ST","zip_code":"94117","slw_st":"1","length":"0.09101249","extents":"Stanyan to Gough","status":"Implemented","phase":"1","install_date":"2020-04-30T17:00:00.000","agency":"MTA","type":"Non-local access","supervisor_district":"5","data_as_of":"2020-10-13T16:05:18.000","data_loaded_at":"2024-01-18T15:33:32.817"}},
{"type":"Feature","geometry":{"type":"LineString","coordinates":[[-122.447122701,37.770934641],[-122.448767914,37.770730884]]},"properties":{":id":"row-y3v8_im4s-j2fz",":version":"rv-hsz6-bus7-97jj",":created_at":"2024-01-18T23:33:38.148Z",":updated_at":"2024-01-18T23:33:38.148Z","objectid":"19","classcode":"5","cnn":"10185000","f_node_cnn":"26343000","f_st":"ASHBURY ST","nhood":"Haight Ashbury","oneway":"B","st_type":"ST","streetname":"PAGE ST","t_st":"CLAYTON ST","zip_code":"94117","slw_st":"1","length":"0.09115887","extents":"Stanyan to Gough","status":"Implemented","phase":"1","install_date":"2020-04-30T17:00:00.000","agency":"MTA","type":"Non-local access","supervisor_district":"5","data_as_of":"2020-10-13T16:05:18.000","data_loaded_at":"2024-01-18T15:33:32.817"}},
{"type":"Feature","geometry":{"type":"LineString","coordinates":[[-122.448860456,37.730690189],[-122.451140811,37.73068111]]},"properties":{":id":"row-5sut_dbw4-j2mp",":version":"rv-a6dj-njgh-nbjt",":created_at":"2024-01-18T23:33:38.148Z",":updated_at":"2024-01-18T23:33:38.148Z","objectid":"2567","classcode":"5","cnn":"6866000","f_node_cnn":"22231000","f_st":"FOERSTER ST","nhood":"Sunnyside","oneway":"B","st_type":"AVE","streetname":"HEARST AVE","t_st":"GENNESSEE ST","zip_code":"94112","slw_st":"1","length":"0.12490988","extents":"Ridgewood Avenue to Baden Street","status":"Implemented","phase":"4","install_date":"2021-07-26T17:00:00.000","agency":"MTA","type":"Non-local access","supervisor_district":"7","data_as_of":"2021-08-03T11:50:20.000","data_loaded_at":"2024-01-18T15:33:32.817"}},
{"type":"Feature","geometry":{"type":"LineString","coordinates":[[-122.429116242,37.745960041],[-122.429036672,37.745165388]]},"properties":{":id":"row-2rrb.ira9-p6re",":version":"rv-p2qu~fasy-m236",":created_at":"2024-01-18T23:33:38.148Z",":updated_at":"2024-01-18T23:33:38.148Z","objectid":"689","classcode":"5","cnn":"11536000","f_node_cnn":"21918000","f_st":"DUNCAN ST","nhood":"Noe Valley","oneway":"B","st_type":"ST","streetname":"SANCHEZ ST","t_st":"28TH ST","zip_code":"94131","slw_st":"1","length":"0.0549781","extents":"23rd St to 30th St","status":"Implemented","phase":"2","install_date":"2020-05-19T17:00:00.000","agency":"MTA","type":"Non-local access","supervisor_district":"8","data_as_of":"2020-10-13T16:05:18.000","data_loaded_at":"2024-01-18T15:33:32.817"}},
{"type":"Feature","geometry":{"type":"LineString","coordinates":[[-122.429807778,37.753158475],[-122.429731302,37.752362003]]},"properties":{":id":"row-4z76-y6cx.puiz",":version":"rv-reka-cfcn-bpfa",":created_at":"2024-01-18T23:33:38.148Z",":updated_at":"2024-01-18T23:33:38.148Z","objectid":"684","classcode":"5","cnn":"11527000","f_node_cnn":"25655000","f_st":"23RD ST","nhood":"Noe Valley","oneway":"B","st_type":"ST","streetname":"SANCHEZ ST","t_st":"ELIZABETH ST","zip_code":"94114","slw_st":"1","length":"0.05509005","extents":"23rd St to 30th St","status":"Implemented","phase":"2","install_date":"2020-05-19T17:00:00.000","agency":"MTA","type":"Non-local access","supervisor_district":"8","data_as_of":"2020-10-13T16:05:18.000","data_loaded_at":"2024-01-18T15:33:32.817"}},
{"type":"Feature","geometry":{"type":"LineString","coordinates":[[-122.409478166,37.731255097],[-122.409043771,37.73020274]]},"properties":{":id":"row-rt4p-xack_phrx",":version":"rv-7cbf~633n.dhns",":created_at":"2024-01-18T23:33:38.148Z",":updated_at":"2024-01-18T23:33:38.148Z","objectid":"748","classcode":"5","cnn":"11966000","f_node_cnn":"20908000","f_st":"SILVER AVE","nhood":"Excelsior","oneway":"B","st_type":"ST","streetname":"SOMERSET ST","t_st":"SILLIMAN ST","zip_code":"94134","slw_st":"1","length":"0.07637902","extents":"Silver to Woolsey","status":"Implemented","phase":"2","install_date":"2020-06-01T17:00:00.000","agency":"MTA","type":"Non-local access","supervisor_district":"9","data_as_of":"2020-10-13T16:05:18.000","data_loaded_at":"2024-01-18T15:33:32.817"}},
{"type":"Feature","geometry":{"type":"LineString","coordinates":[[-122.416566641,37.755568278],[-122.417658993,37.755502498]]},"properties":{":id":"row-74f2.49me-jemq",":version":"rv-gt2g_qa4q.5ae6",":created_at":"2024-01-18T23:33:38.148Z",":updated_at":"2024-01-18T23:33:38.148Z","objectid":"3530","classcode":"5","cnn":"1189000","f_node_cnn":"24081000","f_st":"SOUTH VAN NESS AVE","nhood":"Inner Mission","oneway":"B","st_type":"ST","streetname":"22ND ST","t_st":"CAPP ST","zip_code":"94110","slw_st":"1","length":"0.05998628","extents":"Bryant to Chattanooga","status":"Planned","phase":null,"install_date":null,"agency":"MTA","type":null,"supervisor_district":"9","data_as_of":"2023-03-01T14:13:09.000","data_loaded_at":"2024-01-18T15:33:32.817"}},
{"type":"Feature","geometry":{"type":"LineString","coordinates":[[-122.409433069,37.755998442],[-122.410373354,37.755941773]]},"properties":{":id":"row-uxaz_hagc_qvfd",":version":"rv-gpjm~chkq-8ktt",":created_at":"2024-01-18T23:33:38.148Z",":updated_at":"2024-01-18T23:33:38.148Z","objectid":"3523","classcode":"5","cnn":"1182000","f_node_cnn":"23971000","f_st":"BRYANT ST","nhood":"Inner Mission","oneway":"B","st_type":"ST","streetname":"22ND ST","t_st":"FLORIDA ST","zip_code":"94110","slw_st":"1","length":"0.0516355","extents":"Bryant to Chattanooga","status":"Planned","phase":null,"install_date":null,"agency":"MTA","type":null,"supervisor_district":"9","data_as_of":"2023-03-01T14:13:09.000","data_loaded_at":"2024-01-18T15:33:32.817"}},
{"type":"Feature","geometry":{"type":"LineString","coordinates":[[-122.410758543,37.759133959],[-122.411579841,37.759084056]]},"properties":{":id":"row-pvq5_6g8c-5qxi",":version":"rv-6348~99bp~gdb6",":created_at":"2024-01-18T23:33:38.148Z",":updated_at":"2024-01-18T23:33:38.148Z","objectid":"3543","classcode":"5","cnn":"1048000","f_node_cnn":"24029000","f_st":"FLORIDA ST","nhood":"Inner Mission","oneway":"B","st_type":"ST","streetname":"20TH ST","t_st":"ALABAMA ST","zip_code":"94110","slw_st":"1","length":"0.045101590000000004","extents":"Shotwell to Potrero","status":"Implemented","phase":null,"install_date":"2023-02-28T16:00:00.000","agency":"MTA","type":null,"supervisor_district":"9","data_as_of":"2023-04-20T11:12:17.000","data_loaded_at":"2024-01-18T15:33:32.817"}},
{"type":"Feature","geometry":{"type":"LineString","coordinates":[[-122.416548538,37.766871472],[-122.416387523,37.765249494]]},"properties":{":id":"row-8eg8-m9du.cm43",":version":"rv-f3ah_596m_zptm",":created_at":"2024-01-18T23:33:38.148Z",":updated_at":"2024-01-18T23:33:38.148Z","objectid":"663","classcode":"5","cnn":"11833000","f_node_cnn":"24338000","f_st":"15TH ST","nhood":"The Mission","oneway":"B","st_type":"ST","streetname":"SHOTWELL ST","t_st":"16TH ST","zip_code":"94103","slw_st":"1","length":"0.11221078","extents":"14th St to Cesar Chavez","status":"Implemented","phase":"2","install_date":"2020-05-19T17:00:00.000","agency":"MTA","type":"Non-local access","supervisor_district":"9","data_as_of":"2020-10-13T16:05:18.000","data_loaded_at":"2024-01-18T15:33:32.817"}},
{"type":"Feature","geometry":{"type":"LineString","coordinates":[[-122.442551534,37.719620848],[-122.443085531,37.719382879]]},"properties":{":id":"row-7bsg.fjpb_ah7b",":version":"rv-fiud-affq_cdqb",":created_at":"2024-01-18T23:33:38.148Z",":updated_at":"2024-01-18T23:33:38.148Z","objectid":"1757","classcode":"5","cnn":"3839000","f_node_cnn":"22059000","f_st":"SENECA AVE","nhood":"Outer Mission","oneway":"B","st_type":"AVE","streetname":"CAYUGA AVE","t_st":"NAVAJO AVE","zip_code":"94112","slw_st":"1","length":"0.03354373","extents":"Naglee to Rousseau","status":"Implemented","phase":"3","install_date":"2023-07-31T17:00:00.000","agency":"MTA","type":"Non-local access","supervisor_district":"11","data_as_of":"2023-09-20T15:06:06.000","data_loaded_at":"2024-01-18T15:33:32.817"}},
{"type":"Feature","geometry":{"type":"LineString","coordinates":[[-122.502434852,37.773603523],[-122.503508219,37.773554325]]},"properties":{":id":"row-v98u~3qjq-8w3z",":version":"rv-xhte_mwm4-ubns",":created_at":"2024-01-18T23:33:38.148Z",":updated_at":"2024-01-18T23:33:38.148Z","objectid":"1296","classcode":"5","cnn":"3509000","f_node_cnn":"27879000","f_st":"42ND AVE","nhood":"Outer Richmond","oneway":"B","st_type":"ST","streetname":"CABRILLO ST","t_st":"43RD AVE","zip_code":"94121","slw_st":"1","length":"0.05885853","extents":"23rd Ave to 45th Ave","status":"Implemented","phase":"3","install_date":"2020-10-20T17:00:00.000","agency":"MTA","type":"Non-local access","supervisor_district":"1","data_as_of":"2023-04-28T14:29:50.000","data_loaded_at":"2024-01-18T15:33:32.817"}},
{"type":"Feature","geometry":{"type":"LineString","coordinates":[[-122.440805573,37.789872296],[-122.442476421,37.789662961]]},"properties":{":id":"row-vjg6~fsba.je5z",":version":"rv-4nyk.xrg8-eyv8",":created_at":"2024-01-18T23:33:38.148Z",":updated_at":"2024-01-18T23:33:38.148Z","objectid":"1613","classcode":"5","cnn":"4116000","f_node_cnn":"26824000","f_st":"DIVISADERO ST","nhood":"Pacific Heights","oneway":"B","st_type":"ST","streetname":"CLAY ST","t_st":"BRODERICK ST","zip_code":"94115","slw_st":"1","length":"0.09258193","extents":"Arguello to Steiner","status":"Implemented","phase":"3","install_date":"2020-10-05T17:00:00.000","agency":"MTA","type":"Non-local access","supervisor_district":"2","data_as_of":"2020-10-13T16:05:18.000","data_loaded_at":"2024-01-18T15:33:32.817"}},
{"type":"Feature","geometry":{"type":"LineString","coordinates":[[-122.441865641,37.778299554],[-122.44350692,37.778089213]]},"properties":{":id":"row-y9qe-eg9g~63xw",":version":"rv-qicw_fefh_h4nx",":created_at":"2024-01-18T23:33:38.148Z",":updated_at":"2024-01-18T23:33:38.148Z","objectid":"458","classcode":"5","cnn":"6278000","f_node_cnn":"26359000","f_st":"BAKER ST","nhood":"Western Addition","oneway":"B","st_type":"AVE","streetname":"GOLDEN GATE AVE","t_st":"LYON ST","zip_code":"94115","slw_st":"1","length":"0.09100856","extents":"Masonic to Parker","status":"Implemented","phase":"2","install_date":"2020-06-09T17:00:00.000","agency":"MTA","type":"Non-local access","supervisor_district":"2, 5","data_as_of":"2023-04-20T12:00:31.000","data_loaded_at":"2024-01-18T15:33:32.817"}},
{"type":"Feature","geometry":{"type":"LineString","coordinates":[[-122.447148008,37.789071388],[-122.448835781,37.788856512]]},"properties":{":id":"row-7yt8~9cpx.tx4f",":version":"rv-git3~qamu.thv8",":created_at":"2024-01-18T23:33:38.148Z",":updated_at":"2024-01-18T23:33:38.148Z","objectid":"1617","classcode":"5","cnn":"4120000","f_node_cnn":"26850000","f_st":"PRESIDIO AVE","nhood":"Presidio Heights","oneway":"B","st_type":"ST","streetname":"CLAY ST","t_st":"WALNUT ST","zip_code":"94118","slw_st":"1","length":"0.09355781","extents":"Arguello to Steiner","status":"Implemented","phase":"3","install_date":"2020-10-05T17:00:00.000","agency":"MTA","type":"Non-local access","supervisor_district":"2","data_as_of":"2020-10-13T16:05:18.000","data_loaded_at":"2024-01-18T15:33:32.817"}},
{"type":"Feature","geometry":{"type":"LineString","coordinates":[[-122.40655319,37.724194227],[-122.406286973,37.723556947]]},"properties":{":id":"row-iq4m-b6he_vn3m",":version":"rv-uhgt_nzff~mhh7",":created_at":"2024-01-18T23:33:38.148Z",":updated_at":"2024-01-18T23:33:38.148Z","objectid":"747","classcode":"5","cnn":"11972000","f_node_cnn":"20885000","f_st":"WOOLSEY ST","nhood":"Excelsior","oneway":"B","st_type":"ST","streetname":"SOMERSET ST","t_st":"KAREN CT","zip_code":"94134","slw_st":"1","length":"0.04630771","extents":"Silver to Woolsey","status":"Implemented","phase":"2","install_date":"2020-06-01T17:00:00.000","agency":"MTA","type":"Non-local access","supervisor_district":"9","data_as_of":"2020-10-13T16:05:18.000","data_loaded_at":"2024-01-18T15:33:32.817"}},
{"type":"Feature","geometry":{"type":"LineString","coordinates":[[-122.433854274,37.730328184],[-122.434218784,37.730227279]]},"properties":{":id":"row-fjvs_s3jk.9fds",":version":"rv-7b24-kacr.wpdg",":created_at":"2024-01-18T23:33:38.148Z",":updated_at":"2024-01-18T23:33:38.148Z","objectid":"1737","classcode":"5","cnn":"3824000","f_node_cnn":"21790000","f_st":"BADGER ST","nhood":"Outer Mission","oneway":"B","st_type":"AVE","streetname":"CAYUGA AVE","t_st":"GORHAM ST","zip_code":"94112","slw_st":"1","length":"0.021144470000000002","extents":"Naglee to Rousseau","status":"Implemented","phase":"3","install_date":"2023-07-31T17:00:00.000","agency":"MTA","type":"Non-local access","supervisor_district":"11","data_as_of":"2023-09-20T15:06:06.000","data_loaded_at":"2024-01-18T15:33:32.817"}},
{"type":"Feature","geometry":{"type":"LineString","coordinates":[[-122.407056461,37.72539995],[-122.40655319,37.724194227]]},"properties":{":id":"row-v9tt.v9ny.fbt4",":version":"rv-fz2z.z7nd~gngh",":created_at":"2024-01-18T23:33:38.148Z",":updated_at":"2024-01-18T23:33:38.148Z","objectid":"750","classcode":"5","cnn":"11971000","f_node_cnn":"20886000","f_st":"WAYLAND ST","nhood":"Excelsior","oneway":"B","st_type":"ST","streetname":"SOMERSET ST","t_st":"WOOLSEY ST","zip_code":"94134","slw_st":"1","length":"0.08760629","extents":"Silver to Woolsey","status":"Implemented","phase":"2","install_date":"2020-06-01T17:00:00.000","agency":"MTA","type":"Non-local access","supervisor_district":"9","data_as_of":"2020-10-13T16:05:18.000","data_loaded_at":"2024-01-18T15:33:32.817"}},
{"type":"Feature","geometry":{"type":"LineString","coordinates":[[-122.482591529,37.780189472],[-122.48245296,37.778262885]]},"properties":{":id":"row-d4vu~dcc8-xg4p",":version":"rv-wevz-7djk.tug9",":created_at":"2024-01-18T23:33:38.148Z",":updated_at":"2024-01-18T23:33:38.148Z","objectid":"650","classcode":"5","cnn":"1214000","f_node_cnn":"27541000","f_st":"GEARY BLVD","nhood":"Outer Richmond","oneway":"B","st_type":"AVE","streetname":"23RD AVE","t_st":"ANZA ST","zip_code":"94121","slw_st":"1","length":"0.13308875","extents":"Lake to Cabrillo","status":"Implemented","phase":"2","install_date":"2020-06-09T17:00:00.000","agency":"MTA","type":"Non-local access","supervisor_district":"1","data_as_of":"2020-10-13T16:05:18.000","data_loaded_at":"2024-01-18T15:33:32.817"}},
{"type":"Feature","geometry":{"type":"LineString","coordinates":[[-122.447802195,37.777546207],[-122.448683318,37.777432893]]},"properties":{":id":"row-d3fw.ekks-5fak",":version":"rv-9pnb~74sh-22zk",":created_at":"2024-01-18T23:33:38.148Z",":updated_at":"2024-01-18T23:33:38.148Z","objectid":"3551","classcode":"5","cnn":"6282000","f_node_cnn":"26391000","f_st":"ANNAPOLIS TER","nhood":"Lone Mountain","oneway":"B","st_type":"AVE","streetname":"GOLDEN GATE AVE","t_st":"TAMALPAIS TER","zip_code":"94118","slw_st":"1","length":"0.04886285","extents":"Masonic to Parker","status":"Implemented","phase":null,"install_date":"2023-02-28T16:00:00.000","agency":"MTA","type":null,"supervisor_district":"1","data_as_of":"2023-04-20T12:07:52.000","data_loaded_at":"2024-01-18T15:33:32.817"}},
{"type":"Feature","geometry":{"type":"LineString","coordinates":[[-122.474382842,37.786238018],[-122.475503914,37.786181462]]},"properties":{":id":"row-7p4w~92uj~zcan",":version":"rv-tci3~nky3_ata8",":created_at":"2024-01-18T23:33:38.148Z",":updated_at":"2024-01-18T23:33:38.148Z","objectid":"441","classcode":"5","cnn":"8024000","f_node_cnn":"27625000","f_st":"15TH AVE","nhood":"Inner Richmond","oneway":"B","st_type":"ST","streetname":"LAKE ST","t_st":"16TH AVE","zip_code":"94118","slw_st":"1","length":"0.06148561","extents":"28th Avenue to Arguello Boulevard","status":"Implemented","phase":"1","install_date":"2020-04-30T17:00:00.000","agency":"MTA","type":"Non-local access","supervisor_district":"1","data_as_of":"2021-11-23T16:11:01.000","data_loaded_at":"2024-01-18T15:33:32.817"}},
{"type":"Feature","geometry":{"type":"LineString","coordinates":[[-122.478713573,37.78603127],[-122.479785677,37.785982618]]},"properties":{":id":"row-hh3k~z8yj-qis9",":version":"rv-588w_wjrr_esra",":created_at":"2024-01-18T23:33:38.148Z",":updated_at":"2024-01-18T23:33:38.148Z","objectid":"446","classcode":"5","cnn":"8028000","f_node_cnn":"27637000","f_st":"19TH AVE","nhood":"Outer Richmond","oneway":"B","st_type":"ST","streetname":"LAKE ST","t_st":"20TH AVE","zip_code":"94121","slw_st":"1","length":"0.05877752","extents":"28th Avenue to Arguello Boulevard","status":"Implemented","phase":"1","install_date":"2020-04-30T17:00:00.000","agency":"MTA","type":"Non-local access","supervisor_district":"1","data_as_of":"2021-11-23T16:11:01.000","data_loaded_at":"2024-01-18T15:33:32.817"}},
{"type":"Feature","geometry":{"type":"LineString","coordinates":[[-122.466830335,37.786568136],[-122.466948648,37.786575772],[-122.467898459,37.786533455]]},"properties":{":id":"row-j6fq.2973-yuhc",":version":"rv-wim6.ctid.b59t",":created_at":"2024-01-18T23:33:38.148Z",":updated_at":"2024-01-18T23:33:38.148Z","objectid":"450","classcode":"5","cnn":"8016000","f_node_cnn":"27601000","f_st":"08TH AVE","nhood":"Inner Richmond","oneway":"B","st_type":"ST","streetname":"LAKE ST","t_st":"09TH AVE","zip_code":"94118","slw_st":"1","length":"0.05856662","extents":"28th Avenue to Arguello Boulevard","status":"Implemented","phase":"1","install_date":"2020-04-30T17:00:00.000","agency":"MTA","type":"Non-local access","supervisor_district":"1","data_as_of":"2021-11-23T16:11:01.000","data_loaded_at":"2024-01-18T15:33:32.817"}},
{"type":"Feature","geometry":{"type":"LineString","coordinates":[[-122.45541928,37.788018102],[-122.457058054,37.787809344]]},"properties":{":id":"row-8iez-5y8j-dyfm",":version":"rv-swkv~tmje_48en",":created_at":"2024-01-18T23:33:38.148Z",":updated_at":"2024-01-18T23:33:38.148Z","objectid":"1619","classcode":"5","cnn":"4125000","f_node_cnn":"27568000","f_st":"MAPLE ST","nhood":"Presidio Heights","oneway":"B","st_type":"ST","streetname":"CLAY ST","t_st":"CHERRY ST","zip_code":"94118","slw_st":"1","length":"0.09084423","extents":"Arguello to Steiner","status":"Implemented","phase":"3","install_date":"2020-10-05T17:00:00.000","agency":"MTA","type":"Non-local access","supervisor_district":"2","data_as_of":"2020-10-13T16:05:18.000","data_loaded_at":"2024-01-18T15:33:32.817"}},
{"type":"Feature","geometry":{"type":"LineString","coordinates":[[-122.450480246,37.788647125],[-122.452126437,37.788437494]]},"properties":{":id":"row-st9x-tf8u.xiey",":version":"rv-xbji-gi2c-qs9d",":created_at":"2024-01-18T23:33:38.148Z",":updated_at":"2024-01-18T23:33:38.148Z","objectid":"1622","classcode":"5","cnn":"4122000","f_node_cnn":"26921000","f_st":"LAUREL ST","nhood":"Presidio Heights","oneway":"B","st_type":"ST","streetname":"CLAY ST","t_st":"LOCUST ST","zip_code":"94118","slw_st":"1","length":"0.09125385","extents":"Arguello to Steiner","status":"Implemented","phase":"3","install_date":"2020-10-05T17:00:00.000","agency":"MTA","type":"Non-local access","supervisor_district":"2","data_as_of":"2020-10-13T16:05:18.000","data_loaded_at":"2024-01-18T15:33:32.817"}},
{"type":"Feature","geometry":{"type":"LineString","coordinates":[[-122.43228011,37.772829248],[-122.433922188,37.772620311]]},"properties":{":id":"row-bt8i_56kn~8wga",":version":"rv-xpxp.w5k4-7j8g",":created_at":"2024-01-18T23:33:38.148Z",":updated_at":"2024-01-18T23:33:38.148Z","objectid":"98","classcode":"5","cnn":"10176000","f_node_cnn":"25995000","f_st":"STEINER ST","nhood":"Western Addition","oneway":"B","st_type":"ST","streetname":"PAGE ST","t_st":"PIERCE ST","zip_code":"94117","slw_st":"1","length":"0.0910429","extents":"Stanyan to Gough","status":"Implemented","phase":"1","install_date":"2020-04-30T17:00:00.000","agency":"MTA","type":"Non-local access","supervisor_district":"5","data_as_of":"2020-10-13T16:05:18.000","data_loaded_at":"2024-01-18T15:33:32.817"}},
{"type":"Feature","geometry":{"type":"LineString","coordinates":[[-122.398879207,37.782224235],[-122.399349285,37.782595912]]},"properties":{":id":"row-8qii_yrvb-yfmn",":version":"rv-fu7k~82cm-kmcc",":created_at":"2024-01-18T23:33:38.148Z",":updated_at":"2024-01-18T23:33:38.148Z","objectid":"3846","classcode":"5","cnn":"8117000","f_node_cnn":"24580000","f_st":"RIZAL ST","nhood":"Financial District South","oneway":"B","st_type":"ST","streetname":"LAPU-LAPU ST","t_st":"BONIFACIO ST","zip_code":"94107","slw_st":"1","length":"0.03632042","extents":"Harrison Street to Folsom Street","status":"Implemented","phase":"4","install_date":"1899-12-29T16:00:13.000","agency":null,"type":null,"supervisor_district":"6","data_as_of":"2023-05-22T15:55:31.000","data_loaded_at":"2024-01-18T15:33:32.817"}},
{"type":"Feature","geometry":{"type":"LineString","coordinates":[[-122.469521965,37.763895944],[-122.469391826,37.762034108]]},"properties":{":id":"row-zf4c-2k9a~sfx4",":version":"rv-5q77~j8pg.kbj4",":created_at":"2024-01-18T23:33:38.148Z",":updated_at":"2024-01-18T23:33:38.148Z","objectid":"2564","classcode":"5","cnn":"528000","f_node_cnn":"27171000","f_st":"IRVING ST","nhood":"Inner Sunset","oneway":"B","st_type":"AVE","streetname":"12TH AVE","t_st":"JUDAH ST","zip_code":"94122","slw_st":"1","length":"0.12860386000000001","extents":"Lincoln Way to Lawton","status":"Implemented","phase":"4","install_date":"2021-07-19T17:00:00.000","agency":"MTA","type":"Non-local access","supervisor_district":"7","data_as_of":"2023-04-20T11:36:44.000","data_loaded_at":"2024-01-18T15:33:32.817"}},
{"type":"Feature","geometry":{"type":"LineString","coordinates":[[-122.469391826,37.762034108],[-122.469263156,37.760170586]]},"properties":{":id":"row-vi3f~mhiw-pc6x",":version":"rv-858m.8afg_e825",":created_at":"2024-01-18T23:33:38.148Z",":updated_at":"2024-01-18T23:33:38.148Z","objectid":"2563","classcode":"5","cnn":"529000","f_node_cnn":"27161000","f_st":"JUDAH ST","nhood":"Inner Sunset","oneway":"B","st_type":"AVE","streetname":"12TH AVE","t_st":"KIRKHAM ST","zip_code":"94122","slw_st":"1","length":"0.1287155","extents":"Lincoln Way to Lawton","status":"Implemented","phase":"4","install_date":"2021-07-19T17:00:00.000","agency":"MTA","type":"Non-local access","supervisor_district":"7","data_as_of":"2023-04-20T11:36:44.000","data_loaded_at":"2024-01-18T15:33:32.817"}},
{"type":"Feature","geometry":{"type":"LineString","coordinates":[[-122.424502659,37.739860151],[-122.424818964,37.739075515],[-122.42487023,37.739011396]]},"properties":{":id":"row-vtdu_dd7k_2su2",":version":"rv-9zs7_524d~bbqg",":created_at":"2024-01-18T23:33:38.148Z",":updated_at":"2024-01-18T23:33:38.148Z","objectid":"1669","classcode":"5","cnn":"2447000","f_node_cnn":"21839000","f_st":"RANDALL ST","nhood":"Glen Park","oneway":"B","st_type":"ST","streetname":"ARLINGTON ST","t_st":"FAIRMOUNT ST","zip_code":"94131","slw_st":"1","length":"0.0620578","extents":"Roanoke to Randall","status":"Implemented","phase":"3","install_date":"2020-11-29T16:00:00.000","agency":"MTA","type":"Non-local access","supervisor_district":"8","data_as_of":"2020-11-30T15:25:20.000","data_loaded_at":"2024-01-18T15:33:32.817"}},
{"type":"Feature","geometry":{"type":"LineString","coordinates":[[-122.433572208,37.769178369],[-122.433408259,37.767461583]]},"properties":{":id":"row-umsm.xwpk~w48t",":version":"rv-vdru.wk24.4w56",":created_at":"2024-01-18T23:33:38.148Z",":updated_at":"2024-01-18T23:33:38.148Z","objectid":"1656","classcode":"5","cnn":"9607000","f_node_cnn":"25984000","f_st":"DUBOCE AVE","nhood":"Castro/Upper Market","oneway":"B","st_type":"ST","streetname":"NOE ST","t_st":"14TH ST","zip_code":"94114","slw_st":"1","length":"0.11874241","extents":"Duboce to 18th St","status":"Implemented","phase":"3","install_date":"2020-09-29T17:00:00.000","agency":"MTA","type":"Non-local access","supervisor_district":"8","data_as_of":"2020-10-13T16:05:18.000","data_loaded_at":"2024-01-18T15:33:32.817"}},
{"type":"Feature","geometry":{"type":"LineString","coordinates":[[-122.429731302,37.752362003],[-122.42965871,37.751570854]]},"properties":{":id":"row-ug87_wbn4-5cm9",":version":"rv-prty-u8mn_sjbv",":created_at":"2024-01-18T23:33:38.148Z",":updated_at":"2024-01-18T23:33:38.148Z","objectid":"688","classcode":"5","cnn":"11528000","f_node_cnn":"25654000","f_st":"ELIZABETH ST","nhood":"Noe Valley","oneway":"B","st_type":"ST","streetname":"SANCHEZ ST","t_st":"24TH ST","zip_code":"94114","slw_st":"1","length":"0.05470814","extents":"23rd St to 30th St","status":"Implemented","phase":"2","install_date":"2020-05-19T17:00:00.000","agency":"MTA","type":"Non-local access","supervisor_district":"8","data_as_of":"2020-10-13T16:05:18.000","data_loaded_at":"2024-01-18T15:33:32.817"}},
{"type":"Feature","geometry":{"type":"LineString","coordinates":[[-122.41250093,37.759028146],[-122.413599748,37.758961798]]},"properties":{":id":"row-zaea_4my2_r7wc",":version":"rv-pi6r-c3t7-u3mk",":created_at":"2024-01-18T23:33:38.148Z",":updated_at":"2024-01-18T23:33:38.148Z","objectid":"3545","classcode":"5","cnn":"1050000","f_node_cnn":"24035000","f_st":"HARRISON ST","nhood":"Inner Mission","oneway":"B","st_type":"ST","streetname":"20TH ST","t_st":"TREAT AVE","zip_code":"94110","slw_st":"1","length":"0.060339500000000004","extents":"Shotwell to Potrero","status":"Implemented","phase":null,"install_date":"2023-02-28T16:00:00.000","agency":"MTA","type":null,"supervisor_district":"9","data_as_of":"2023-04-20T11:12:17.000","data_loaded_at":"2024-01-18T15:33:32.817"}},
{"type":"Feature","geometry":{"type":"LineString","coordinates":[[-122.414861248,37.749237866],[-122.414824139,37.748851184],[-122.414975499,37.74878269],[-122.414918963,37.748230731]]},"properties":{":id":"row-ynwk-4qe8_zypz",":version":"rv-tbdi~3fzn~sccd",":created_at":"2024-01-18T23:33:38.148Z",":updated_at":"2024-01-18T23:33:38.148Z","objectid":"674","classcode":"5","cnn":"11844000","f_node_cnn":"21293000","f_st":"26TH ST","nhood":"The Mission","oneway":"B","st_type":"ST","streetname":"SHOTWELL ST","t_st":"CESAR CHAVEZ ST","zip_code":"94110","slw_st":"1","length":"0.07447908","extents":"14th St to Cesar Chavez","status":"Implemented","phase":"2","install_date":"2020-05-19T17:00:00.000","agency":"MTA","type":"Non-local access","supervisor_district":"9","data_as_of":"2020-10-13T16:05:18.000","data_loaded_at":"2024-01-18T15:33:32.817"}},
{"type":"Feature","geometry":{"type":"LineString","coordinates":[[-122.415473275,37.755634108],[-122.415320139,37.754033534]]},"properties":{":id":"row-n2ec-5upu~2x7i",":version":"rv-sifh~caz8.yhv5",":created_at":"2024-01-18T23:33:38.148Z",":updated_at":"2024-01-18T23:33:38.148Z","objectid":"665","classcode":"5","cnn":"11840000","f_node_cnn":"24078000","f_st":"22ND ST","nhood":"The Mission","oneway":"B","st_type":"ST","streetname":"SHOTWELL ST","t_st":"23RD ST","zip_code":"94110","slw_st":"1","length":"0.1107056","extents":"14th St to Cesar Chavez","status":"Implemented","phase":"2","install_date":"2020-05-19T17:00:00.000","agency":"MTA","type":"Non-local access","supervisor_district":"9","data_as_of":"2020-10-13T16:05:18.000","data_loaded_at":"2024-01-18T15:33:32.817"}},
{"type":"Feature","geometry":{"type":"LineString","coordinates":[[-122.415320139,37.754033534],[-122.415172289,37.752439645]]},"properties":{":id":"row-sun4_gnsj.7s4e",":version":"rv-xde6.xizp_u7fq",":created_at":"2024-01-18T23:33:38.148Z",":updated_at":"2024-01-18T23:33:38.148Z","objectid":"664","classcode":"5","cnn":"11841000","f_node_cnn":"24065000","f_st":"23RD ST","nhood":"The Mission","oneway":"B","st_type":"ST","streetname":"SHOTWELL ST","t_st":"24TH ST","zip_code":"94110","slw_st":"1","length":"0.11022423","extents":"14th St to Cesar Chavez","status":"Implemented","phase":"2","install_date":"2020-05-19T17:00:00.000","agency":"MTA","type":"Non-local access","supervisor_district":"9","data_as_of":"2020-10-13T16:05:18.000","data_loaded_at":"2024-01-18T15:33:32.817"}},
{"type":"Feature","geometry":{"type":"LineString","coordinates":[[-122.41127262,37.755887569],[-122.412197892,37.755832511]]},"properties":{":id":"row-jfks.9zr9-tnb3",":version":"rv-e4wy.zymi-czss",":created_at":"2024-01-18T23:33:38.148Z",":updated_at":"2024-01-18T23:33:38.148Z","objectid":"3525","classcode":"5","cnn":"1184000","f_node_cnn":"23993000","f_st":"ALABAMA ST","nhood":"Inner Mission","oneway":"B","st_type":"ST","streetname":"22ND ST","t_st":"HARRISON ST","zip_code":"94110","slw_st":"1","length":"0.05080747","extents":"Bryant to Chattanooga","status":"Planned","phase":null,"install_date":null,"agency":"MTA","type":null,"supervisor_district":"9","data_as_of":"2023-03-01T14:13:09.000","data_loaded_at":"2024-01-18T15:33:32.817"}},
{"type":"Feature","geometry":{"type":"LineString","coordinates":[[-122.410373354,37.755941773],[-122.41127262,37.755887569]]},"properties":{":id":"row-wna8_4m6w.333v",":version":"rv-mrfd.mxht.vxim",":created_at":"2024-01-18T23:33:38.148Z",":updated_at":"2024-01-18T23:33:38.148Z","objectid":"3524","classcode":"5","cnn":"1183000","f_node_cnn":"23992000","f_st":"FLORIDA ST","nhood":"Inner Mission","oneway":"B","st_type":"ST","streetname":"22ND ST","t_st":"ALABAMA ST","zip_code":"94110","slw_st":"1","length":"0.04938302","extents":"Bryant to Chattanooga","status":"Planned","phase":null,"install_date":null,"agency":"MTA","type":null,"supervisor_district":"9","data_as_of":"2023-03-01T14:13:09.000","data_loaded_at":"2024-01-18T15:33:32.817"}},
{"type":"Feature","geometry":{"type":"LineString","coordinates":[[-122.415626197,37.757232409],[-122.415473275,37.755634108]]},"properties":{":id":"row-uhcp.3wmc_akfq",":version":"rv-e8jd.vasa.hkss",":created_at":"2024-01-18T23:33:38.148Z",":updated_at":"2024-01-18T23:33:38.148Z","objectid":"666","classcode":"5","cnn":"11839000","f_node_cnn":"24080000","f_st":"21ST ST","nhood":"The Mission","oneway":"B","st_type":"ST","streetname":"SHOTWELL ST","t_st":"22ND ST","zip_code":"94110","slw_st":"1","length":"0.11054842000000001","extents":"14th St to Cesar Chavez","status":"Implemented","phase":"2","install_date":"2020-05-19T17:00:00.000","agency":"MTA","type":"Non-local access","supervisor_district":"9","data_as_of":"2020-10-13T16:05:18.000","data_loaded_at":"2024-01-18T15:33:32.817"}},
{"type":"Feature","geometry":{"type":"LineString","coordinates":[[-122.390817277,37.764200764],[-122.390698494,37.762925747]]},"properties":{":id":"row-x6ux~sbnn.3fed",":version":"rv-9bxj~9b26_rqn4",":created_at":"2024-01-18T23:33:38.148Z",":updated_at":"2024-01-18T23:33:38.148Z","objectid":"1715","classcode":"5","cnn":"9053000","f_node_cnn":"23652000","f_st":"MARIPOSA ST","nhood":"Potrero Hill","oneway":"B","st_type":"ST","streetname":"MINNESOTA ST","t_st":"18TH ST","zip_code":"94107","slw_st":"1","length":"0.08817504","extents":"Mariposa to 22nd St","status":"Implemented","phase":"3","install_date":"2020-10-05T17:00:00.000","agency":"MTA","type":"Non-local access","supervisor_district":"10","data_as_of":"2020-10-13T16:05:18.000","data_loaded_at":"2024-01-18T15:33:32.817"}},
{"type":"Feature","geometry":{"type":"LineString","coordinates":[[-122.430578486,37.731234944],[-122.431392972,37.731009499]]},"properties":{":id":"row-3dzj~zy3f~cgwk",":version":"rv-ahsh-fjsi~yy56",":created_at":"2024-01-18T23:33:38.148Z",":updated_at":"2024-01-18T23:33:38.148Z","objectid":"1739","classcode":"5","cnn":"3820000","f_node_cnn":"21782000","f_st":"ROTTECK ST","nhood":"Outer Mission","oneway":"B","st_type":"AVE","streetname":"CAYUGA AVE","t_st":"LYELL ST","zip_code":"94112","slw_st":"1","length":"0.04724561","extents":"Naglee to Rousseau","status":"Implemented","phase":"3","install_date":"2023-07-31T17:00:00.000","agency":"MTA","type":"Non-local access","supervisor_district":"11","data_as_of":"2023-09-20T15:06:06.000","data_loaded_at":"2024-01-18T15:33:32.817"}},
{"type":"Feature","geometry":{"type":"LineString","coordinates":[[-122.446944516,37.716186891],[-122.447510303,37.715741874]]},"properties":{":id":"row-fkgq-hzds_v5d8",":version":"rv-pgfj~3eu8.uswc",":created_at":"2024-01-18T23:33:38.148Z",":updated_at":"2024-01-18T23:33:38.148Z","objectid":"1746","classcode":"5","cnn":"3846000","f_node_cnn":"21529000","f_st":"OTTAWA AVE","nhood":"Outer Mission","oneway":"B","st_type":"AVE","streetname":"CAYUGA AVE","t_st":"ROME ST","zip_code":"94112","slw_st":"1","length":"0.0436213","extents":"Naglee to Rousseau","status":"Implemented","phase":"3","install_date":"2023-07-31T17:00:00.000","agency":"MTA","type":"Non-local access","supervisor_district":"11","data_as_of":"2023-09-20T15:06:06.000","data_loaded_at":"2024-01-18T15:33:32.817"}},
{"type":"Feature","geometry":{"type":"LineString","coordinates":[[-122.437933627,37.725094456],[-122.438272434,37.724469324],[-122.438684008,37.723809325]]},"properties":{":id":"row-7nbx.323g~gdyj",":version":"rv-kd3g~kzu3.zkrp",":created_at":"2024-01-18T23:33:38.148Z",":updated_at":"2024-01-18T23:33:38.148Z","objectid":"1735","classcode":"5","cnn":"3830000","f_node_cnn":"21800000","f_st":"SAN JUAN AVE","nhood":"Outer Mission","oneway":"B","st_type":"AVE","streetname":"CAYUGA AVE","t_st":"SANTA YNEZ AVE","zip_code":"94112","slw_st":"1","length":"0.09773488","extents":"Naglee to Rousseau","status":"Implemented","phase":"3","install_date":"2023-07-31T17:00:00.000","agency":"MTA","type":"Non-local access","supervisor_district":"11","data_as_of":"2023-09-20T15:06:06.000","data_loaded_at":"2024-01-18T15:33:32.817"}},
{"type":"Feature","geometry":{"type":"LineString","coordinates":[[-122.438808574,37.723601276],[-122.439350074,37.722733433]]},"properties":{":id":"row-pm4i.53x2-hvf7",":version":"rv-prpy~2uyd~8rq8",":created_at":"2024-01-18T23:33:38.148Z",":updated_at":"2024-01-18T23:33:38.148Z","objectid":"1733","classcode":"5","cnn":"3832000","f_node_cnn":"21758000","f_st":"OCEAN AVE","nhood":"Outer Mission","oneway":"B","st_type":"AVE","streetname":"CAYUGA AVE","t_st":"VALERTON CT","zip_code":"94112","slw_st":"1","length":"0.06680042","extents":"Naglee to Rousseau","status":"Implemented","phase":"3","install_date":"2023-07-31T17:00:00.000","agency":"MTA","type":"Non-local access","supervisor_district":"11","data_as_of":"2023-09-20T15:06:06.000","data_loaded_at":"2024-01-18T15:33:32.817"}},
{"type":"Feature","geometry":{"type":"LineString","coordinates":[[-122.422407117,37.774084975],[-122.423947061,37.773889238]]},"properties":{":id":"row-7jpx-8u6t.v8um",":version":"rv-4jyw~rmeh~gpdv",":created_at":"2024-01-18T23:33:38.148Z",":updated_at":"2024-01-18T23:33:38.148Z","objectid":"189","classcode":"5","cnn":"10170000","f_node_cnn":"24456000","f_st":"GOUGH ST","nhood":"Western Addition","oneway":"B","st_type":"ST","streetname":"PAGE ST","t_st":"OCTAVIA ST","zip_code":"94102","slw_st":"1","length":"0.08537657","extents":"Stanyan to Gough","status":"Implemented","phase":"1","install_date":"2020-04-30T17:00:00.000","agency":"MTA","type":"Non-local access","supervisor_district":"6","data_as_of":"2020-10-13T16:05:18.000","data_loaded_at":"2024-01-18T15:33:32.817"}},
{"type":"Feature","geometry":{"type":"LineString","coordinates":[[-122.428805595,37.742764288],[-122.428728579,37.741963991]]},"properties":{":id":"row-xcg3_6n2i~8rje",":version":"rv-aeea_cgpg~6itk",":created_at":"2024-01-18T23:33:38.148Z",":updated_at":"2024-01-18T23:33:38.148Z","objectid":"690","classcode":"5","cnn":"11540000","f_node_cnn":"21909000","f_st":"DAY ST","nhood":"Noe Valley","oneway":"B","st_type":"ST","streetname":"SANCHEZ ST","t_st":"30TH ST","zip_code":"94131","slw_st":"1","length":"0.05535528","extents":"23rd St to 30th St","status":"Implemented","phase":"2","install_date":"2020-05-19T17:00:00.000","agency":"MTA","type":"Non-local access","supervisor_district":"8","data_as_of":"2020-10-13T16:05:18.000","data_loaded_at":"2024-01-18T15:33:32.817"}},
{"type":"Feature","geometry":{"type":"LineString","coordinates":[[-122.419857943,37.75536573],[-122.420964093,37.755294783]]},"properties":{":id":"row-xqm8-868z_dnnn",":version":"rv-3bq9-mj3j_fkqz",":created_at":"2024-01-18T23:33:38.148Z",":updated_at":"2024-01-18T23:33:38.148Z","objectid":"3533","classcode":"5","cnn":"1192000","f_node_cnn":"24112000","f_st":"BARTLETT ST","nhood":"Inner Mission","oneway":"B","st_type":"ST","streetname":"22ND ST","t_st":"VALENCIA ST","zip_code":"94110","slw_st":"1","length":"0.060767510000000004","extents":"Bryant to Chattanooga","status":"Planned","phase":null,"install_date":null,"agency":"MTA","type":null,"supervisor_district":"9","data_as_of":"2023-03-01T14:13:09.000","data_loaded_at":"2024-01-18T15:33:32.817"}},
{"type":"Feature","geometry":{"type":"LineString","coordinates":[[-122.408548511,37.729002898],[-122.408051888,37.727799712]]},"properties":{":id":"row-i8hs.kwcf.8m52",":version":"rv-ej6p_6chd_4w4u",":created_at":"2024-01-18T23:33:38.148Z",":updated_at":"2024-01-18T23:33:38.148Z","objectid":"749","classcode":"5","cnn":"11968000","f_node_cnn":"20900000","f_st":"FELTON ST","nhood":"Excelsior","oneway":"B","st_type":"ST","streetname":"SOMERSET ST","t_st":"BURROWS ST","zip_code":"94134","slw_st":"1","length":"0.08732573","extents":"Silver to Woolsey","status":"Implemented","phase":"2","install_date":"2020-06-01T17:00:00.000","agency":"MTA","type":"Non-local access","supervisor_district":"9","data_as_of":"2020-10-13T16:05:19.000","data_loaded_at":"2024-01-18T15:33:32.817"}},
{"type":"Feature","geometry":{"type":"LineString","coordinates":[[-122.43574963,37.728670911],[-122.43637197,37.727964143],[-122.436805493,37.72716839]]},"properties":{":id":"row-7cs9-t9h8~bnvz",":version":"rv-wcz8~27ju~4bxx",":created_at":"2024-01-18T23:33:38.148Z",":updated_at":"2024-01-18T23:33:38.148Z","objectid":"1753","classcode":"5","cnn":"3828000","f_node_cnn":"21798000","f_st":"COTTER ST","nhood":"Outer Mission","oneway":"B","st_type":"AVE","streetname":"CAYUGA AVE","t_st":"SANTA ROSA AVE","zip_code":"94112","slw_st":"1","length":"0.11928039","extents":"Naglee to Rousseau","status":"Implemented","phase":"3","install_date":"2023-07-31T17:00:00.000","agency":"MTA","type":"Non-local access","supervisor_district":"11","data_as_of":"2023-09-20T15:06:06.000","data_loaded_at":"2024-01-18T15:33:32.817"}},
{"type":"Feature","geometry":{"type":"LineString","coordinates":[[-122.448076448,37.715296568],[-122.44874245,37.714772706]]},"properties":{":id":"row-dtbs~kdi7-c84u",":version":"rv-pxvu~z6tj~k4fi",":created_at":"2024-01-18T23:33:38.148Z",":updated_at":"2024-01-18T23:33:38.148Z","objectid":"1762","classcode":"5","cnn":"3848000","f_node_cnn":"21565000","f_st":"FOOTE AVE","nhood":"Outer Mission","oneway":"B","st_type":"AVE","streetname":"CAYUGA AVE","t_st":"MODOC AVE","zip_code":"94112","slw_st":"1","length":"0.05134908","extents":"Naglee to Rousseau","status":"Implemented","phase":"3","install_date":"2023-07-31T17:00:00.000","agency":"MTA","type":"Non-local access","supervisor_district":"11","data_as_of":"2023-09-20T15:06:06.000","data_loaded_at":"2024-01-18T15:33:32.817"}},
{"type":"Feature","geometry":{"type":"LineString","coordinates":[[-122.44874245,37.714772706],[-122.449405635,37.714251052]]},"properties":{":id":"row-63jx.bkwn~mhtg",":version":"rv-mqvs-hmt8~9wiz",":created_at":"2024-01-18T23:33:38.148Z",":updated_at":"2024-01-18T23:33:38.148Z","objectid":"1744","classcode":"5","cnn":"3849000","f_node_cnn":"21566000","f_st":"MODOC AVE","nhood":"Outer Mission","oneway":"B","st_type":"AVE","streetname":"CAYUGA AVE","t_st":"NAGLEE AVE","zip_code":"94112","slw_st":"1","length":"0.05113245","extents":"Naglee to Rousseau","status":"Implemented","phase":"3","install_date":"2023-07-31T17:00:00.000","agency":"MTA","type":"Non-local access","supervisor_district":"11","data_as_of":"2023-09-20T15:06:06.000","data_loaded_at":"2024-01-18T15:33:32.817"}},
{"type":"Feature","geometry":{"type":"LineString","coordinates":[[-122.464693461,37.786670438],[-122.465760339,37.786627327]]},"properties":{":id":"row-pf5x.2jqv-p99t",":version":"rv-c4qh.btuy-wge2",":created_at":"2024-01-18T23:33:38.148Z",":updated_at":"2024-01-18T23:33:38.148Z","objectid":"429","classcode":"5","cnn":"8014000","f_node_cnn":"27598000","f_st":"06TH AVE","nhood":"Inner Richmond","oneway":"B","st_type":"ST","streetname":"LAKE ST","t_st":"07TH AVE","zip_code":"94118","slw_st":"1","length":"0.058470760000000004","extents":"28th Avenue to Arguello Boulevard","status":"Implemented","phase":"1","install_date":"2020-04-30T17:00:00.000","agency":"MTA","type":"Non-local access","supervisor_district":"1","data_as_of":"2021-11-23T16:11:01.000","data_loaded_at":"2024-01-18T15:33:32.817"}},
{"type":"Feature","geometry":{"type":"LineString","coordinates":[[-122.488140379,37.785611775],[-122.488200689,37.785534691],[-122.488316398,37.785329315],[-122.488324815,37.785205583]]},"properties":{":id":"row-zgsg-vpiq_4s7k",":version":"rv-nhsy-tbzs-ccdr",":created_at":"2024-01-18T23:33:38.148Z",":updated_at":"2024-01-18T23:33:38.148Z","objectid":"430","classcode":"5","cnn":"8037000","f_node_cnn":"28020000","f_st":"28TH AVE","nhood":"Seacliff","oneway":"B","st_type":"ST","streetname":"LAKE ST","t_st":"28TH AVE","zip_code":"94121","slw_st":"1","length":"0.030319600000000002","extents":"28th Avenue to Arguello Boulevard","status":"Implemented","phase":"1","install_date":"2020-04-30T17:00:00.000","agency":"MTA","type":"Non-local access","supervisor_district":"1","data_as_of":"2021-11-23T16:11:01.000","data_loaded_at":"2024-01-18T15:33:32.817"}},
{"type":"Feature","geometry":{"type":"LineString","coordinates":[[-122.44684647,37.777669109],[-122.447802195,37.777546207]]},"properties":{":id":"row-z7kf~n74v~6ezm",":version":"rv-u2ah-zqvz-pzmf",":created_at":"2024-01-18T23:33:38.148Z",":updated_at":"2024-01-18T23:33:38.148Z","objectid":"3550","classcode":"5","cnn":"6281000","f_node_cnn":"26383000","f_st":"MASONIC AVE","nhood":"Lone Mountain","oneway":"B","st_type":"AVE","streetname":"GOLDEN GATE AVE","t_st":"ANNAPOLIS TER","zip_code":"94118","slw_st":"1","length":"0.05299977","extents":"Masonic to Parker","status":"Implemented","phase":null,"install_date":"2023-02-28T16:00:00.000","agency":"MTA","type":null,"supervisor_district":"1","data_as_of":"2023-04-20T12:07:52.000","data_loaded_at":"2024-01-18T15:33:32.817"}},
{"type":"Feature","geometry":{"type":"LineString","coordinates":[[-122.479785677,37.785982618],[-122.4808601,37.785933963]]},"properties":{":id":"row-8xkt_spwf~jwnk",":version":"rv-hed4_cmd2.g6te",":created_at":"2024-01-18T23:33:38.148Z",":updated_at":"2024-01-18T23:33:38.148Z","objectid":"434","classcode":"5","cnn":"8029000","f_node_cnn":"27638000","f_st":"20TH AVE","nhood":"Outer Richmond","oneway":"B","st_type":"ST","streetname":"LAKE ST","t_st":"21ST AVE","zip_code":"94121","slw_st":"1","length":"0.05890429","extents":"28th Avenue to Arguello Boulevard","status":"Implemented","phase":"1","install_date":"2020-04-30T17:00:00.000","agency":"MTA","type":"Non-local access","supervisor_district":"1","data_as_of":"2021-11-23T16:11:01.000","data_loaded_at":"2024-01-18T15:33:32.817"}},
{"type":"Feature","geometry":{"type":"LineString","coordinates":[[-122.482183772,37.774534489],[-122.483254696,37.774485588]]},"properties":{":id":"row-gyi5~33f9.tjzk",":version":"rv-dugt-un8v~jikf",":created_at":"2024-01-18T23:33:38.148Z",":updated_at":"2024-01-18T23:33:38.148Z","objectid":"3843","classcode":"5","cnn":"3490000","f_node_cnn":"27514000","f_st":"23RD AVE","nhood":"Central Richmond","oneway":"B","st_type":"ST","streetname":"CABRILLO ST","t_st":"24TH AVE","zip_code":"94121","slw_st":"1","length":"0.058723080000000004","extents":"23rd Ave to 45th Ave","status":"Implemented","phase":"3","install_date":"2023-12-05T16:00:00.000","agency":"MTA","type":null,"supervisor_district":"1","data_as_of":"2023-04-28T14:33:11.000","data_loaded_at":"2024-01-18T15:33:32.817"}},
{"type":"Feature","geometry":{"type":"LineString","coordinates":[[-122.485296901,37.774387725],[-122.486368282,37.774338773]]},"properties":{":id":"row-ufrp-u3bz~uy8h",":version":"rv-5si6_b7t5~kh7e",":created_at":"2024-01-18T23:33:38.148Z",":updated_at":"2024-01-18T23:33:38.148Z","objectid":"1293","classcode":"5","cnn":"3493000","f_node_cnn":"27522000","f_st":"26TH AVE","nhood":"Outer Richmond","oneway":"B","st_type":"ST","streetname":"CABRILLO ST","t_st":"27TH AVE","zip_code":"94121","slw_st":"1","length":"0.05874838","extents":"23rd Ave to 45th Ave","status":"Implemented","phase":"3","install_date":"2020-10-20T17:00:00.000","agency":"MTA","type":"Non-local access","supervisor_district":"1","data_as_of":"2023-04-28T14:29:50.000","data_loaded_at":"2024-01-18T15:33:32.817"}},
{"type":"Feature","geometry":{"type":"LineString","coordinates":[[-122.500285955,37.773701991],[-122.501362356,37.773652673]]},"properties":{":id":"row-x533_grrp_wqk8",":version":"rv-itqm_g5kb~wdnq",":created_at":"2024-01-18T23:33:38.148Z",":updated_at":"2024-01-18T23:33:38.148Z","objectid":"1602","classcode":"5","cnn":"3507000","f_node_cnn":"27873000","f_st":"40TH AVE","nhood":"Outer Richmond","oneway":"B","st_type":"ST","streetname":"CABRILLO ST","t_st":"41ST AVE","zip_code":"94121","slw_st":"1","length":"0.05902474","extents":"23rd Ave to 45th Ave","status":"Implemented","phase":"3","install_date":"2020-10-20T17:00:00.000","agency":"MTA","type":"Non-local access","supervisor_district":"1","data_as_of":"2023-04-28T14:29:50.000","data_loaded_at":"2024-01-18T15:33:32.817"}},
{"type":"Feature","geometry":{"type":"LineString","coordinates":[[-122.488505758,37.774241084],[-122.489579477,37.774191997]]},"properties":{":id":"row-r72k-g8mf-wgax",":version":"rv-v4gw.73ui.un5j",":created_at":"2024-01-18T23:33:38.148Z",":updated_at":"2024-01-18T23:33:38.148Z","objectid":"1290","classcode":"5","cnn":"3496000","f_node_cnn":"27812000","f_st":"29TH AVE","nhood":"Outer Richmond","oneway":"B","st_type":"ST","streetname":"CABRILLO ST","t_st":"30TH AVE","zip_code":"94121","slw_st":"1","length":"0.05887681","extents":"23rd Ave to 45th Ave","status":"Implemented","phase":"3","install_date":"2020-10-20T17:00:00.000","agency":"MTA","type":"Non-local access","supervisor_district":"1","data_as_of":"2023-04-28T14:29:50.000","data_loaded_at":"2024-01-18T15:33:32.817"}},
{"type":"Feature","geometry":{"type":"LineString","coordinates":[[-122.44350692,37.778089213],[-122.445155753,37.777886507]]},"properties":{":id":"row-xhj2_hd73-tr93",":version":"rv-4bqu~zhdt~vewg",":created_at":"2024-01-18T23:33:38.148Z",":updated_at":"2024-01-18T23:33:38.148Z","objectid":"641","classcode":"5","cnn":"6279000","f_node_cnn":"26375000","f_st":null,"nhood":"Western Addition","oneway":"B","st_type":"AVE","streetname":"GOLDEN GATE AVE","t_st":null,"zip_code":"94115","slw_st":"1","length":"0.09133498","extents":"Masonic to Parker","status":"Implemented","phase":"2","install_date":"2020-06-09T17:00:00.000","agency":"MTA","type":"Non-local access","supervisor_district":"2","data_as_of":"2023-04-20T12:00:31.000","data_loaded_at":"2024-01-18T15:33:32.817"}},
{"type":"Feature","geometry":{"type":"LineString","coordinates":[[-122.44350692,37.778089213],[-122.44369911,37.779038019]]},"properties":{":id":"row-arbt_9d65-mtch",":version":"rv-k28w_vg5f.cy43",":created_at":"2024-01-18T23:33:38.148Z",":updated_at":"2024-01-18T23:33:38.148Z","objectid":"2598","classcode":"5","cnn":"8561000","f_node_cnn":"26375000","f_st":"GOLDEN GATE AVE","nhood":"North Panhandle","oneway":"B","st_type":"ST","streetname":"LYON ST","t_st":"TURK BLVD","zip_code":"94115","slw_st":"1","length":"0.06627735","extents":"Turk Street to Haight Street","status":"Implemented","phase":"4","install_date":"2021-07-06T17:00:00.000","agency":"MTA","type":"Non-local access","supervisor_district":"2","data_as_of":"2021-07-07T16:22:50.000","data_loaded_at":"2024-01-18T15:33:32.817"}},
{"type":"Feature","geometry":{"type":"LineString","coordinates":[[-122.453768965,37.788228306],[-122.45541928,37.788018102]]},"properties":{":id":"row-c37e_3qgp.yu53",":version":"rv-pyxw-sug6_q9ww",":created_at":"2024-01-18T23:33:38.148Z",":updated_at":"2024-01-18T23:33:38.148Z","objectid":"1620","classcode":"5","cnn":"4124000","f_node_cnn":"26946000","f_st":"SPRUCE ST","nhood":"Presidio Heights","oneway":"B","st_type":"ST","streetname":"CLAY ST","t_st":"MAPLE ST","zip_code":"94118","slw_st":"1","length":"0.09148348","extents":"Arguello to Steiner","status":"Implemented","phase":"3","install_date":"2020-10-05T17:00:00.000","agency":"MTA","type":"Non-local access","supervisor_district":"2","data_as_of":"2020-10-13T16:05:18.000","data_loaded_at":"2024-01-18T15:33:32.817"}},
{"type":"Feature","geometry":{"type":"LineString","coordinates":[[-122.42570021,37.77366623],[-122.427357436,37.773455462]]},"properties":{":id":"row-ctyt-yvmi_9p6f",":version":"rv-rqgr~ivki-hauz",":created_at":"2024-01-18T23:33:38.148Z",":updated_at":"2024-01-18T23:33:38.148Z","objectid":"110","classcode":"5","cnn":"10172000","f_node_cnn":"25908000","f_st":"LAGUNA ST","nhood":"Western Addition","oneway":"B","st_type":"ST","streetname":"PAGE ST","t_st":"BUCHANAN ST","zip_code":"94102","slw_st":"1","length":"0.0918807","extents":"Stanyan to Gough","status":"Implemented","phase":"1","install_date":"2020-04-30T17:00:00.000","agency":"MTA","type":"Non-local access","supervisor_district":"5","data_as_of":"2020-10-13T16:05:18.000","data_loaded_at":"2024-01-18T15:33:32.817"}},
{"type":"Feature","geometry":{"type":"LineString","coordinates":[[-122.427155508,37.736684951],[-122.428429228,37.735857451]]},"properties":{":id":"row-htzs.ajmb.8vdu",":version":"rv-7tst-47ai-yv6m",":created_at":"2024-01-18T23:33:38.148Z",":updated_at":"2024-01-18T23:33:38.148Z","objectid":"1665","classcode":"5","cnn":"2451000","f_node_cnn":"21855000","f_st":"MIGUEL ST","nhood":"Glen Park","oneway":"B","st_type":"ST","streetname":"ARLINGTON ST","t_st":"MATEO ST","zip_code":"94131","slw_st":"1","length":"0.09013336","extents":"Roanoke to Randall","status":"Implemented","phase":"3","install_date":"2020-11-29T16:00:00.000","agency":"MTA","type":"Non-local access","supervisor_district":"8","data_as_of":"2020-11-30T15:25:20.000","data_loaded_at":"2024-01-18T15:33:32.817"}},
{"type":"Feature","geometry":{"type":"LineString","coordinates":[[-122.425277591,37.738209207],[-122.425510251,37.737753779]]},"properties":{":id":"row-upk8.74nz~g4h4",":version":"rv-ngc8~p7nk.3uuw",":created_at":"2024-01-18T23:33:38.148Z",":updated_at":"2024-01-18T23:33:38.148Z","objectid":"1667","classcode":"5","cnn":"2449000","f_node_cnn":"21844000","f_st":"CHARLES ST","nhood":"Glen Park","oneway":"B","st_type":"ST","streetname":"ARLINGTON ST","t_st":"HIGHLAND AVE","zip_code":"94131","slw_st":"1","length":"0.03389611","extents":"Roanoke to Randall","status":"Implemented","phase":"3","install_date":"2020-11-29T16:00:00.000","agency":"MTA","type":"Non-local access","supervisor_district":"8","data_as_of":"2020-11-30T15:25:20.000","data_loaded_at":"2024-01-18T15:33:32.817"}},
{"type":"Feature","geometry":{"type":"LineString","coordinates":[[-122.428429228,37.735857451],[-122.428993988,37.73548526]]},"properties":{":id":"row-8ha4_c46d~i3ba",":version":"rv-ckkw-g5wu~f2rd",":created_at":"2024-01-18T23:33:38.148Z",":updated_at":"2024-01-18T23:33:38.148Z","objectid":"1671","classcode":"5","cnn":"2452000","f_node_cnn":"21856000","f_st":"MATEO ST","nhood":"Glen Park","oneway":"B","st_type":"ST","streetname":"ARLINGTON ST","t_st":"SAINT MARY'S AVE","zip_code":"94131","slw_st":"1","length":"0.04019646","extents":"Roanoke to Randall","status":"Implemented","phase":"3","install_date":"2020-11-29T16:00:00.000","agency":"MTA","type":"Non-local access","supervisor_district":"8","data_as_of":"2020-11-30T15:25:20.000","data_loaded_at":"2024-01-18T15:33:32.817"}},
{"type":"Feature","geometry":{"type":"LineString","coordinates":[[-122.429193199,37.746762928],[-122.429154542,37.746359627],[-122.429116242,37.745960041]]},"properties":{":id":"row-b96m.4syw_y4d8",":version":"rv-mesa-p3kq_2tr2",":created_at":"2024-01-18T23:33:38.148Z",":updated_at":"2024-01-18T23:33:38.148Z","objectid":"692","classcode":"5","cnn":"11535000","f_node_cnn":"21920000","f_st":"27TH ST","nhood":"Noe Valley","oneway":"B","st_type":"ST","streetname":"SANCHEZ ST","t_st":"DUNCAN ST","zip_code":"94131","slw_st":"1","length":"0.05553317","extents":"23rd St to 30th St","status":"Implemented","phase":"2","install_date":"2020-05-19T17:00:00.000","agency":"MTA","type":"Non-local access","supervisor_district":"8","data_as_of":"2020-10-13T16:05:18.000","data_loaded_at":"2024-01-18T15:33:32.817"}},
{"type":"Feature","geometry":{"type":"LineString","coordinates":[[-122.408051888,37.727799712],[-122.407556405,37.726599246]]},"properties":{":id":"row-fw5w~wt43-wb8g",":version":"rv-u6vx-c5ic.d34z",":created_at":"2024-01-18T23:33:38.148Z",":updated_at":"2024-01-18T23:33:38.148Z","objectid":"744","classcode":"5","cnn":"11969000","f_node_cnn":"20892000","f_st":"BURROWS ST","nhood":"Excelsior","oneway":"B","st_type":"ST","streetname":"SOMERSET ST","t_st":"BACON ST","zip_code":"94134","slw_st":"1","length":"0.08712814","extents":"Silver to Woolsey","status":"Implemented","phase":"2","install_date":"2020-06-01T17:00:00.000","agency":"MTA","type":"Non-local access","supervisor_district":"9","data_as_of":"2020-10-13T16:05:18.000","data_loaded_at":"2024-01-18T15:33:32.817"}},
{"type":"Feature","geometry":{"type":"LineString","coordinates":[[-122.445807538,37.717080229],[-122.446944516,37.716186891]]},"properties":{":id":"row-pwk2-ea75-6qtn",":version":"rv-6rer~si8t~b3az",":created_at":"2024-01-18T23:33:38.148Z",":updated_at":"2024-01-18T23:33:38.148Z","objectid":"1763","classcode":"5","cnn":"3845000","f_node_cnn":"22091000","f_st":"MOUNT VERNON AVE","nhood":"Outer Mission","oneway":"B","st_type":"AVE","streetname":"CAYUGA AVE","t_st":"OTTAWA AVE","zip_code":"94112","slw_st":"1","length":"0.08761294","extents":"Naglee to Rousseau","status":"Implemented","phase":"3","install_date":"2023-07-31T17:00:00.000","agency":"MTA","type":"Non-local access","supervisor_district":"11","data_as_of":"2023-09-20T15:06:06.000","data_loaded_at":"2024-01-18T15:33:32.817"}},
{"type":"Feature","geometry":{"type":"LineString","coordinates":[[-122.449405635,37.714251052],[-122.449823254,37.71392255]]},"properties":{":id":"row-2ex7.ym3j~6mu7",":version":"rv-335r~csfw_gc52",":created_at":"2024-01-18T23:33:38.148Z",":updated_at":"2024-01-18T23:33:38.148Z","objectid":"1761","classcode":"0","cnn":"3850000","f_node_cnn":"0","f_st":"NAGLEE AVE","nhood":"Outer Mission","oneway":null,"st_type":null,"streetname":"CAYUGA AVE","t_st":"END: 1800-1899 BLOCK","zip_code":"94112","slw_st":"1","length":"0.03219944","extents":"Naglee to Rousseau","status":"Implemented","phase":"3","install_date":"2023-07-31T17:00:00.000","agency":"MTA","type":"Non-local access","supervisor_district":"11","data_as_of":"2023-09-20T15:06:06.000","data_loaded_at":"2024-01-18T15:33:32.817"}},
{"type":"Feature","geometry":{"type":"LineString","coordinates":[[-122.431392972,37.731009499],[-122.432220515,37.730780434]]},"properties":{":id":"row-mxwz~m8r6~rhjj",":version":"rv-dnuj.5r7u.bim6",":created_at":"2024-01-18T23:33:38.148Z",":updated_at":"2024-01-18T23:33:38.148Z","objectid":"1738","classcode":"5","cnn":"3821000","f_node_cnn":"21784000","f_st":"LYELL ST","nhood":"Outer Mission","oneway":"B","st_type":"AVE","streetname":"CAYUGA AVE","t_st":"DANTON ST","zip_code":"94112","slw_st":"1","length":"0.04800327","extents":"Naglee to Rousseau","status":"Implemented","phase":"3","install_date":"2023-07-31T17:00:00.000","agency":"MTA","type":"Non-local access","supervisor_district":"11","data_as_of":"2023-09-20T15:06:06.000","data_loaded_at":"2024-01-18T15:33:32.817"}},
{"type":"Feature","geometry":{"type":"LineString","coordinates":[[-122.445155753,37.777886507],[-122.44684647,37.777669109]]},"properties":{":id":"row-jzyy.9rh3.fbwi",":version":"rv-cecw_vykp~y7zy",":created_at":"2024-01-18T23:33:38.148Z",":updated_at":"2024-01-18T23:33:38.148Z","objectid":"461","classcode":"5","cnn":"6280000","f_node_cnn":"26384000","f_st":"CENTRAL AVE","nhood":"Western Addition","oneway":"B","st_type":"AVE","streetname":"GOLDEN GATE AVE","t_st":"MASONIC AVE","zip_code":"94118","slw_st":"1","length":"0.09375834","extents":"Masonic to Parker","status":"Implemented","phase":"2","install_date":"2020-06-09T17:00:00.000","agency":"MTA","type":"Non-local access","supervisor_district":"1, 2","data_as_of":"2023-04-20T12:00:31.000","data_loaded_at":"2024-01-18T15:33:32.817"}},
{"type":"Feature","geometry":{"type":"LineString","coordinates":[[-122.429270027,37.747564467],[-122.429193199,37.746762928]]},"properties":{":id":"row-5gna-877t_b29u",":version":"rv-y4mt-hc63_86ep",":created_at":"2024-01-18T23:33:38.148Z",":updated_at":"2024-01-18T23:33:38.148Z","objectid":"686","classcode":"5","cnn":"11534000","f_node_cnn":"21921000","f_st":"CESAR CHAVEZ ST","nhood":"Noe Valley","oneway":"B","st_type":"ST","streetname":"SANCHEZ ST","t_st":"27TH ST","zip_code":"94131","slw_st":"1","length":"0.05543994","extents":"23rd St to 30th St","status":"Implemented","phase":"2","install_date":"2020-05-19T17:00:00.000","agency":"MTA","type":"Non-local access","supervisor_district":"8","data_as_of":"2020-10-13T16:05:18.000","data_loaded_at":"2024-01-18T15:33:32.817"}},
{"type":"Feature","geometry":{"type":"LineString","coordinates":[[-122.42545718,37.755029079],[-122.426634008,37.754962268]]},"properties":{":id":"row-444y.wbrw~krpv",":version":"rv-dw8n_c648_nbya",":created_at":"2024-01-18T23:33:38.148Z",":updated_at":"2024-01-18T23:33:38.148Z","objectid":"3522","classcode":"5","cnn":"1199000","f_node_cnn":"25631000","f_st":"DOLORES ST","nhood":"Noe Valley","oneway":"B","st_type":"ST","streetname":"22ND ST","t_st":"CHATTANOOGA ST","zip_code":"94114","slw_st":"1","length":"0.06460517","extents":"Bryant to Chattanooga","status":"Planned","phase":null,"install_date":null,"agency":"MTA","type":null,"supervisor_district":"8","data_as_of":"2023-03-01T14:13:09.000","data_loaded_at":"2024-01-18T15:33:32.817"}},
{"type":"Feature","geometry":{"type":"LineString","coordinates":[[-122.416077986,37.762034002],[-122.415928746,37.760433261]]},"properties":{":id":"row-pic7-wxgv.vt6p",":version":"rv-gwbq~m5qc~d4cn",":created_at":"2024-01-18T23:33:38.148Z",":updated_at":"2024-01-18T23:33:38.148Z","objectid":"671","classcode":"5","cnn":"11836000","f_node_cnn":"24127000","f_st":"18TH ST","nhood":"The Mission","oneway":"B","st_type":"ST","streetname":"SHOTWELL ST","t_st":"19TH ST","zip_code":"94110","slw_st":"1","length":"0.1107012","extents":"14th St to Cesar Chavez","status":"Implemented","phase":"2","install_date":"2020-05-19T17:00:00.000","agency":"MTA","type":"Non-local access","supervisor_district":"9","data_as_of":"2020-10-13T16:05:18.000","data_loaded_at":"2024-01-18T15:33:32.817"}},
{"type":"Feature","geometry":{"type":"LineString","coordinates":[[-122.406946874,37.759365489],[-122.407940025,37.759305174]]},"properties":{":id":"row-gu34~rakn~ev64",":version":"rv-k9fr.e2s3~uf3n",":created_at":"2024-01-18T23:33:38.148Z",":updated_at":"2024-01-18T23:33:38.148Z","objectid":"3539","classcode":"5","cnn":"1044000","f_node_cnn":"24001000","f_st":"POTRERO AVE","nhood":"Inner Mission","oneway":"B","st_type":"ST","streetname":"20TH ST","t_st":"HAMPSHIRE ST","zip_code":"94110","slw_st":"1","length":"0.05453857","extents":"Shotwell to Potrero","status":"Implemented","phase":null,"install_date":"2023-02-28T16:00:00.000","agency":"MTA","type":null,"supervisor_district":"9, 10","data_as_of":"2023-04-20T11:12:17.000","data_loaded_at":"2024-01-18T15:33:32.817"}},
{"type":"Feature","geometry":{"type":"LineString","coordinates":[[-122.415779298,37.758830232],[-122.415626197,37.757232409]]},"properties":{":id":"row-pzf6.447c_mcy6",":version":"rv-y545-ncyu-3j78",":created_at":"2024-01-18T23:33:38.148Z",":updated_at":"2024-01-18T23:33:38.148Z","objectid":"669","classcode":"5","cnn":"11838000","f_node_cnn":"24124000","f_st":"20TH ST","nhood":"The Mission","oneway":"B","st_type":"ST","streetname":"SHOTWELL ST","t_st":"21ST ST","zip_code":"94110","slw_st":"1","length":"0.1105163","extents":"14th St to Cesar Chavez","status":"Implemented","phase":"2","install_date":"2020-05-19T17:00:00.000","agency":"MTA","type":"Non-local access","supervisor_district":"9","data_as_of":"2020-10-13T16:05:18.000","data_loaded_at":"2024-01-18T15:33:32.817"}},
{"type":"Feature","geometry":{"type":"LineString","coordinates":[[-122.434676737,37.729889314],[-122.435195772,37.729299892]]},"properties":{":id":"row-nfa4-53jq~3hau",":version":"rv-8bvm~mkvt~6cjb",":created_at":"2024-01-18T23:33:38.148Z",":updated_at":"2024-01-18T23:33:38.148Z","objectid":"1755","classcode":"5","cnn":"3826000","f_node_cnn":"21805000","f_st":"TINGLEY ST","nhood":"Outer Mission","oneway":"B","st_type":"AVE","streetname":"CAYUGA AVE","t_st":"THERESA ST","zip_code":"94112","slw_st":"1","length":"0.04960652","extents":"Naglee to Rousseau","status":"Implemented","phase":"3","install_date":"2023-07-31T17:00:00.000","agency":"MTA","type":"Non-local access","supervisor_district":"11","data_as_of":"2023-09-20T15:06:06.000","data_loaded_at":"2024-01-18T15:33:32.817"}},
{"type":"Feature","geometry":{"type":"LineString","coordinates":[[-122.486223795,37.785697129],[-122.487286365,37.785648841]]},"properties":{":id":"row-5fps-peei~849i",":version":"rv-g69d~guxd_te74",":created_at":"2024-01-18T23:33:38.148Z",":updated_at":"2024-01-18T23:33:38.148Z","objectid":"448","classcode":"5","cnn":"8035000","f_node_cnn":"27658000","f_st":"26TH AVE","nhood":"Outer Richmond","oneway":"B","st_type":"ST","streetname":"LAKE ST","t_st":"27TH AVE","zip_code":"94121","slw_st":"1","length":"0.05825536","extents":"28th Avenue to Arguello Boulevard","status":"Implemented","phase":"1","install_date":"2020-04-30T17:00:00.000","agency":"MTA","type":"Non-local access","supervisor_district":"1","data_as_of":"2021-11-23T16:11:01.000","data_loaded_at":"2024-01-18T15:33:32.817"}},
{"type":"Feature","geometry":{"type":"LineString","coordinates":[[-122.47262579,37.786314806],[-122.473255083,37.786288101]]},"properties":{":id":"row-i9r5.waji.ap98",":version":"rv-ma6k-bisv-4met",":created_at":"2024-01-18T23:33:38.148Z",":updated_at":"2024-01-18T23:33:38.148Z","objectid":"447","classcode":"5","cnn":"8022000","f_node_cnn":"27628000","f_st":"PARK PRESIDIO BLVD","nhood":"Inner Richmond","oneway":"B","st_type":"ST","streetname":"LAKE ST","t_st":"14TH AVE","zip_code":"94118","slw_st":"1","length":"0.03449345","extents":"28th Avenue to Arguello Boulevard","status":"Implemented","phase":"1","install_date":"2020-04-30T17:00:00.000","agency":"MTA","type":"Non-local access","supervisor_district":"1","data_as_of":"2021-11-23T16:11:01.000","data_loaded_at":"2024-01-18T15:33:32.817"}},
{"type":"Feature","geometry":{"type":"LineString","coordinates":[[-122.452233766,37.776976223],[-122.453188328,37.776853426]]},"properties":{":id":"row-z5xg~nuwj~bt4x",":version":"rv-zzif-fdyy-6hfr",":created_at":"2024-01-18T23:33:38.148Z",":updated_at":"2024-01-18T23:33:38.148Z","objectid":"3549","classcode":"5","cnn":"6287000","f_node_cnn":"26474000","f_st":"TEMESCAL TER","nhood":"Lone Mountain","oneway":"B","st_type":"AVE","streetname":"GOLDEN GATE AVE","t_st":"PARKER AVE","zip_code":"94118","slw_st":"1","length":"0.052936250000000004","extents":"Masonic to Parker","status":"Implemented","phase":null,"install_date":"2023-02-28T16:00:00.000","agency":"MTA","type":null,"supervisor_district":"1","data_as_of":"2023-04-20T12:07:52.000","data_loaded_at":"2024-01-18T15:33:32.817"}},
{"type":"Feature","geometry":{"type":"LineString","coordinates":[[-122.486368282,37.774338773],[-122.487433564,37.774290092]]},"properties":{":id":"row-xgwr-i692~jgy4",":version":"rv-5t9a-q48e_u9a7",":created_at":"2024-01-18T23:33:38.148Z",":updated_at":"2024-01-18T23:33:38.148Z","objectid":"1292","classcode":"5","cnn":"3494000","f_node_cnn":"27526000","f_st":"27TH AVE","nhood":"Outer Richmond","oneway":"B","st_type":"ST","streetname":"CABRILLO ST","t_st":"28TH AVE","zip_code":"94121","slw_st":"1","length":"0.058414020000000004","extents":"23rd Ave to 45th Ave","status":"Implemented","phase":"3","install_date":"2020-10-20T17:00:00.000","agency":"MTA","type":"Non-local access","supervisor_district":"1","data_as_of":"2023-04-28T14:29:50.000","data_loaded_at":"2024-01-18T15:33:32.817"}},
{"type":"Feature","geometry":{"type":"LineString","coordinates":[[-122.463617943,37.78672158],[-122.464693461,37.786670438]]},"properties":{":id":"row-gg7k.y5hf_vuyu",":version":"rv-isfp.c7wf.aku4",":created_at":"2024-01-18T23:33:38.148Z",":updated_at":"2024-01-18T23:33:38.148Z","objectid":"436","classcode":"5","cnn":"8013000","f_node_cnn":"27595000","f_st":"05TH AVE","nhood":"Inner Richmond","oneway":"B","st_type":"ST","streetname":"LAKE ST","t_st":"06TH AVE","zip_code":"94118","slw_st":"1","length":"0.05897355","extents":"28th Avenue to Arguello Boulevard","status":"Implemented","phase":"1","install_date":"2020-04-30T17:00:00.000","agency":"MTA","type":"Non-local access","supervisor_district":"1","data_as_of":"2021-11-23T16:11:01.000","data_loaded_at":"2024-01-18T15:33:32.817"}},
{"type":"Feature","geometry":{"type":"LineString","coordinates":[[-122.445535278,37.771141934],[-122.447122701,37.770934641]]},"properties":{":id":"row-fuyc_fvtj_ute5",":version":"rv-9muc.z3rw-st6f",":created_at":"2024-01-18T23:33:38.148Z",":updated_at":"2024-01-18T23:33:38.148Z","objectid":"133","classcode":"5","cnn":"10184000","f_node_cnn":"26344000","f_st":"MASONIC AVE","nhood":"Haight Ashbury","oneway":"B","st_type":"ST","streetname":"PAGE ST","t_st":"ASHBURY ST","zip_code":"94117","slw_st":"1","length":"0.08807328","extents":"Stanyan to Gough","status":"Implemented","phase":"1","install_date":"2020-04-30T17:00:00.000","agency":"MTA","type":"Non-local access","supervisor_district":"5","data_as_of":"2020-10-13T16:05:18.000","data_loaded_at":"2024-01-18T15:33:32.817"}},
{"type":"Feature","geometry":{"type":"LineString","coordinates":[[-122.448767914,37.770730884],[-122.450407506,37.770519318]]},"properties":{":id":"row-4rvk_h4qd~ju9g",":version":"rv-ry4t~xirh-efgt",":created_at":"2024-01-18T23:33:38.148Z",":updated_at":"2024-01-18T23:33:38.148Z","objectid":"187","classcode":"5","cnn":"10186000","f_node_cnn":"26415000","f_st":"CLAYTON ST","nhood":"Haight Ashbury","oneway":"B","st_type":"ST","streetname":"PAGE ST","t_st":"COLE ST","zip_code":"94117","slw_st":"1","length":"0.09093994","extents":"Stanyan to Gough","status":"Implemented","phase":"1","install_date":"2020-04-30T17:00:00.000","agency":"MTA","type":"Non-local access","supervisor_district":"5","data_as_of":"2020-10-13T16:05:18.000","data_loaded_at":"2024-01-18T15:33:32.817"}},
{"type":"Feature","geometry":{"type":"LineString","coordinates":[[-122.442187879,37.771571038],[-122.443836149,37.771358114]]},"properties":{":id":"row-cy9u~r6hk_azrp",":version":"rv-4aev_pe28.6qy4",":created_at":"2024-01-18T23:33:38.148Z",":updated_at":"2024-01-18T23:33:38.148Z","objectid":"1","classcode":"5","cnn":"10182000","f_node_cnn":"26325000","f_st":"LYON ST","nhood":"Haight Ashbury","oneway":"B","st_type":"ST","streetname":"PAGE ST","t_st":"CENTRAL AVE","zip_code":"94117","slw_st":"1","length":"0.0914229","extents":"Stanyan to Gough","status":"Implemented","phase":"1","install_date":"2020-04-30T17:00:00.000","agency":"MTA","type":"Non-local access","supervisor_district":"5","data_as_of":"2020-10-13T16:05:18.000","data_loaded_at":"2024-01-18T15:33:32.817"}},
{"type":"Feature","geometry":{"type":"LineString","coordinates":[[-122.427357436,37.773455462],[-122.428990052,37.773247801]]},"properties":{":id":"row-a5ai~hgxu_y66w",":version":"rv-rii2-33f9~sv24",":created_at":"2024-01-18T23:33:38.148Z",":updated_at":"2024-01-18T23:33:38.148Z","objectid":"101","classcode":"5","cnn":"10173000","f_node_cnn":"25903000","f_st":"BUCHANAN ST","nhood":"Western Addition","oneway":"B","st_type":"ST","streetname":"PAGE ST","t_st":"WEBSTER ST","zip_code":"94102","slw_st":"1","length":"0.09051676","extents":"Stanyan to Gough","status":"Implemented","phase":"1","install_date":"2020-04-30T17:00:00.000","agency":"MTA","type":"Non-local access","supervisor_district":"5","data_as_of":"2020-10-13T16:05:18.000","data_loaded_at":"2024-01-18T15:33:32.817"}},
{"type":"Feature","geometry":{"type":"LineString","coordinates":[[-122.398341107,37.781798768],[-122.398879207,37.782224235]]},"properties":{":id":"row-hz93-c3bj_6fga",":version":"rv-cknw-vqj8.q9cu",":created_at":"2024-01-18T23:33:38.148Z",":updated_at":"2024-01-18T23:33:38.148Z","objectid":"3848","classcode":"5","cnn":"8116000","f_node_cnn":"24579000","f_st":"HARRISON ST","nhood":"Financial District South","oneway":"B","st_type":"ST","streetname":"LAPU-LAPU ST","t_st":"RIZAL ST","zip_code":"94107","slw_st":"1","length":"0.04157657","extents":"Harrison Street to Folsom Street","status":"Implemented","phase":"4","install_date":"1899-12-29T16:00:13.000","agency":null,"type":null,"supervisor_district":"6","data_as_of":"2023-05-22T15:55:31.000","data_loaded_at":"2024-01-18T15:33:32.817"}},
{"type":"Feature","geometry":{"type":"LineString","coordinates":[[-122.451140811,37.73068111],[-122.453408561,37.730672036]]},"properties":{":id":"row-5ehu-zr5q-3eyf",":version":"rv-ya6v_565d_86jk",":created_at":"2024-01-18T23:33:38.148Z",":updated_at":"2024-01-18T23:33:38.148Z","objectid":"2591","classcode":"5","cnn":"6867000","f_node_cnn":"22244000","f_st":"GENNESSEE ST","nhood":"Sunnyside","oneway":"B","st_type":"AVE","streetname":"HEARST AVE","t_st":"RIDGEWOOD AVE","zip_code":"94112","slw_st":"1","length":"0.12421946","extents":"Ridgewood Avenue to Baden Street","status":"Implemented","phase":"4","install_date":"2021-07-26T17:00:00.000","agency":"MTA","type":"Non-local access","supervisor_district":"7","data_as_of":"2021-08-03T11:50:20.000","data_loaded_at":"2024-01-18T15:33:32.817"}},
{"type":"Feature","geometry":{"type":"LineString","coordinates":[[-122.429346499,37.748362264],[-122.429270027,37.747564467]]},"properties":{":id":"row-ktji_hb6a~mwks",":version":"rv-b6sd-wv5e_94r8",":created_at":"2024-01-18T23:33:38.148Z",":updated_at":"2024-01-18T23:33:38.148Z","objectid":"687","classcode":"5","cnn":"11533000","f_node_cnn":"21922000","f_st":"26TH ST","nhood":"Noe Valley","oneway":"B","st_type":"ST","streetname":"SANCHEZ ST","t_st":"CESAR CHAVEZ ST","zip_code":"94131","slw_st":"1","length":"0.05518113","extents":"23rd St to 30th St","status":"Implemented","phase":"2","install_date":"2020-05-19T17:00:00.000","agency":"MTA","type":"Non-local access","supervisor_district":"8","data_as_of":"2020-10-13T16:05:18.000","data_loaded_at":"2024-01-18T15:33:32.817"}},
{"type":"Feature","geometry":{"type":"LineString","coordinates":[[-122.429036672,37.745165388],[-122.428959473,37.74436324]]},"properties":{":id":"row-2rj6_j652-d6b6",":version":"rv-etsj-n3jv_phzz",":created_at":"2024-01-18T23:33:38.148Z",":updated_at":"2024-01-18T23:33:38.148Z","objectid":"681","classcode":"5","cnn":"11537000","f_node_cnn":"21913000","f_st":"28TH ST","nhood":"Noe Valley","oneway":"B","st_type":"ST","streetname":"SANCHEZ ST","t_st":"VALLEY ST","zip_code":"94131","slw_st":"1","length":"0.05548335","extents":"23rd St to 30th St","status":"Implemented","phase":"2","install_date":"2020-05-19T17:00:00.000","agency":"MTA","type":"Non-local access","supervisor_district":"8","data_as_of":"2020-10-13T16:05:18.000","data_loaded_at":"2024-01-18T15:33:32.817"}},
{"type":"Feature","geometry":{"type":"LineString","coordinates":[[-122.415014331,37.750836982],[-122.414861248,37.749237866]]},"properties":{":id":"row-k5bp_dtjn~wbwx",":version":"rv-nh39.2tce~xp6q",":created_at":"2024-01-18T23:33:38.148Z",":updated_at":"2024-01-18T23:33:38.148Z","objectid":"662","classcode":"5","cnn":"11843000","f_node_cnn":"24059000","f_st":"25TH ST","nhood":"The Mission","oneway":"B","st_type":"ST","streetname":"SHOTWELL ST","t_st":"26TH ST","zip_code":"94110","slw_st":"1","length":"0.11060507","extents":"14th St to Cesar Chavez","status":"Implemented","phase":"2","install_date":"2020-05-19T17:00:00.000","agency":"MTA","type":"Non-local access","supervisor_district":"9","data_as_of":"2020-10-13T16:05:18.000","data_loaded_at":"2024-01-18T15:33:32.817"}},
{"type":"Feature","geometry":{"type":"LineString","coordinates":[[-122.409770121,37.75919401],[-122.410758543,37.759133959]]},"properties":{":id":"row-itv9_54sr.ef9p",":version":"rv-j6p7-79uf_awg9",":created_at":"2024-01-18T23:33:38.148Z",":updated_at":"2024-01-18T23:33:38.148Z","objectid":"3542","classcode":"5","cnn":"1047000","f_node_cnn":"24008000","f_st":"BRYANT ST","nhood":"Inner Mission","oneway":"B","st_type":"ST","streetname":"20TH ST","t_st":"FLORIDA ST","zip_code":"94110","slw_st":"1","length":"0.05427913","extents":"Shotwell to Potrero","status":"Implemented","phase":null,"install_date":"2023-02-28T16:00:00.000","agency":"MTA","type":null,"supervisor_district":"9","data_as_of":"2023-04-20T11:12:17.000","data_loaded_at":"2024-01-18T15:33:32.817"}},
{"type":"Feature","geometry":{"type":"LineString","coordinates":[[-122.417658993,37.755502498],[-122.418747574,37.755436937]]},"properties":{":id":"row-c7ev-6hmp.w6av",":version":"rv-8z5b-9xu4_vyj2",":created_at":"2024-01-18T23:33:38.148Z",":updated_at":"2024-01-18T23:33:38.148Z","objectid":"3531","classcode":"5","cnn":"1190000","f_node_cnn":"24082000","f_st":"CAPP ST","nhood":"Inner Mission","oneway":"B","st_type":"ST","streetname":"22ND ST","t_st":"MISSION ST","zip_code":"94110","slw_st":"1","length":"0.05977929","extents":"Bryant to Chattanooga","status":"Planned","phase":null,"install_date":null,"agency":"MTA","type":null,"supervisor_district":"9","data_as_of":"2023-03-01T14:13:09.000","data_loaded_at":"2024-01-18T15:33:32.817"}},
{"type":"Feature","geometry":{"type":"LineString","coordinates":[[-122.407940025,37.759305174],[-122.408903725,37.759246641]]},"properties":{":id":"row-ussp-i7m9~wdqq",":version":"rv-6tju~m9tu~iiyq",":created_at":"2024-01-18T23:33:38.148Z",":updated_at":"2024-01-18T23:33:38.148Z","objectid":"3540","classcode":"5","cnn":"1045000","f_node_cnn":"24002000","f_st":"HAMPSHIRE ST","nhood":"Inner Mission","oneway":"B","st_type":"ST","streetname":"20TH ST","t_st":"YORK ST","zip_code":"94110","slw_st":"1","length":"0.05292136","extents":"Shotwell to Potrero","status":"Implemented","phase":null,"install_date":"2023-02-28T16:00:00.000","agency":"MTA","type":null,"supervisor_district":"9","data_as_of":"2023-04-20T11:12:17.000","data_loaded_at":"2024-01-18T15:33:32.817"}},
{"type":"Feature","geometry":{"type":"LineString","coordinates":[[-122.390454252,37.760424346],[-122.390210086,37.757825861]]},"properties":{":id":"row-tzm2.ampt~i7zq",":version":"rv-gusi_9yy5.3xah",":created_at":"2024-01-18T23:33:38.148Z",":updated_at":"2024-01-18T23:33:38.148Z","objectid":"1717","classcode":"5","cnn":"9056000","f_node_cnn":"23644000","f_st":"20TH ST","nhood":"Potrero Hill","oneway":"B","st_type":"ST","streetname":"MINNESOTA ST","t_st":"22ND ST","zip_code":"94107","slw_st":"1","length":"0.17970914000000002","extents":"Mariposa to 22nd St","status":"Implemented","phase":"3","install_date":"2020-10-05T17:00:00.000","agency":"MTA","type":"Non-local access","supervisor_district":"10","data_as_of":"2020-10-13T16:05:19.000","data_loaded_at":"2024-01-18T15:33:32.817"}},
{"type":"Feature","geometry":{"type":"LineString","coordinates":[[-122.447510303,37.715741874],[-122.448076448,37.715296568]]},"properties":{":id":"row-wb56~yr9e-3hm9",":version":"rv-y3vq-vp32-r8zf",":created_at":"2024-01-18T23:33:38.148Z",":updated_at":"2024-01-18T23:33:38.148Z","objectid":"1745","classcode":"5","cnn":"3847000","f_node_cnn":"21564000","f_st":"ROME ST","nhood":"Outer Mission","oneway":"B","st_type":"AVE","streetname":"CAYUGA AVE","t_st":"FOOTE AVE","zip_code":"94112","slw_st":"1","length":"0.04364939","extents":"Naglee to Rousseau","status":"Implemented","phase":"3","install_date":"2023-07-31T17:00:00.000","agency":"MTA","type":"Non-local access","supervisor_district":"11","data_as_of":"2023-09-20T15:06:06.000","data_loaded_at":"2024-01-18T15:33:32.817"}},
{"type":"Feature","geometry":{"type":"LineString","coordinates":[[-122.445246154,37.717521261],[-122.445807538,37.717080229]]},"properties":{":id":"row-yu5r_j8pg-fi4x",":version":"rv-n6hn_38x4_cbmk",":created_at":"2024-01-18T23:33:38.148Z",":updated_at":"2024-01-18T23:33:38.148Z","objectid":"1764","classcode":"5","cnn":"3844000","f_node_cnn":"22092000","f_st":"SHAWNEE AVE","nhood":"Outer Mission","oneway":"B","st_type":"AVE","streetname":"CAYUGA AVE","t_st":"MOUNT VERNON AVE","zip_code":"94112","slw_st":"1","length":"0.04325614","extents":"Naglee to Rousseau","status":"Implemented","phase":"3","install_date":"2023-07-31T17:00:00.000","agency":"MTA","type":"Non-local access","supervisor_district":"11","data_as_of":"2023-09-20T15:06:06.000","data_loaded_at":"2024-01-18T15:33:32.817"}},
{"type":"Feature","geometry":{"type":"LineString","coordinates":[[-122.444190955,37.718470082],[-122.44470621,37.717995411]]},"properties":{":id":"row-xbuv.fceq.9hfy",":version":"rv-gx26.tjrm_gcng",":created_at":"2024-01-18T23:33:38.148Z",":updated_at":"2024-01-18T23:33:38.148Z","objectid":"1748","classcode":"5","cnn":"3842000","f_node_cnn":"22090000","f_st":"SEMINOLE AVE","nhood":"Outer Mission","oneway":"B","st_type":"AVE","streetname":"CAYUGA AVE","t_st":"NIAGARA AVE","zip_code":"94112","slw_st":"1","length":"0.04322641","extents":"Naglee to Rousseau","status":"Implemented","phase":"3","install_date":"2023-07-31T17:00:00.000","agency":"MTA","type":"Non-local access","supervisor_district":"11","data_as_of":"2023-09-20T15:06:06.000","data_loaded_at":"2024-01-18T15:33:32.817"}},
{"type":"Feature","geometry":{"type":"LineString","coordinates":[[-122.443085531,37.719382879],[-122.443696073,37.718928673]]},"properties":{":id":"row-jb8x-4xce.4f7y",":version":"rv-9zjf.egyz.itzv",":created_at":"2024-01-18T23:33:38.148Z",":updated_at":"2024-01-18T23:33:38.148Z","objectid":"1756","classcode":"5","cnn":"3840000","f_node_cnn":"22089000","f_st":"NAVAJO AVE","nhood":"Outer Mission","oneway":"B","st_type":"AVE","streetname":"CAYUGA AVE","t_st":"GENEVA AVE","zip_code":"94112","slw_st":"1","length":"0.045826280000000004","extents":"Naglee to Rousseau","status":"Implemented","phase":"3","install_date":"2023-07-31T17:00:00.000","agency":"MTA","type":"Non-local access","supervisor_district":"11","data_as_of":"2023-09-20T15:06:06.000","data_loaded_at":"2024-01-18T15:33:32.817"}},
{"type":"Feature","geometry":{"type":"LineString","coordinates":[[-122.434218784,37.730227279],[-122.434472333,37.730117313],[-122.434676737,37.729889314]]},"properties":{":id":"row-e5yq-v3aj~79ga",":version":"rv-irzr-8jky.8cd5",":created_at":"2024-01-18T23:33:38.148Z",":updated_at":"2024-01-18T23:33:38.148Z","objectid":"1736","classcode":"5","cnn":"3825000","f_node_cnn":"33384000","f_st":"GORHAM ST","nhood":"Outer Mission","oneway":"B","st_type":"AVE","streetname":"CAYUGA AVE","t_st":"TINGLEY ST","zip_code":"94112","slw_st":"1","length":"0.035127610000000004","extents":"Naglee to Rousseau","status":"Implemented","phase":"3","install_date":"2023-07-31T17:00:00.000","agency":"MTA","type":"Non-local access","supervisor_district":"11","data_as_of":"2023-09-20T15:06:06.000","data_loaded_at":"2024-01-18T15:33:32.817"}},
{"type":"Feature","geometry":{"type":"LineString","coordinates":[[-122.435195772,37.729299892],[-122.43574963,37.728670911]]},"properties":{":id":"row-uwpe.fdpb_hdug",":version":"rv-sctj_q23b-yccw",":created_at":"2024-01-18T23:33:38.148Z",":updated_at":"2024-01-18T23:33:38.148Z","objectid":"1754","classcode":"5","cnn":"3827000","f_node_cnn":"21804000","f_st":"THERESA ST","nhood":"Outer Mission","oneway":"B","st_type":"AVE","streetname":"CAYUGA AVE","t_st":"COTTER ST","zip_code":"94112","slw_st":"1","length":"0.05293562","extents":"Naglee to Rousseau","status":"Implemented","phase":"3","install_date":"2023-07-31T17:00:00.000","agency":"MTA","type":"Non-local access","supervisor_district":"11","data_as_of":"2023-09-20T15:06:06.000","data_loaded_at":"2024-01-18T15:33:32.817"}},
{"type":"Feature","geometry":{"type":"LineString","coordinates":[[-122.496014994,37.773897578],[-122.497082371,37.773848713]]},"properties":{":id":"row-swp4~gidp-8nyu",":version":"rv-bai6-f6ah_hjxm",":created_at":"2024-01-18T23:33:38.148Z",":updated_at":"2024-01-18T23:33:38.148Z","objectid":"1285","classcode":"5","cnn":"3503000","f_node_cnn":"27831000","f_st":"36TH AVE","nhood":"Outer Richmond","oneway":"B","st_type":"ST","streetname":"CABRILLO ST","t_st":"37TH AVE","zip_code":"94121","slw_st":"1","length":"0.05852959","extents":"23rd Ave to 45th Ave","status":"Implemented","phase":"3","install_date":"2020-10-20T17:00:00.000","agency":"MTA","type":"Non-local access","supervisor_district":"1","data_as_of":"2023-04-28T14:29:50.000","data_loaded_at":"2024-01-18T15:33:32.817"}},
{"type":"Feature","geometry":{"type":"LineString","coordinates":[[-122.425510251,37.737753779],[-122.427155508,37.736684951]]},"properties":{":id":"row-73ah.avsm~papq",":version":"rv-ut2j-p6t6_atxj",":created_at":"2024-01-18T23:33:38.148Z",":updated_at":"2024-01-18T23:33:38.148Z","objectid":"1666","classcode":"5","cnn":"2450000","f_node_cnn":"21832000","f_st":"HIGHLAND AVE","nhood":"Glen Park","oneway":"B","st_type":"ST","streetname":"ARLINGTON ST","t_st":"MIGUEL ST","zip_code":"94131","slw_st":"1","length":"0.11642173","extents":"Roanoke to Randall","status":"Implemented","phase":"3","install_date":"2020-11-29T16:00:00.000","agency":"MTA","type":"Non-local access","supervisor_district":"8","data_as_of":"2020-11-30T15:25:20.000","data_loaded_at":"2024-01-18T15:33:32.817"}},
{"type":"Feature","geometry":{"type":"LineString","coordinates":[[-122.441400989,37.719865362],[-122.442551534,37.719620848]]},"properties":{":id":"row-6p9k.7yj3_dgeh",":version":"rv-nb9w-8jch_u7j8",":created_at":"2024-01-18T23:33:38.148Z",":updated_at":"2024-01-18T23:33:38.148Z","objectid":"1758","classcode":"5","cnn":"3838000","f_node_cnn":"22055000","f_st":"JUNIOR TER","nhood":"Outer Mission","oneway":"B","st_type":"AVE","streetname":"CAYUGA AVE","t_st":"SENECA AVE","zip_code":"94112","slw_st":"1","length":"0.06524816","extents":"Naglee to Rousseau","status":"Implemented","phase":"3","install_date":"2023-07-31T17:00:00.000","agency":"MTA","type":"Non-local access","supervisor_district":"11","data_as_of":"2023-09-20T15:06:06.000","data_loaded_at":"2024-01-18T15:33:32.817"}},
{"type":"Feature","geometry":{"type":"LineString","coordinates":[[-122.499218503,37.773750889],[-122.500285955,37.773701991]]},"properties":{":id":"row-ru2q.nveh~jj9e",":version":"rv-zvwv.t4d4-a6tq",":created_at":"2024-01-18T23:33:38.148Z",":updated_at":"2024-01-18T23:33:38.148Z","objectid":"1603","classcode":"5","cnn":"3506000","f_node_cnn":"27867000","f_st":"39TH AVE","nhood":"Outer Richmond","oneway":"B","st_type":"ST","streetname":"CABRILLO ST","t_st":"40TH AVE","zip_code":"94121","slw_st":"1","length":"0.05853394","extents":"23rd Ave to 45th Ave","status":"Implemented","phase":"3","install_date":"2020-10-20T17:00:00.000","agency":"MTA","type":"Non-local access","supervisor_district":"1","data_as_of":"2023-04-28T14:29:50.000","data_loaded_at":"2024-01-18T15:33:32.817"}},
{"type":"Feature","geometry":{"type":"LineString","coordinates":[[-122.503508219,37.773554325],[-122.504579894,37.773505194]]},"properties":{":id":"row-w5nj~yfzi-qnzu",":version":"rv-jigf.tpvg~jv3j",":created_at":"2024-01-18T23:33:38.148Z",":updated_at":"2024-01-18T23:33:38.148Z","objectid":"1608","classcode":"5","cnn":"3510000","f_node_cnn":"27882000","f_st":"43RD AVE","nhood":"Outer Richmond","oneway":"B","st_type":"ST","streetname":"CABRILLO ST","t_st":"44TH AVE","zip_code":"94121","slw_st":"1","length":"0.05876583","extents":"23rd Ave to 45th Ave","status":"Implemented","phase":"3","install_date":"2020-10-20T17:00:00.000","agency":"MTA","type":"Non-local access","supervisor_district":"1","data_as_of":"2023-04-28T14:29:50.000","data_loaded_at":"2024-01-18T15:33:32.817"}},
{"type":"Feature","geometry":{"type":"LineString","coordinates":[[-122.472185339,37.786333496],[-122.47262579,37.786314806]]},"properties":{":id":"row-e4gt.5ewp~e9qh",":version":"rv-7z52~zzmt.qe3e",":created_at":"2024-01-18T23:33:38.148Z",":updated_at":"2024-01-18T23:33:38.148Z","objectid":"456","classcode":"5","cnn":"8021000","f_node_cnn":"27627000","f_st":"FUNSTON AVE","nhood":"Inner Richmond","oneway":"B","st_type":"ST","streetname":"LAKE ST","t_st":"PARK PRESIDIO BLVD","zip_code":"94118","slw_st":"1","length":"0.02414244","extents":"28th Avenue to Arguello Boulevard","status":"Implemented","phase":"1","install_date":"2020-04-30T17:00:00.000","agency":"MTA","type":"Non-local access","supervisor_district":"1","data_as_of":"2021-11-23T16:11:01.000","data_loaded_at":"2024-01-18T15:33:32.817"}},
{"type":"Feature","geometry":{"type":"LineString","coordinates":[[-122.448683318,37.777432893],[-122.449570826,37.777318749]]},"properties":{":id":"row-erj9~si53-vvwd",":version":"rv-98hq.yqph_4nem",":created_at":"2024-01-18T23:33:38.148Z",":updated_at":"2024-01-18T23:33:38.148Z","objectid":"3552","classcode":"5","cnn":"6283000","f_node_cnn":"26455000","f_st":"TAMALPAIS TER","nhood":"Lone Mountain","oneway":"B","st_type":"AVE","streetname":"GOLDEN GATE AVE","t_st":"ROSELYN TER","zip_code":"94118","slw_st":"1","length":"0.0492171","extents":"Masonic to Parker","status":"Implemented","phase":null,"install_date":"2023-02-28T16:00:00.000","agency":"MTA","type":null,"supervisor_district":"1","data_as_of":"2023-04-20T12:07:52.000","data_loaded_at":"2024-01-18T15:33:32.817"}},
{"type":"Feature","geometry":{"type":"LineString","coordinates":[[-122.491723389,37.774093954],[-122.492802443,37.774044593]]},"properties":{":id":"row-pa3n_au83~ea6s",":version":"rv-qike.5vcn-ibn6",":created_at":"2024-01-18T23:33:38.148Z",":updated_at":"2024-01-18T23:33:38.148Z","objectid":"1288","classcode":"5","cnn":"3499000","f_node_cnn":"27818000","f_st":"32ND AVE","nhood":"Outer Richmond","oneway":"B","st_type":"ST","streetname":"CABRILLO ST","t_st":"33RD AVE","zip_code":"94121","slw_st":"1","length":"0.05916959","extents":"23rd Ave to 45th Ave","status":"Implemented","phase":"3","install_date":"2020-10-20T17:00:00.000","agency":"MTA","type":"Non-local access","supervisor_district":"1","data_as_of":"2023-04-28T14:29:50.000","data_loaded_at":"2024-01-18T15:33:32.817"}},
{"type":"Feature","geometry":{"type":"LineString","coordinates":[[-122.482735197,37.782121759],[-122.482591529,37.780189472]]},"properties":{":id":"row-puxe_apey.94ez",":version":"rv-5ke3-jmuq.fvzr",":created_at":"2024-01-18T23:33:38.148Z",":updated_at":"2024-01-18T23:33:38.148Z","objectid":"651","classcode":"5","cnn":"1213000","f_node_cnn":"27543000","f_st":"CLEMENT ST","nhood":"Outer Richmond","oneway":"B","st_type":"AVE","streetname":"23RD AVE","t_st":"GEARY BLVD","zip_code":"94121","slw_st":"1","length":"0.13349741","extents":"Lake to Cabrillo","status":"Implemented","phase":"2","install_date":"2020-06-09T17:00:00.000","agency":"MTA","type":"Non-local access","supervisor_district":"1","data_as_of":"2020-10-13T16:05:18.000","data_loaded_at":"2024-01-18T15:33:32.817"}},
{"type":"Feature","geometry":{"type":"LineString","coordinates":[[-122.445155753,37.777886507],[-122.44684647,37.777669109]]},"properties":{":id":"row-u4wm~7c4v.6agj",":version":"rv-ma6r_jucy.rpa8",":created_at":"2024-01-18T23:33:38.148Z",":updated_at":"2024-01-18T23:33:38.148Z","objectid":"463","classcode":"5","cnn":"6280000","f_node_cnn":"26384000","f_st":null,"nhood":"Western Addition","oneway":"B","st_type":"AVE","streetname":"GOLDEN GATE AVE","t_st":null,"zip_code":"94118","slw_st":"1","length":"0.09375834","extents":"Masonic to Parker","status":"Implemented","phase":"2","install_date":"2020-06-09T17:00:00.000","agency":"MTA","type":"Non-local access","supervisor_district":"1, 2","data_as_of":"2023-04-20T12:00:31.000","data_loaded_at":"2024-01-18T15:33:32.817"}},
{"type":"Feature","geometry":{"type":"LineString","coordinates":[[-122.501362356,37.773652673],[-122.502434852,37.773603523]]},"properties":{":id":"row-39eg_iigq~u2ue",":version":"rv-sia5_xgsc-e2hm",":created_at":"2024-01-18T23:33:38.148Z",":updated_at":"2024-01-18T23:33:38.148Z","objectid":"1601","classcode":"5","cnn":"3508000","f_node_cnn":"27875000","f_st":"41ST AVE","nhood":"Outer Richmond","oneway":"B","st_type":"ST","streetname":"CABRILLO ST","t_st":"42ND AVE","zip_code":"94121","slw_st":"1","length":"0.05881069","extents":"23rd Ave to 45th Ave","status":"Implemented","phase":"3","install_date":"2020-10-20T17:00:00.000","agency":"MTA","type":"Non-local access","supervisor_district":"1","data_as_of":"2023-04-28T14:29:50.000","data_loaded_at":"2024-01-18T15:33:32.817"}},
{"type":"Feature","geometry":{"type":"LineString","coordinates":[[-122.4981493,37.773799858],[-122.499218503,37.773750889]]},"properties":{":id":"row-ivwk-5akt-s5aw",":version":"rv-yyg8_28zu_c5fv",":created_at":"2024-01-18T23:33:38.148Z",":updated_at":"2024-01-18T23:33:38.148Z","objectid":"1607","classcode":"5","cnn":"3505000","f_node_cnn":"27865000","f_st":"38TH AVE","nhood":"Outer Richmond","oneway":"B","st_type":"ST","streetname":"CABRILLO ST","t_st":"39TH AVE","zip_code":"94121","slw_st":"1","length":"0.05862988","extents":"23rd Ave to 45th Ave","status":"Implemented","phase":"3","install_date":"2020-10-20T17:00:00.000","agency":"MTA","type":"Non-local access","supervisor_district":"1","data_as_of":"2023-04-28T14:29:50.000","data_loaded_at":"2024-01-18T15:33:32.817"}},
{"type":"Feature","geometry":{"type":"LineString","coordinates":[[-122.471114604,37.786387243],[-122.472185339,37.786333496]]},"properties":{":id":"row-i2ve-293k.kbp7",":version":"rv-ci4b-xr26_ky9a",":created_at":"2024-01-18T23:33:38.148Z",":updated_at":"2024-01-18T23:33:38.148Z","objectid":"437","classcode":"5","cnn":"8020000","f_node_cnn":"27613000","f_st":"12TH AVE","nhood":"Inner Richmond","oneway":"B","st_type":"ST","streetname":"LAKE ST","t_st":"FUNSTON AVE","zip_code":"94118","slw_st":"1","length":"0.05872356","extents":"28th Avenue to Arguello Boulevard","status":"Implemented","phase":"1","install_date":"2020-04-30T17:00:00.000","agency":"MTA","type":"Non-local access","supervisor_district":"1","data_as_of":"2021-11-23T16:11:01.000","data_loaded_at":"2024-01-18T15:33:32.817"}},
{"type":"Feature","geometry":{"type":"LineString","coordinates":[[-122.457058054,37.787809344],[-122.459323509,37.787520715]]},"properties":{":id":"row-gkhq-tgtm-t3yz",":version":"rv-99h5_8k7g~qpty",":created_at":"2024-01-18T23:33:38.148Z",":updated_at":"2024-01-18T23:33:38.148Z","objectid":"1618","classcode":"5","cnn":"4126000","f_node_cnn":"27571000","f_st":"CHERRY ST","nhood":"Presidio Heights","oneway":"B","st_type":"ST","streetname":"CLAY ST","t_st":"ARGUELLO BLVD","zip_code":"94118","slw_st":"1","length":"0.12558468","extents":"Arguello to Steiner","status":"Implemented","phase":"3","install_date":"2020-10-05T17:00:00.000","agency":"MTA","type":"Non-local access","supervisor_district":"2","data_as_of":"2020-10-13T16:05:18.000","data_loaded_at":"2024-01-18T15:33:32.817"}},
{"type":"Feature","geometry":{"type":"LineString","coordinates":[[-122.448835781,37.788856512],[-122.450480246,37.788647125]]},"properties":{":id":"row-g4xd_tv6e_73s2",":version":"rv-cjc9.9rc8~fndc",":created_at":"2024-01-18T23:33:38.148Z",":updated_at":"2024-01-18T23:33:38.148Z","objectid":"1609","classcode":"5","cnn":"4121000","f_node_cnn":"26917000","f_st":"WALNUT ST","nhood":"Presidio Heights","oneway":"B","st_type":"ST","streetname":"CLAY ST","t_st":"LAUREL ST","zip_code":"94118","slw_st":"1","length":"0.09115765","extents":"Arguello to Steiner","status":"Implemented","phase":"3","install_date":"2020-10-05T17:00:00.000","agency":"MTA","type":"Non-local access","supervisor_district":"2","data_as_of":"2020-10-13T16:05:18.000","data_loaded_at":"2024-01-18T15:33:32.817"}},
{"type":"Feature","geometry":{"type":"LineString","coordinates":[[-122.442945446,37.775295529],[-122.443132454,37.776226036]]},"properties":{":id":"row-df3g-yzmh_gqtf",":version":"rv-73id~6id3~nw8u",":created_at":"2024-01-18T23:33:38.148Z",":updated_at":"2024-01-18T23:33:38.148Z","objectid":"2602","classcode":"5","cnn":"8558000","f_node_cnn":"26355000","f_st":"GROVE ST","nhood":"North Panhandle","oneway":"B","st_type":"ST","streetname":"LYON ST","t_st":"FULTON ST","zip_code":"94117","slw_st":"1","length":"0.06498636","extents":"Turk Street to Haight Street","status":"Implemented","phase":"4","install_date":"2021-07-06T17:00:00.000","agency":"MTA","type":"Non-local access","supervisor_district":"2, 5","data_as_of":"2021-07-07T16:22:50.000","data_loaded_at":"2024-01-18T15:33:32.817"}},
{"type":"Feature","geometry":{"type":"LineString","coordinates":[[-122.440213335,37.778511464],[-122.441865641,37.778299554]]},"properties":{":id":"row-p593-7hsz.xu4t",":version":"rv-wg8e-2pet.vae4",":created_at":"2024-01-18T23:33:38.148Z",":updated_at":"2024-01-18T23:33:38.148Z","objectid":"459","classcode":"5","cnn":"6277000","f_node_cnn":"26073000","f_st":"BRODERICK ST","nhood":"Western Addition","oneway":"B","st_type":"AVE","streetname":"GOLDEN GATE AVE","t_st":"BAKER ST","zip_code":"94115","slw_st":"1","length":"0.09162146","extents":"Masonic to Parker","status":"Implemented","phase":"2","install_date":"2020-06-09T17:00:00.000","agency":"MTA","type":"Non-local access","supervisor_district":"2, 5","data_as_of":"2023-04-20T12:00:31.000","data_loaded_at":"2024-01-18T15:33:32.817"}},
{"type":"Feature","geometry":{"type":"LineString","coordinates":[[-122.430629085,37.773039299],[-122.43228011,37.772829248]]},"properties":{":id":"row-umhs_dx3j.c3sg",":version":"rv-qydd_mjqs.mnqu",":created_at":"2024-01-18T23:33:38.148Z",":updated_at":"2024-01-18T23:33:38.148Z","objectid":"99","classcode":"5","cnn":"10175000","f_node_cnn":"25902000","f_st":"FILLMORE ST","nhood":"Western Addition","oneway":"B","st_type":"ST","streetname":"PAGE ST","t_st":"STEINER ST","zip_code":"94117","slw_st":"1","length":"0.09153844","extents":"Stanyan to Gough","status":"Implemented","phase":"1","install_date":"2020-04-30T17:00:00.000","agency":"MTA","type":"Non-local access","supervisor_district":"5","data_as_of":"2020-10-13T16:05:18.000","data_loaded_at":"2024-01-18T15:33:32.817"}},
{"type":"Feature","geometry":{"type":"LineString","coordinates":[[-122.443836149,37.771358114],[-122.445535278,37.771141934]]},"properties":{":id":"row-hyah.cqxz_t42r",":version":"rv-bhsu-giw2-74zn",":created_at":"2024-01-18T23:33:38.148Z",":updated_at":"2024-01-18T23:33:38.148Z","objectid":"123","classcode":"5","cnn":"10183000","f_node_cnn":"26324000","f_st":"CENTRAL AVE","nhood":"Haight Ashbury","oneway":"B","st_type":"ST","streetname":"PAGE ST","t_st":"MASONIC AVE","zip_code":"94117","slw_st":"1","length":"0.09420766","extents":"Stanyan to Gough","status":"Implemented","phase":"1","install_date":"2020-04-30T17:00:00.000","agency":"MTA","type":"Non-local access","supervisor_district":"5","data_as_of":"2020-10-13T16:05:18.000","data_loaded_at":"2024-01-18T15:33:32.817"}},
{"type":"Feature","geometry":{"type":"LineString","coordinates":[[-122.423947061,37.773889238],[-122.42570021,37.77366623]]},"properties":{":id":"row-ay5u-t4gp-tj75",":version":"rv-4yj9-gj3y.sqhd",":created_at":"2024-01-18T23:33:38.148Z",":updated_at":"2024-01-18T23:33:38.148Z","objectid":"102","classcode":"5","cnn":"10171000","f_node_cnn":"25909000","f_st":"OCTAVIA ST","nhood":"Western Addition","oneway":"B","st_type":"ST","streetname":"PAGE ST","t_st":"LAGUNA ST","zip_code":"94102","slw_st":"1","length":"0.097199080000000007","extents":"Stanyan to Gough","status":"Implemented","phase":"1","install_date":"2020-04-30T17:00:00.000","agency":"MTA","type":"Non-local access","supervisor_district":"5, 6","data_as_of":"2020-10-13T16:05:19.000","data_loaded_at":"2024-01-18T15:33:32.817"}},
{"type":"Feature","geometry":{"type":"LineString","coordinates":[[-122.400268488,37.781869655],[-122.399802202,37.781497999]]},"properties":{":id":"row-pibb_9e8e_a3jm",":version":"rv-vuph_v7cc_pu5p",":created_at":"2024-01-18T23:33:38.148Z",":updated_at":"2024-01-18T23:33:38.148Z","objectid":"3851","classcode":"5","cnn":"12374000","f_node_cnn":"24584000","f_st":"BONIFACIO ST","nhood":"Financial District South","oneway":"B","st_type":null,"streetname":"TANDANG SORA","t_st":"RIZAL ST","zip_code":"94107","slw_st":"1","length":"0.03617282","extents":"Harrison Street to Folsom Street","status":"Implemented","phase":"4","install_date":"1899-12-29T16:00:13.000","agency":null,"type":null,"supervisor_district":"6","data_as_of":"2023-05-22T15:55:31.000","data_loaded_at":"2024-01-18T15:33:32.817"}},
{"type":"Feature","geometry":{"type":"LineString","coordinates":[[-122.469653849,37.765782671],[-122.469521965,37.763895944]]},"properties":{":id":"row-fqqr~ydhp_6wmj",":version":"rv-tm5j.5w35.7eu6",":created_at":"2024-01-18T23:33:38.148Z",":updated_at":"2024-01-18T23:33:38.148Z","objectid":"2565","classcode":"5","cnn":"527000","f_node_cnn":"27175000","f_st":"LINCOLN WAY","nhood":"Inner Sunset","oneway":"B","st_type":"AVE","streetname":"12TH AVE","t_st":"IRVING ST","zip_code":"94122","slw_st":"1","length":"0.13032322","extents":"Lincoln Way to Lawton","status":"Implemented","phase":"4","install_date":"2021-07-19T17:00:00.000","agency":"MTA","type":"Non-local access","supervisor_district":"7","data_as_of":"2023-04-20T11:36:44.000","data_loaded_at":"2024-01-18T15:33:32.817"}},
{"type":"Feature","geometry":{"type":"LineString","coordinates":[[-122.429500086,37.749964502],[-122.429422762,37.749157853]]},"properties":{":id":"row-d7in-znat~j2xf",":version":"rv-ab95_jwni~f4cy",":created_at":"2024-01-18T23:33:38.148Z",":updated_at":"2024-01-18T23:33:38.148Z","objectid":"683","classcode":"5","cnn":"11531000","f_node_cnn":"25645000","f_st":"25TH ST","nhood":"Noe Valley","oneway":"B","st_type":"ST","streetname":"SANCHEZ ST","t_st":"CLIPPER ST","zip_code":"94114","slw_st":"1","length":"0.05579342","extents":"23rd St to 30th St","status":"Implemented","phase":"2","install_date":"2020-05-19T17:00:00.000","agency":"MTA","type":"Non-local access","supervisor_district":"8","data_as_of":"2020-10-13T16:05:18.000","data_loaded_at":"2024-01-18T15:33:32.817"}},
{"type":"Feature","geometry":{"type":"LineString","coordinates":[[-122.424822692,37.755074983],[-122.42545718,37.755029079]]},"properties":{":id":"row-cbpd-i5mc_wbd4",":version":"rv-9wxq~4eej.52ew",":created_at":"2024-01-18T23:33:38.148Z",":updated_at":"2024-01-18T23:33:38.148Z","objectid":"3521","classcode":"5","cnn":"1198000","f_node_cnn":"25630000","f_st":"QUANE ST","nhood":"Noe Valley","oneway":"B","st_type":"ST","streetname":"22ND ST","t_st":"DOLORES ST","zip_code":"94110","slw_st":"1","length":"0.03488715","extents":"Bryant to Chattanooga","status":"Planned","phase":null,"install_date":null,"agency":"MTA","type":null,"supervisor_district":"8","data_as_of":"2023-03-01T14:13:09.000","data_loaded_at":"2024-01-18T15:33:32.817"}},
{"type":"Feature","geometry":{"type":"LineString","coordinates":[[-122.428959473,37.74436324],[-122.428882686,37.743565342]]},"properties":{":id":"row-9rck-729j-dmre",":version":"rv-rjre~f8z9_5dqf",":created_at":"2024-01-18T23:33:38.148Z",":updated_at":"2024-01-18T23:33:38.148Z","objectid":"691","classcode":"5","cnn":"11538000","f_node_cnn":"21912000","f_st":"VALLEY ST","nhood":"Noe Valley","oneway":"B","st_type":"ST","streetname":"SANCHEZ ST","t_st":"29TH ST","zip_code":"94131","slw_st":"1","length":"0.05518937","extents":"23rd St to 30th St","status":"Implemented","phase":"2","install_date":"2020-05-19T17:00:00.000","agency":"MTA","type":"Non-local access","supervisor_district":"8","data_as_of":"2020-10-13T16:05:18.000","data_loaded_at":"2024-01-18T15:33:32.817"}},
{"type":"Feature","geometry":{"type":"LineString","coordinates":[[-122.412197892,37.755832511],[-122.41329405,37.755765915]]},"properties":{":id":"row-zxjv_nt95~ux3t",":version":"rv-ksh9.wfe2_fd67",":created_at":"2024-01-18T23:33:38.148Z",":updated_at":"2024-01-18T23:33:38.148Z","objectid":"3526","classcode":"5","cnn":"1185000","f_node_cnn":"23994000","f_st":"HARRISON ST","nhood":"Inner Mission","oneway":"B","st_type":"ST","streetname":"22ND ST","t_st":"TREAT AVE","zip_code":"94110","slw_st":"1","length":"0.06019815","extents":"Bryant to Chattanooga","status":"Planned","phase":null,"install_date":null,"agency":"MTA","type":null,"supervisor_district":"9","data_as_of":"2023-03-01T14:13:09.000","data_loaded_at":"2024-01-18T15:33:32.817"}},
{"type":"Feature","geometry":{"type":"LineString","coordinates":[[-122.390573367,37.761652312],[-122.390454252,37.760424346]]},"properties":{":id":"row-kesf~v85n-rtpt",":version":"rv-zkgv.jfhk.7q5u",":created_at":"2024-01-18T23:33:38.148Z",":updated_at":"2024-01-18T23:33:38.148Z","objectid":"1716","classcode":"5","cnn":"9055000","f_node_cnn":"23645000","f_st":"19TH ST","nhood":"Potrero Hill","oneway":"B","st_type":"ST","streetname":"MINNESOTA ST","t_st":"20TH ST","zip_code":"94107","slw_st":"1","length":"0.08494059","extents":"Mariposa to 22nd St","status":"Implemented","phase":"3","install_date":"2020-10-05T17:00:00.000","agency":"MTA","type":"Non-local access","supervisor_district":"10","data_as_of":"2020-10-13T16:05:18.000","data_loaded_at":"2024-01-18T15:33:32.817"}},
{"type":"Feature","geometry":{"type":"LineString","coordinates":[[-122.442015664,37.730721768],[-122.444298409,37.730708221]]},"properties":{":id":"row-snqy~dn3d.mmcs",":version":"rv-9j5f.gq8x_4bnv",":created_at":"2024-01-18T23:33:38.148Z",":updated_at":"2024-01-18T23:33:38.148Z","objectid":"2590","classcode":"5","cnn":"6863000","f_node_cnn":"22139000","f_st":"CONGO ST","nhood":"Sunnyside","oneway":"B","st_type":"AVE","streetname":"HEARST AVE","t_st":"DETROIT ST","zip_code":"94131","slw_st":"1","length":"0.12504267","extents":"Ridgewood Avenue to Baden Street","status":"Implemented","phase":"4","install_date":"2021-07-26T17:00:00.000","agency":"MTA","type":"Non-local access","supervisor_district":"7","data_as_of":"2021-08-03T11:50:20.000","data_loaded_at":"2024-01-18T15:33:32.817"}},
{"type":"Feature","geometry":{"type":"LineString","coordinates":[[-122.423757188,37.75513652],[-122.424289762,37.755105763]]},"properties":{":id":"row-5dzq_m5qk_wn35",":version":"rv-ywa8-kbz9-6mfx",":created_at":"2024-01-18T23:33:38.148Z",":updated_at":"2024-01-18T23:33:38.148Z","objectid":"3537","classcode":"5","cnn":"1196000","f_node_cnn":"25624000","f_st":"AMES ST","nhood":"Noe Valley","oneway":"B","st_type":"ST","streetname":"22ND ST","t_st":"FAIR OAKS ST","zip_code":"94110","slw_st":"1","length":"0.02923964","extents":"Bryant to Chattanooga","status":"Planned","phase":null,"install_date":null,"agency":"MTA","type":null,"supervisor_district":"8","data_as_of":"2023-03-01T14:13:09.000","data_loaded_at":"2024-01-18T15:33:32.817"}},
{"type":"Feature","geometry":{"type":"LineString","coordinates":[[-122.423181,37.755169794],[-122.423757188,37.75513652]]},"properties":{":id":"row-jumy_cg86_tte5",":version":"rv-7qhg~ycqb_5jxy",":created_at":"2024-01-18T23:33:38.148Z",":updated_at":"2024-01-18T23:33:38.148Z","objectid":"3536","classcode":"5","cnn":"1195000","f_node_cnn":"25623000","f_st":"GUERRERO ST","nhood":"Noe Valley","oneway":"B","st_type":"ST","streetname":"22ND ST","t_st":"AMES ST","zip_code":"94110","slw_st":"1","length":"0.03163413","extents":"Bryant to Chattanooga","status":"Planned","phase":null,"install_date":null,"agency":"MTA","type":null,"supervisor_district":"8","data_as_of":"2023-03-01T14:13:09.000","data_loaded_at":"2024-01-18T15:33:32.817"}},
{"type":"Feature","geometry":{"type":"LineString","coordinates":[[-122.433408259,37.767461583],[-122.433331905,37.76666203]]},"properties":{":id":"row-p2u6-yp7v.cutj",":version":"rv-b2pq_qty8_tuu7",":created_at":"2024-01-18T23:33:38.148Z",":updated_at":"2024-01-18T23:33:38.148Z","objectid":"1658","classcode":"5","cnn":"9608000","f_node_cnn":"25982000","f_st":"14TH ST","nhood":"Castro/Upper Market","oneway":"B","st_type":"ST","streetname":"NOE ST","t_st":"HENRY ST","zip_code":"94114","slw_st":"1","length":"0.05530149","extents":"Duboce to 18th St","status":"Implemented","phase":"3","install_date":"2020-09-29T17:00:00.000","agency":"MTA","type":"Non-local access","supervisor_district":"8","data_as_of":"2020-10-13T16:05:18.000","data_loaded_at":"2024-01-18T15:33:32.817"}},
{"type":"Feature","geometry":{"type":"LineString","coordinates":[[-122.433331905,37.76666203],[-122.433255472,37.765861628]]},"properties":{":id":"row-fy8e.73st~7kgg",":version":"rv-b62v.gh46~d9cg",":created_at":"2024-01-18T23:33:38.148Z",":updated_at":"2024-01-18T23:33:38.148Z","objectid":"1654","classcode":"5","cnn":"9609000","f_node_cnn":"25981000","f_st":"HENRY ST","nhood":"Castro/Upper Market","oneway":"B","st_type":"ST","streetname":"NOE ST","t_st":"15TH ST","zip_code":"94114","slw_st":"1","length":"0.0553602","extents":"Duboce to 18th St","status":"Implemented","phase":"3","install_date":"2020-09-29T17:00:00.000","agency":"MTA","type":"Non-local access","supervisor_district":"8","data_as_of":"2020-10-13T16:05:18.000","data_loaded_at":"2024-01-18T15:33:32.817"}},
{"type":"Feature","geometry":{"type":"LineString","coordinates":[[-122.433255472,37.765861628],[-122.433178635,37.765060652]]},"properties":{":id":"row-6kin.67dj_z4ci",":version":"rv-jxik~2k22.7bps",":created_at":"2024-01-18T23:33:38.148Z",":updated_at":"2024-01-18T23:33:38.148Z","objectid":"1659","classcode":"5","cnn":"9610000","f_node_cnn":"25810000","f_st":"15TH ST","nhood":"Castro/Upper Market","oneway":"B","st_type":"ST","streetname":"NOE ST","t_st":"BEAVER ST","zip_code":"94114","slw_st":"1","length":"0.05540135","extents":"Duboce to 18th St","status":"Implemented","phase":"3","install_date":"2020-09-29T17:00:00.000","agency":"MTA","type":"Non-local access","supervisor_district":"8","data_as_of":"2020-10-13T16:05:18.000","data_loaded_at":"2024-01-18T15:33:32.817"}},
{"type":"Feature","geometry":{"type":"LineString","coordinates":[[-122.416707369,37.768471369],[-122.416548538,37.766871472]]},"properties":{":id":"row-q63k~zafw_96vn",":version":"rv-pzrz_354i-f4es",":created_at":"2024-01-18T23:33:38.148Z",":updated_at":"2024-01-18T23:33:38.148Z","objectid":"673","classcode":"5","cnn":"11832000","f_node_cnn":"24339000","f_st":"14TH ST","nhood":"The Mission","oneway":"B","st_type":"ST","streetname":"SHOTWELL ST","t_st":"15TH ST","zip_code":"94103","slw_st":"1","length":"0.11068323000000001","extents":"14th St to Cesar Chavez","status":"Implemented","phase":"2","install_date":"2020-05-19T17:00:00.000","agency":"MTA","type":"Non-local access","supervisor_district":"9","data_as_of":"2020-10-13T16:05:18.000","data_loaded_at":"2024-01-18T15:33:32.817"}},
{"type":"Feature","geometry":{"type":"LineString","coordinates":[[-122.418747574,37.755436937],[-122.419857943,37.75536573]]},"properties":{":id":"row-8qh4-vqny.bs4j",":version":"rv-uhgt_8uep_pxd5",":created_at":"2024-01-18T23:33:38.148Z",":updated_at":"2024-01-18T23:33:38.148Z","objectid":"3532","classcode":"5","cnn":"1191000","f_node_cnn":"24111000","f_st":"MISSION ST","nhood":"Inner Mission","oneway":"B","st_type":"ST","streetname":"22ND ST","t_st":"BARTLETT ST","zip_code":"94110","slw_st":"1","length":"0.06099917","extents":"Bryant to Chattanooga","status":"Planned","phase":null,"install_date":null,"agency":"MTA","type":null,"supervisor_district":"9","data_as_of":"2023-03-01T14:13:09.000","data_loaded_at":"2024-01-18T15:33:32.817"}},
{"type":"Feature","geometry":{"type":"LineString","coordinates":[[-122.440472919,37.720933816],[-122.440701316,37.720567746],[-122.440947061,37.720184353]]},"properties":{":id":"row-psi3.nm36-tf2i",":version":"rv-x7gk-x8e4_gjd7",":created_at":"2024-01-18T23:33:38.148Z",":updated_at":"2024-01-18T23:33:38.148Z","objectid":"1750","classcode":"5","cnn":"3836000","f_node_cnn":"22057000","f_st":"ONEIDA AVE","nhood":"Outer Mission","oneway":"B","st_type":"AVE","streetname":"CAYUGA AVE","t_st":"SUNBEAM LN","zip_code":"94112","slw_st":"1","length":"0.05784876","extents":"Naglee to Rousseau","status":"Implemented","phase":"3","install_date":"2023-07-31T17:00:00.000","agency":"MTA","type":"Non-local access","supervisor_district":"11","data_as_of":"2023-09-20T15:06:06.000","data_loaded_at":"2024-01-18T15:33:32.817"}},
{"type":"Feature","geometry":{"type":"LineString","coordinates":[[-122.494938693,37.773946842],[-122.496014994,37.773897578]]},"properties":{":id":"row-jjzz-twwp_26ay",":version":"rv-smid_7fe5.n6xh",":created_at":"2024-01-18T23:33:38.148Z",":updated_at":"2024-01-18T23:33:38.148Z","objectid":"1295","classcode":"5","cnn":"3502000","f_node_cnn":"27829000","f_st":"35TH AVE","nhood":"Outer Richmond","oneway":"B","st_type":"ST","streetname":"CABRILLO ST","t_st":"36TH AVE","zip_code":"94121","slw_st":"1","length":"0.05901886","extents":"23rd Ave to 45th Ave","status":"Implemented","phase":"3","install_date":"2020-10-20T17:00:00.000","agency":"MTA","type":"Non-local access","supervisor_district":"1","data_as_of":"2023-04-28T14:29:50.000","data_loaded_at":"2024-01-18T15:33:32.817"}},
{"type":"Feature","geometry":{"type":"LineString","coordinates":[[-122.470043747,37.786437146],[-122.471114604,37.786387243]]},"properties":{":id":"row-iaxs.jxyw.rasj",":version":"rv-4e8i.5hru-3nqd",":created_at":"2024-01-18T23:33:38.148Z",":updated_at":"2024-01-18T23:33:38.148Z","objectid":"457","classcode":"5","cnn":"8019000","f_node_cnn":"27612000","f_st":"11TH AVE","nhood":"Inner Richmond","oneway":"B","st_type":"ST","streetname":"LAKE ST","t_st":"12TH AVE","zip_code":"94118","slw_st":"1","length":"0.058714050000000004","extents":"28th Avenue to Arguello Boulevard","status":"Implemented","phase":"1","install_date":"2020-04-30T17:00:00.000","agency":"MTA","type":"Non-local access","supervisor_district":"1","data_as_of":"2021-11-23T16:11:01.000","data_loaded_at":"2024-01-18T15:33:32.817"}},
{"type":"Feature","geometry":{"type":"LineString","coordinates":[[-122.4808601,37.785933963],[-122.481929204,37.785884439]]},"properties":{":id":"row-k9ia-f46v.c8na",":version":"rv-wdfw.3wme-yicf",":created_at":"2024-01-18T23:33:38.148Z",":updated_at":"2024-01-18T23:33:38.148Z","objectid":"444","classcode":"5","cnn":"8030000","f_node_cnn":"27645000","f_st":"21ST AVE","nhood":"Outer Richmond","oneway":"B","st_type":"ST","streetname":"LAKE ST","t_st":"22ND AVE","zip_code":"94121","slw_st":"1","length":"0.05861713","extents":"28th Avenue to Arguello Boulevard","status":"Implemented","phase":"1","install_date":"2020-04-30T17:00:00.000","agency":"MTA","type":"Non-local access","supervisor_district":"1","data_as_of":"2021-11-23T16:11:01.000","data_loaded_at":"2024-01-18T15:33:32.817"}},
{"type":"Feature","geometry":{"type":"LineString","coordinates":[[-122.476575148,37.786128282],[-122.477644057,37.786079795]]},"properties":{":id":"row-6vri.zfu6~m2ij",":version":"rv-kubq_ctpj.sn9y",":created_at":"2024-01-18T23:33:38.148Z",":updated_at":"2024-01-18T23:33:38.148Z","objectid":"443","classcode":"5","cnn":"8026000","f_node_cnn":"27633000","f_st":"17TH AVE","nhood":"Inner Richmond","oneway":"B","st_type":"ST","streetname":"LAKE ST","t_st":"18TH AVE","zip_code":"94121","slw_st":"1","length":"0.0586022","extents":"28th Avenue to Arguello Boulevard","status":"Implemented","phase":"1","install_date":"2020-04-30T17:00:00.000","agency":"MTA","type":"Non-local access","supervisor_district":"1","data_as_of":"2021-11-23T16:11:01.000","data_loaded_at":"2024-01-18T15:33:32.817"}},
{"type":"Feature","geometry":{"type":"LineString","coordinates":[[-122.48245296,37.778262885],[-122.482318449,37.776399887]]},"properties":{":id":"row-kjsy_hvam~yynt",":version":"rv-b3ta~q6zc.zfpv",":created_at":"2024-01-18T23:33:38.148Z",":updated_at":"2024-01-18T23:33:38.148Z","objectid":"649","classcode":"5","cnn":"1215000","f_node_cnn":"27535000","f_st":"ANZA ST","nhood":"Outer Richmond","oneway":"B","st_type":"AVE","streetname":"23RD AVE","t_st":"BALBOA ST","zip_code":"94121","slw_st":"1","length":"0.12869759","extents":"Lake to Cabrillo","status":"Implemented","phase":"2","install_date":"2020-06-09T17:00:00.000","agency":"MTA","type":"Non-local access","supervisor_district":"1","data_as_of":"2020-10-13T16:05:19.000","data_loaded_at":"2024-01-18T15:33:32.817"}},
{"type":"Feature","geometry":{"type":"LineString","coordinates":[[-122.483254696,37.774485588],[-122.48432594,37.774436663]]},"properties":{":id":"row-znh4~m6aj~agiq",":version":"rv-vyhx~796u_3amp",":created_at":"2024-01-18T23:33:38.148Z",":updated_at":"2024-01-18T23:33:38.148Z","objectid":"3844","classcode":"5","cnn":"3491000","f_node_cnn":"27516000","f_st":"24TH AVE","nhood":"Central Richmond","oneway":"B","st_type":"ST","streetname":"CABRILLO ST","t_st":"25TH AVE","zip_code":"94121","slw_st":"1","length":"0.05874071","extents":"23rd Ave to 45th Ave","status":"Implemented","phase":"3","install_date":"2023-12-05T16:00:00.000","agency":"MTA","type":null,"supervisor_district":"1","data_as_of":"2023-04-28T14:33:11.000","data_loaded_at":"2024-01-18T15:33:32.817"}},
{"type":"Feature","geometry":{"type":"LineString","coordinates":[[-122.484225574,37.774436663],[-122.485296901,37.774387725]]},"properties":{":id":"row-v82a-46jr~3pti",":version":"rv-izhq_wmwf~ey25",":created_at":"2024-01-18T23:33:38.148Z",":updated_at":"2024-01-18T23:33:38.148Z","objectid":"1294","classcode":"5","cnn":"3492000","f_node_cnn":"27520000","f_st":"25TH AVE","nhood":"Outer Richmond","oneway":"B","st_type":"ST","streetname":"CABRILLO ST","t_st":"26TH AVE","zip_code":"94121","slw_st":"1","length":"0.05874533","extents":"23rd Ave to 45th Ave","status":"Implemented","phase":"3","install_date":"2020-10-20T17:00:00.000","agency":"MTA","type":"Non-local access","supervisor_district":"1","data_as_of":"2023-04-28T14:29:50.000","data_loaded_at":"2024-01-18T15:33:32.817"}},
{"type":"Feature","geometry":{"type":"LineString","coordinates":[[-122.483004748,37.785834606],[-122.484079805,37.78579453]]},"properties":{":id":"row-i9qk~entj~qw7n",":version":"rv-amgj-vgbq-kfur",":created_at":"2024-01-18T23:33:38.148Z",":updated_at":"2024-01-18T23:33:38.148Z","objectid":"453","classcode":"5","cnn":"8032000","f_node_cnn":"27649000","f_st":"23RD AVE","nhood":"Outer Richmond","oneway":"B","st_type":"ST","streetname":"LAKE ST","t_st":"24TH AVE","zip_code":"94121","slw_st":"1","length":"0.05890833","extents":"28th Avenue to Arguello Boulevard","status":"Implemented","phase":"1","install_date":"2020-04-30T17:00:00.000","agency":"MTA","type":"Non-local access","supervisor_district":"1","data_as_of":"2021-11-23T16:11:01.000","data_loaded_at":"2024-01-18T15:33:32.817"}},
{"type":"Feature","geometry":{"type":"LineString","coordinates":[[-122.440213335,37.778511464],[-122.441865641,37.778299554]]},"properties":{":id":"row-ave7_anf6_6zp8",":version":"rv-cqrv_zkuv.qn3s",":created_at":"2024-01-18T23:33:38.148Z",":updated_at":"2024-01-18T23:33:38.148Z","objectid":"462","classcode":"5","cnn":"6277000","f_node_cnn":"26073000","f_st":null,"nhood":"Western Addition","oneway":"B","st_type":"AVE","streetname":"GOLDEN GATE AVE","t_st":null,"zip_code":"94115","slw_st":"1","length":"0.09162146","extents":"Masonic to Parker","status":"Implemented","phase":"2","install_date":"2020-06-09T17:00:00.000","agency":"MTA","type":"Non-local access","supervisor_district":"2, 5","data_as_of":"2023-04-20T12:00:31.000","data_loaded_at":"2024-01-18T15:33:32.817"}},
{"type":"Feature","geometry":{"type":"LineString","coordinates":[[-122.443321055,37.777164445],[-122.44350692,37.778089213]]},"properties":{":id":"row-mfik~z338-7qa5",":version":"rv-mejz~5ifp~uwxg",":created_at":"2024-01-18T23:33:38.148Z",":updated_at":"2024-01-18T23:33:38.148Z","objectid":"2599","classcode":"5","cnn":"8560000","f_node_cnn":"26374000","f_st":"MCALLISTER ST","nhood":"North Panhandle","oneway":"B","st_type":"ST","streetname":"LYON ST","t_st":"GOLDEN GATE AVE","zip_code":"94115","slw_st":"1","length":"0.06458562","extents":"Turk Street to Haight Street","status":"Implemented","phase":"4","install_date":"2021-07-06T17:00:00.000","agency":"MTA","type":"Non-local access","supervisor_district":"2","data_as_of":"2021-07-07T16:22:50.000","data_loaded_at":"2024-01-18T15:33:32.817"}},
{"type":"Feature","geometry":{"type":"LineString","coordinates":[[-122.43584896,37.790501799],[-122.43749516,37.790292349]]},"properties":{":id":"row-xmzq_hcsm_xd6j",":version":"rv-35in_rava-kbrj",":created_at":"2024-01-18T23:33:38.148Z",":updated_at":"2024-01-18T23:33:38.148Z","objectid":"1616","classcode":"5","cnn":"4113000","f_node_cnn":"26636000","f_st":"STEINER ST","nhood":"Pacific Heights","oneway":"B","st_type":"ST","streetname":"CLAY ST","t_st":"PIERCE ST","zip_code":"94115","slw_st":"1","length":"0.091250140000000007","extents":"Arguello to Steiner","status":"Implemented","phase":"3","install_date":"2020-10-05T17:00:00.000","agency":"MTA","type":"Non-local access","supervisor_district":"2","data_as_of":"2020-10-13T16:05:18.000","data_loaded_at":"2024-01-18T15:33:32.817"}},
{"type":"Feature","geometry":{"type":"LineString","coordinates":[[-122.452126437,37.788437494],[-122.453768965,37.788228306]]},"properties":{":id":"row-h3hj_4k3z~usq8",":version":"rv-q4bb~78ag-6jyi",":created_at":"2024-01-18T23:33:38.148Z",":updated_at":"2024-01-18T23:33:38.148Z","objectid":"1621","classcode":"5","cnn":"4123000","f_node_cnn":"26940000","f_st":"LOCUST ST","nhood":"Presidio Heights","oneway":"B","st_type":"ST","streetname":"CLAY ST","t_st":"SPRUCE ST","zip_code":"94118","slw_st":"1","length":"0.0910513","extents":"Arguello to Steiner","status":"Implemented","phase":"3","install_date":"2020-10-05T17:00:00.000","agency":"MTA","type":"Non-local access","supervisor_district":"2","data_as_of":"2020-10-13T16:05:18.000","data_loaded_at":"2024-01-18T15:33:32.817"}},
{"type":"Feature","geometry":{"type":"LineString","coordinates":[[-122.441865641,37.778299554],[-122.44350692,37.778089213]]},"properties":{":id":"row-qaug~mref.h4ac",":version":"rv-54r8.v49d-unem",":created_at":"2024-01-18T23:33:38.148Z",":updated_at":"2024-01-18T23:33:38.148Z","objectid":"646","classcode":"5","cnn":"6278000","f_node_cnn":"26359000","f_st":null,"nhood":"Western Addition","oneway":"B","st_type":"AVE","streetname":"GOLDEN GATE AVE","t_st":null,"zip_code":"94115","slw_st":"1","length":"0.09100856","extents":"Masonic to Parker","status":"Implemented","phase":"2","install_date":"2020-06-09T17:00:00.000","agency":"MTA","type":"Non-local access","supervisor_district":"2, 5","data_as_of":"2023-04-20T12:00:31.000","data_loaded_at":"2024-01-18T15:33:32.817"}},
{"type":"Feature","geometry":{"type":"LineString","coordinates":[[-122.441997762,37.770637636],[-122.442187879,37.771571038]]},"properties":{":id":"row-uapv.z47z_24rh",":version":"rv-ecb4_sus2~38jm",":created_at":"2024-01-18T23:33:38.148Z",":updated_at":"2024-01-18T23:33:38.148Z","objectid":"2605","classcode":"5","cnn":"8554000","f_node_cnn":"26323000","f_st":"HAIGHT ST","nhood":"Haight Ashbury","oneway":"B","st_type":"ST","streetname":"LYON ST","t_st":"PAGE ST","zip_code":"94117","slw_st":"1","length":"0.06521053","extents":"Turk Street to Haight Street","status":"Implemented","phase":"4","install_date":"2021-07-06T17:00:00.000","agency":"MTA","type":"Non-local access","supervisor_district":"5, 8","data_as_of":"2021-07-07T16:22:50.000","data_loaded_at":"2024-01-18T15:33:32.817"}},
{"type":"Feature","geometry":{"type":"LineString","coordinates":[[-122.400374367,37.782644516],[-122.39983345,37.782213379]]},"properties":{":id":"row-szf3_ghx3.856s",":version":"rv-79te~dhfv_3szv",":created_at":"2024-01-18T23:33:38.148Z",":updated_at":"2024-01-18T23:33:38.148Z","objectid":"3849","classcode":"5","cnn":"8588000","f_node_cnn":"24586000","f_st":"FOLSOM ST","nhood":"Financial District South","oneway":"B","st_type":"ST","streetname":"MABINI ST","t_st":"BONIFACIO ST","zip_code":"94107","slw_st":"1","length":"0.04196202","extents":"Harrison Street to Folsom Street","status":"Implemented","phase":"4","install_date":"1899-12-29T16:00:13.000","agency":null,"type":null,"supervisor_district":"6","data_as_of":"2023-05-22T15:55:31.000","data_loaded_at":"2024-01-18T15:33:32.817"}},
{"type":"Feature","geometry":{"type":"LineString","coordinates":[[-122.428882686,37.743565342],[-122.428805595,37.742764288]]},"properties":{":id":"row-qyx3-z3gc_39kr",":version":"rv-6exm.ukpe-dwa8",":created_at":"2024-01-18T23:33:38.148Z",":updated_at":"2024-01-18T23:33:38.148Z","objectid":"680","classcode":"5","cnn":"11539000","f_node_cnn":"21910000","f_st":"29TH ST","nhood":"Noe Valley","oneway":"B","st_type":"ST","streetname":"SANCHEZ ST","t_st":"DAY ST","zip_code":"94131","slw_st":"1","length":"0.055407660000000004","extents":"23rd St to 30th St","status":"Implemented","phase":"2","install_date":"2020-05-19T17:00:00.000","agency":"MTA","type":"Non-local access","supervisor_district":"8","data_as_of":"2020-10-13T16:05:18.000","data_loaded_at":"2024-01-18T15:33:32.817"}},
{"type":"Feature","geometry":{"type":"LineString","coordinates":[[-122.42965871,37.751570854],[-122.429576536,37.750762019]]},"properties":{":id":"row-7hi6.45nh-6sa3",":version":"rv-exmv-4u9a-t4m4",":created_at":"2024-01-18T23:33:38.148Z",":updated_at":"2024-01-18T23:33:38.148Z","objectid":"693","classcode":"5","cnn":"11529000","f_node_cnn":"25649000","f_st":"24TH ST","nhood":"Noe Valley","oneway":"B","st_type":"ST","streetname":"SANCHEZ ST","t_st":"JERSEY ST","zip_code":"94114","slw_st":"1","length":"0.055964480000000004","extents":"23rd St to 30th St","status":"Implemented","phase":"2","install_date":"2020-05-19T17:00:00.000","agency":"MTA","type":"Non-local access","supervisor_district":"8","data_as_of":"2020-10-13T16:05:18.000","data_loaded_at":"2024-01-18T15:33:32.817"}},
{"type":"Feature","geometry":{"type":"LineString","coordinates":[[-122.429576536,37.750762019],[-122.429500086,37.749964502]]},"properties":{":id":"row-weij_gddu_8ftg",":version":"rv-ixfi~pmut_2j4r",":created_at":"2024-01-18T23:33:38.148Z",":updated_at":"2024-01-18T23:33:38.148Z","objectid":"685","classcode":"5","cnn":"11530000","f_node_cnn":"25648000","f_st":"JERSEY ST","nhood":"Noe Valley","oneway":"B","st_type":"ST","streetname":"SANCHEZ ST","t_st":"25TH ST","zip_code":"94114","slw_st":"1","length":"0.05516179","extents":"23rd St to 30th St","status":"Implemented","phase":"2","install_date":"2020-05-19T17:00:00.000","agency":"MTA","type":"Non-local access","supervisor_district":"8","data_as_of":"2020-10-13T16:05:18.000","data_loaded_at":"2024-01-18T15:33:32.817"}},
{"type":"Feature","geometry":{"type":"LineString","coordinates":[[-122.413599748,37.758961798],[-122.414690031,37.758895989]]},"properties":{":id":"row-hy85.3c4h~2p6q",":version":"rv-q7zi~j2ke-s8zj",":created_at":"2024-01-18T23:33:38.148Z",":updated_at":"2024-01-18T23:33:38.148Z","objectid":"3546","classcode":"5","cnn":"1051000","f_node_cnn":"24036000","f_st":"TREAT AVE","nhood":"Inner Mission","oneway":"B","st_type":"ST","streetname":"20TH ST","t_st":"FOLSOM ST","zip_code":"94110","slw_st":"1","length":"0.05987074","extents":"Shotwell to Potrero","status":"Implemented","phase":null,"install_date":"2023-02-28T16:00:00.000","agency":"MTA","type":null,"supervisor_district":"9","data_as_of":"2023-04-20T11:12:17.000","data_loaded_at":"2024-01-18T15:33:32.817"}},
{"type":"Feature","geometry":{"type":"LineString","coordinates":[[-122.390698494,37.762925747],[-122.390573367,37.761652312]]},"properties":{":id":"row-bpch_3gic~kxds",":version":"rv-trhp-mgw5~u6dv",":created_at":"2024-01-18T23:33:38.148Z",":updated_at":"2024-01-18T23:33:38.148Z","objectid":"1714","classcode":"5","cnn":"9054000","f_node_cnn":"23650000","f_st":"18TH ST","nhood":"Potrero Hill","oneway":"B","st_type":"ST","streetname":"MINNESOTA ST","t_st":"19TH ST","zip_code":"94107","slw_st":"1","length":"0.08809255","extents":"Mariposa to 22nd St","status":"Implemented","phase":"3","install_date":"2020-10-05T17:00:00.000","agency":"MTA","type":"Non-local access","supervisor_district":"10","data_as_of":"2020-10-13T16:05:18.000","data_loaded_at":"2024-01-18T15:33:32.817"}},
{"type":"Feature","geometry":{"type":"LineString","coordinates":[[-122.428952612,37.731684954],[-122.429766351,37.73145973]]},"properties":{":id":"row-6c6m-cuzc~tgu3",":version":"rv-e46n-qc6v~4hyc",":created_at":"2024-01-18T23:33:38.148Z",":updated_at":"2024-01-18T23:33:38.148Z","objectid":"1741","classcode":"5","cnn":"3818000","f_node_cnn":"52036000","f_st":"MILTON ST","nhood":"Outer Mission","oneway":"B","st_type":"AVE","streetname":"CAYUGA AVE","t_st":"ROUSSEAU ST","zip_code":"94112","slw_st":"1","length":"0.04720171","extents":"Naglee to Rousseau","status":"Implemented","phase":"3","install_date":"2023-07-31T17:00:00.000","agency":"MTA","type":"Non-local access","supervisor_district":"11","data_as_of":"2023-09-20T15:06:06.000","data_loaded_at":"2024-01-18T15:33:32.817"}},
{"type":"Feature","geometry":{"type":"LineString","coordinates":[[-122.439764643,37.722069003],[-122.440109243,37.721516702]]},"properties":{":id":"row-8df2_dx43_2t26",":version":"rv-tv7v-dwkc_x5d9",":created_at":"2024-01-18T23:33:38.148Z",":updated_at":"2024-01-18T23:33:38.148Z","objectid":"1731","classcode":"5","cnn":"3834000","f_node_cnn":"22060000","f_st":"ONONDAGA AVE","nhood":"Outer Mission","oneway":"B","st_type":"AVE","streetname":"CAYUGA AVE","t_st":"BALHI CT","zip_code":"94112","slw_st":"1","length":"0.04251203","extents":"Naglee to Rousseau","status":"Implemented","phase":"3","install_date":"2023-07-31T17:00:00.000","agency":"MTA","type":"Non-local access","supervisor_district":"11","data_as_of":"2023-09-20T15:06:06.000","data_loaded_at":"2024-01-18T15:33:32.817"}},
{"type":"Feature","geometry":{"type":"LineString","coordinates":[[-122.438684008,37.723809325],[-122.438808574,37.723601276]]},"properties":{":id":"row-e26z.4spn-6ud8",":version":"rv-pdp6-7ahk-jigb",":created_at":"2024-01-18T23:33:38.148Z",":updated_at":"2024-01-18T23:33:38.148Z","objectid":"1734","classcode":"5","cnn":"3831000","f_node_cnn":"33020000","f_st":"SANTA YNEZ AVE","nhood":"Outer Mission","oneway":"B","st_type":"AVE","streetname":"CAYUGA AVE","t_st":"OCEAN AVE","zip_code":"94112","slw_st":"1","length":"0.01588853","extents":"Naglee to Rousseau","status":"Implemented","phase":"3","install_date":"2023-07-31T17:00:00.000","agency":"MTA","type":"Non-local access","supervisor_district":"11","data_as_of":"2023-09-20T15:06:06.000","data_loaded_at":"2024-01-18T15:33:32.817"}},
{"type":"Feature","geometry":{"type":"LineString","coordinates":[[-122.428190092,37.73201309],[-122.428346809,37.731852622],[-122.428952612,37.731684954]]},"properties":{":id":"row-m9fv-uux7_qm6p",":version":"rv-gby9_u8vv_jjxc",":created_at":"2024-01-18T23:33:38.148Z",":updated_at":"2024-01-18T23:33:38.148Z","objectid":"1742","classcode":"0","cnn":"3817000","f_node_cnn":"52035000","f_st":"CUVIER ST","nhood":"Outer Mission","oneway":"B","st_type":"AVE","streetname":"CAYUGA AVE","t_st":"MILTON ST","zip_code":"94112","slw_st":"1","length":"0.04914596","extents":"Naglee to Rousseau","status":"Implemented","phase":"3","install_date":"2023-07-31T17:00:00.000","agency":"MTA","type":"Non-local access","supervisor_district":"11","data_as_of":"2023-09-20T15:06:06.000","data_loaded_at":"2024-01-18T15:33:32.817"}},
{"type":"Feature","geometry":{"type":"LineString","coordinates":[[-122.44256485,37.773424225],[-122.442754865,37.774358833]]},"properties":{":id":"row-fq6y.zq4k~nyd8",":version":"rv-6dpg-kp9i.9sdm",":created_at":"2024-01-18T23:33:38.148Z",":updated_at":"2024-01-18T23:33:38.148Z","objectid":"2604","classcode":"5","cnn":"8556000","f_node_cnn":"26354000","f_st":"FELL ST","nhood":"North Panhandle","oneway":"B","st_type":"ST","streetname":"LYON ST","t_st":"HAYES ST","zip_code":"94117","slw_st":"1","length":"0.06529172","extents":"Turk Street to Haight Street","status":"Implemented","phase":"4","install_date":"2021-07-06T17:00:00.000","agency":"MTA","type":"Non-local access","supervisor_district":"5","data_as_of":"2021-07-07T16:22:50.000","data_loaded_at":"2024-01-18T15:33:32.817"}},
{"type":"Feature","geometry":{"type":"LineString","coordinates":[[-122.400268488,37.781869655],[-122.39983345,37.782213379]]},"properties":{":id":"row-8x94_dzxc.8mni",":version":"rv-45if~p3u4_cyin",":created_at":"2024-01-18T23:33:38.148Z",":updated_at":"2024-01-18T23:33:38.148Z","objectid":"3850","classcode":"5","cnn":"3008000","f_node_cnn":"24584000","f_st":"TANDANG SORA","nhood":"Financial District South","oneway":"B","st_type":"ST","streetname":"BONIFACIO ST","t_st":"MABINI ST","zip_code":"94107","slw_st":"1","length":"0.03360109","extents":"Harrison Street to Folsom Street","status":"Implemented","phase":"4","install_date":"1899-12-29T16:00:13.000","agency":null,"type":null,"supervisor_district":"6","data_as_of":"2023-05-22T15:55:31.000","data_loaded_at":"2024-01-18T15:33:32.817"}},
{"type":"Feature","geometry":{"type":"LineString","coordinates":[[-122.440109243,37.721516702],[-122.440472919,37.720933816]]},"properties":{":id":"row-a75y.pm86-xuri",":version":"rv-ex2w.qij5~rvus",":created_at":"2024-01-18T23:33:38.148Z",":updated_at":"2024-01-18T23:33:38.148Z","objectid":"1751","classcode":"5","cnn":"3835000","f_node_cnn":"22063000","f_st":"BALHI CT","nhood":"Outer Mission","oneway":"B","st_type":"AVE","streetname":"CAYUGA AVE","t_st":"ONEIDA AVE","zip_code":"94112","slw_st":"1","length":"0.04486612","extents":"Naglee to Rousseau","status":"Implemented","phase":"3","install_date":"2023-07-31T17:00:00.000","agency":"MTA","type":"Non-local access","supervisor_district":"11","data_as_of":"2023-09-20T15:06:06.000","data_loaded_at":"2024-01-18T15:33:32.817"}},
{"type":"Feature","geometry":{"type":"LineString","coordinates":[[-122.483004748,37.785834606],[-122.482870048,37.783979268]]},"properties":{":id":"row-zkx5-7k4c_jtxu",":version":"rv-pzki.qnyf-s39e",":created_at":"2024-01-18T23:33:38.148Z",":updated_at":"2024-01-18T23:33:38.148Z","objectid":"653","classcode":"5","cnn":"1211000","f_node_cnn":"27649000","f_st":"LAKE ST","nhood":"Outer Richmond","oneway":"B","st_type":"AVE","streetname":"23RD AVE","t_st":"CALIFORNIA ST","zip_code":"94121","slw_st":"1","length":"0.12817089","extents":"Lake to Cabrillo","status":"Implemented","phase":"2","install_date":"2020-06-09T17:00:00.000","agency":"MTA","type":"Non-local access","supervisor_district":"1","data_as_of":"2020-10-13T16:05:18.000","data_loaded_at":"2024-01-18T15:33:32.817"}},
{"type":"Feature","geometry":{"type":"LineString","coordinates":[[-122.482870048,37.783979268],[-122.482735197,37.782121759]]},"properties":{":id":"row-bpas~yg96~s8hr",":version":"rv-27x6_gsiz.y3hm",":created_at":"2024-01-18T23:33:38.148Z",":updated_at":"2024-01-18T23:33:38.148Z","objectid":"652","classcode":"5","cnn":"1212000","f_node_cnn":"27647000","f_st":"CALIFORNIA ST","nhood":"Outer Richmond","oneway":"B","st_type":"AVE","streetname":"23RD AVE","t_st":"CLEMENT ST","zip_code":"94121","slw_st":"1","length":"0.12832081","extents":"Lake to Cabrillo","status":"Implemented","phase":"2","install_date":"2020-06-09T17:00:00.000","agency":"MTA","type":"Non-local access","supervisor_district":"1","data_as_of":"2020-10-13T16:05:18.000","data_loaded_at":"2024-01-18T15:33:32.817"}},
{"type":"Feature","geometry":{"type":"LineString","coordinates":[[-122.467898459,37.786533455],[-122.468974695,37.786482586]]},"properties":{":id":"row-r7kn.jmu7~bpk5",":version":"rv-3xdy-2ywc~qng7",":created_at":"2024-01-18T23:33:38.148Z",":updated_at":"2024-01-18T23:33:38.148Z","objectid":"439","classcode":"5","cnn":"8017000","f_node_cnn":"27608000","f_st":"09TH AVE","nhood":"Inner Richmond","oneway":"B","st_type":"ST","streetname":"LAKE ST","t_st":"10TH AVE","zip_code":"94118","slw_st":"1","length":"0.05901181","extents":"28th Avenue to Arguello Boulevard","status":"Implemented","phase":"1","install_date":"2020-04-30T17:00:00.000","agency":"MTA","type":"Non-local access","supervisor_district":"1","data_as_of":"2021-11-23T16:11:01.000","data_loaded_at":"2024-01-18T15:33:32.817"}},
{"type":"Feature","geometry":{"type":"LineString","coordinates":[[-122.481929204,37.785884439],[-122.483004748,37.785834606]]},"properties":{":id":"row-gthp-drvm~fnez",":version":"rv-3ix5-t7ki~mh8g",":created_at":"2024-01-18T23:33:38.148Z",":updated_at":"2024-01-18T23:33:38.148Z","objectid":"454","classcode":"5","cnn":"8031000","f_node_cnn":"27646000","f_st":"22ND AVE","nhood":"Outer Richmond","oneway":"B","st_type":"ST","streetname":"LAKE ST","t_st":"23RD AVE","zip_code":"94121","slw_st":"1","length":"0.05897031","extents":"28th Avenue to Arguello Boulevard","status":"Implemented","phase":"1","install_date":"2020-04-30T17:00:00.000","agency":"MTA","type":"Non-local access","supervisor_district":"1","data_as_of":"2021-11-23T16:11:01.000","data_loaded_at":"2024-01-18T15:33:32.817"}},
{"type":"Feature","geometry":{"type":"LineString","coordinates":[[-122.451346157,37.777090401],[-122.452233766,37.776976223]]},"properties":{":id":"row-hss6-i2ky.ws9x",":version":"rv-fda7-cxag_55f8",":created_at":"2024-01-18T23:33:38.148Z",":updated_at":"2024-01-18T23:33:38.148Z","objectid":"3548","classcode":"5","cnn":"6286000","f_node_cnn":"26458000","f_st":"CHABOT TER","nhood":"Lone Mountain","oneway":"B","st_type":"AVE","streetname":"GOLDEN GATE AVE","t_st":"TEMESCAL TER","zip_code":"94118","slw_st":"1","length":"0.04922315","extents":"Masonic to Parker","status":"Implemented","phase":null,"install_date":"2023-02-28T16:00:00.000","agency":"MTA","type":null,"supervisor_district":"1","data_as_of":"2023-04-20T12:07:52.000","data_loaded_at":"2024-01-18T15:33:32.817"}},
{"type":"Feature","geometry":{"type":"LineString","coordinates":[[-122.43749516,37.790292349],[-122.439135983,37.79008145]]},"properties":{":id":"row-qux3_2w24.d2k8",":version":"rv-hbsy~m533~twqg",":created_at":"2024-01-18T23:33:38.148Z",":updated_at":"2024-01-18T23:33:38.148Z","objectid":"1615","classcode":"5","cnn":"4114000","f_node_cnn":"26645000","f_st":"PIERCE ST","nhood":"Pacific Heights","oneway":"B","st_type":"ST","streetname":"CLAY ST","t_st":"SCOTT ST","zip_code":"94115","slw_st":"1","length":"0.09097574","extents":"Arguello to Steiner","status":"Implemented","phase":"3","install_date":"2020-10-05T17:00:00.000","agency":"MTA","type":"Non-local access","supervisor_district":"2","data_as_of":"2020-10-13T16:05:18.000","data_loaded_at":"2024-01-18T15:33:32.817"}},
{"type":"Feature","geometry":{"type":"LineString","coordinates":[[-122.439135983,37.79008145],[-122.440805573,37.789872296]]},"properties":{":id":"row-shkr~jc7b-9ybb",":version":"rv-n7kq~k8sf_vnjp",":created_at":"2024-01-18T23:33:38.148Z",":updated_at":"2024-01-18T23:33:38.148Z","objectid":"1614","classcode":"5","cnn":"4115000","f_node_cnn":"26819000","f_st":"SCOTT ST","nhood":"Pacific Heights","oneway":"B","st_type":"ST","streetname":"CLAY ST","t_st":"DIVISADERO ST","zip_code":"94115","slw_st":"1","length":"0.09251172","extents":"Arguello to Steiner","status":"Implemented","phase":"3","install_date":"2020-10-05T17:00:00.000","agency":"MTA","type":"Non-local access","supervisor_district":"2","data_as_of":"2020-10-13T16:05:19.000","data_loaded_at":"2024-01-18T15:33:32.817"}},
{"type":"Feature","geometry":{"type":"LineString","coordinates":[[-122.437234932,37.772203713],[-122.438899102,37.771990424]]},"properties":{":id":"row-i9fa_c5gh_mszz",":version":"rv-rbn3.6ane~5agn",":created_at":"2024-01-18T23:33:38.148Z",":updated_at":"2024-01-18T23:33:38.148Z","objectid":"109","classcode":"5","cnn":"10179000","f_node_cnn":"26029000","f_st":"DIVISADERO ST","nhood":"Haight Ashbury","oneway":"B","st_type":"ST","streetname":"PAGE ST","t_st":"BRODERICK ST","zip_code":"94117","slw_st":"1","length":"0.0922854","extents":"Stanyan to Gough","status":"Implemented","phase":"1","install_date":"2020-04-30T17:00:00.000","agency":"MTA","type":"Non-local access","supervisor_district":"5","data_as_of":"2020-10-13T16:05:18.000","data_loaded_at":"2024-01-18T15:33:32.817"}},
{"type":"Feature","geometry":{"type":"LineString","coordinates":[[-122.438899102,37.771990424],[-122.44054621,37.771779098]]},"properties":{":id":"row-2ciu~wj8y-8mbm",":version":"rv-p7tt_qqv3~urjk",":created_at":"2024-01-18T23:33:38.148Z",":updated_at":"2024-01-18T23:33:38.148Z","objectid":"103","classcode":"5","cnn":"10180000","f_node_cnn":"26035000","f_st":"BRODERICK ST","nhood":"Haight Ashbury","oneway":"B","st_type":"ST","streetname":"PAGE ST","t_st":"BAKER ST","zip_code":"94117","slw_st":"1","length":"0.09134196","extents":"Stanyan to Gough","status":"Implemented","phase":"1","install_date":"2020-04-30T17:00:00.000","agency":"MTA","type":"Non-local access","supervisor_district":"5","data_as_of":"2020-10-13T16:05:18.000","data_loaded_at":"2024-01-18T15:33:32.817"}},
{"type":"Feature","geometry":{"type":"LineString","coordinates":[[-122.442187879,37.771571038],[-122.442377977,37.772504316]]},"properties":{":id":"row-323m_kc2c_eg2h",":version":"rv-nrcy.rpdp_n92c",":created_at":"2024-01-18T23:33:38.148Z",":updated_at":"2024-01-18T23:33:38.148Z","objectid":"2612","classcode":"5","cnn":"8555000","f_node_cnn":"26325000","f_st":"PAGE ST","nhood":"Haight Ashbury","oneway":"B","st_type":"ST","streetname":"LYON ST","t_st":"OAK ST","zip_code":"94117","slw_st":"1","length":"0.06520191","extents":"Turk Street to Haight Street","status":"Implemented","phase":"4","install_date":"2021-07-06T17:00:00.000","agency":"MTA","type":"Non-local access","supervisor_district":"5","data_as_of":"2021-07-07T16:22:50.000","data_loaded_at":"2024-01-18T15:33:32.817"}},
{"type":"Feature","geometry":{"type":"LineString","coordinates":[[-122.450407506,37.770519318],[-122.452055221,37.770312752]]},"properties":{":id":"row-aesr~t87p-mj6y",":version":"rv-fw23~mxji.7myc",":created_at":"2024-01-18T23:33:38.148Z",":updated_at":"2024-01-18T23:33:38.148Z","objectid":"18","classcode":"5","cnn":"10187000","f_node_cnn":"26418000","f_st":"COLE ST","nhood":"Haight Ashbury","oneway":"B","st_type":"ST","streetname":"PAGE ST","t_st":"SHRADER ST","zip_code":"94117","slw_st":"1","length":"0.09132473","extents":"Stanyan to Gough","status":"Implemented","phase":"1","install_date":"2020-04-30T17:00:00.000","agency":"MTA","type":"Non-local access","supervisor_district":"5","data_as_of":"2020-10-13T16:05:19.000","data_loaded_at":"2024-01-18T15:33:32.817"}},
{"type":"Feature","geometry":{"type":"LineString","coordinates":[[-122.39983345,37.782213379],[-122.399349285,37.782595912]]},"properties":{":id":"row-vk54-bysg~az4i",":version":"rv-hk4w~ceze~jdgq",":created_at":"2024-01-18T23:33:38.148Z",":updated_at":"2024-01-18T23:33:38.148Z","objectid":"3845","classcode":"5","cnn":"3009000","f_node_cnn":"24585000","f_st":"MABINI ST","nhood":"Financial District South","oneway":"B","st_type":"ST","streetname":"BONIFACIO ST","t_st":"LAPU-LAPU ST","zip_code":"94107","slw_st":"1","length":"0.037395120000000004","extents":"Harrison Street to Folsom Street","status":"Implemented","phase":"4","install_date":"1899-12-29T16:00:13.000","agency":null,"type":null,"supervisor_district":"6","data_as_of":"2023-05-22T15:55:31.000","data_loaded_at":"2024-01-18T15:33:32.817"}},
{"type":"Feature","geometry":{"type":"LineString","coordinates":[[-122.399802202,37.781497999],[-122.398879207,37.782224235]]},"properties":{":id":"row-5zmw_hzme-s279",":version":"rv-eesp_ukqx-qn2t",":created_at":"2024-01-18T23:33:38.148Z",":updated_at":"2024-01-18T23:33:38.148Z","objectid":"3847","classcode":"5","cnn":"11089000","f_node_cnn":"24582000","f_st":"TANDANG SORA","nhood":"Financial District South","oneway":"B","st_type":"ST","streetname":"RIZAL ST","t_st":"LAPU-LAPU ST","zip_code":"94107","slw_st":"1","length":"0.07114262","extents":"Harrison Street to Folsom Street","status":"Implemented","phase":"4","install_date":"1899-12-29T16:00:13.000","agency":null,"type":null,"supervisor_district":"6","data_as_of":"2023-05-22T15:55:31.000","data_loaded_at":"2024-01-18T15:33:32.817"}},
{"type":"Feature","geometry":{"type":"LineString","coordinates":[[-122.415928746,37.760433261],[-122.415779298,37.758830232]]},"properties":{":id":"row-35wb~zxv4-a2hp",":version":"rv-weaw-ypvi~ry2v",":created_at":"2024-01-18T23:33:38.148Z",":updated_at":"2024-01-18T23:33:38.148Z","objectid":"670","classcode":"5","cnn":"11837000","f_node_cnn":"24125000","f_st":"19TH ST","nhood":"The Mission","oneway":"B","st_type":"ST","streetname":"SHOTWELL ST","t_st":"20TH ST","zip_code":"94110","slw_st":"1","length":"0.11085939","extents":"14th St to Cesar Chavez","status":"Implemented","phase":"2","install_date":"2020-05-19T17:00:00.000","agency":"MTA","type":"Non-local access","supervisor_district":"9","data_as_of":"2020-10-13T16:05:18.000","data_loaded_at":"2024-01-18T15:33:32.817"}},
{"type":"Feature","geometry":{"type":"LineString","coordinates":[[-122.415473275,37.755634108],[-122.416566641,37.755568278]]},"properties":{":id":"row-uwiz.exka~vcga",":version":"rv-9vi9.xmj6~8hhs",":created_at":"2024-01-18T23:33:38.148Z",":updated_at":"2024-01-18T23:33:38.148Z","objectid":"3529","classcode":"5","cnn":"1188000","f_node_cnn":"24078000","f_st":"SHOTWELL ST","nhood":"Inner Mission","oneway":"B","st_type":"ST","streetname":"22ND ST","t_st":"SOUTH VAN NESS AVE","zip_code":"94110","slw_st":"1","length":"0.06004185","extents":"Bryant to Chattanooga","status":"Planned","phase":null,"install_date":null,"agency":"MTA","type":null,"supervisor_district":"9","data_as_of":"2023-03-01T14:13:09.000","data_loaded_at":"2024-01-18T15:33:32.817"}},
{"type":"Feature","geometry":{"type":"LineString","coordinates":[[-122.41329405,37.755765915],[-122.414387601,37.755699465]]},"properties":{":id":"row-xzv4.6e26_ie6g",":version":"rv-zbm9-h5d8_jnyq",":created_at":"2024-01-18T23:33:38.148Z",":updated_at":"2024-01-18T23:33:38.148Z","objectid":"3527","classcode":"5","cnn":"1186000","f_node_cnn":"23997000","f_st":"TREAT AVE","nhood":"Inner Mission","oneway":"B","st_type":"ST","streetname":"22ND ST","t_st":"FOLSOM ST","zip_code":"94110","slw_st":"1","length":"0.0600551","extents":"Bryant to Chattanooga","status":"Planned","phase":null,"install_date":null,"agency":"MTA","type":null,"supervisor_district":"9","data_as_of":"2023-03-01T14:13:09.000","data_loaded_at":"2024-01-18T15:33:32.817"}},
{"type":"Feature","geometry":{"type":"LineString","coordinates":[[-122.416387523,37.765249494],[-122.416227271,37.763635137]]},"properties":{":id":"row-uf49-u46h.gjwc",":version":"rv-rxu3~vac3.a663",":created_at":"2024-01-18T23:33:38.148Z",":updated_at":"2024-01-18T23:33:38.148Z","objectid":"672","classcode":"5","cnn":"11834000","f_node_cnn":"24141000","f_st":"16TH ST","nhood":"The Mission","oneway":"B","st_type":"ST","streetname":"SHOTWELL ST","t_st":"17TH ST","zip_code":"94110","slw_st":"1","length":"0.1116835","extents":"14th St to Cesar Chavez","status":"Implemented","phase":"2","install_date":"2020-05-19T17:00:00.000","agency":"MTA","type":"Non-local access","supervisor_district":"9","data_as_of":"2020-10-13T16:05:19.000","data_loaded_at":"2024-01-18T15:33:32.817"}},
{"type":"Feature","geometry":{"type":"LineString","coordinates":[[-122.414690031,37.758895989],[-122.415779298,37.758830232]]},"properties":{":id":"row-x7q7~tykd~fe5h",":version":"rv-xpfm_hswq_d2bq",":created_at":"2024-01-18T23:33:38.148Z",":updated_at":"2024-01-18T23:33:38.148Z","objectid":"3547","classcode":"5","cnn":"1052000","f_node_cnn":"24122000","f_st":"FOLSOM ST","nhood":"Inner Mission","oneway":"B","st_type":"ST","streetname":"20TH ST","t_st":"SHOTWELL ST","zip_code":"94110","slw_st":"1","length":"0.05981505","extents":"Shotwell to Potrero","status":"Implemented","phase":null,"install_date":"2023-02-28T16:00:00.000","agency":"MTA","type":null,"supervisor_district":"9","data_as_of":"2023-04-20T11:12:17.000","data_loaded_at":"2024-01-18T15:33:32.817"}},
{"type":"Feature","geometry":{"type":"LineString","coordinates":[[-122.436805493,37.72716839],[-122.437933627,37.725094456]]},"properties":{":id":"row-fy45~yk5s_m2tw",":version":"rv-ygmd~nrp7~wez6",":created_at":"2024-01-18T23:33:38.148Z",":updated_at":"2024-01-18T23:33:38.148Z","objectid":"1752","classcode":"5","cnn":"3829000","f_node_cnn":"21801000","f_st":"SANTA ROSA AVE","nhood":"Outer Mission","oneway":"B","st_type":"AVE","streetname":"CAYUGA AVE","t_st":"SAN JUAN AVE","zip_code":"94112","slw_st":"1","length":"0.15581254","extents":"Naglee to Rousseau","status":"Implemented","phase":"3","install_date":"2023-07-31T17:00:00.000","agency":"MTA","type":"Non-local access","supervisor_district":"11","data_as_of":"2023-09-20T15:06:06.000","data_loaded_at":"2024-01-18T15:33:32.817"}},
{"type":"Feature","geometry":{"type":"LineString","coordinates":[[-122.475503914,37.786181462],[-122.476575148,37.786128282]]},"properties":{":id":"row-2ipe_wxu9_zazs",":version":"rv-8j5s~mgjb.vycq",":created_at":"2024-01-18T23:33:38.148Z",":updated_at":"2024-01-18T23:33:38.148Z","objectid":"455","classcode":"5","cnn":"8025000","f_node_cnn":"27626000","f_st":"16TH AVE","nhood":"Inner Richmond","oneway":"B","st_type":"ST","streetname":"LAKE ST","t_st":"17TH AVE","zip_code":"94118","slw_st":"1","length":"0.05874853","extents":"28th Avenue to Arguello Boulevard","status":"Implemented","phase":"1","install_date":"2020-04-30T17:00:00.000","agency":"MTA","type":"Non-local access","supervisor_district":"1","data_as_of":"2021-11-23T16:11:01.000","data_loaded_at":"2024-01-18T15:33:32.817"}},
{"type":"Feature","geometry":{"type":"LineString","coordinates":[[-122.444298409,37.730708221],[-122.446573476,37.730699251]]},"properties":{":id":"row-6rhp-ww72_5f23",":version":"rv-gh48.8rki_skfh",":created_at":"2024-01-18T23:33:38.148Z",":updated_at":"2024-01-18T23:33:38.148Z","objectid":"2589","classcode":"5","cnn":"6864000","f_node_cnn":"22155000","f_st":"DETROIT ST","nhood":"Sunnyside","oneway":"B","st_type":"AVE","streetname":"HEARST AVE","t_st":"EDNA ST","zip_code":"94112","slw_st":"1","length":"0.12462016000000001","extents":"Ridgewood Avenue to Baden Street","status":"Implemented","phase":"4","install_date":"2021-07-26T17:00:00.000","agency":"MTA","type":"Non-local access","supervisor_district":"7","data_as_of":"2021-08-03T11:50:20.000","data_loaded_at":"2024-01-18T15:33:32.817"}},
{"type":"Feature","geometry":{"type":"LineString","coordinates":[[-122.415172289,37.752439645],[-122.415014331,37.750836982]]},"properties":{":id":"row-w5dw~jiek~7bp6",":version":"rv-zgbx~3n5u~5t78",":created_at":"2024-01-18T23:33:38.148Z",":updated_at":"2024-01-18T23:33:38.148Z","objectid":"668","classcode":"5","cnn":"11842000","f_node_cnn":"24064000","f_st":"24TH ST","nhood":"The Mission","oneway":"B","st_type":"ST","streetname":"SHOTWELL ST","t_st":"25TH ST","zip_code":"94110","slw_st":"1","length":"0.11086952","extents":"14th St to Cesar Chavez","status":"Implemented","phase":"2","install_date":"2020-05-19T17:00:00.000","agency":"MTA","type":"Non-local access","supervisor_district":"9","data_as_of":"2020-10-13T16:05:18.000","data_loaded_at":"2024-01-18T15:33:32.817"}}
] }
