{
  "type": "FeatureCollection",
  "features": [
    {
      "type": "Feature",
      "properties": {
        "FEATURE_ID": 928099,
        "FEATURE": 1,
        "SOURCE_ID": "T00687",
        "DATA_SOURC": "P",
        "SRC_DATE": "18570101",
        "HOR_ACC": "0",
        "INFORM": "\u0000\u0000\u0000\u0000\u0000\u0000\u0000\u0000\u0000\u0000\u0000\u0000\u0000\u0000\u0000\u0000\u0000\u0000\u0000\u0000\u0000\u0000\u0000\u0000\u0000\u0000\u0000\u0000\u0000\u0000\u0000\u0000\u0000\u0000\u0000\u0000\u0000\u0000\u0000\u0000\u0000\u0000\u0000\u0000\u0000\u0000\u0000\u0000\u0000\u0000\u0000\u0000\u0000\u0000\u0000\u0000\u0000\u0000\u0000\u0000\u0000\u0000\u0000\u0000\u0000\u0000\u0000\u0000\u0000\u0000\u0000\u0000\u0000\u0000\u0000\u0000\u0000\u0000\u0000\u0000\u0000\u0000\u0000\u0000\u0000\u0000\u0000\u0000\u0000\u0000\u0000\u0000\u0000\u0000\u0000\u0000\u0000\u0000\u0000\u0000\u0000\u0000\u0000\u0000\u0000\u0000\u0000\u0000\u0000\u0000\u0000\u0000\u0000\u0000\u0000\u0000\u0000\u0000\u0000\u0000\u0000\u0000\u0000\u0000\u0000\u0000\u0000\u0000\u0000\u0000\u0000\u0000\u0000\u0000\u0000\u0000\u0000\u0000\u0000\u0000\u0000\u0000\u0000\u0000\u0000\u0000\u0000\u0000\u0000\u0000\u0000\u0000\u0000\u0000\u0000\u0000\u0000\u0000\u0000\u0000\u0000\u0000\u0000\u0000\u0000\u0000\u0000\u0000\u0000\u0000\u0000\u0000\u0000\u0000\u0000\u0000\u0000\u0000\u0000\u0000\u0000\u0000\u0000\u0000\u0000\u0000\u0000\u0000\u0000\u0000\u0000\u0000\u0000\u0000\u0000\u0000\u0000\u0000\u0000\u0000\u0000\u0000\u0000\u0000\u0000\u0000\u0000\u0000\u0000\u0000\u0000\u0000\u0000\u0000\u0000\u0000\u0000\u0000\u0000\u0000\u0000\u0000\u0000\u0000\u0000\u0000\u0000\u0000\u0000\u0000\u0000\u0000\u0000\u0000\u0000\u0000\u0000\u0000\u0000\u0000\u0000\u0000\u0000\u0000\u0000\u0000\u0000\u0000\u0000\u0000\u0000\u0000\u0000\u0000",
        "RESOLUTION": 0,
        "ATTRIBUTE": "Man-made",
        "CLASS": "SHORELINE",
        "F_CODE": null,
        "EX_METH": "M",
        "EXTRACT_TE": "P",
        "_selecter_format": "shapefile",
        "_selecter_sourcecrs": "EPSG:4269",
        "_selecter_source": "CA37B08 1857 SF",
        "_selecter_imported": "2026-08-03T23:06:12.543Z"
      },
      "geometry": {
        "type": "LineString",
        "coordinates": [
          [
            -122.403072,
            37.803959
          ],
          [
            -122.403002,
            37.803999
          ],
          [
            -122.402792,
            37.804039
          ],
          [
            -122.402312,
            37.804089
          ],
          [
            -122.402162,
            37.804099
          ],
          [
            -122.402162,
            37.804259
          ],
          [
            -122.402062,
            37.804259
          ],
          [
            -122.402042,
            37.804089
          ],
          [
            -122.401982,
            37.803799
          ],
          [
            -122.401942,
            37.803629
          ],
          [
            -122.401902,
            37.803389
          ],
          [
            -122.401822,
            37.803199
          ]
        ]
      }
    },
    {
      "type": "Feature",
      "properties": {
        "FEATURE_ID": 928100,
        "FEATURE": 1,
        "SOURCE_ID": "T00687",
        "DATA_SOURC": "P",
        "SRC_DATE": "18570101",
        "HOR_ACC": "0",
        "INFORM": "\u0000\u0000\u0000\u0000\u0000\u0000\u0000\u0000\u0000\u0000\u0000\u0000\u0000\u0000\u0000\u0000\u0000\u0000\u0000\u0000\u0000\u0000\u0000\u0000\u0000\u0000\u0000\u0000\u0000\u0000\u0000\u0000\u0000\u0000\u0000\u0000\u0000\u0000\u0000\u0000\u0000\u0000\u0000\u0000\u0000\u0000\u0000\u0000\u0000\u0000\u0000\u0000\u0000\u0000\u0000\u0000\u0000\u0000\u0000\u0000\u0000\u0000\u0000\u0000\u0000\u0000\u0000\u0000\u0000\u0000\u0000\u0000\u0000\u0000\u0000\u0000\u0000\u0000\u0000\u0000\u0000\u0000\u0000\u0000\u0000\u0000\u0000\u0000\u0000\u0000\u0000\u0000\u0000\u0000\u0000\u0000\u0000\u0000\u0000\u0000\u0000\u0000\u0000\u0000\u0000\u0000\u0000\u0000\u0000\u0000\u0000\u0000\u0000\u0000\u0000\u0000\u0000\u0000\u0000\u0000\u0000\u0000\u0000\u0000\u0000\u0000\u0000\u0000\u0000\u0000\u0000\u0000\u0000\u0000\u0000\u0000\u0000\u0000\u0000\u0000\u0000\u0000\u0000\u0000\u0000\u0000\u0000\u0000\u0000\u0000\u0000\u0000\u0000\u0000\u0000\u0000\u0000\u0000\u0000\u0000\u0000\u0000\u0000\u0000\u0000\u0000\u0000\u0000\u0000\u0000\u0000\u0000\u0000\u0000\u0000\u0000\u0000\u0000\u0000\u0000\u0000\u0000\u0000\u0000\u0000\u0000\u0000\u0000\u0000\u0000\u0000\u0000\u0000\u0000\u0000\u0000\u0000\u0000\u0000\u0000\u0000\u0000\u0000\u0000\u0000\u0000\u0000\u0000\u0000\u0000\u0000\u0000\u0000\u0000\u0000\u0000\u0000\u0000\u0000\u0000\u0000\u0000\u0000\u0000\u0000\u0000\u0000\u0000\u0000\u0000\u0000\u0000\u0000\u0000\u0000\u0000\u0000\u0000\u0000\u0000\u0000\u0000\u0000\u0000\u0000\u0000\u0000\u0000\u0000\u0000\u0000\u0000\u0000\u0000",
        "RESOLUTION": 0,
        "ATTRIBUTE": "Man-made",
        "CLASS": "SHORELINE",
        "F_CODE": null,
        "EX_METH": "M",
        "EXTRACT_TE": "P",
        "_selecter_format": "shapefile",
        "_selecter_sourcecrs": "EPSG:4269",
        "_selecter_source": "CA37B08 1857 SF",
        "_selecter_imported": "2026-08-03T23:06:12.543Z"
      },
      "geometry": {
        "type": "LineString",
        "coordinates": [
          [
            -122.401822,
            37.803199
          ],
          [
            -122.401602,
            37.803209
          ],
          [
            -122.401222,
            37.803239
          ],
          [
            -122.401162,
            37.802499
          ],
          [
            -122.401512,
            37.802469
          ]
        ]
      }
    },
    {
      "type": "Feature",
      "properties": {
        "FEATURE_ID": 928101,
        "FEATURE": 1,
        "SOURCE_ID": "T00687",
        "DATA_SOURC": "P",
        "SRC_DATE": "18570101",
        "HOR_ACC": "0",
        "INFORM": "\u0000\u0000\u0000\u0000\u0000\u0000\u0000\u0000\u0000\u0000\u0000\u0000\u0000\u0000\u0000\u0000\u0000\u0000\u0000\u0000\u0000\u0000\u0000\u0000\u0000\u0000\u0000\u0000\u0000\u0000\u0000\u0000\u0000\u0000\u0000\u0000\u0000\u0000\u0000\u0000\u0000\u0000\u0000\u0000\u0000\u0000\u0000\u0000\u0000\u0000\u0000\u0000\u0000\u0000\u0000\u0000\u0000\u0000\u0000\u0000\u0000\u0000\u0000\u0000\u0000\u0000\u0000\u0000\u0000\u0000\u0000\u0000\u0000\u0000\u0000\u0000\u0000\u0000\u0000\u0000\u0000\u0000\u0000\u0000\u0000\u0000\u0000\u0000\u0000\u0000\u0000\u0000\u0000\u0000\u0000\u0000\u0000\u0000\u0000\u0000\u0000\u0000\u0000\u0000\u0000\u0000\u0000\u0000\u0000\u0000\u0000\u0000\u0000\u0000\u0000\u0000\u0000\u0000\u0000\u0000\u0000\u0000\u0000\u0000\u0000\u0000\u0000\u0000\u0000\u0000\u0000\u0000\u0000\u0000\u0000\u0000\u0000\u0000\u0000\u0000\u0000\u0000\u0000\u0000\u0000\u0000\u0000\u0000\u0000\u0000\u0000\u0000\u0000\u0000\u0000\u0000\u0000\u0000\u0000\u0000\u0000\u0000\u0000\u0000\u0000\u0000\u0000\u0000\u0000\u0000\u0000\u0000\u0000\u0000\u0000\u0000\u0000\u0000\u0000\u0000\u0000\u0000\u0000\u0000\u0000\u0000\u0000\u0000\u0000\u0000\u0000\u0000\u0000\u0000\u0000\u0000\u0000\u0000\u0000\u0000\u0000\u0000\u0000\u0000\u0000\u0000\u0000\u0000\u0000\u0000\u0000\u0000\u0000\u0000\u0000\u0000\u0000\u0000\u0000\u0000\u0000\u0000\u0000\u0000\u0000\u0000\u0000\u0000\u0000\u0000\u0000\u0000\u0000\u0000\u0000\u0000\u0000\u0000\u0000\u0000\u0000\u0000\u0000\u0000\u0000\u0000\u0000\u0000\u0000\u0000\u0000\u0000\u0000\u0000",
        "RESOLUTION": 0,
        "ATTRIBUTE": "Man-made",
        "CLASS": "SHORELINE",
        "F_CODE": null,
        "EX_METH": "M",
        "EXTRACT_TE": "P",
        "_selecter_format": "shapefile",
        "_selecter_sourcecrs": "EPSG:4269",
        "_selecter_source": "CA37B08 1857 SF",
        "_selecter_imported": "2026-08-03T23:06:12.543Z"
      },
      "geometry": {
        "type": "LineString",
        "coordinates": [
          [
            -122.401512,
            37.802469
          ],
          [
            -122.401492,
            37.802359
          ],
          [
            -122.401372,
            37.802029
          ]
        ]
      }
    },
    {
      "type": "Feature",
      "properties": {
        "FEATURE_ID": 928759,
        "FEATURE": 1,
        "SOURCE_ID": "T00687",
        "DATA_SOURC": "P",
        "SRC_DATE": "18570101",
        "HOR_ACC": "0",
        "INFORM": "\u0000\u0000\u0000\u0000\u0000\u0000\u0000\u0000\u0000\u0000\u0000\u0000\u0000\u0000\u0000\u0000\u0000\u0000\u0000\u0000\u0000\u0000\u0000\u0000\u0000\u0000\u0000\u0000\u0000\u0000\u0000\u0000\u0000\u0000\u0000\u0000\u0000\u0000\u0000\u0000\u0000\u0000\u0000\u0000\u0000\u0000\u0000\u0000\u0000\u0000\u0000\u0000\u0000\u0000\u0000\u0000\u0000\u0000\u0000\u0000\u0000\u0000\u0000\u0000\u0000\u0000\u0000\u0000\u0000\u0000\u0000\u0000\u0000\u0000\u0000\u0000\u0000\u0000\u0000\u0000\u0000\u0000\u0000\u0000\u0000\u0000\u0000\u0000\u0000\u0000\u0000\u0000\u0000\u0000\u0000\u0000\u0000\u0000\u0000\u0000\u0000\u0000\u0000\u0000\u0000\u0000\u0000\u0000\u0000\u0000\u0000\u0000\u0000\u0000\u0000\u0000\u0000\u0000\u0000\u0000\u0000\u0000\u0000\u0000\u0000\u0000\u0000\u0000\u0000\u0000\u0000\u0000\u0000\u0000\u0000\u0000\u0000\u0000\u0000\u0000\u0000\u0000\u0000\u0000\u0000\u0000\u0000\u0000\u0000\u0000\u0000\u0000\u0000\u0000\u0000\u0000\u0000\u0000\u0000\u0000\u0000\u0000\u0000\u0000\u0000\u0000\u0000\u0000\u0000\u0000\u0000\u0000\u0000\u0000\u0000\u0000\u0000\u0000\u0000\u0000\u0000\u0000\u0000\u0000\u0000\u0000\u0000\u0000\u0000\u0000\u0000\u0000\u0000\u0000\u0000\u0000\u0000\u0000\u0000\u0000\u0000\u0000\u0000\u0000\u0000\u0000\u0000\u0000\u0000\u0000\u0000\u0000\u0000\u0000\u0000\u0000\u0000\u0000\u0000\u0000\u0000\u0000\u0000\u0000\u0000\u0000\u0000\u0000\u0000\u0000\u0000\u0000\u0000\u0000\u0000\u0000\u0000\u0000\u0000\u0000\u0000\u0000\u0000\u0000\u0000\u0000\u0000\u0000\u0000\u0000\u0000\u0000\u0000\u0000",
        "RESOLUTION": 0,
        "ATTRIBUTE": "Man-made",
        "CLASS": "SHORELINE",
        "F_CODE": null,
        "EX_METH": "M",
        "EXTRACT_TE": "P",
        "_selecter_format": "shapefile",
        "_selecter_sourcecrs": "EPSG:4269",
        "_selecter_source": "CA37B08 1857 SF",
        "_selecter_imported": "2026-08-03T23:06:12.543Z"
      },
      "geometry": {
        "type": "LineString",
        "coordinates": [
          [
            -122.407132,
            37.76983
          ],
          [
            -122.407412,
            37.76961
          ]
        ]
      }
    },
    {
      "type": "Feature",
      "properties": {
        "FEATURE_ID": 928405,
        "FEATURE": 1,
        "SOURCE_ID": "T00687",
        "DATA_SOURC": "P",
        "SRC_DATE": "18570101",
        "HOR_ACC": "0",
        "INFORM": "\u0000\u0000\u0000\u0000\u0000\u0000\u0000\u0000\u0000\u0000\u0000\u0000\u0000\u0000\u0000\u0000\u0000\u0000\u0000\u0000\u0000\u0000\u0000\u0000\u0000\u0000\u0000\u0000\u0000\u0000\u0000\u0000\u0000\u0000\u0000\u0000\u0000\u0000\u0000\u0000\u0000\u0000\u0000\u0000\u0000\u0000\u0000\u0000\u0000\u0000\u0000\u0000\u0000\u0000\u0000\u0000\u0000\u0000\u0000\u0000\u0000\u0000\u0000\u0000\u0000\u0000\u0000\u0000\u0000\u0000\u0000\u0000\u0000\u0000\u0000\u0000\u0000\u0000\u0000\u0000\u0000\u0000\u0000\u0000\u0000\u0000\u0000\u0000\u0000\u0000\u0000\u0000\u0000\u0000\u0000\u0000\u0000\u0000\u0000\u0000\u0000\u0000\u0000\u0000\u0000\u0000\u0000\u0000\u0000\u0000\u0000\u0000\u0000\u0000\u0000\u0000\u0000\u0000\u0000\u0000\u0000\u0000\u0000\u0000\u0000\u0000\u0000\u0000\u0000\u0000\u0000\u0000\u0000\u0000\u0000\u0000\u0000\u0000\u0000\u0000\u0000\u0000\u0000\u0000\u0000\u0000\u0000\u0000\u0000\u0000\u0000\u0000\u0000\u0000\u0000\u0000\u0000\u0000\u0000\u0000\u0000\u0000\u0000\u0000\u0000\u0000\u0000\u0000\u0000\u0000\u0000\u0000\u0000\u0000\u0000\u0000\u0000\u0000\u0000\u0000\u0000\u0000\u0000\u0000\u0000\u0000\u0000\u0000\u0000\u0000\u0000\u0000\u0000\u0000\u0000\u0000\u0000\u0000\u0000\u0000\u0000\u0000\u0000\u0000\u0000\u0000\u0000\u0000\u0000\u0000\u0000\u0000\u0000\u0000\u0000\u0000\u0000\u0000\u0000\u0000\u0000\u0000\u0000\u0000\u0000\u0000\u0000\u0000\u0000\u0000\u0000\u0000\u0000\u0000\u0000\u0000\u0000\u0000\u0000\u0000\u0000\u0000\u0000\u0000\u0000\u0000\u0000\u0000\u0000\u0000\u0000\u0000\u0000\u0000",
        "RESOLUTION": 0,
        "ATTRIBUTE": "Man-made",
        "CLASS": "SHORELINE",
        "F_CODE": null,
        "EX_METH": "M",
        "EXTRACT_TE": "P",
        "_selecter_format": "shapefile",
        "_selecter_sourcecrs": "EPSG:4269",
        "_selecter_source": "CA37B08 1857 SF",
        "_selecter_imported": "2026-08-03T23:06:12.543Z"
      },
      "geometry": {
        "type": "LineString",
        "coordinates": [
          [
            -122.401372,
            37.802029
          ],
          [
            -122.401252,
            37.802049
          ],
          [
            -122.401152,
            37.802079
          ],
          [
            -122.400552,
            37.802159
          ],
          [
            -122.400482,
            37.802179
          ],
          [
            -122.400462,
            37.802009
          ],
          [
            -122.400982,
            37.801929
          ]
        ]
      }
    },
    {
      "type": "Feature",
      "properties": {
        "FEATURE_ID": 928406,
        "FEATURE": 1,
        "SOURCE_ID": "T00687",
        "DATA_SOURC": "P",
        "SRC_DATE": "18570101",
        "HOR_ACC": "0",
        "INFORM": "\u0000\u0000\u0000\u0000\u0000\u0000\u0000\u0000\u0000\u0000\u0000\u0000\u0000\u0000\u0000\u0000\u0000\u0000\u0000\u0000\u0000\u0000\u0000\u0000\u0000\u0000\u0000\u0000\u0000\u0000\u0000\u0000\u0000\u0000\u0000\u0000\u0000\u0000\u0000\u0000\u0000\u0000\u0000\u0000\u0000\u0000\u0000\u0000\u0000\u0000\u0000\u0000\u0000\u0000\u0000\u0000\u0000\u0000\u0000\u0000\u0000\u0000\u0000\u0000\u0000\u0000\u0000\u0000\u0000\u0000\u0000\u0000\u0000\u0000\u0000\u0000\u0000\u0000\u0000\u0000\u0000\u0000\u0000\u0000\u0000\u0000\u0000\u0000\u0000\u0000\u0000\u0000\u0000\u0000\u0000\u0000\u0000\u0000\u0000\u0000\u0000\u0000\u0000\u0000\u0000\u0000\u0000\u0000\u0000\u0000\u0000\u0000\u0000\u0000\u0000\u0000\u0000\u0000\u0000\u0000\u0000\u0000\u0000\u0000\u0000\u0000\u0000\u0000\u0000\u0000\u0000\u0000\u0000\u0000\u0000\u0000\u0000\u0000\u0000\u0000\u0000\u0000\u0000\u0000\u0000\u0000\u0000\u0000\u0000\u0000\u0000\u0000\u0000\u0000\u0000\u0000\u0000\u0000\u0000\u0000\u0000\u0000\u0000\u0000\u0000\u0000\u0000\u0000\u0000\u0000\u0000\u0000\u0000\u0000\u0000\u0000\u0000\u0000\u0000\u0000\u0000\u0000\u0000\u0000\u0000\u0000\u0000\u0000\u0000\u0000\u0000\u0000\u0000\u0000\u0000\u0000\u0000\u0000\u0000\u0000\u0000\u0000\u0000\u0000\u0000\u0000\u0000\u0000\u0000\u0000\u0000\u0000\u0000\u0000\u0000\u0000\u0000\u0000\u0000\u0000\u0000\u0000\u0000\u0000\u0000\u0000\u0000\u0000\u0000\u0000\u0000\u0000\u0000\u0000\u0000\u0000\u0000\u0000\u0000\u0000\u0000\u0000\u0000\u0000\u0000\u0000\u0000\u0000\u0000\u0000\u0000\u0000\u0000\u0000",
        "RESOLUTION": 0,
        "ATTRIBUTE": "Man-made",
        "CLASS": "SHORELINE",
        "F_CODE": null,
        "EX_METH": "M",
        "EXTRACT_TE": "P",
        "_selecter_format": "shapefile",
        "_selecter_sourcecrs": "EPSG:4269",
        "_selecter_source": "CA37B08 1857 SF",
        "_selecter_imported": "2026-08-03T23:06:12.543Z"
      },
      "geometry": {
        "type": "LineString",
        "coordinates": [
          [
            -122.400982,
            37.801929
          ],
          [
            -122.400952,
            37.801739
          ],
          [
            -122.400882,
            37.801519
          ],
          [
            -122.400822,
            37.801489
          ],
          [
            -122.400712,
            37.801469
          ],
          [
            -122.400602,
            37.801439
          ],
          [
            -122.400512,
            37.801259
          ],
          [
            -122.400422,
            37.801089
          ]
        ]
      }
    },
    {
      "type": "Feature",
      "properties": {
        "FEATURE_ID": 928407,
        "FEATURE": 1,
        "SOURCE_ID": "T00687",
        "DATA_SOURC": "P",
        "SRC_DATE": "18570101",
        "HOR_ACC": "0",
        "INFORM": "\u0000\u0000\u0000\u0000\u0000\u0000\u0000\u0000\u0000\u0000\u0000\u0000\u0000\u0000\u0000\u0000\u0000\u0000\u0000\u0000\u0000\u0000\u0000\u0000\u0000\u0000\u0000\u0000\u0000\u0000\u0000\u0000\u0000\u0000\u0000\u0000\u0000\u0000\u0000\u0000\u0000\u0000\u0000\u0000\u0000\u0000\u0000\u0000\u0000\u0000\u0000\u0000\u0000\u0000\u0000\u0000\u0000\u0000\u0000\u0000\u0000\u0000\u0000\u0000\u0000\u0000\u0000\u0000\u0000\u0000\u0000\u0000\u0000\u0000\u0000\u0000\u0000\u0000\u0000\u0000\u0000\u0000\u0000\u0000\u0000\u0000\u0000\u0000\u0000\u0000\u0000\u0000\u0000\u0000\u0000\u0000\u0000\u0000\u0000\u0000\u0000\u0000\u0000\u0000\u0000\u0000\u0000\u0000\u0000\u0000\u0000\u0000\u0000\u0000\u0000\u0000\u0000\u0000\u0000\u0000\u0000\u0000\u0000\u0000\u0000\u0000\u0000\u0000\u0000\u0000\u0000\u0000\u0000\u0000\u0000\u0000\u0000\u0000\u0000\u0000\u0000\u0000\u0000\u0000\u0000\u0000\u0000\u0000\u0000\u0000\u0000\u0000\u0000\u0000\u0000\u0000\u0000\u0000\u0000\u0000\u0000\u0000\u0000\u0000\u0000\u0000\u0000\u0000\u0000\u0000\u0000\u0000\u0000\u0000\u0000\u0000\u0000\u0000\u0000\u0000\u0000\u0000\u0000\u0000\u0000\u0000\u0000\u0000\u0000\u0000\u0000\u0000\u0000\u0000\u0000\u0000\u0000\u0000\u0000\u0000\u0000\u0000\u0000\u0000\u0000\u0000\u0000\u0000\u0000\u0000\u0000\u0000\u0000\u0000\u0000\u0000\u0000\u0000\u0000\u0000\u0000\u0000\u0000\u0000\u0000\u0000\u0000\u0000\u0000\u0000\u0000\u0000\u0000\u0000\u0000\u0000\u0000\u0000\u0000\u0000\u0000\u0000\u0000\u0000\u0000\u0000\u0000\u0000\u0000\u0000\u0000\u0000\u0000\u0000",
        "RESOLUTION": 0,
        "ATTRIBUTE": "Man-made",
        "CLASS": "SHORELINE",
        "F_CODE": null,
        "EX_METH": "M",
        "EXTRACT_TE": "P",
        "_selecter_format": "shapefile",
        "_selecter_sourcecrs": "EPSG:4269",
        "_selecter_source": "CA37B08 1857 SF",
        "_selecter_imported": "2026-08-03T23:06:12.543Z"
      },
      "geometry": {
        "type": "LineString",
        "coordinates": [
          [
            -122.400422,
            37.801089
          ],
          [
            -122.400052,
            37.801119
          ],
          [
            -122.399992,
            37.800779
          ],
          [
            -122.399982,
            37.800669
          ]
        ]
      }
    },
    {
      "type": "Feature",
      "properties": {
        "FEATURE_ID": 928408,
        "FEATURE": 1,
        "SOURCE_ID": "T00687",
        "DATA_SOURC": "P",
        "SRC_DATE": "18570101",
        "HOR_ACC": "0",
        "INFORM": "\u0000\u0000\u0000\u0000\u0000\u0000\u0000\u0000\u0000\u0000\u0000\u0000\u0000\u0000\u0000\u0000\u0000\u0000\u0000\u0000\u0000\u0000\u0000\u0000\u0000\u0000\u0000\u0000\u0000\u0000\u0000\u0000\u0000\u0000\u0000\u0000\u0000\u0000\u0000\u0000\u0000\u0000\u0000\u0000\u0000\u0000\u0000\u0000\u0000\u0000\u0000\u0000\u0000\u0000\u0000\u0000\u0000\u0000\u0000\u0000\u0000\u0000\u0000\u0000\u0000\u0000\u0000\u0000\u0000\u0000\u0000\u0000\u0000\u0000\u0000\u0000\u0000\u0000\u0000\u0000\u0000\u0000\u0000\u0000\u0000\u0000\u0000\u0000\u0000\u0000\u0000\u0000\u0000\u0000\u0000\u0000\u0000\u0000\u0000\u0000\u0000\u0000\u0000\u0000\u0000\u0000\u0000\u0000\u0000\u0000\u0000\u0000\u0000\u0000\u0000\u0000\u0000\u0000\u0000\u0000\u0000\u0000\u0000\u0000\u0000\u0000\u0000\u0000\u0000\u0000\u0000\u0000\u0000\u0000\u0000\u0000\u0000\u0000\u0000\u0000\u0000\u0000\u0000\u0000\u0000\u0000\u0000\u0000\u0000\u0000\u0000\u0000\u0000\u0000\u0000\u0000\u0000\u0000\u0000\u0000\u0000\u0000\u0000\u0000\u0000\u0000\u0000\u0000\u0000\u0000\u0000\u0000\u0000\u0000\u0000\u0000\u0000\u0000\u0000\u0000\u0000\u0000\u0000\u0000\u0000\u0000\u0000\u0000\u0000\u0000\u0000\u0000\u0000\u0000\u0000\u0000\u0000\u0000\u0000\u0000\u0000\u0000\u0000\u0000\u0000\u0000\u0000\u0000\u0000\u0000\u0000\u0000\u0000\u0000\u0000\u0000\u0000\u0000\u0000\u0000\u0000\u0000\u0000\u0000\u0000\u0000\u0000\u0000\u0000\u0000\u0000\u0000\u0000\u0000\u0000\u0000\u0000\u0000\u0000\u0000\u0000\u0000\u0000\u0000\u0000\u0000\u0000\u0000\u0000\u0000\u0000\u0000\u0000\u0000",
        "RESOLUTION": 0,
        "ATTRIBUTE": "Man-made",
        "CLASS": "SHORELINE",
        "F_CODE": null,
        "EX_METH": "M",
        "EXTRACT_TE": "P",
        "_selecter_format": "shapefile",
        "_selecter_sourcecrs": "EPSG:4269",
        "_selecter_source": "CA37B08 1857 SF",
        "_selecter_imported": "2026-08-03T23:06:12.543Z"
      },
      "geometry": {
        "type": "LineString",
        "coordinates": [
          [
            -122.399982,
            37.800669
          ],
          [
            -122.400032,
            37.800609
          ],
          [
            -122.399962,
            37.800199
          ]
        ]
      }
    },
    {
      "type": "Feature",
      "properties": {
        "FEATURE_ID": 928409,
        "FEATURE": 1,
        "SOURCE_ID": "T00687",
        "DATA_SOURC": "P",
        "SRC_DATE": "18570101",
        "HOR_ACC": "0",
        "INFORM": "\u0000\u0000\u0000\u0000\u0000\u0000\u0000\u0000\u0000\u0000\u0000\u0000\u0000\u0000\u0000\u0000\u0000\u0000\u0000\u0000\u0000\u0000\u0000\u0000\u0000\u0000\u0000\u0000\u0000\u0000\u0000\u0000\u0000\u0000\u0000\u0000\u0000\u0000\u0000\u0000\u0000\u0000\u0000\u0000\u0000\u0000\u0000\u0000\u0000\u0000\u0000\u0000\u0000\u0000\u0000\u0000\u0000\u0000\u0000\u0000\u0000\u0000\u0000\u0000\u0000\u0000\u0000\u0000\u0000\u0000\u0000\u0000\u0000\u0000\u0000\u0000\u0000\u0000\u0000\u0000\u0000\u0000\u0000\u0000\u0000\u0000\u0000\u0000\u0000\u0000\u0000\u0000\u0000\u0000\u0000\u0000\u0000\u0000\u0000\u0000\u0000\u0000\u0000\u0000\u0000\u0000\u0000\u0000\u0000\u0000\u0000\u0000\u0000\u0000\u0000\u0000\u0000\u0000\u0000\u0000\u0000\u0000\u0000\u0000\u0000\u0000\u0000\u0000\u0000\u0000\u0000\u0000\u0000\u0000\u0000\u0000\u0000\u0000\u0000\u0000\u0000\u0000\u0000\u0000\u0000\u0000\u0000\u0000\u0000\u0000\u0000\u0000\u0000\u0000\u0000\u0000\u0000\u0000\u0000\u0000\u0000\u0000\u0000\u0000\u0000\u0000\u0000\u0000\u0000\u0000\u0000\u0000\u0000\u0000\u0000\u0000\u0000\u0000\u0000\u0000\u0000\u0000\u0000\u0000\u0000\u0000\u0000\u0000\u0000\u0000\u0000\u0000\u0000\u0000\u0000\u0000\u0000\u0000\u0000\u0000\u0000\u0000\u0000\u0000\u0000\u0000\u0000\u0000\u0000\u0000\u0000\u0000\u0000\u0000\u0000\u0000\u0000\u0000\u0000\u0000\u0000\u0000\u0000\u0000\u0000\u0000\u0000\u0000\u0000\u0000\u0000\u0000\u0000\u0000\u0000\u0000\u0000\u0000\u0000\u0000\u0000\u0000\u0000\u0000\u0000\u0000\u0000\u0000\u0000\u0000\u0000\u0000\u0000\u0000",
        "RESOLUTION": 0,
        "ATTRIBUTE": "Man-made",
        "CLASS": "SHORELINE",
        "F_CODE": null,
        "EX_METH": "M",
        "EXTRACT_TE": "P",
        "_selecter_format": "shapefile",
        "_selecter_sourcecrs": "EPSG:4269",
        "_selecter_source": "CA37B08 1857 SF",
        "_selecter_imported": "2026-08-03T23:06:12.543Z"
      },
      "geometry": {
        "type": "LineString",
        "coordinates": [
          [
            -122.399962,
            37.800199
          ],
          [
            -122.399662,
            37.800239
          ],
          [
            -122.399722,
            37.800609
          ],
          [
            -122.399592,
            37.800639
          ],
          [
            -122.399532,
            37.800429
          ],
          [
            -122.399472,
            37.800219
          ]
        ]
      }
    },
    {
      "type": "Feature",
      "properties": {
        "FEATURE_ID": 928410,
        "FEATURE": 1,
        "SOURCE_ID": "T00687",
        "DATA_SOURC": "P",
        "SRC_DATE": "18570101",
        "HOR_ACC": "0",
        "INFORM": "\u0000\u0000\u0000\u0000\u0000\u0000\u0000\u0000\u0000\u0000\u0000\u0000\u0000\u0000\u0000\u0000\u0000\u0000\u0000\u0000\u0000\u0000\u0000\u0000\u0000\u0000\u0000\u0000\u0000\u0000\u0000\u0000\u0000\u0000\u0000\u0000\u0000\u0000\u0000\u0000\u0000\u0000\u0000\u0000\u0000\u0000\u0000\u0000\u0000\u0000\u0000\u0000\u0000\u0000\u0000\u0000\u0000\u0000\u0000\u0000\u0000\u0000\u0000\u0000\u0000\u0000\u0000\u0000\u0000\u0000\u0000\u0000\u0000\u0000\u0000\u0000\u0000\u0000\u0000\u0000\u0000\u0000\u0000\u0000\u0000\u0000\u0000\u0000\u0000\u0000\u0000\u0000\u0000\u0000\u0000\u0000\u0000\u0000\u0000\u0000\u0000\u0000\u0000\u0000\u0000\u0000\u0000\u0000\u0000\u0000\u0000\u0000\u0000\u0000\u0000\u0000\u0000\u0000\u0000\u0000\u0000\u0000\u0000\u0000\u0000\u0000\u0000\u0000\u0000\u0000\u0000\u0000\u0000\u0000\u0000\u0000\u0000\u0000\u0000\u0000\u0000\u0000\u0000\u0000\u0000\u0000\u0000\u0000\u0000\u0000\u0000\u0000\u0000\u0000\u0000\u0000\u0000\u0000\u0000\u0000\u0000\u0000\u0000\u0000\u0000\u0000\u0000\u0000\u0000\u0000\u0000\u0000\u0000\u0000\u0000\u0000\u0000\u0000\u0000\u0000\u0000\u0000\u0000\u0000\u0000\u0000\u0000\u0000\u0000\u0000\u0000\u0000\u0000\u0000\u0000\u0000\u0000\u0000\u0000\u0000\u0000\u0000\u0000\u0000\u0000\u0000\u0000\u0000\u0000\u0000\u0000\u0000\u0000\u0000\u0000\u0000\u0000\u0000\u0000\u0000\u0000\u0000\u0000\u0000\u0000\u0000\u0000\u0000\u0000\u0000\u0000\u0000\u0000\u0000\u0000\u0000\u0000\u0000\u0000\u0000\u0000\u0000\u0000\u0000\u0000\u0000\u0000\u0000\u0000\u0000\u0000\u0000\u0000\u0000",
        "RESOLUTION": 0,
        "ATTRIBUTE": "Man-made",
        "CLASS": "SHORELINE",
        "F_CODE": null,
        "EX_METH": "M",
        "EXTRACT_TE": "P",
        "_selecter_format": "shapefile",
        "_selecter_sourcecrs": "EPSG:4269",
        "_selecter_source": "CA37B08 1857 SF",
        "_selecter_imported": "2026-08-03T23:06:12.543Z"
      },
      "geometry": {
        "type": "LineString",
        "coordinates": [
          [
            -122.399472,
            37.800219
          ],
          [
            -122.399392,
            37.799869
          ]
        ]
      }
    },
    {
      "type": "Feature",
      "properties": {
        "FEATURE_ID": 928411,
        "FEATURE": 12,
        "SOURCE_ID": "T00687",
        "DATA_SOURC": "P",
        "SRC_DATE": "18570101",
        "HOR_ACC": "0",
        "INFORM": "Wharf",
        "RESOLUTION": 0,
        "ATTRIBUTE": "Man-made.Wharf Or Quay",
        "CLASS": "SHORELINE",
        "F_CODE": null,
        "EX_METH": "M",
        "EXTRACT_TE": "P",
        "_selecter_format": "shapefile",
        "_selecter_sourcecrs": "EPSG:4269",
        "_selecter_source": "CA37B08 1857 SF",
        "_selecter_imported": "2026-08-03T23:06:12.543Z"
      },
      "geometry": {
        "type": "LineString",
        "coordinates": [
          [
            -122.399392,
            37.799869
          ],
          [
            -122.398972,
            37.799909
          ],
          [
            -122.398532,
            37.799979
          ],
          [
            -122.398032,
            37.800019
          ],
          [
            -122.397402,
            37.800119
          ],
          [
            -122.396922,
            37.800179
          ],
          [
            -122.396472,
            37.800229
          ],
          [
            -122.396452,
            37.800069
          ],
          [
            -122.396502,
            37.800029
          ],
          [
            -122.397132,
            37.799959
          ],
          [
            -122.398502,
            37.799789
          ],
          [
            -122.398462,
            37.799629
          ],
          [
            -122.398312,
            37.799629
          ],
          [
            -122.398302,
            37.799529
          ],
          [
            -122.398272,
            37.799409
          ],
          [
            -122.398182,
            37.799319
          ],
          [
            -122.398242,
            37.799249
          ],
          [
            -122.398332,
            37.799289
          ],
          [
            -122.398412,
            37.799319
          ],
          [
            -122.398362,
            37.799019
          ],
          [
            -122.398242,
            37.799009
          ],
          [
            -122.397742,
            37.799059
          ],
          [
            -122.397102,
            37.799149
          ],
          [
            -122.396762,
            37.799199
          ],
          [
            -122.396762,
            37.799019
          ],
          [
            -122.397142,
            37.798959
          ],
          [
            -122.397692,
            37.798879
          ],
          [
            -122.397982,
            37.798839
          ],
          [
            -122.398152,
            37.798809
          ]
        ]
      }
    },
    {
      "type": "Feature",
      "properties": {
        "FEATURE_ID": 928412,
        "FEATURE": 12,
        "SOURCE_ID": "T00687",
        "DATA_SOURC": "P",
        "SRC_DATE": "18570101",
        "HOR_ACC": "0",
        "INFORM": "Wharf",
        "RESOLUTION": 0,
        "ATTRIBUTE": "Man-made.Wharf Or Quay",
        "CLASS": "SHORELINE",
        "F_CODE": null,
        "EX_METH": "M",
        "EXTRACT_TE": "P",
        "_selecter_format": "shapefile",
        "_selecter_sourcecrs": "EPSG:4269",
        "_selecter_source": "CA37B08 1857 SF",
        "_selecter_imported": "2026-08-03T23:06:12.543Z"
      },
      "geometry": {
        "type": "LineString",
        "coordinates": [
          [
            -122.398152,
            37.798809
          ],
          [
            -122.398302,
            37.798789
          ],
          [
            -122.398222,
            37.798329
          ],
          [
            -122.398182,
            37.798019
          ],
          [
            -122.397862,
            37.798059
          ],
          [
            -122.397562,
            37.798099
          ],
          [
            -122.396982,
            37.798159
          ],
          [
            -122.396562,
            37.798219
          ],
          [
            -122.396262,
            37.798249
          ],
          [
            -122.395992,
            37.798289
          ],
          [
            -122.395512,
            37.798349
          ],
          [
            -122.394892,
            37.798429
          ],
          [
            -122.394472,
            37.798489
          ],
          [
            -122.394442,
            37.798339
          ],
          [
            -122.394492,
            37.798299
          ],
          [
            -122.395102,
            37.798229
          ],
          [
            -122.395742,
            37.798139
          ],
          [
            -122.396542,
            37.798059
          ],
          [
            -122.396652,
            37.798069
          ],
          [
            -122.396802,
            37.798029
          ],
          [
            -122.396792,
            37.797939
          ],
          [
            -122.396942,
            37.797939
          ],
          [
            -122.397032,
            37.797899
          ],
          [
            -122.397012,
            37.797749
          ],
          [
            -122.396442,
            37.797799
          ],
          [
            -122.396282,
            37.797349
          ],
          [
            -122.395742,
            37.797419
          ],
          [
            -122.394412,
            37.797589
          ],
          [
            -122.394372,
            37.797469
          ],
          [
            -122.394902,
            37.797409
          ],
          [
            -122.395922,
            37.797269
          ],
          [
            -122.396122,
            37.797229
          ],
          [
            -122.396062,
            37.797149
          ],
          [
            -122.395732,
            37.796929
          ],
          [
            -122.395722,
            37.796829
          ],
          [
            -122.395562,
            37.796709
          ],
          [
            -122.395382,
            37.796559
          ],
          [
            -122.395182,
            37.796579
          ],
          [
            -122.394922,
            37.796619
          ],
          [
            -122.394632,
            37.796649
          ],
          [
            -122.394542,
            37.796669
          ],
          [
            -122.394362,
            37.796769
          ],
          [
            -122.394152,
            37.796919
          ],
          [
            -122.393972,
            37.796989
          ],
          [
            -122.393762,
            37.797069
          ],
          [
            -122.393662,
            37.797139
          ],
          [
            -122.393592,
            37.797039
          ],
          [
            -122.393682,
            37.796989
          ],
          [
            -122.393972,
            37.796869
          ],
          [
            -122.394132,
            37.796819
          ],
          [
            -122.394522,
            37.796559
          ],
          [
            -122.394602,
            37.796499
          ],
          [
            -122.395102,
            37.796449
          ],
          [
            -122.395252,
            37.796459
          ],
          [
            -122.395152,
            37.796329
          ]
        ]
      }
    },
    {
      "type": "Feature",
      "properties": {
        "FEATURE_ID": 928414,
        "FEATURE": 12,
        "SOURCE_ID": "T00687",
        "DATA_SOURC": "P",
        "SRC_DATE": "18570101",
        "HOR_ACC": "0",
        "INFORM": "Wharf",
        "RESOLUTION": 0,
        "ATTRIBUTE": "Man-made.Wharf Or Quay",
        "CLASS": "SHORELINE",
        "F_CODE": null,
        "EX_METH": "M",
        "EXTRACT_TE": "P",
        "_selecter_format": "shapefile",
        "_selecter_sourcecrs": "EPSG:4269",
        "_selecter_source": "CA37B08 1857 SF",
        "_selecter_imported": "2026-08-03T23:06:12.543Z"
      },
      "geometry": {
        "type": "LineString",
        "coordinates": [
          [
            -122.394672,
            37.795959
          ],
          [
            -122.394482,
            37.796079
          ],
          [
            -122.394272,
            37.796249
          ],
          [
            -122.394072,
            37.796429
          ],
          [
            -122.393852,
            37.796559
          ],
          [
            -122.393582,
            37.796609
          ],
          [
            -122.392932,
            37.796689
          ],
          [
            -122.392932,
            37.796559
          ],
          [
            -122.393222,
            37.796509
          ],
          [
            -122.393832,
            37.796449
          ],
          [
            -122.394252,
            37.796079
          ],
          [
            -122.394892,
            37.795589
          ],
          [
            -122.394732,
            37.795449
          ],
          [
            -122.394462,
            37.795639
          ],
          [
            -122.394392,
            37.795569
          ],
          [
            -122.394552,
            37.795459
          ],
          [
            -122.394512,
            37.795399
          ],
          [
            -122.394542,
            37.795349
          ],
          [
            -122.394502,
            37.795299
          ],
          [
            -122.394392,
            37.795369
          ],
          [
            -122.393392,
            37.796169
          ],
          [
            -122.393302,
            37.796069
          ],
          [
            -122.393972,
            37.795529
          ],
          [
            -122.394352,
            37.795249
          ],
          [
            -122.394222,
            37.795099
          ],
          [
            -122.394012,
            37.795249
          ],
          [
            -122.393942,
            37.795189
          ],
          [
            -122.394142,
            37.795019
          ],
          [
            -122.394012,
            37.794899
          ]
        ]
      }
    },
    {
      "type": "Feature",
      "properties": {
        "FEATURE_ID": 928418,
        "FEATURE": 12,
        "SOURCE_ID": "T00687",
        "DATA_SOURC": "P",
        "SRC_DATE": "18570101",
        "HOR_ACC": "0",
        "INFORM": "Wharf",
        "RESOLUTION": 0,
        "ATTRIBUTE": "Man-made.Wharf Or Quay",
        "CLASS": "SHORELINE",
        "F_CODE": null,
        "EX_METH": "M",
        "EXTRACT_TE": "P",
        "_selecter_format": "shapefile",
        "_selecter_sourcecrs": "EPSG:4269",
        "_selecter_source": "CA37B08 1857 SF",
        "_selecter_imported": "2026-08-03T23:06:12.543Z"
      },
      "geometry": {
        "type": "LineString",
        "coordinates": [
          [
            -122.389892,
            37.791409
          ],
          [
            -122.389852,
            37.791469
          ],
          [
            -122.389722,
            37.791359
          ],
          [
            -122.389772,
            37.791299
          ],
          [
            -122.389622,
            37.791159
          ],
          [
            -122.389722,
            37.791039
          ],
          [
            -122.389642,
            37.791009
          ],
          [
            -122.389382,
            37.791199
          ],
          [
            -122.389442,
            37.791279
          ],
          [
            -122.389532,
            37.791359
          ],
          [
            -122.390112,
            37.791839
          ],
          [
            -122.389962,
            37.791979
          ],
          [
            -122.389092,
            37.791269
          ],
          [
            -122.389732,
            37.790759
          ],
          [
            -122.389332,
            37.790439
          ],
          [
            -122.389152,
            37.790299
          ],
          [
            -122.389072,
            37.790229
          ],
          [
            -122.389152,
            37.790169
          ],
          [
            -122.389612,
            37.790529
          ],
          [
            -122.389742,
            37.790469
          ],
          [
            -122.389512,
            37.790229
          ],
          [
            -122.389562,
            37.790179
          ],
          [
            -122.389522,
            37.790119
          ],
          [
            -122.389612,
            37.790069
          ],
          [
            -122.389882,
            37.790279
          ],
          [
            -122.389952,
            37.790309
          ],
          [
            -122.390012,
            37.790289
          ],
          [
            -122.390152,
            37.790399
          ],
          [
            -122.390262,
            37.790329
          ],
          [
            -122.389922,
            37.790029
          ],
          [
            -122.389522,
            37.789739
          ],
          [
            -122.389402,
            37.789819
          ],
          [
            -122.389172,
            37.789979
          ],
          [
            -122.388832,
            37.789709
          ],
          [
            -122.389142,
            37.789459
          ],
          [
            -122.389372,
            37.789639
          ]
        ]
      }
    },
    {
      "type": "Feature",
      "properties": {
        "FEATURE_ID": 928415,
        "FEATURE": 12,
        "SOURCE_ID": "T00687",
        "DATA_SOURC": "P",
        "SRC_DATE": "18570101",
        "HOR_ACC": "0",
        "INFORM": "Wharf",
        "RESOLUTION": 0,
        "ATTRIBUTE": "Man-made.Wharf Or Quay",
        "CLASS": "SHORELINE",
        "F_CODE": null,
        "EX_METH": "M",
        "EXTRACT_TE": "P",
        "_selecter_format": "shapefile",
        "_selecter_sourcecrs": "EPSG:4269",
        "_selecter_source": "CA37B08 1857 SF",
        "_selecter_imported": "2026-08-03T23:06:12.543Z"
      },
      "geometry": {
        "type": "LineString",
        "coordinates": [
          [
            -122.394012,
            37.794899
          ],
          [
            -122.393862,
            37.795019
          ],
          [
            -122.393232,
            37.795499
          ],
          [
            -122.392092,
            37.796399
          ],
          [
            -122.391982,
            37.796319
          ],
          [
            -122.392932,
            37.795569
          ],
          [
            -122.393392,
            37.795209
          ],
          [
            -122.393532,
            37.795089
          ],
          [
            -122.393672,
            37.794979
          ],
          [
            -122.393772,
            37.794969
          ],
          [
            -122.393952,
            37.794809
          ],
          [
            -122.393732,
            37.794619
          ],
          [
            -122.393522,
            37.794449
          ],
          [
            -122.393142,
            37.794749
          ],
          [
            -122.393092,
            37.794689
          ],
          [
            -122.393472,
            37.794369
          ],
          [
            -122.393392,
            37.794289
          ],
          [
            -122.393132,
            37.794489
          ],
          [
            -122.393072,
            37.794429
          ],
          [
            -122.393282,
            37.794259
          ],
          [
            -122.393322,
            37.794189
          ],
          [
            -122.393512,
            37.794059
          ],
          [
            -122.393522,
            37.793999
          ],
          [
            -122.393642,
            37.793899
          ],
          [
            -122.393562,
            37.793849
          ],
          [
            -122.392892,
            37.794389
          ],
          [
            -122.392752,
            37.794299
          ],
          [
            -122.393062,
            37.794049
          ]
        ]
      }
    },
    {
      "type": "Feature",
      "properties": {
        "FEATURE_ID": 928416,
        "FEATURE": 12,
        "SOURCE_ID": "T00687",
        "DATA_SOURC": "P",
        "SRC_DATE": "18570101",
        "HOR_ACC": "0",
        "INFORM": "Wharf",
        "RESOLUTION": 0,
        "ATTRIBUTE": "Man-made.Wharf Or Quay",
        "CLASS": "SHORELINE",
        "F_CODE": null,
        "EX_METH": "M",
        "EXTRACT_TE": "P",
        "_selecter_format": "shapefile",
        "_selecter_sourcecrs": "EPSG:4269",
        "_selecter_source": "CA37B08 1857 SF",
        "_selecter_imported": "2026-08-03T23:06:12.543Z"
      },
      "geometry": {
        "type": "LineString",
        "coordinates": [
          [
            -122.393062,
            37.794049
          ],
          [
            -122.393002,
            37.793979
          ],
          [
            -122.392662,
            37.794259
          ],
          [
            -122.392542,
            37.794169
          ],
          [
            -122.392602,
            37.794079
          ],
          [
            -122.392852,
            37.793869
          ],
          [
            -122.392742,
            37.793799
          ],
          [
            -122.392512,
            37.793969
          ],
          [
            -122.392432,
            37.793909
          ],
          [
            -122.392652,
            37.793719
          ],
          [
            -122.392572,
            37.793639
          ],
          [
            -122.392522,
            37.793709
          ],
          [
            -122.391892,
            37.794199
          ],
          [
            -122.391082,
            37.794829
          ],
          [
            -122.390922,
            37.794689
          ],
          [
            -122.391332,
            37.794349
          ],
          [
            -122.391932,
            37.793849
          ],
          [
            -122.392082,
            37.793869
          ],
          [
            -122.392702,
            37.793389
          ],
          [
            -122.392612,
            37.793319
          ],
          [
            -122.392382,
            37.793489
          ],
          [
            -122.392192,
            37.793329
          ],
          [
            -122.392072,
            37.793409
          ],
          [
            -122.391932,
            37.793289
          ],
          [
            -122.391752,
            37.793429
          ],
          [
            -122.391652,
            37.793339
          ],
          [
            -122.391742,
            37.793239
          ],
          [
            -122.391662,
            37.793159
          ],
          [
            -122.391562,
            37.793209
          ],
          [
            -122.391522,
            37.793159
          ],
          [
            -122.391572,
            37.793099
          ],
          [
            -122.391612,
            37.793039
          ],
          [
            -122.391722,
            37.792929
          ],
          [
            -122.391662,
            37.792889
          ],
          [
            -122.391442,
            37.793059
          ],
          [
            -122.391362,
            37.793019
          ],
          [
            -122.391232,
            37.793129
          ],
          [
            -122.391162,
            37.793049
          ],
          [
            -122.391502,
            37.792769
          ],
          [
            -122.391472,
            37.792699
          ],
          [
            -122.391222,
            37.792509
          ],
          [
            -122.391052,
            37.792629
          ],
          [
            -122.390972,
            37.792599
          ],
          [
            -122.391122,
            37.792469
          ],
          [
            -122.391062,
            37.792379
          ],
          [
            -122.391262,
            37.792229
          ],
          [
            -122.391412,
            37.792119
          ],
          [
            -122.391242,
            37.791959
          ],
          [
            -122.390892,
            37.792209
          ],
          [
            -122.390812,
            37.792129
          ],
          [
            -122.391112,
            37.791879
          ],
          [
            -122.390972,
            37.791739
          ],
          [
            -122.390632,
            37.791989
          ],
          [
            -122.390542,
            37.791929
          ]
        ]
      }
    },
    {
      "type": "Feature",
      "properties": {
        "FEATURE_ID": 929999,
        "FEATURE": 15,
        "SOURCE_ID": "T00687",
        "DATA_SOURC": "P",
        "SRC_DATE": "18570101",
        "HOR_ACC": "0",
        "INFORM": "\u0000\u0000\u0000\u0000\u0000\u0000\u0000\u0000\u0000\u0000\u0000\u0000\u0000\u0000\u0000\u0000\u0000\u0000\u0000\u0000\u0000\u0000\u0000\u0000\u0000\u0000\u0000\u0000\u0000\u0000\u0000\u0000\u0000\u0000\u0000\u0000\u0000\u0000\u0000\u0000\u0000\u0000\u0000\u0000\u0000\u0000\u0000\u0000\u0000\u0000\u0000\u0000\u0000\u0000\u0000\u0000\u0000\u0000\u0000\u0000\u0000\u0000\u0000\u0000\u0000\u0000\u0000\u0000\u0000\u0000\u0000\u0000\u0000\u0000\u0000\u0000\u0000\u0000\u0000\u0000\u0000\u0000\u0000\u0000\u0000\u0000\u0000\u0000\u0000\u0000\u0000\u0000\u0000\u0000\u0000\u0000\u0000\u0000\u0000\u0000\u0000\u0000\u0000\u0000\u0000\u0000\u0000\u0000\u0000\u0000\u0000\u0000\u0000\u0000\u0000\u0000\u0000\u0000\u0000\u0000\u0000\u0000\u0000\u0000\u0000\u0000\u0000\u0000\u0000\u0000\u0000\u0000\u0000\u0000\u0000\u0000\u0000\u0000\u0000\u0000\u0000\u0000\u0000\u0000\u0000\u0000\u0000\u0000\u0000\u0000\u0000\u0000\u0000\u0000\u0000\u0000\u0000\u0000\u0000\u0000\u0000\u0000\u0000\u0000\u0000\u0000\u0000\u0000\u0000\u0000\u0000\u0000\u0000\u0000\u0000\u0000\u0000\u0000\u0000\u0000\u0000\u0000\u0000\u0000\u0000\u0000\u0000\u0000\u0000\u0000\u0000\u0000\u0000\u0000\u0000\u0000\u0000\u0000\u0000\u0000\u0000\u0000\u0000\u0000\u0000\u0000\u0000\u0000\u0000\u0000\u0000\u0000\u0000\u0000\u0000\u0000\u0000\u0000\u0000\u0000\u0000\u0000\u0000\u0000\u0000\u0000\u0000\u0000\u0000\u0000\u0000\u0000\u0000\u0000\u0000\u0000\u0000\u0000\u0000\u0000\u0000\u0000\u0000\u0000\u0000\u0000\u0000\u0000\u0000\u0000\u0000\u0000\u0000\u0000",
        "RESOLUTION": 0,
        "ATTRIBUTE": "Natural.Apparent.Marsh Or Swamp",
        "CLASS": "SHORELINE",
        "F_CODE": null,
        "EX_METH": "M",
        "EXTRACT_TE": "P",
        "_selecter_format": "shapefile",
        "_selecter_sourcecrs": "EPSG:4269",
        "_selecter_source": "CA37B08 1857 SF",
        "_selecter_imported": "2026-08-03T23:06:12.543Z"
      },
      "geometry": {
        "type": "LineString",
        "coordinates": [
          [
            -122.401512,
            37.74795
          ],
          [
            -122.401422,
            37.748
          ],
          [
            -122.401262,
            37.748
          ],
          [
            -122.401122,
            37.74798
          ],
          [
            -122.400942,
            37.74793
          ],
          [
            -122.400802,
            37.74779
          ],
          [
            -122.400722,
            37.74768
          ],
          [
            -122.400662,
            37.74761
          ],
          [
            -122.400612,
            37.74756
          ],
          [
            -122.400512,
            37.74752
          ],
          [
            -122.400462,
            37.74748
          ],
          [
            -122.400402,
            37.74746
          ],
          [
            -122.400282,
            37.74745
          ],
          [
            -122.400182,
            37.74746
          ]
        ]
      }
    },
    {
      "type": "Feature",
      "properties": {
        "FEATURE_ID": 930012,
        "FEATURE": 15,
        "SOURCE_ID": "T00687",
        "DATA_SOURC": "P",
        "SRC_DATE": "18570101",
        "HOR_ACC": "0",
        "INFORM": "\u0000\u0000\u0000\u0000\u0000\u0000\u0000\u0000\u0000\u0000\u0000\u0000\u0000\u0000\u0000\u0000\u0000\u0000\u0000\u0000\u0000\u0000\u0000\u0000\u0000\u0000\u0000\u0000\u0000\u0000\u0000\u0000\u0000\u0000\u0000\u0000\u0000\u0000\u0000\u0000\u0000\u0000\u0000\u0000\u0000\u0000\u0000\u0000\u0000\u0000\u0000\u0000\u0000\u0000\u0000\u0000\u0000\u0000\u0000\u0000\u0000\u0000\u0000\u0000\u0000\u0000\u0000\u0000\u0000\u0000\u0000\u0000\u0000\u0000\u0000\u0000\u0000\u0000\u0000\u0000\u0000\u0000\u0000\u0000\u0000\u0000\u0000\u0000\u0000\u0000\u0000\u0000\u0000\u0000\u0000\u0000\u0000\u0000\u0000\u0000\u0000\u0000\u0000\u0000\u0000\u0000\u0000\u0000\u0000\u0000\u0000\u0000\u0000\u0000\u0000\u0000\u0000\u0000\u0000\u0000\u0000\u0000\u0000\u0000\u0000\u0000\u0000\u0000\u0000\u0000\u0000\u0000\u0000\u0000\u0000\u0000\u0000\u0000\u0000\u0000\u0000\u0000\u0000\u0000\u0000\u0000\u0000\u0000\u0000\u0000\u0000\u0000\u0000\u0000\u0000\u0000\u0000\u0000\u0000\u0000\u0000\u0000\u0000\u0000\u0000\u0000\u0000\u0000\u0000\u0000\u0000\u0000\u0000\u0000\u0000\u0000\u0000\u0000\u0000\u0000\u0000\u0000\u0000\u0000\u0000\u0000\u0000\u0000\u0000\u0000\u0000\u0000\u0000\u0000\u0000\u0000\u0000\u0000\u0000\u0000\u0000\u0000\u0000\u0000\u0000\u0000\u0000\u0000\u0000\u0000\u0000\u0000\u0000\u0000\u0000\u0000\u0000\u0000\u0000\u0000\u0000\u0000\u0000\u0000\u0000\u0000\u0000\u0000\u0000\u0000\u0000\u0000\u0000\u0000\u0000\u0000\u0000\u0000\u0000\u0000\u0000\u0000\u0000\u0000\u0000\u0000\u0000\u0000\u0000\u0000\u0000\u0000\u0000\u0000",
        "RESOLUTION": 0,
        "ATTRIBUTE": "Natural.Apparent.Marsh Or Swamp",
        "CLASS": "SHORELINE",
        "F_CODE": null,
        "EX_METH": "M",
        "EXTRACT_TE": "P",
        "_selecter_format": "shapefile",
        "_selecter_sourcecrs": "EPSG:4269",
        "_selecter_source": "CA37B08 1857 SF",
        "_selecter_imported": "2026-08-03T23:06:12.543Z"
      },
      "geometry": {
        "type": "LineString",
        "coordinates": [
          [
            -122.390182,
            37.76585
          ],
          [
            -122.390202,
            37.76594
          ],
          [
            -122.390212,
            37.76603
          ],
          [
            -122.390252,
            37.76614
          ],
          [
            -122.390212,
            37.7662
          ],
          [
            -122.390122,
            37.76624
          ],
          [
            -122.390032,
            37.76626
          ],
          [
            -122.389932,
            37.76631
          ],
          [
            -122.389822,
            37.76638
          ],
          [
            -122.389762,
            37.76646
          ],
          [
            -122.389652,
            37.76646
          ],
          [
            -122.389492,
            37.76639
          ],
          [
            -122.389392,
            37.76631
          ],
          [
            -122.389252,
            37.76632
          ],
          [
            -122.389112,
            37.76632
          ],
          [
            -122.388952,
            37.76631
          ],
          [
            -122.388862,
            37.76628
          ],
          [
            -122.388732,
            37.76626
          ],
          [
            -122.388592,
            37.76621
          ],
          [
            -122.388452,
            37.76615
          ],
          [
            -122.388352,
            37.76613
          ],
          [
            -122.388232,
            37.76616
          ],
          [
            -122.388132,
            37.76618
          ],
          [
            -122.388072,
            37.76624
          ],
          [
            -122.387962,
            37.76627
          ],
          [
            -122.387862,
            37.76629
          ],
          [
            -122.387732,
            37.76633
          ],
          [
            -122.387612,
            37.76631
          ],
          [
            -122.387652,
            37.76619
          ],
          [
            -122.387742,
            37.76615
          ],
          [
            -122.387942,
            37.76617
          ],
          [
            -122.388062,
            37.76613
          ],
          [
            -122.388172,
            37.76607
          ],
          [
            -122.388292,
            37.76602
          ],
          [
            -122.388352,
            37.76596
          ],
          [
            -122.388352,
            37.76586
          ],
          [
            -122.388512,
            37.76578
          ],
          [
            -122.388582,
            37.76562
          ],
          [
            -122.388722,
            37.76545
          ],
          [
            -122.388802,
            37.76528
          ],
          [
            -122.388892,
            37.76503
          ],
          [
            -122.388902,
            37.76491
          ],
          [
            -122.388912,
            37.76477
          ],
          [
            -122.388912,
            37.76462
          ],
          [
            -122.388952,
            37.76449
          ],
          [
            -122.388942,
            37.76439
          ],
          [
            -122.388962,
            37.76424
          ],
          [
            -122.388962,
            37.76403
          ],
          [
            -122.388962,
            37.76389
          ],
          [
            -122.388992,
            37.76371
          ],
          [
            -122.389002,
            37.76357
          ],
          [
            -122.388982,
            37.76348
          ],
          [
            -122.388972,
            37.76342
          ]
        ]
      }
    },
    {
      "type": "Feature",
      "properties": {
        "FEATURE_ID": 930013,
        "FEATURE": 15,
        "SOURCE_ID": "T00687",
        "DATA_SOURC": "P",
        "SRC_DATE": "18570101",
        "HOR_ACC": "0",
        "INFORM": "\u0000\u0000\u0000\u0000\u0000\u0000\u0000\u0000\u0000\u0000\u0000\u0000\u0000\u0000\u0000\u0000\u0000\u0000\u0000\u0000\u0000\u0000\u0000\u0000\u0000\u0000\u0000\u0000\u0000\u0000\u0000\u0000\u0000\u0000\u0000\u0000\u0000\u0000\u0000\u0000\u0000\u0000\u0000\u0000\u0000\u0000\u0000\u0000\u0000\u0000\u0000\u0000\u0000\u0000\u0000\u0000\u0000\u0000\u0000\u0000\u0000\u0000\u0000\u0000\u0000\u0000\u0000\u0000\u0000\u0000\u0000\u0000\u0000\u0000\u0000\u0000\u0000\u0000\u0000\u0000\u0000\u0000\u0000\u0000\u0000\u0000\u0000\u0000\u0000\u0000\u0000\u0000\u0000\u0000\u0000\u0000\u0000\u0000\u0000\u0000\u0000\u0000\u0000\u0000\u0000\u0000\u0000\u0000\u0000\u0000\u0000\u0000\u0000\u0000\u0000\u0000\u0000\u0000\u0000\u0000\u0000\u0000\u0000\u0000\u0000\u0000\u0000\u0000\u0000\u0000\u0000\u0000\u0000\u0000\u0000\u0000\u0000\u0000\u0000\u0000\u0000\u0000\u0000\u0000\u0000\u0000\u0000\u0000\u0000\u0000\u0000\u0000\u0000\u0000\u0000\u0000\u0000\u0000\u0000\u0000\u0000\u0000\u0000\u0000\u0000\u0000\u0000\u0000\u0000\u0000\u0000\u0000\u0000\u0000\u0000\u0000\u0000\u0000\u0000\u0000\u0000\u0000\u0000\u0000\u0000\u0000\u0000\u0000\u0000\u0000\u0000\u0000\u0000\u0000\u0000\u0000\u0000\u0000\u0000\u0000\u0000\u0000\u0000\u0000\u0000\u0000\u0000\u0000\u0000\u0000\u0000\u0000\u0000\u0000\u0000\u0000\u0000\u0000\u0000\u0000\u0000\u0000\u0000\u0000\u0000\u0000\u0000\u0000\u0000\u0000\u0000\u0000\u0000\u0000\u0000\u0000\u0000\u0000\u0000\u0000\u0000\u0000\u0000\u0000\u0000\u0000\u0000\u0000\u0000\u0000\u0000\u0000\u0000\u0000",
        "RESOLUTION": 0,
        "ATTRIBUTE": "Natural.Apparent.Marsh Or Swamp",
        "CLASS": "SHORELINE",
        "F_CODE": null,
        "EX_METH": "M",
        "EXTRACT_TE": "P",
        "_selecter_format": "shapefile",
        "_selecter_sourcecrs": "EPSG:4269",
        "_selecter_source": "CA37B08 1857 SF",
        "_selecter_imported": "2026-08-03T23:06:12.543Z"
      },
      "geometry": {
        "type": "LineString",
        "coordinates": [
          [
            -122.386972,
            37.76636
          ],
          [
            -122.386932,
            37.76639
          ],
          [
            -122.386862,
            37.76643
          ],
          [
            -122.386852,
            37.76638
          ],
          [
            -122.386882,
            37.76634
          ],
          [
            -122.386932,
            37.76632
          ],
          [
            -122.386972,
            37.76636
          ]
        ]
      }
    },
    {
      "type": "Feature",
      "properties": {
        "FEATURE_ID": 930014,
        "FEATURE": 15,
        "SOURCE_ID": "T00687",
        "DATA_SOURC": "P",
        "SRC_DATE": "18570101",
        "HOR_ACC": "0",
        "INFORM": "\u0000\u0000\u0000\u0000\u0000\u0000\u0000\u0000\u0000\u0000\u0000\u0000\u0000\u0000\u0000\u0000\u0000\u0000\u0000\u0000\u0000\u0000\u0000\u0000\u0000\u0000\u0000\u0000\u0000\u0000\u0000\u0000\u0000\u0000\u0000\u0000\u0000\u0000\u0000\u0000\u0000\u0000\u0000\u0000\u0000\u0000\u0000\u0000\u0000\u0000\u0000\u0000\u0000\u0000\u0000\u0000\u0000\u0000\u0000\u0000\u0000\u0000\u0000\u0000\u0000\u0000\u0000\u0000\u0000\u0000\u0000\u0000\u0000\u0000\u0000\u0000\u0000\u0000\u0000\u0000\u0000\u0000\u0000\u0000\u0000\u0000\u0000\u0000\u0000\u0000\u0000\u0000\u0000\u0000\u0000\u0000\u0000\u0000\u0000\u0000\u0000\u0000\u0000\u0000\u0000\u0000\u0000\u0000\u0000\u0000\u0000\u0000\u0000\u0000\u0000\u0000\u0000\u0000\u0000\u0000\u0000\u0000\u0000\u0000\u0000\u0000\u0000\u0000\u0000\u0000\u0000\u0000\u0000\u0000\u0000\u0000\u0000\u0000\u0000\u0000\u0000\u0000\u0000\u0000\u0000\u0000\u0000\u0000\u0000\u0000\u0000\u0000\u0000\u0000\u0000\u0000\u0000\u0000\u0000\u0000\u0000\u0000\u0000\u0000\u0000\u0000\u0000\u0000\u0000\u0000\u0000\u0000\u0000\u0000\u0000\u0000\u0000\u0000\u0000\u0000\u0000\u0000\u0000\u0000\u0000\u0000\u0000\u0000\u0000\u0000\u0000\u0000\u0000\u0000\u0000\u0000\u0000\u0000\u0000\u0000\u0000\u0000\u0000\u0000\u0000\u0000\u0000\u0000\u0000\u0000\u0000\u0000\u0000\u0000\u0000\u0000\u0000\u0000\u0000\u0000\u0000\u0000\u0000\u0000\u0000\u0000\u0000\u0000\u0000\u0000\u0000\u0000\u0000\u0000\u0000\u0000\u0000\u0000\u0000\u0000\u0000\u0000\u0000\u0000\u0000\u0000\u0000\u0000\u0000\u0000\u0000\u0000\u0000\u0000",
        "RESOLUTION": 0,
        "ATTRIBUTE": "Natural.Apparent.Marsh Or Swamp",
        "CLASS": "SHORELINE",
        "F_CODE": null,
        "EX_METH": "M",
        "EXTRACT_TE": "P",
        "_selecter_format": "shapefile",
        "_selecter_sourcecrs": "EPSG:4269",
        "_selecter_source": "CA37B08 1857 SF",
        "_selecter_imported": "2026-08-03T23:06:12.543Z"
      },
      "geometry": {
        "type": "LineString",
        "coordinates": [
          [
            -122.386932,
            37.76653
          ],
          [
            -122.386892,
            37.76657
          ],
          [
            -122.386822,
            37.76657
          ],
          [
            -122.386832,
            37.76651
          ],
          [
            -122.386892,
            37.76648
          ],
          [
            -122.386932,
            37.76653
          ]
        ]
      }
    },
    {
      "type": "Feature",
      "properties": {
        "FEATURE_ID": 930015,
        "FEATURE": 15,
        "SOURCE_ID": "T00687",
        "DATA_SOURC": "P",
        "SRC_DATE": "18570101",
        "HOR_ACC": "0",
        "INFORM": "\u0000\u0000\u0000\u0000\u0000\u0000\u0000\u0000\u0000\u0000\u0000\u0000\u0000\u0000\u0000\u0000\u0000\u0000\u0000\u0000\u0000\u0000\u0000\u0000\u0000\u0000\u0000\u0000\u0000\u0000\u0000\u0000\u0000\u0000\u0000\u0000\u0000\u0000\u0000\u0000\u0000\u0000\u0000\u0000\u0000\u0000\u0000\u0000\u0000\u0000\u0000\u0000\u0000\u0000\u0000\u0000\u0000\u0000\u0000\u0000\u0000\u0000\u0000\u0000\u0000\u0000\u0000\u0000\u0000\u0000\u0000\u0000\u0000\u0000\u0000\u0000\u0000\u0000\u0000\u0000\u0000\u0000\u0000\u0000\u0000\u0000\u0000\u0000\u0000\u0000\u0000\u0000\u0000\u0000\u0000\u0000\u0000\u0000\u0000\u0000\u0000\u0000\u0000\u0000\u0000\u0000\u0000\u0000\u0000\u0000\u0000\u0000\u0000\u0000\u0000\u0000\u0000\u0000\u0000\u0000\u0000\u0000\u0000\u0000\u0000\u0000\u0000\u0000\u0000\u0000\u0000\u0000\u0000\u0000\u0000\u0000\u0000\u0000\u0000\u0000\u0000\u0000\u0000\u0000\u0000\u0000\u0000\u0000\u0000\u0000\u0000\u0000\u0000\u0000\u0000\u0000\u0000\u0000\u0000\u0000\u0000\u0000\u0000\u0000\u0000\u0000\u0000\u0000\u0000\u0000\u0000\u0000\u0000\u0000\u0000\u0000\u0000\u0000\u0000\u0000\u0000\u0000\u0000\u0000\u0000\u0000\u0000\u0000\u0000\u0000\u0000\u0000\u0000\u0000\u0000\u0000\u0000\u0000\u0000\u0000\u0000\u0000\u0000\u0000\u0000\u0000\u0000\u0000\u0000\u0000\u0000\u0000\u0000\u0000\u0000\u0000\u0000\u0000\u0000\u0000\u0000\u0000\u0000\u0000\u0000\u0000\u0000\u0000\u0000\u0000\u0000\u0000\u0000\u0000\u0000\u0000\u0000\u0000\u0000\u0000\u0000\u0000\u0000\u0000\u0000\u0000\u0000\u0000\u0000\u0000\u0000\u0000\u0000\u0000",
        "RESOLUTION": 0,
        "ATTRIBUTE": "Natural.Apparent.Marsh Or Swamp",
        "CLASS": "SHORELINE",
        "F_CODE": null,
        "EX_METH": "M",
        "EXTRACT_TE": "P",
        "_selecter_format": "shapefile",
        "_selecter_sourcecrs": "EPSG:4269",
        "_selecter_source": "CA37B08 1857 SF",
        "_selecter_imported": "2026-08-03T23:06:12.543Z"
      },
      "geometry": {
        "type": "LineString",
        "coordinates": [
          [
            -122.386712,
            37.76669
          ],
          [
            -122.386672,
            37.76672
          ],
          [
            -122.386632,
            37.76671
          ],
          [
            -122.386602,
            37.76669
          ],
          [
            -122.386572,
            37.76666
          ],
          [
            -122.386552,
            37.76663
          ],
          [
            -122.386582,
            37.76659
          ],
          [
            -122.386682,
            37.76659
          ],
          [
            -122.386702,
            37.76664
          ],
          [
            -122.386712,
            37.76669
          ]
        ]
      }
    },
    {
      "type": "Feature",
      "properties": {
        "FEATURE_ID": 930016,
        "FEATURE": 15,
        "SOURCE_ID": "T00687",
        "DATA_SOURC": "P",
        "SRC_DATE": "18570101",
        "HOR_ACC": "0",
        "INFORM": "\u0000\u0000\u0000\u0000\u0000\u0000\u0000\u0000\u0000\u0000\u0000\u0000\u0000\u0000\u0000\u0000\u0000\u0000\u0000\u0000\u0000\u0000\u0000\u0000\u0000\u0000\u0000\u0000\u0000\u0000\u0000\u0000\u0000\u0000\u0000\u0000\u0000\u0000\u0000\u0000\u0000\u0000\u0000\u0000\u0000\u0000\u0000\u0000\u0000\u0000\u0000\u0000\u0000\u0000\u0000\u0000\u0000\u0000\u0000\u0000\u0000\u0000\u0000\u0000\u0000\u0000\u0000\u0000\u0000\u0000\u0000\u0000\u0000\u0000\u0000\u0000\u0000\u0000\u0000\u0000\u0000\u0000\u0000\u0000\u0000\u0000\u0000\u0000\u0000\u0000\u0000\u0000\u0000\u0000\u0000\u0000\u0000\u0000\u0000\u0000\u0000\u0000\u0000\u0000\u0000\u0000\u0000\u0000\u0000\u0000\u0000\u0000\u0000\u0000\u0000\u0000\u0000\u0000\u0000\u0000\u0000\u0000\u0000\u0000\u0000\u0000\u0000\u0000\u0000\u0000\u0000\u0000\u0000\u0000\u0000\u0000\u0000\u0000\u0000\u0000\u0000\u0000\u0000\u0000\u0000\u0000\u0000\u0000\u0000\u0000\u0000\u0000\u0000\u0000\u0000\u0000\u0000\u0000\u0000\u0000\u0000\u0000\u0000\u0000\u0000\u0000\u0000\u0000\u0000\u0000\u0000\u0000\u0000\u0000\u0000\u0000\u0000\u0000\u0000\u0000\u0000\u0000\u0000\u0000\u0000\u0000\u0000\u0000\u0000\u0000\u0000\u0000\u0000\u0000\u0000\u0000\u0000\u0000\u0000\u0000\u0000\u0000\u0000\u0000\u0000\u0000\u0000\u0000\u0000\u0000\u0000\u0000\u0000\u0000\u0000\u0000\u0000\u0000\u0000\u0000\u0000\u0000\u0000\u0000\u0000\u0000\u0000\u0000\u0000\u0000\u0000\u0000\u0000\u0000\u0000\u0000\u0000\u0000\u0000\u0000\u0000\u0000\u0000\u0000\u0000\u0000\u0000\u0000\u0000\u0000\u0000\u0000\u0000\u0000",
        "RESOLUTION": 0,
        "ATTRIBUTE": "Natural.Apparent.Marsh Or Swamp",
        "CLASS": "SHORELINE",
        "F_CODE": null,
        "EX_METH": "M",
        "EXTRACT_TE": "P",
        "_selecter_format": "shapefile",
        "_selecter_sourcecrs": "EPSG:4269",
        "_selecter_source": "CA37B08 1857 SF",
        "_selecter_imported": "2026-08-03T23:06:12.543Z"
      },
      "geometry": {
        "type": "LineString",
        "coordinates": [
          [
            -122.386512,
            37.76675
          ],
          [
            -122.386502,
            37.76679
          ],
          [
            -122.386462,
            37.7668
          ],
          [
            -122.386392,
            37.76678
          ],
          [
            -122.386332,
            37.7668
          ],
          [
            -122.386322,
            37.76674
          ],
          [
            -122.386342,
            37.7667
          ],
          [
            -122.386422,
            37.76667
          ],
          [
            -122.386472,
            37.76669
          ],
          [
            -122.386512,
            37.76675
          ]
        ]
      }
    },
    {
      "type": "Feature",
      "properties": {
        "FEATURE_ID": 930017,
        "FEATURE": 15,
        "SOURCE_ID": "T00687",
        "DATA_SOURC": "P",
        "SRC_DATE": "18570101",
        "HOR_ACC": "0",
        "INFORM": "\u0000\u0000\u0000\u0000\u0000\u0000\u0000\u0000\u0000\u0000\u0000\u0000\u0000\u0000\u0000\u0000\u0000\u0000\u0000\u0000\u0000\u0000\u0000\u0000\u0000\u0000\u0000\u0000\u0000\u0000\u0000\u0000\u0000\u0000\u0000\u0000\u0000\u0000\u0000\u0000\u0000\u0000\u0000\u0000\u0000\u0000\u0000\u0000\u0000\u0000\u0000\u0000\u0000\u0000\u0000\u0000\u0000\u0000\u0000\u0000\u0000\u0000\u0000\u0000\u0000\u0000\u0000\u0000\u0000\u0000\u0000\u0000\u0000\u0000\u0000\u0000\u0000\u0000\u0000\u0000\u0000\u0000\u0000\u0000\u0000\u0000\u0000\u0000\u0000\u0000\u0000\u0000\u0000\u0000\u0000\u0000\u0000\u0000\u0000\u0000\u0000\u0000\u0000\u0000\u0000\u0000\u0000\u0000\u0000\u0000\u0000\u0000\u0000\u0000\u0000\u0000\u0000\u0000\u0000\u0000\u0000\u0000\u0000\u0000\u0000\u0000\u0000\u0000\u0000\u0000\u0000\u0000\u0000\u0000\u0000\u0000\u0000\u0000\u0000\u0000\u0000\u0000\u0000\u0000\u0000\u0000\u0000\u0000\u0000\u0000\u0000\u0000\u0000\u0000\u0000\u0000\u0000\u0000\u0000\u0000\u0000\u0000\u0000\u0000\u0000\u0000\u0000\u0000\u0000\u0000\u0000\u0000\u0000\u0000\u0000\u0000\u0000\u0000\u0000\u0000\u0000\u0000\u0000\u0000\u0000\u0000\u0000\u0000\u0000\u0000\u0000\u0000\u0000\u0000\u0000\u0000\u0000\u0000\u0000\u0000\u0000\u0000\u0000\u0000\u0000\u0000\u0000\u0000\u0000\u0000\u0000\u0000\u0000\u0000\u0000\u0000\u0000\u0000\u0000\u0000\u0000\u0000\u0000\u0000\u0000\u0000\u0000\u0000\u0000\u0000\u0000\u0000\u0000\u0000\u0000\u0000\u0000\u0000\u0000\u0000\u0000\u0000\u0000\u0000\u0000\u0000\u0000\u0000\u0000\u0000\u0000\u0000\u0000\u0000",
        "RESOLUTION": 0,
        "ATTRIBUTE": "Natural.Apparent.Marsh Or Swamp",
        "CLASS": "SHORELINE",
        "F_CODE": null,
        "EX_METH": "M",
        "EXTRACT_TE": "P",
        "_selecter_format": "shapefile",
        "_selecter_sourcecrs": "EPSG:4269",
        "_selecter_source": "CA37B08 1857 SF",
        "_selecter_imported": "2026-08-03T23:06:12.543Z"
      },
      "geometry": {
        "type": "LineString",
        "coordinates": [
          [
            -122.386272,
            37.76688
          ],
          [
            -122.386232,
            37.76687
          ],
          [
            -122.386172,
            37.76686
          ],
          [
            -122.386142,
            37.76683
          ],
          [
            -122.386162,
            37.76679
          ],
          [
            -122.386222,
            37.76679
          ],
          [
            -122.386262,
            37.76683
          ],
          [
            -122.386272,
            37.76688
          ]
        ]
      }
    },
    {
      "type": "Feature",
      "properties": {
        "FEATURE_ID": 929077,
        "FEATURE": 15,
        "SOURCE_ID": "T00687",
        "DATA_SOURC": "P",
        "SRC_DATE": "18570101",
        "HOR_ACC": "0",
        "INFORM": "\u0000\u0000\u0000\u0000\u0000\u0000\u0000\u0000\u0000\u0000\u0000\u0000\u0000\u0000\u0000\u0000\u0000\u0000\u0000\u0000\u0000\u0000\u0000\u0000\u0000\u0000\u0000\u0000\u0000\u0000\u0000\u0000\u0000\u0000\u0000\u0000\u0000\u0000\u0000\u0000\u0000\u0000\u0000\u0000\u0000\u0000\u0000\u0000\u0000\u0000\u0000\u0000\u0000\u0000\u0000\u0000\u0000\u0000\u0000\u0000\u0000\u0000\u0000\u0000\u0000\u0000\u0000\u0000\u0000\u0000\u0000\u0000\u0000\u0000\u0000\u0000\u0000\u0000\u0000\u0000\u0000\u0000\u0000\u0000\u0000\u0000\u0000\u0000\u0000\u0000\u0000\u0000\u0000\u0000\u0000\u0000\u0000\u0000\u0000\u0000\u0000\u0000\u0000\u0000\u0000\u0000\u0000\u0000\u0000\u0000\u0000\u0000\u0000\u0000\u0000\u0000\u0000\u0000\u0000\u0000\u0000\u0000\u0000\u0000\u0000\u0000\u0000\u0000\u0000\u0000\u0000\u0000\u0000\u0000\u0000\u0000\u0000\u0000\u0000\u0000\u0000\u0000\u0000\u0000\u0000\u0000\u0000\u0000\u0000\u0000\u0000\u0000\u0000\u0000\u0000\u0000\u0000\u0000\u0000\u0000\u0000\u0000\u0000\u0000\u0000\u0000\u0000\u0000\u0000\u0000\u0000\u0000\u0000\u0000\u0000\u0000\u0000\u0000\u0000\u0000\u0000\u0000\u0000\u0000\u0000\u0000\u0000\u0000\u0000\u0000\u0000\u0000\u0000\u0000\u0000\u0000\u0000\u0000\u0000\u0000\u0000\u0000\u0000\u0000\u0000\u0000\u0000\u0000\u0000\u0000\u0000\u0000\u0000\u0000\u0000\u0000\u0000\u0000\u0000\u0000\u0000\u0000\u0000\u0000\u0000\u0000\u0000\u0000\u0000\u0000\u0000\u0000\u0000\u0000\u0000\u0000\u0000\u0000\u0000\u0000\u0000\u0000\u0000\u0000\u0000\u0000\u0000\u0000\u0000\u0000\u0000\u0000\u0000\u0000",
        "RESOLUTION": 0,
        "ATTRIBUTE": "Natural.Apparent.Marsh Or Swamp",
        "CLASS": "SHORELINE",
        "F_CODE": null,
        "EX_METH": "M",
        "EXTRACT_TE": "P",
        "_selecter_format": "shapefile",
        "_selecter_sourcecrs": "EPSG:4269",
        "_selecter_source": "CA37B08 1857 SF",
        "_selecter_imported": "2026-08-03T23:06:12.543Z"
      },
      "geometry": {
        "type": "LineString",
        "coordinates": [
          [
            -122.394262,
            37.74841
          ],
          [
            -122.394122,
            37.74839
          ],
          [
            -122.394012,
            37.74835
          ],
          [
            -122.393902,
            37.74833
          ],
          [
            -122.393782,
            37.74835
          ]
        ]
      }
    },
    {
      "type": "Feature",
      "properties": {
        "FEATURE_ID": 929078,
        "FEATURE": 15,
        "SOURCE_ID": "T00687",
        "DATA_SOURC": "P",
        "SRC_DATE": "18570101",
        "HOR_ACC": "0",
        "INFORM": "\u0000\u0000\u0000\u0000\u0000\u0000\u0000\u0000\u0000\u0000\u0000\u0000\u0000\u0000\u0000\u0000\u0000\u0000\u0000\u0000\u0000\u0000\u0000\u0000\u0000\u0000\u0000\u0000\u0000\u0000\u0000\u0000\u0000\u0000\u0000\u0000\u0000\u0000\u0000\u0000\u0000\u0000\u0000\u0000\u0000\u0000\u0000\u0000\u0000\u0000\u0000\u0000\u0000\u0000\u0000\u0000\u0000\u0000\u0000\u0000\u0000\u0000\u0000\u0000\u0000\u0000\u0000\u0000\u0000\u0000\u0000\u0000\u0000\u0000\u0000\u0000\u0000\u0000\u0000\u0000\u0000\u0000\u0000\u0000\u0000\u0000\u0000\u0000\u0000\u0000\u0000\u0000\u0000\u0000\u0000\u0000\u0000\u0000\u0000\u0000\u0000\u0000\u0000\u0000\u0000\u0000\u0000\u0000\u0000\u0000\u0000\u0000\u0000\u0000\u0000\u0000\u0000\u0000\u0000\u0000\u0000\u0000\u0000\u0000\u0000\u0000\u0000\u0000\u0000\u0000\u0000\u0000\u0000\u0000\u0000\u0000\u0000\u0000\u0000\u0000\u0000\u0000\u0000\u0000\u0000\u0000\u0000\u0000\u0000\u0000\u0000\u0000\u0000\u0000\u0000\u0000\u0000\u0000\u0000\u0000\u0000\u0000\u0000\u0000\u0000\u0000\u0000\u0000\u0000\u0000\u0000\u0000\u0000\u0000\u0000\u0000\u0000\u0000\u0000\u0000\u0000\u0000\u0000\u0000\u0000\u0000\u0000\u0000\u0000\u0000\u0000\u0000\u0000\u0000\u0000\u0000\u0000\u0000\u0000\u0000\u0000\u0000\u0000\u0000\u0000\u0000\u0000\u0000\u0000\u0000\u0000\u0000\u0000\u0000\u0000\u0000\u0000\u0000\u0000\u0000\u0000\u0000\u0000\u0000\u0000\u0000\u0000\u0000\u0000\u0000\u0000\u0000\u0000\u0000\u0000\u0000\u0000\u0000\u0000\u0000\u0000\u0000\u0000\u0000\u0000\u0000\u0000\u0000\u0000\u0000\u0000\u0000\u0000\u0000",
        "RESOLUTION": 0,
        "ATTRIBUTE": "Natural.Apparent.Marsh Or Swamp",
        "CLASS": "SHORELINE",
        "F_CODE": null,
        "EX_METH": "M",
        "EXTRACT_TE": "P",
        "_selecter_format": "shapefile",
        "_selecter_sourcecrs": "EPSG:4269",
        "_selecter_source": "CA37B08 1857 SF",
        "_selecter_imported": "2026-08-03T23:06:12.543Z"
      },
      "geometry": {
        "type": "LineString",
        "coordinates": [
          [
            -122.390982,
            37.76493
          ],
          [
            -122.390842,
            37.76504
          ],
          [
            -122.390732,
            37.7651
          ]
        ]
      }
    },
    {
      "type": "Feature",
      "properties": {
        "FEATURE_ID": 929081,
        "FEATURE": 15,
        "SOURCE_ID": "T00687",
        "DATA_SOURC": "P",
        "SRC_DATE": "18570101",
        "HOR_ACC": "0",
        "INFORM": "\u0000\u0000\u0000\u0000\u0000\u0000\u0000\u0000\u0000\u0000\u0000\u0000\u0000\u0000\u0000\u0000\u0000\u0000\u0000\u0000\u0000\u0000\u0000\u0000\u0000\u0000\u0000\u0000\u0000\u0000\u0000\u0000\u0000\u0000\u0000\u0000\u0000\u0000\u0000\u0000\u0000\u0000\u0000\u0000\u0000\u0000\u0000\u0000\u0000\u0000\u0000\u0000\u0000\u0000\u0000\u0000\u0000\u0000\u0000\u0000\u0000\u0000\u0000\u0000\u0000\u0000\u0000\u0000\u0000\u0000\u0000\u0000\u0000\u0000\u0000\u0000\u0000\u0000\u0000\u0000\u0000\u0000\u0000\u0000\u0000\u0000\u0000\u0000\u0000\u0000\u0000\u0000\u0000\u0000\u0000\u0000\u0000\u0000\u0000\u0000\u0000\u0000\u0000\u0000\u0000\u0000\u0000\u0000\u0000\u0000\u0000\u0000\u0000\u0000\u0000\u0000\u0000\u0000\u0000\u0000\u0000\u0000\u0000\u0000\u0000\u0000\u0000\u0000\u0000\u0000\u0000\u0000\u0000\u0000\u0000\u0000\u0000\u0000\u0000\u0000\u0000\u0000\u0000\u0000\u0000\u0000\u0000\u0000\u0000\u0000\u0000\u0000\u0000\u0000\u0000\u0000\u0000\u0000\u0000\u0000\u0000\u0000\u0000\u0000\u0000\u0000\u0000\u0000\u0000\u0000\u0000\u0000\u0000\u0000\u0000\u0000\u0000\u0000\u0000\u0000\u0000\u0000\u0000\u0000\u0000\u0000\u0000\u0000\u0000\u0000\u0000\u0000\u0000\u0000\u0000\u0000\u0000\u0000\u0000\u0000\u0000\u0000\u0000\u0000\u0000\u0000\u0000\u0000\u0000\u0000\u0000\u0000\u0000\u0000\u0000\u0000\u0000\u0000\u0000\u0000\u0000\u0000\u0000\u0000\u0000\u0000\u0000\u0000\u0000\u0000\u0000\u0000\u0000\u0000\u0000\u0000\u0000\u0000\u0000\u0000\u0000\u0000\u0000\u0000\u0000\u0000\u0000\u0000\u0000\u0000\u0000\u0000\u0000\u0000",
        "RESOLUTION": 0,
        "ATTRIBUTE": "Natural.Apparent.Marsh Or Swamp",
        "CLASS": "SHORELINE",
        "F_CODE": null,
        "EX_METH": "M",
        "EXTRACT_TE": "P",
        "_selecter_format": "shapefile",
        "_selecter_sourcecrs": "EPSG:4269",
        "_selecter_source": "CA37B08 1857 SF",
        "_selecter_imported": "2026-08-03T23:06:12.543Z"
      },
      "geometry": {
        "type": "LineString",
        "coordinates": [
          [
            -122.389022,
            37.75514
          ],
          [
            -122.389082,
            37.75504
          ],
          [
            -122.389182,
            37.75491
          ],
          [
            -122.389292,
            37.75475
          ],
          [
            -122.389312,
            37.75467
          ],
          [
            -122.389342,
            37.7546
          ],
          [
            -122.389362,
            37.75455
          ],
          [
            -122.389352,
            37.75449
          ],
          [
            -122.389262,
            37.75441
          ],
          [
            -122.389372,
            37.75442
          ],
          [
            -122.389452,
            37.75439
          ],
          [
            -122.389552,
            37.75426
          ],
          [
            -122.389712,
            37.75407
          ],
          [
            -122.389782,
            37.75388
          ],
          [
            -122.389862,
            37.75372
          ],
          [
            -122.389912,
            37.75356
          ],
          [
            -122.390042,
            37.75332
          ],
          [
            -122.390082,
            37.75319
          ],
          [
            -122.390112,
            37.75311
          ],
          [
            -122.390102,
            37.75304
          ],
          [
            -122.390082,
            37.75299
          ],
          [
            -122.390002,
            37.75294
          ],
          [
            -122.389962,
            37.7529
          ]
        ]
      }
    },
    {
      "type": "Feature",
      "properties": {
        "FEATURE_ID": 929082,
        "FEATURE": 15,
        "SOURCE_ID": "T00687",
        "DATA_SOURC": "P",
        "SRC_DATE": "18570101",
        "HOR_ACC": "0",
        "INFORM": "\u0000\u0000\u0000\u0000\u0000\u0000\u0000\u0000\u0000\u0000\u0000\u0000\u0000\u0000\u0000\u0000\u0000\u0000\u0000\u0000\u0000\u0000\u0000\u0000\u0000\u0000\u0000\u0000\u0000\u0000\u0000\u0000\u0000\u0000\u0000\u0000\u0000\u0000\u0000\u0000\u0000\u0000\u0000\u0000\u0000\u0000\u0000\u0000\u0000\u0000\u0000\u0000\u0000\u0000\u0000\u0000\u0000\u0000\u0000\u0000\u0000\u0000\u0000\u0000\u0000\u0000\u0000\u0000\u0000\u0000\u0000\u0000\u0000\u0000\u0000\u0000\u0000\u0000\u0000\u0000\u0000\u0000\u0000\u0000\u0000\u0000\u0000\u0000\u0000\u0000\u0000\u0000\u0000\u0000\u0000\u0000\u0000\u0000\u0000\u0000\u0000\u0000\u0000\u0000\u0000\u0000\u0000\u0000\u0000\u0000\u0000\u0000\u0000\u0000\u0000\u0000\u0000\u0000\u0000\u0000\u0000\u0000\u0000\u0000\u0000\u0000\u0000\u0000\u0000\u0000\u0000\u0000\u0000\u0000\u0000\u0000\u0000\u0000\u0000\u0000\u0000\u0000\u0000\u0000\u0000\u0000\u0000\u0000\u0000\u0000\u0000\u0000\u0000\u0000\u0000\u0000\u0000\u0000\u0000\u0000\u0000\u0000\u0000\u0000\u0000\u0000\u0000\u0000\u0000\u0000\u0000\u0000\u0000\u0000\u0000\u0000\u0000\u0000\u0000\u0000\u0000\u0000\u0000\u0000\u0000\u0000\u0000\u0000\u0000\u0000\u0000\u0000\u0000\u0000\u0000\u0000\u0000\u0000\u0000\u0000\u0000\u0000\u0000\u0000\u0000\u0000\u0000\u0000\u0000\u0000\u0000\u0000\u0000\u0000\u0000\u0000\u0000\u0000\u0000\u0000\u0000\u0000\u0000\u0000\u0000\u0000\u0000\u0000\u0000\u0000\u0000\u0000\u0000\u0000\u0000\u0000\u0000\u0000\u0000\u0000\u0000\u0000\u0000\u0000\u0000\u0000\u0000\u0000\u0000\u0000\u0000\u0000\u0000\u0000",
        "RESOLUTION": 0,
        "ATTRIBUTE": "Natural.Apparent.Marsh Or Swamp",
        "CLASS": "SHORELINE",
        "F_CODE": null,
        "EX_METH": "M",
        "EXTRACT_TE": "P",
        "_selecter_format": "shapefile",
        "_selecter_sourcecrs": "EPSG:4269",
        "_selecter_source": "CA37B08 1857 SF",
        "_selecter_imported": "2026-08-03T23:06:12.543Z"
      },
      "geometry": {
        "type": "LineString",
        "coordinates": [
          [
            -122.389962,
            37.7529
          ],
          [
            -122.389932,
            37.75285
          ],
          [
            -122.389912,
            37.75281
          ],
          [
            -122.389902,
            37.75277
          ],
          [
            -122.389892,
            37.7527
          ],
          [
            -122.389822,
            37.75271
          ],
          [
            -122.389832,
            37.75262
          ],
          [
            -122.389812,
            37.75253
          ],
          [
            -122.389812,
            37.75247
          ],
          [
            -122.389812,
            37.75241
          ],
          [
            -122.389812,
            37.75235
          ],
          [
            -122.389792,
            37.7523
          ],
          [
            -122.389802,
            37.75225
          ],
          [
            -122.389812,
            37.75223
          ],
          [
            -122.389842,
            37.75219
          ],
          [
            -122.389842,
            37.75216
          ],
          [
            -122.389842,
            37.75211
          ],
          [
            -122.389842,
            37.75207
          ],
          [
            -122.389832,
            37.75203
          ],
          [
            -122.389822,
            37.75199
          ],
          [
            -122.389882,
            37.75196
          ],
          [
            -122.389922,
            37.75193
          ],
          [
            -122.389952,
            37.7519
          ],
          [
            -122.390022,
            37.75191
          ],
          [
            -122.390062,
            37.75196
          ],
          [
            -122.390102,
            37.75193
          ],
          [
            -122.390172,
            37.75196
          ],
          [
            -122.390242,
            37.75201
          ],
          [
            -122.390322,
            37.752
          ],
          [
            -122.390382,
            37.75204
          ],
          [
            -122.390432,
            37.75208
          ],
          [
            -122.390472,
            37.75208
          ],
          [
            -122.390542,
            37.75208
          ],
          [
            -122.390602,
            37.75212
          ],
          [
            -122.390672,
            37.75214
          ],
          [
            -122.390782,
            37.75213
          ],
          [
            -122.390902,
            37.7521
          ],
          [
            -122.390992,
            37.75206
          ],
          [
            -122.391082,
            37.75196
          ],
          [
            -122.391172,
            37.75187
          ],
          [
            -122.391262,
            37.75179
          ],
          [
            -122.391332,
            37.75164
          ],
          [
            -122.391382,
            37.75151
          ],
          [
            -122.391412,
            37.75144
          ],
          [
            -122.391422,
            37.75139
          ],
          [
            -122.391392,
            37.75132
          ],
          [
            -122.391362,
            37.75126
          ],
          [
            -122.391422,
            37.75126
          ],
          [
            -122.391482,
            37.75124
          ],
          [
            -122.391502,
            37.75117
          ],
          [
            -122.391472,
            37.75111
          ],
          [
            -122.391482,
            37.75105
          ],
          [
            -122.391422,
            37.75101
          ],
          [
            -122.391382,
            37.75095
          ],
          [
            -122.391352,
            37.75092
          ],
          [
            -122.391412,
            37.75091
          ],
          [
            -122.391502,
            37.7509
          ],
          [
            -122.391552,
            37.75089
          ],
          [
            -122.391622,
            37.75091
          ],
          [
            -122.391682,
            37.75086
          ],
          [
            -122.391742,
            37.75083
          ],
          [
            -122.391852,
            37.75069
          ],
          [
            -122.391932,
            37.75058
          ],
          [
            -122.391942,
            37.75049
          ],
          [
            -122.391932,
            37.75036
          ],
          [
            -122.391932,
            37.75025
          ],
          [
            -122.391912,
            37.75015
          ],
          [
            -122.391862,
            37.75013
          ],
          [
            -122.391862,
            37.75005
          ],
          [
            -122.391862,
            37.74998
          ],
          [
            -122.391862,
            37.74993
          ],
          [
            -122.391882,
            37.7499
          ],
          [
            -122.391962,
            37.74994
          ],
          [
            -122.392052,
            37.74992
          ]
        ]
      }
    },
    {
      "type": "Feature",
      "properties": {
        "FEATURE_ID": 929705,
        "FEATURE": 15,
        "SOURCE_ID": "T00687",
        "DATA_SOURC": "P",
        "SRC_DATE": "18570101",
        "HOR_ACC": "0",
        "INFORM": "\u0000\u0000\u0000\u0000\u0000\u0000\u0000\u0000\u0000\u0000\u0000\u0000\u0000\u0000\u0000\u0000\u0000\u0000\u0000\u0000\u0000\u0000\u0000\u0000\u0000\u0000\u0000\u0000\u0000\u0000\u0000\u0000\u0000\u0000\u0000\u0000\u0000\u0000\u0000\u0000\u0000\u0000\u0000\u0000\u0000\u0000\u0000\u0000\u0000\u0000\u0000\u0000\u0000\u0000\u0000\u0000\u0000\u0000\u0000\u0000\u0000\u0000\u0000\u0000\u0000\u0000\u0000\u0000\u0000\u0000\u0000\u0000\u0000\u0000\u0000\u0000\u0000\u0000\u0000\u0000\u0000\u0000\u0000\u0000\u0000\u0000\u0000\u0000\u0000\u0000\u0000\u0000\u0000\u0000\u0000\u0000\u0000\u0000\u0000\u0000\u0000\u0000\u0000\u0000\u0000\u0000\u0000\u0000\u0000\u0000\u0000\u0000\u0000\u0000\u0000\u0000\u0000\u0000\u0000\u0000\u0000\u0000\u0000\u0000\u0000\u0000\u0000\u0000\u0000\u0000\u0000\u0000\u0000\u0000\u0000\u0000\u0000\u0000\u0000\u0000\u0000\u0000\u0000\u0000\u0000\u0000\u0000\u0000\u0000\u0000\u0000\u0000\u0000\u0000\u0000\u0000\u0000\u0000\u0000\u0000\u0000\u0000\u0000\u0000\u0000\u0000\u0000\u0000\u0000\u0000\u0000\u0000\u0000\u0000\u0000\u0000\u0000\u0000\u0000\u0000\u0000\u0000\u0000\u0000\u0000\u0000\u0000\u0000\u0000\u0000\u0000\u0000\u0000\u0000\u0000\u0000\u0000\u0000\u0000\u0000\u0000\u0000\u0000\u0000\u0000\u0000\u0000\u0000\u0000\u0000\u0000\u0000\u0000\u0000\u0000\u0000\u0000\u0000\u0000\u0000\u0000\u0000\u0000\u0000\u0000\u0000\u0000\u0000\u0000\u0000\u0000\u0000\u0000\u0000\u0000\u0000\u0000\u0000\u0000\u0000\u0000\u0000\u0000\u0000\u0000\u0000\u0000\u0000\u0000\u0000\u0000\u0000\u0000\u0000",
        "RESOLUTION": 0,
        "ATTRIBUTE": "Natural.Apparent.Marsh Or Swamp",
        "CLASS": "SHORELINE",
        "F_CODE": null,
        "EX_METH": "M",
        "EXTRACT_TE": "P",
        "_selecter_format": "shapefile",
        "_selecter_sourcecrs": "EPSG:4269",
        "_selecter_source": "CA37B08 1857 SF",
        "_selecter_imported": "2026-08-03T23:06:12.543Z"
      },
      "geometry": {
        "type": "LineString",
        "coordinates": [
          [
            -122.406362,
            37.740801
          ],
          [
            -122.406272,
            37.740871
          ],
          [
            -122.406222,
            37.740921
          ],
          [
            -122.406192,
            37.740991
          ],
          [
            -122.406132,
            37.741041
          ],
          [
            -122.406072,
            37.741161
          ],
          [
            -122.405972,
            37.741281
          ],
          [
            -122.405952,
            37.741351
          ],
          [
            -122.405992,
            37.741451
          ],
          [
            -122.406012,
            37.741531
          ],
          [
            -122.405962,
            37.741591
          ],
          [
            -122.405862,
            37.741641
          ]
        ]
      }
    },
    {
      "type": "Feature",
      "properties": {
        "FEATURE_ID": 928743,
        "FEATURE": 15,
        "SOURCE_ID": "T00687",
        "DATA_SOURC": "P",
        "SRC_DATE": "18570101",
        "HOR_ACC": "0",
        "INFORM": "\u0000\u0000\u0000\u0000\u0000\u0000\u0000\u0000\u0000\u0000\u0000\u0000\u0000\u0000\u0000\u0000\u0000\u0000\u0000\u0000\u0000\u0000\u0000\u0000\u0000\u0000\u0000\u0000\u0000\u0000\u0000\u0000\u0000\u0000\u0000\u0000\u0000\u0000\u0000\u0000\u0000\u0000\u0000\u0000\u0000\u0000\u0000\u0000\u0000\u0000\u0000\u0000\u0000\u0000\u0000\u0000\u0000\u0000\u0000\u0000\u0000\u0000\u0000\u0000\u0000\u0000\u0000\u0000\u0000\u0000\u0000\u0000\u0000\u0000\u0000\u0000\u0000\u0000\u0000\u0000\u0000\u0000\u0000\u0000\u0000\u0000\u0000\u0000\u0000\u0000\u0000\u0000\u0000\u0000\u0000\u0000\u0000\u0000\u0000\u0000\u0000\u0000\u0000\u0000\u0000\u0000\u0000\u0000\u0000\u0000\u0000\u0000\u0000\u0000\u0000\u0000\u0000\u0000\u0000\u0000\u0000\u0000\u0000\u0000\u0000\u0000\u0000\u0000\u0000\u0000\u0000\u0000\u0000\u0000\u0000\u0000\u0000\u0000\u0000\u0000\u0000\u0000\u0000\u0000\u0000\u0000\u0000\u0000\u0000\u0000\u0000\u0000\u0000\u0000\u0000\u0000\u0000\u0000\u0000\u0000\u0000\u0000\u0000\u0000\u0000\u0000\u0000\u0000\u0000\u0000\u0000\u0000\u0000\u0000\u0000\u0000\u0000\u0000\u0000\u0000\u0000\u0000\u0000\u0000\u0000\u0000\u0000\u0000\u0000\u0000\u0000\u0000\u0000\u0000\u0000\u0000\u0000\u0000\u0000\u0000\u0000\u0000\u0000\u0000\u0000\u0000\u0000\u0000\u0000\u0000\u0000\u0000\u0000\u0000\u0000\u0000\u0000\u0000\u0000\u0000\u0000\u0000\u0000\u0000\u0000\u0000\u0000\u0000\u0000\u0000\u0000\u0000\u0000\u0000\u0000\u0000\u0000\u0000\u0000\u0000\u0000\u0000\u0000\u0000\u0000\u0000\u0000\u0000\u0000\u0000\u0000\u0000\u0000\u0000",
        "RESOLUTION": 0,
        "ATTRIBUTE": "Natural.Apparent.Marsh Or Swamp",
        "CLASS": "SHORELINE",
        "F_CODE": null,
        "EX_METH": "M",
        "EXTRACT_TE": "P",
        "_selecter_format": "shapefile",
        "_selecter_sourcecrs": "EPSG:4269",
        "_selecter_source": "CA37B08 1857 SF",
        "_selecter_imported": "2026-08-03T23:06:12.543Z"
      },
      "geometry": {
        "type": "LineString",
        "coordinates": [
          [
            -122.388952,
            37.76326
          ],
          [
            -122.388952,
            37.76308
          ]
        ]
      }
    },
    {
      "type": "Feature",
      "properties": {
        "FEATURE_ID": 928745,
        "FEATURE": 15,
        "SOURCE_ID": "T00687",
        "DATA_SOURC": "P",
        "SRC_DATE": "18570101",
        "HOR_ACC": "0",
        "INFORM": "\u0000\u0000\u0000\u0000\u0000\u0000\u0000\u0000\u0000\u0000\u0000\u0000\u0000\u0000\u0000\u0000\u0000\u0000\u0000\u0000\u0000\u0000\u0000\u0000\u0000\u0000\u0000\u0000\u0000\u0000\u0000\u0000\u0000\u0000\u0000\u0000\u0000\u0000\u0000\u0000\u0000\u0000\u0000\u0000\u0000\u0000\u0000\u0000\u0000\u0000\u0000\u0000\u0000\u0000\u0000\u0000\u0000\u0000\u0000\u0000\u0000\u0000\u0000\u0000\u0000\u0000\u0000\u0000\u0000\u0000\u0000\u0000\u0000\u0000\u0000\u0000\u0000\u0000\u0000\u0000\u0000\u0000\u0000\u0000\u0000\u0000\u0000\u0000\u0000\u0000\u0000\u0000\u0000\u0000\u0000\u0000\u0000\u0000\u0000\u0000\u0000\u0000\u0000\u0000\u0000\u0000\u0000\u0000\u0000\u0000\u0000\u0000\u0000\u0000\u0000\u0000\u0000\u0000\u0000\u0000\u0000\u0000\u0000\u0000\u0000\u0000\u0000\u0000\u0000\u0000\u0000\u0000\u0000\u0000\u0000\u0000\u0000\u0000\u0000\u0000\u0000\u0000\u0000\u0000\u0000\u0000\u0000\u0000\u0000\u0000\u0000\u0000\u0000\u0000\u0000\u0000\u0000\u0000\u0000\u0000\u0000\u0000\u0000\u0000\u0000\u0000\u0000\u0000\u0000\u0000\u0000\u0000\u0000\u0000\u0000\u0000\u0000\u0000\u0000\u0000\u0000\u0000\u0000\u0000\u0000\u0000\u0000\u0000\u0000\u0000\u0000\u0000\u0000\u0000\u0000\u0000\u0000\u0000\u0000\u0000\u0000\u0000\u0000\u0000\u0000\u0000\u0000\u0000\u0000\u0000\u0000\u0000\u0000\u0000\u0000\u0000\u0000\u0000\u0000\u0000\u0000\u0000\u0000\u0000\u0000\u0000\u0000\u0000\u0000\u0000\u0000\u0000\u0000\u0000\u0000\u0000\u0000\u0000\u0000\u0000\u0000\u0000\u0000\u0000\u0000\u0000\u0000\u0000\u0000\u0000\u0000\u0000\u0000\u0000",
        "RESOLUTION": 0,
        "ATTRIBUTE": "Natural.Apparent.Marsh Or Swamp",
        "CLASS": "SHORELINE",
        "F_CODE": null,
        "EX_METH": "M",
        "EXTRACT_TE": "P",
        "_selecter_format": "shapefile",
        "_selecter_sourcecrs": "EPSG:4269",
        "_selecter_source": "CA37B08 1857 SF",
        "_selecter_imported": "2026-08-03T23:06:12.543Z"
      },
      "geometry": {
        "type": "LineString",
        "coordinates": [
          [
            -122.388972,
            37.76267
          ],
          [
            -122.388932,
            37.76235
          ],
          [
            -122.388832,
            37.76215
          ],
          [
            -122.388772,
            37.76196
          ],
          [
            -122.388642,
            37.76189
          ],
          [
            -122.388512,
            37.76183
          ],
          [
            -122.388442,
            37.76177
          ],
          [
            -122.388392,
            37.76167
          ],
          [
            -122.388352,
            37.76158
          ],
          [
            -122.388292,
            37.76151
          ],
          [
            -122.388172,
            37.76148
          ],
          [
            -122.388092,
            37.76132
          ],
          [
            -122.387952,
            37.76122
          ],
          [
            -122.387772,
            37.76124
          ],
          [
            -122.387712,
            37.76117
          ],
          [
            -122.387572,
            37.76117
          ],
          [
            -122.387492,
            37.76113
          ],
          [
            -122.387432,
            37.76099
          ],
          [
            -122.387342,
            37.76089
          ],
          [
            -122.387342,
            37.76075
          ],
          [
            -122.387212,
            37.7605
          ],
          [
            -122.387092,
            37.76031
          ],
          [
            -122.387012,
            37.7602
          ],
          [
            -122.386972,
            37.76012
          ],
          [
            -122.386842,
            37.76008
          ],
          [
            -122.386742,
            37.76
          ],
          [
            -122.386622,
            37.7599
          ],
          [
            -122.386492,
            37.75982
          ],
          [
            -122.386342,
            37.75976
          ],
          [
            -122.386222,
            37.75971
          ],
          [
            -122.386012,
            37.7597
          ],
          [
            -122.385832,
            37.75974
          ],
          [
            -122.385752,
            37.75982
          ],
          [
            -122.385672,
            37.7599
          ],
          [
            -122.385582,
            37.75988
          ],
          [
            -122.385442,
            37.75991
          ],
          [
            -122.385302,
            37.75994
          ],
          [
            -122.385152,
            37.75993
          ],
          [
            -122.385022,
            37.75994
          ],
          [
            -122.384952,
            37.76004
          ],
          [
            -122.384882,
            37.76014
          ],
          [
            -122.384882,
            37.76023
          ],
          [
            -122.384882,
            37.76033
          ],
          [
            -122.384762,
            37.76024
          ],
          [
            -122.384602,
            37.7602
          ],
          [
            -122.384472,
            37.76018
          ],
          [
            -122.384402,
            37.76013
          ],
          [
            -122.384322,
            37.76012
          ],
          [
            -122.384262,
            37.76005
          ],
          [
            -122.384112,
            37.76004
          ],
          [
            -122.383962,
            37.75997
          ],
          [
            -122.383762,
            37.75994
          ],
          [
            -122.383662,
            37.7599
          ],
          [
            -122.383532,
            37.75987
          ],
          [
            -122.383392,
            37.75989
          ],
          [
            -122.383322,
            37.75985
          ],
          [
            -122.383272,
            37.75982
          ],
          [
            -122.383212,
            37.75976
          ],
          [
            -122.383162,
            37.75969
          ],
          [
            -122.383022,
            37.7596
          ],
          [
            -122.382942,
            37.75959
          ],
          [
            -122.382832,
            37.75957
          ],
          [
            -122.382722,
            37.75954
          ],
          [
            -122.382642,
            37.75953
          ],
          [
            -122.382562,
            37.75952
          ],
          [
            -122.382442,
            37.75951
          ],
          [
            -122.382492,
            37.75941
          ],
          [
            -122.382492,
            37.75929
          ],
          [
            -122.382492,
            37.75921
          ],
          [
            -122.382462,
            37.75909
          ],
          [
            -122.382382,
            37.75906
          ],
          [
            -122.382362,
            37.75897
          ],
          [
            -122.382262,
            37.75889
          ],
          [
            -122.382192,
            37.75879
          ],
          [
            -122.382182,
            37.75868
          ],
          [
            -122.382182,
            37.7586
          ],
          [
            -122.382092,
            37.75856
          ],
          [
            -122.381982,
            37.75846
          ],
          [
            -122.381952,
            37.75835
          ],
          [
            -122.382042,
            37.7583
          ],
          [
            -122.382332,
            37.75815
          ],
          [
            -122.382582,
            37.75799
          ],
          [
            -122.382682,
            37.75787
          ],
          [
            -122.382642,
            37.75772
          ],
          [
            -122.382522,
            37.75765
          ],
          [
            -122.382542,
            37.75755
          ],
          [
            -122.382672,
            37.75744
          ],
          [
            -122.382942,
            37.75723
          ],
          [
            -122.383042,
            37.757
          ],
          [
            -122.383122,
            37.75677
          ],
          [
            -122.383182,
            37.75663
          ],
          [
            -122.383142,
            37.75657
          ],
          [
            -122.383102,
            37.75642
          ],
          [
            -122.383202,
            37.75632
          ],
          [
            -122.383082,
            37.75616
          ],
          [
            -122.382982,
            37.75621
          ],
          [
            -122.382992,
            37.75597
          ],
          [
            -122.382842,
            37.75596
          ],
          [
            -122.382792,
            37.75603
          ],
          [
            -122.382722,
            37.75594
          ],
          [
            -122.382632,
            37.75595
          ],
          [
            -122.382612,
            37.75584
          ],
          [
            -122.382522,
            37.75583
          ],
          [
            -122.382552,
            37.75566
          ],
          [
            -122.382652,
            37.75556
          ],
          [
            -122.382752,
            37.75552
          ],
          [
            -122.382882,
            37.75554
          ],
          [
            -122.382932,
            37.75547
          ],
          [
            -122.383012,
            37.75548
          ],
          [
            -122.383042,
            37.75543
          ],
          [
            -122.383212,
            37.75547
          ],
          [
            -122.383342,
            37.75551
          ],
          [
            -122.383482,
            37.75549
          ],
          [
            -122.383482,
            37.75538
          ],
          [
            -122.383502,
            37.75527
          ]
        ]
      }
    },
    {
      "type": "Feature",
      "properties": {
        "FEATURE_ID": 929707,
        "FEATURE": 15,
        "SOURCE_ID": "T00687",
        "DATA_SOURC": "P",
        "SRC_DATE": "18570101",
        "HOR_ACC": "0",
        "INFORM": "\u0000\u0000\u0000\u0000\u0000\u0000\u0000\u0000\u0000\u0000\u0000\u0000\u0000\u0000\u0000\u0000\u0000\u0000\u0000\u0000\u0000\u0000\u0000\u0000\u0000\u0000\u0000\u0000\u0000\u0000\u0000\u0000\u0000\u0000\u0000\u0000\u0000\u0000\u0000\u0000\u0000\u0000\u0000\u0000\u0000\u0000\u0000\u0000\u0000\u0000\u0000\u0000\u0000\u0000\u0000\u0000\u0000\u0000\u0000\u0000\u0000\u0000\u0000\u0000\u0000\u0000\u0000\u0000\u0000\u0000\u0000\u0000\u0000\u0000\u0000\u0000\u0000\u0000\u0000\u0000\u0000\u0000\u0000\u0000\u0000\u0000\u0000\u0000\u0000\u0000\u0000\u0000\u0000\u0000\u0000\u0000\u0000\u0000\u0000\u0000\u0000\u0000\u0000\u0000\u0000\u0000\u0000\u0000\u0000\u0000\u0000\u0000\u0000\u0000\u0000\u0000\u0000\u0000\u0000\u0000\u0000\u0000\u0000\u0000\u0000\u0000\u0000\u0000\u0000\u0000\u0000\u0000\u0000\u0000\u0000\u0000\u0000\u0000\u0000\u0000\u0000\u0000\u0000\u0000\u0000\u0000\u0000\u0000\u0000\u0000\u0000\u0000\u0000\u0000\u0000\u0000\u0000\u0000\u0000\u0000\u0000\u0000\u0000\u0000\u0000\u0000\u0000\u0000\u0000\u0000\u0000\u0000\u0000\u0000\u0000\u0000\u0000\u0000\u0000\u0000\u0000\u0000\u0000\u0000\u0000\u0000\u0000\u0000\u0000\u0000\u0000\u0000\u0000\u0000\u0000\u0000\u0000\u0000\u0000\u0000\u0000\u0000\u0000\u0000\u0000\u0000\u0000\u0000\u0000\u0000\u0000\u0000\u0000\u0000\u0000\u0000\u0000\u0000\u0000\u0000\u0000\u0000\u0000\u0000\u0000\u0000\u0000\u0000\u0000\u0000\u0000\u0000\u0000\u0000\u0000\u0000\u0000\u0000\u0000\u0000\u0000\u0000\u0000\u0000\u0000\u0000\u0000\u0000\u0000\u0000\u0000\u0000\u0000\u0000",
        "RESOLUTION": 0,
        "ATTRIBUTE": "Natural.Apparent.Marsh Or Swamp",
        "CLASS": "SHORELINE",
        "F_CODE": null,
        "EX_METH": "M",
        "EXTRACT_TE": "P",
        "_selecter_format": "shapefile",
        "_selecter_sourcecrs": "EPSG:4269",
        "_selecter_source": "CA37B08 1857 SF",
        "_selecter_imported": "2026-08-03T23:06:12.543Z"
      },
      "geometry": {
        "type": "LineString",
        "coordinates": [
          [
            -122.398562,
            37.74847
          ],
          [
            -122.398382,
            37.74844
          ],
          [
            -122.398162,
            37.74834
          ],
          [
            -122.398022,
            37.74823
          ],
          [
            -122.397902,
            37.74811
          ],
          [
            -122.397852,
            37.74799
          ],
          [
            -122.397792,
            37.74784
          ],
          [
            -122.397642,
            37.74771
          ],
          [
            -122.397502,
            37.74757
          ],
          [
            -122.397282,
            37.74742
          ],
          [
            -122.397062,
            37.74736
          ],
          [
            -122.396912,
            37.74734
          ],
          [
            -122.396742,
            37.74731
          ],
          [
            -122.396592,
            37.74727
          ],
          [
            -122.396392,
            37.74725
          ],
          [
            -122.396262,
            37.74729
          ],
          [
            -122.396172,
            37.74738
          ],
          [
            -122.396142,
            37.74748
          ],
          [
            -122.396042,
            37.74754
          ],
          [
            -122.395942,
            37.7476
          ],
          [
            -122.395812,
            37.74771
          ]
        ]
      }
    },
    {
      "type": "Feature",
      "properties": {
        "FEATURE_ID": 929710,
        "FEATURE": 15,
        "SOURCE_ID": "T00687",
        "DATA_SOURC": "P",
        "SRC_DATE": "18570101",
        "HOR_ACC": "0",
        "INFORM": "\u0000\u0000\u0000\u0000\u0000\u0000\u0000\u0000\u0000\u0000\u0000\u0000\u0000\u0000\u0000\u0000\u0000\u0000\u0000\u0000\u0000\u0000\u0000\u0000\u0000\u0000\u0000\u0000\u0000\u0000\u0000\u0000\u0000\u0000\u0000\u0000\u0000\u0000\u0000\u0000\u0000\u0000\u0000\u0000\u0000\u0000\u0000\u0000\u0000\u0000\u0000\u0000\u0000\u0000\u0000\u0000\u0000\u0000\u0000\u0000\u0000\u0000\u0000\u0000\u0000\u0000\u0000\u0000\u0000\u0000\u0000\u0000\u0000\u0000\u0000\u0000\u0000\u0000\u0000\u0000\u0000\u0000\u0000\u0000\u0000\u0000\u0000\u0000\u0000\u0000\u0000\u0000\u0000\u0000\u0000\u0000\u0000\u0000\u0000\u0000\u0000\u0000\u0000\u0000\u0000\u0000\u0000\u0000\u0000\u0000\u0000\u0000\u0000\u0000\u0000\u0000\u0000\u0000\u0000\u0000\u0000\u0000\u0000\u0000\u0000\u0000\u0000\u0000\u0000\u0000\u0000\u0000\u0000\u0000\u0000\u0000\u0000\u0000\u0000\u0000\u0000\u0000\u0000\u0000\u0000\u0000\u0000\u0000\u0000\u0000\u0000\u0000\u0000\u0000\u0000\u0000\u0000\u0000\u0000\u0000\u0000\u0000\u0000\u0000\u0000\u0000\u0000\u0000\u0000\u0000\u0000\u0000\u0000\u0000\u0000\u0000\u0000\u0000\u0000\u0000\u0000\u0000\u0000\u0000\u0000\u0000\u0000\u0000\u0000\u0000\u0000\u0000\u0000\u0000\u0000\u0000\u0000\u0000\u0000\u0000\u0000\u0000\u0000\u0000\u0000\u0000\u0000\u0000\u0000\u0000\u0000\u0000\u0000\u0000\u0000\u0000\u0000\u0000\u0000\u0000\u0000\u0000\u0000\u0000\u0000\u0000\u0000\u0000\u0000\u0000\u0000\u0000\u0000\u0000\u0000\u0000\u0000\u0000\u0000\u0000\u0000\u0000\u0000\u0000\u0000\u0000\u0000\u0000\u0000\u0000\u0000\u0000\u0000\u0000",
        "RESOLUTION": 0,
        "ATTRIBUTE": "Natural.Apparent.Marsh Or Swamp",
        "CLASS": "SHORELINE",
        "F_CODE": null,
        "EX_METH": "M",
        "EXTRACT_TE": "P",
        "_selecter_format": "shapefile",
        "_selecter_sourcecrs": "EPSG:4269",
        "_selecter_source": "CA37B08 1857 SF",
        "_selecter_imported": "2026-08-03T23:06:12.543Z"
      },
      "geometry": {
        "type": "LineString",
        "coordinates": [
          [
            -122.403062,
            37.74925
          ],
          [
            -122.402952,
            37.7491
          ],
          [
            -122.402912,
            37.74903
          ]
        ]
      }
    },
    {
      "type": "Feature",
      "properties": {
        "FEATURE_ID": 928748,
        "FEATURE": 15,
        "SOURCE_ID": "T00687",
        "DATA_SOURC": "P",
        "SRC_DATE": "18570101",
        "HOR_ACC": "0",
        "INFORM": "\u0000\u0000\u0000\u0000\u0000\u0000\u0000\u0000\u0000\u0000\u0000\u0000\u0000\u0000\u0000\u0000\u0000\u0000\u0000\u0000\u0000\u0000\u0000\u0000\u0000\u0000\u0000\u0000\u0000\u0000\u0000\u0000\u0000\u0000\u0000\u0000\u0000\u0000\u0000\u0000\u0000\u0000\u0000\u0000\u0000\u0000\u0000\u0000\u0000\u0000\u0000\u0000\u0000\u0000\u0000\u0000\u0000\u0000\u0000\u0000\u0000\u0000\u0000\u0000\u0000\u0000\u0000\u0000\u0000\u0000\u0000\u0000\u0000\u0000\u0000\u0000\u0000\u0000\u0000\u0000\u0000\u0000\u0000\u0000\u0000\u0000\u0000\u0000\u0000\u0000\u0000\u0000\u0000\u0000\u0000\u0000\u0000\u0000\u0000\u0000\u0000\u0000\u0000\u0000\u0000\u0000\u0000\u0000\u0000\u0000\u0000\u0000\u0000\u0000\u0000\u0000\u0000\u0000\u0000\u0000\u0000\u0000\u0000\u0000\u0000\u0000\u0000\u0000\u0000\u0000\u0000\u0000\u0000\u0000\u0000\u0000\u0000\u0000\u0000\u0000\u0000\u0000\u0000\u0000\u0000\u0000\u0000\u0000\u0000\u0000\u0000\u0000\u0000\u0000\u0000\u0000\u0000\u0000\u0000\u0000\u0000\u0000\u0000\u0000\u0000\u0000\u0000\u0000\u0000\u0000\u0000\u0000\u0000\u0000\u0000\u0000\u0000\u0000\u0000\u0000\u0000\u0000\u0000\u0000\u0000\u0000\u0000\u0000\u0000\u0000\u0000\u0000\u0000\u0000\u0000\u0000\u0000\u0000\u0000\u0000\u0000\u0000\u0000\u0000\u0000\u0000\u0000\u0000\u0000\u0000\u0000\u0000\u0000\u0000\u0000\u0000\u0000\u0000\u0000\u0000\u0000\u0000\u0000\u0000\u0000\u0000\u0000\u0000\u0000\u0000\u0000\u0000\u0000\u0000\u0000\u0000\u0000\u0000\u0000\u0000\u0000\u0000\u0000\u0000\u0000\u0000\u0000\u0000\u0000\u0000\u0000\u0000\u0000\u0000",
        "RESOLUTION": 0,
        "ATTRIBUTE": "Natural.Apparent.Marsh Or Swamp",
        "CLASS": "SHORELINE",
        "F_CODE": null,
        "EX_METH": "M",
        "EXTRACT_TE": "P",
        "_selecter_format": "shapefile",
        "_selecter_sourcecrs": "EPSG:4269",
        "_selecter_source": "CA37B08 1857 SF",
        "_selecter_imported": "2026-08-03T23:06:12.543Z"
      },
      "geometry": {
        "type": "LineString",
        "coordinates": [
          [
            -122.383552,
            37.75523
          ],
          [
            -122.383612,
            37.75517
          ],
          [
            -122.383752,
            37.75524
          ],
          [
            -122.383912,
            37.75531
          ],
          [
            -122.384022,
            37.75536
          ],
          [
            -122.384102,
            37.7554
          ],
          [
            -122.384162,
            37.75545
          ],
          [
            -122.384242,
            37.75548
          ],
          [
            -122.384302,
            37.75549
          ],
          [
            -122.384352,
            37.75551
          ],
          [
            -122.384422,
            37.75554
          ],
          [
            -122.384532,
            37.7556
          ],
          [
            -122.384572,
            37.75562
          ],
          [
            -122.384662,
            37.75565
          ],
          [
            -122.384712,
            37.75567
          ],
          [
            -122.384792,
            37.75569
          ],
          [
            -122.384842,
            37.75572
          ],
          [
            -122.384922,
            37.75571
          ],
          [
            -122.384982,
            37.75576
          ],
          [
            -122.385022,
            37.75579
          ],
          [
            -122.385072,
            37.75583
          ],
          [
            -122.385132,
            37.75586
          ],
          [
            -122.385192,
            37.75588
          ],
          [
            -122.385252,
            37.75592
          ],
          [
            -122.385362,
            37.75594
          ],
          [
            -122.385462,
            37.75597
          ],
          [
            -122.385542,
            37.75602
          ],
          [
            -122.385562,
            37.75607
          ],
          [
            -122.385572,
            37.75611
          ],
          [
            -122.385562,
            37.75617
          ],
          [
            -122.385602,
            37.75626
          ],
          [
            -122.385722,
            37.75634
          ],
          [
            -122.385862,
            37.75641
          ],
          [
            -122.386032,
            37.75652
          ],
          [
            -122.386192,
            37.7566
          ],
          [
            -122.386352,
            37.75665
          ],
          [
            -122.386442,
            37.75665
          ],
          [
            -122.386802,
            37.75666
          ],
          [
            -122.387032,
            37.75663
          ],
          [
            -122.387292,
            37.75654
          ],
          [
            -122.387442,
            37.75641
          ],
          [
            -122.387622,
            37.75628
          ],
          [
            -122.387742,
            37.7562
          ],
          [
            -122.387812,
            37.75615
          ],
          [
            -122.387922,
            37.75605
          ],
          [
            -122.388002,
            37.75599
          ],
          [
            -122.388042,
            37.75594
          ]
        ]
      }
    },
    {
      "type": "Feature",
      "properties": {
        "FEATURE_ID": 929389,
        "FEATURE": 15,
        "SOURCE_ID": "T00687",
        "DATA_SOURC": "P",
        "SRC_DATE": "18570101",
        "HOR_ACC": "0",
        "INFORM": "\u0000\u0000\u0000\u0000\u0000\u0000\u0000\u0000\u0000\u0000\u0000\u0000\u0000\u0000\u0000\u0000\u0000\u0000\u0000\u0000\u0000\u0000\u0000\u0000\u0000\u0000\u0000\u0000\u0000\u0000\u0000\u0000\u0000\u0000\u0000\u0000\u0000\u0000\u0000\u0000\u0000\u0000\u0000\u0000\u0000\u0000\u0000\u0000\u0000\u0000\u0000\u0000\u0000\u0000\u0000\u0000\u0000\u0000\u0000\u0000\u0000\u0000\u0000\u0000\u0000\u0000\u0000\u0000\u0000\u0000\u0000\u0000\u0000\u0000\u0000\u0000\u0000\u0000\u0000\u0000\u0000\u0000\u0000\u0000\u0000\u0000\u0000\u0000\u0000\u0000\u0000\u0000\u0000\u0000\u0000\u0000\u0000\u0000\u0000\u0000\u0000\u0000\u0000\u0000\u0000\u0000\u0000\u0000\u0000\u0000\u0000\u0000\u0000\u0000\u0000\u0000\u0000\u0000\u0000\u0000\u0000\u0000\u0000\u0000\u0000\u0000\u0000\u0000\u0000\u0000\u0000\u0000\u0000\u0000\u0000\u0000\u0000\u0000\u0000\u0000\u0000\u0000\u0000\u0000\u0000\u0000\u0000\u0000\u0000\u0000\u0000\u0000\u0000\u0000\u0000\u0000\u0000\u0000\u0000\u0000\u0000\u0000\u0000\u0000\u0000\u0000\u0000\u0000\u0000\u0000\u0000\u0000\u0000\u0000\u0000\u0000\u0000\u0000\u0000\u0000\u0000\u0000\u0000\u0000\u0000\u0000\u0000\u0000\u0000\u0000\u0000\u0000\u0000\u0000\u0000\u0000\u0000\u0000\u0000\u0000\u0000\u0000\u0000\u0000\u0000\u0000\u0000\u0000\u0000\u0000\u0000\u0000\u0000\u0000\u0000\u0000\u0000\u0000\u0000\u0000\u0000\u0000\u0000\u0000\u0000\u0000\u0000\u0000\u0000\u0000\u0000\u0000\u0000\u0000\u0000\u0000\u0000\u0000\u0000\u0000\u0000\u0000\u0000\u0000\u0000\u0000\u0000\u0000\u0000\u0000\u0000\u0000\u0000\u0000",
        "RESOLUTION": 0,
        "ATTRIBUTE": "Natural.Apparent.Marsh Or Swamp",
        "CLASS": "SHORELINE",
        "F_CODE": null,
        "EX_METH": "M",
        "EXTRACT_TE": "P",
        "_selecter_format": "shapefile",
        "_selecter_sourcecrs": "EPSG:4269",
        "_selecter_source": "CA37B08 1857 SF",
        "_selecter_imported": "2026-08-03T23:06:12.543Z"
      },
      "geometry": {
        "type": "LineString",
        "coordinates": [
          [
            -122.407172,
            37.735021
          ],
          [
            -122.407142,
            37.734911
          ],
          [
            -122.407152,
            37.734831
          ],
          [
            -122.407152,
            37.734771
          ],
          [
            -122.407212,
            37.734721
          ],
          [
            -122.407282,
            37.734671
          ],
          [
            -122.407412,
            37.734601
          ],
          [
            -122.407492,
            37.734571
          ],
          [
            -122.407682,
            37.734531
          ],
          [
            -122.407782,
            37.734501
          ],
          [
            -122.407882,
            37.734471
          ],
          [
            -122.407942,
            37.734441
          ],
          [
            -122.408002,
            37.734391
          ],
          [
            -122.408122,
            37.734251
          ],
          [
            -122.408252,
            37.734101
          ],
          [
            -122.408352,
            37.734021
          ],
          [
            -122.408422,
            37.733961
          ]
        ]
      }
    },
    {
      "type": "Feature",
      "properties": {
        "FEATURE_ID": 929392,
        "FEATURE": 15,
        "SOURCE_ID": "T00687",
        "DATA_SOURC": "P",
        "SRC_DATE": "18570101",
        "HOR_ACC": "0",
        "INFORM": "\u0000\u0000\u0000\u0000\u0000\u0000\u0000\u0000\u0000\u0000\u0000\u0000\u0000\u0000\u0000\u0000\u0000\u0000\u0000\u0000\u0000\u0000\u0000\u0000\u0000\u0000\u0000\u0000\u0000\u0000\u0000\u0000\u0000\u0000\u0000\u0000\u0000\u0000\u0000\u0000\u0000\u0000\u0000\u0000\u0000\u0000\u0000\u0000\u0000\u0000\u0000\u0000\u0000\u0000\u0000\u0000\u0000\u0000\u0000\u0000\u0000\u0000\u0000\u0000\u0000\u0000\u0000\u0000\u0000\u0000\u0000\u0000\u0000\u0000\u0000\u0000\u0000\u0000\u0000\u0000\u0000\u0000\u0000\u0000\u0000\u0000\u0000\u0000\u0000\u0000\u0000\u0000\u0000\u0000\u0000\u0000\u0000\u0000\u0000\u0000\u0000\u0000\u0000\u0000\u0000\u0000\u0000\u0000\u0000\u0000\u0000\u0000\u0000\u0000\u0000\u0000\u0000\u0000\u0000\u0000\u0000\u0000\u0000\u0000\u0000\u0000\u0000\u0000\u0000\u0000\u0000\u0000\u0000\u0000\u0000\u0000\u0000\u0000\u0000\u0000\u0000\u0000\u0000\u0000\u0000\u0000\u0000\u0000\u0000\u0000\u0000\u0000\u0000\u0000\u0000\u0000\u0000\u0000\u0000\u0000\u0000\u0000\u0000\u0000\u0000\u0000\u0000\u0000\u0000\u0000\u0000\u0000\u0000\u0000\u0000\u0000\u0000\u0000\u0000\u0000\u0000\u0000\u0000\u0000\u0000\u0000\u0000\u0000\u0000\u0000\u0000\u0000\u0000\u0000\u0000\u0000\u0000\u0000\u0000\u0000\u0000\u0000\u0000\u0000\u0000\u0000\u0000\u0000\u0000\u0000\u0000\u0000\u0000\u0000\u0000\u0000\u0000\u0000\u0000\u0000\u0000\u0000\u0000\u0000\u0000\u0000\u0000\u0000\u0000\u0000\u0000\u0000\u0000\u0000\u0000\u0000\u0000\u0000\u0000\u0000\u0000\u0000\u0000\u0000\u0000\u0000\u0000\u0000\u0000\u0000\u0000\u0000\u0000\u0000",
        "RESOLUTION": 0,
        "ATTRIBUTE": "Natural.Apparent.Marsh Or Swamp",
        "CLASS": "SHORELINE",
        "F_CODE": null,
        "EX_METH": "M",
        "EXTRACT_TE": "P",
        "_selecter_format": "shapefile",
        "_selecter_sourcecrs": "EPSG:4269",
        "_selecter_source": "CA37B08 1857 SF",
        "_selecter_imported": "2026-08-03T23:06:12.543Z"
      },
      "geometry": {
        "type": "LineString",
        "coordinates": [
          [
            -122.405822,
            37.742021
          ],
          [
            -122.405882,
            37.742091
          ],
          [
            -122.405872,
            37.742181
          ],
          [
            -122.405852,
            37.742271
          ],
          [
            -122.405822,
            37.742331
          ],
          [
            -122.405742,
            37.742381
          ],
          [
            -122.405552,
            37.742421
          ],
          [
            -122.405452,
            37.742441
          ],
          [
            -122.405372,
            37.742451
          ],
          [
            -122.405272,
            37.742471
          ],
          [
            -122.405202,
            37.742511
          ],
          [
            -122.405122,
            37.742561
          ],
          [
            -122.405052,
            37.742611
          ],
          [
            -122.405002,
            37.742661
          ],
          [
            -122.404922,
            37.742701
          ],
          [
            -122.404862,
            37.742711
          ]
        ]
      }
    },
    {
      "type": "Feature",
      "properties": {
        "FEATURE_ID": 929395,
        "FEATURE": 15,
        "SOURCE_ID": "T00687",
        "DATA_SOURC": "P",
        "SRC_DATE": "18570101",
        "HOR_ACC": "0",
        "INFORM": "\u0000\u0000\u0000\u0000\u0000\u0000\u0000\u0000\u0000\u0000\u0000\u0000\u0000\u0000\u0000\u0000\u0000\u0000\u0000\u0000\u0000\u0000\u0000\u0000\u0000\u0000\u0000\u0000\u0000\u0000\u0000\u0000\u0000\u0000\u0000\u0000\u0000\u0000\u0000\u0000\u0000\u0000\u0000\u0000\u0000\u0000\u0000\u0000\u0000\u0000\u0000\u0000\u0000\u0000\u0000\u0000\u0000\u0000\u0000\u0000\u0000\u0000\u0000\u0000\u0000\u0000\u0000\u0000\u0000\u0000\u0000\u0000\u0000\u0000\u0000\u0000\u0000\u0000\u0000\u0000\u0000\u0000\u0000\u0000\u0000\u0000\u0000\u0000\u0000\u0000\u0000\u0000\u0000\u0000\u0000\u0000\u0000\u0000\u0000\u0000\u0000\u0000\u0000\u0000\u0000\u0000\u0000\u0000\u0000\u0000\u0000\u0000\u0000\u0000\u0000\u0000\u0000\u0000\u0000\u0000\u0000\u0000\u0000\u0000\u0000\u0000\u0000\u0000\u0000\u0000\u0000\u0000\u0000\u0000\u0000\u0000\u0000\u0000\u0000\u0000\u0000\u0000\u0000\u0000\u0000\u0000\u0000\u0000\u0000\u0000\u0000\u0000\u0000\u0000\u0000\u0000\u0000\u0000\u0000\u0000\u0000\u0000\u0000\u0000\u0000\u0000\u0000\u0000\u0000\u0000\u0000\u0000\u0000\u0000\u0000\u0000\u0000\u0000\u0000\u0000\u0000\u0000\u0000\u0000\u0000\u0000\u0000\u0000\u0000\u0000\u0000\u0000\u0000\u0000\u0000\u0000\u0000\u0000\u0000\u0000\u0000\u0000\u0000\u0000\u0000\u0000\u0000\u0000\u0000\u0000\u0000\u0000\u0000\u0000\u0000\u0000\u0000\u0000\u0000\u0000\u0000\u0000\u0000\u0000\u0000\u0000\u0000\u0000\u0000\u0000\u0000\u0000\u0000\u0000\u0000\u0000\u0000\u0000\u0000\u0000\u0000\u0000\u0000\u0000\u0000\u0000\u0000\u0000\u0000\u0000\u0000\u0000\u0000\u0000",
        "RESOLUTION": 0,
        "ATTRIBUTE": "Natural.Apparent.Marsh Or Swamp",
        "CLASS": "SHORELINE",
        "F_CODE": null,
        "EX_METH": "M",
        "EXTRACT_TE": "P",
        "_selecter_format": "shapefile",
        "_selecter_sourcecrs": "EPSG:4269",
        "_selecter_source": "CA37B08 1857 SF",
        "_selecter_imported": "2026-08-03T23:06:12.543Z"
      },
      "geometry": {
        "type": "LineString",
        "coordinates": [
          [
            -122.401322,
            37.739291
          ],
          [
            -122.401502,
            37.739271
          ],
          [
            -122.401692,
            37.739231
          ],
          [
            -122.401832,
            37.739231
          ],
          [
            -122.401952,
            37.739181
          ],
          [
            -122.402102,
            37.739141
          ],
          [
            -122.402252,
            37.739071
          ],
          [
            -122.402362,
            37.739001
          ],
          [
            -122.402452,
            37.738921
          ],
          [
            -122.402512,
            37.738851
          ],
          [
            -122.402532,
            37.738781
          ],
          [
            -122.402552,
            37.738721
          ],
          [
            -122.402572,
            37.738681
          ]
        ]
      }
    },
    {
      "type": "Feature",
      "properties": {
        "FEATURE_ID": 929398,
        "FEATURE": 15,
        "SOURCE_ID": "T00687",
        "DATA_SOURC": "P",
        "SRC_DATE": "18570101",
        "HOR_ACC": "0",
        "INFORM": "\u0000\u0000\u0000\u0000\u0000\u0000\u0000\u0000\u0000\u0000\u0000\u0000\u0000\u0000\u0000\u0000\u0000\u0000\u0000\u0000\u0000\u0000\u0000\u0000\u0000\u0000\u0000\u0000\u0000\u0000\u0000\u0000\u0000\u0000\u0000\u0000\u0000\u0000\u0000\u0000\u0000\u0000\u0000\u0000\u0000\u0000\u0000\u0000\u0000\u0000\u0000\u0000\u0000\u0000\u0000\u0000\u0000\u0000\u0000\u0000\u0000\u0000\u0000\u0000\u0000\u0000\u0000\u0000\u0000\u0000\u0000\u0000\u0000\u0000\u0000\u0000\u0000\u0000\u0000\u0000\u0000\u0000\u0000\u0000\u0000\u0000\u0000\u0000\u0000\u0000\u0000\u0000\u0000\u0000\u0000\u0000\u0000\u0000\u0000\u0000\u0000\u0000\u0000\u0000\u0000\u0000\u0000\u0000\u0000\u0000\u0000\u0000\u0000\u0000\u0000\u0000\u0000\u0000\u0000\u0000\u0000\u0000\u0000\u0000\u0000\u0000\u0000\u0000\u0000\u0000\u0000\u0000\u0000\u0000\u0000\u0000\u0000\u0000\u0000\u0000\u0000\u0000\u0000\u0000\u0000\u0000\u0000\u0000\u0000\u0000\u0000\u0000\u0000\u0000\u0000\u0000\u0000\u0000\u0000\u0000\u0000\u0000\u0000\u0000\u0000\u0000\u0000\u0000\u0000\u0000\u0000\u0000\u0000\u0000\u0000\u0000\u0000\u0000\u0000\u0000\u0000\u0000\u0000\u0000\u0000\u0000\u0000\u0000\u0000\u0000\u0000\u0000\u0000\u0000\u0000\u0000\u0000\u0000\u0000\u0000\u0000\u0000\u0000\u0000\u0000\u0000\u0000\u0000\u0000\u0000\u0000\u0000\u0000\u0000\u0000\u0000\u0000\u0000\u0000\u0000\u0000\u0000\u0000\u0000\u0000\u0000\u0000\u0000\u0000\u0000\u0000\u0000\u0000\u0000\u0000\u0000\u0000\u0000\u0000\u0000\u0000\u0000\u0000\u0000\u0000\u0000\u0000\u0000\u0000\u0000\u0000\u0000\u0000\u0000",
        "RESOLUTION": 0,
        "ATTRIBUTE": "Natural.Apparent.Marsh Or Swamp",
        "CLASS": "SHORELINE",
        "F_CODE": null,
        "EX_METH": "M",
        "EXTRACT_TE": "P",
        "_selecter_format": "shapefile",
        "_selecter_sourcecrs": "EPSG:4269",
        "_selecter_source": "CA37B08 1857 SF",
        "_selecter_imported": "2026-08-03T23:06:12.543Z"
      },
      "geometry": {
        "type": "LineString",
        "coordinates": [
          [
            -122.414032,
            37.733071
          ],
          [
            -122.413902,
            37.733171
          ],
          [
            -122.413742,
            37.733321
          ],
          [
            -122.413672,
            37.733421
          ],
          [
            -122.413602,
            37.733491
          ],
          [
            -122.413462,
            37.733541
          ],
          [
            -122.413372,
            37.733561
          ],
          [
            -122.413292,
            37.733611
          ],
          [
            -122.413102,
            37.733661
          ]
        ]
      }
    },
    {
      "type": "Feature",
      "properties": {
        "FEATURE_ID": 929400,
        "FEATURE": 15,
        "SOURCE_ID": "T00687",
        "DATA_SOURC": "P",
        "SRC_DATE": "18570101",
        "HOR_ACC": "0",
        "INFORM": "\u0000\u0000\u0000\u0000\u0000\u0000\u0000\u0000\u0000\u0000\u0000\u0000\u0000\u0000\u0000\u0000\u0000\u0000\u0000\u0000\u0000\u0000\u0000\u0000\u0000\u0000\u0000\u0000\u0000\u0000\u0000\u0000\u0000\u0000\u0000\u0000\u0000\u0000\u0000\u0000\u0000\u0000\u0000\u0000\u0000\u0000\u0000\u0000\u0000\u0000\u0000\u0000\u0000\u0000\u0000\u0000\u0000\u0000\u0000\u0000\u0000\u0000\u0000\u0000\u0000\u0000\u0000\u0000\u0000\u0000\u0000\u0000\u0000\u0000\u0000\u0000\u0000\u0000\u0000\u0000\u0000\u0000\u0000\u0000\u0000\u0000\u0000\u0000\u0000\u0000\u0000\u0000\u0000\u0000\u0000\u0000\u0000\u0000\u0000\u0000\u0000\u0000\u0000\u0000\u0000\u0000\u0000\u0000\u0000\u0000\u0000\u0000\u0000\u0000\u0000\u0000\u0000\u0000\u0000\u0000\u0000\u0000\u0000\u0000\u0000\u0000\u0000\u0000\u0000\u0000\u0000\u0000\u0000\u0000\u0000\u0000\u0000\u0000\u0000\u0000\u0000\u0000\u0000\u0000\u0000\u0000\u0000\u0000\u0000\u0000\u0000\u0000\u0000\u0000\u0000\u0000\u0000\u0000\u0000\u0000\u0000\u0000\u0000\u0000\u0000\u0000\u0000\u0000\u0000\u0000\u0000\u0000\u0000\u0000\u0000\u0000\u0000\u0000\u0000\u0000\u0000\u0000\u0000\u0000\u0000\u0000\u0000\u0000\u0000\u0000\u0000\u0000\u0000\u0000\u0000\u0000\u0000\u0000\u0000\u0000\u0000\u0000\u0000\u0000\u0000\u0000\u0000\u0000\u0000\u0000\u0000\u0000\u0000\u0000\u0000\u0000\u0000\u0000\u0000\u0000\u0000\u0000\u0000\u0000\u0000\u0000\u0000\u0000\u0000\u0000\u0000\u0000\u0000\u0000\u0000\u0000\u0000\u0000\u0000\u0000\u0000\u0000\u0000\u0000\u0000\u0000\u0000\u0000\u0000\u0000\u0000\u0000\u0000\u0000",
        "RESOLUTION": 0,
        "ATTRIBUTE": "Natural.Apparent.Marsh Or Swamp",
        "CLASS": "SHORELINE",
        "F_CODE": null,
        "EX_METH": "M",
        "EXTRACT_TE": "P",
        "_selecter_format": "shapefile",
        "_selecter_sourcecrs": "EPSG:4269",
        "_selecter_source": "CA37B08 1857 SF",
        "_selecter_imported": "2026-08-03T23:06:12.543Z"
      },
      "geometry": {
        "type": "LineString",
        "coordinates": [
          [
            -122.408592,
            37.736991
          ],
          [
            -122.408592,
            37.737041
          ],
          [
            -122.408512,
            37.737201
          ],
          [
            -122.408492,
            37.737291
          ],
          [
            -122.408432,
            37.737311
          ]
        ]
      }
    },
    {
      "type": "Feature",
      "properties": {
        "FEATURE_ID": 928070,
        "FEATURE": 20,
        "SOURCE_ID": "T00687",
        "DATA_SOURC": "P",
        "SRC_DATE": "18570101",
        "HOR_ACC": "0",
        "INFORM": "\u0000\u0000\u0000\u0000\u0000\u0000\u0000\u0000\u0000\u0000\u0000\u0000\u0000\u0000\u0000\u0000\u0000\u0000\u0000\u0000\u0000\u0000\u0000\u0000\u0000\u0000\u0000\u0000\u0000\u0000\u0000\u0000\u0000\u0000\u0000\u0000\u0000\u0000\u0000\u0000\u0000\u0000\u0000\u0000\u0000\u0000\u0000\u0000\u0000\u0000\u0000\u0000\u0000\u0000\u0000\u0000\u0000\u0000\u0000\u0000\u0000\u0000\u0000\u0000\u0000\u0000\u0000\u0000\u0000\u0000\u0000\u0000\u0000\u0000\u0000\u0000\u0000\u0000\u0000\u0000\u0000\u0000\u0000\u0000\u0000\u0000\u0000\u0000\u0000\u0000\u0000\u0000\u0000\u0000\u0000\u0000\u0000\u0000\u0000\u0000\u0000\u0000\u0000\u0000\u0000\u0000\u0000\u0000\u0000\u0000\u0000\u0000\u0000\u0000\u0000\u0000\u0000\u0000\u0000\u0000\u0000\u0000\u0000\u0000\u0000\u0000\u0000\u0000\u0000\u0000\u0000\u0000\u0000\u0000\u0000\u0000\u0000\u0000\u0000\u0000\u0000\u0000\u0000\u0000\u0000\u0000\u0000\u0000\u0000\u0000\u0000\u0000\u0000\u0000\u0000\u0000\u0000\u0000\u0000\u0000\u0000\u0000\u0000\u0000\u0000\u0000\u0000\u0000\u0000\u0000\u0000\u0000\u0000\u0000\u0000\u0000\u0000\u0000\u0000\u0000\u0000\u0000\u0000\u0000\u0000\u0000\u0000\u0000\u0000\u0000\u0000\u0000\u0000\u0000\u0000\u0000\u0000\u0000\u0000\u0000\u0000\u0000\u0000\u0000\u0000\u0000\u0000\u0000\u0000\u0000\u0000\u0000\u0000\u0000\u0000\u0000\u0000\u0000\u0000\u0000\u0000\u0000\u0000\u0000\u0000\u0000\u0000\u0000\u0000\u0000\u0000\u0000\u0000\u0000\u0000\u0000\u0000\u0000\u0000\u0000\u0000\u0000\u0000\u0000\u0000\u0000\u0000\u0000\u0000\u0000\u0000\u0000\u0000\u0000",
        "RESOLUTION": 0,
        "ATTRIBUTE": "Natural.Mean High Water",
        "CLASS": "SHORELINE",
        "F_CODE": null,
        "EX_METH": "M",
        "EXTRACT_TE": "P",
        "_selecter_format": "shapefile",
        "_selecter_sourcecrs": "EPSG:4269",
        "_selecter_source": "CA37B08 1857 SF",
        "_selecter_imported": "2026-08-03T23:06:12.543Z"
      },
      "geometry": {
        "type": "LineString",
        "coordinates": [
          [
            -122.452713,
            37.804749
          ],
          [
            -122.452713,
            37.804789
          ],
          [
            -122.452753,
            37.804819
          ],
          [
            -122.452793,
            37.804829
          ],
          [
            -122.452843,
            37.804829
          ],
          [
            -122.452913,
            37.804839
          ],
          [
            -122.452943,
            37.804859
          ],
          [
            -122.452983,
            37.804859
          ],
          [
            -122.453013,
            37.804849
          ],
          [
            -122.453043,
            37.804849
          ],
          [
            -122.453093,
            37.804859
          ],
          [
            -122.453143,
            37.804899
          ],
          [
            -122.453193,
            37.804939
          ],
          [
            -122.453223,
            37.804979
          ],
          [
            -122.453263,
            37.805009
          ],
          [
            -122.453303,
            37.805029
          ],
          [
            -122.453343,
            37.805009
          ],
          [
            -122.453373,
            37.804969
          ],
          [
            -122.453393,
            37.804939
          ],
          [
            -122.453433,
            37.804919
          ],
          [
            -122.453503,
            37.804959
          ],
          [
            -122.453563,
            37.805009
          ],
          [
            -122.453603,
            37.805049
          ],
          [
            -122.453653,
            37.805059
          ],
          [
            -122.453703,
            37.805069
          ],
          [
            -122.453753,
            37.805059
          ],
          [
            -122.453793,
            37.805039
          ],
          [
            -122.453823,
            37.805019
          ],
          [
            -122.453873,
            37.804999
          ],
          [
            -122.453913,
            37.805019
          ],
          [
            -122.453953,
            37.805029
          ],
          [
            -122.454013,
            37.805039
          ],
          [
            -122.454053,
            37.805019
          ],
          [
            -122.454113,
            37.804989
          ],
          [
            -122.454153,
            37.804959
          ],
          [
            -122.454223,
            37.804929
          ],
          [
            -122.454343,
            37.804929
          ],
          [
            -122.454383,
            37.804939
          ],
          [
            -122.454443,
            37.804979
          ],
          [
            -122.454523,
            37.804999
          ],
          [
            -122.454593,
            37.805009
          ],
          [
            -122.454673,
            37.804989
          ],
          [
            -122.454743,
            37.804979
          ],
          [
            -122.454843,
            37.804979
          ],
          [
            -122.454923,
            37.804959
          ],
          [
            -122.454983,
            37.804949
          ],
          [
            -122.455053,
            37.804939
          ],
          [
            -122.455113,
            37.804949
          ],
          [
            -122.455173,
            37.804969
          ],
          [
            -122.455223,
            37.804949
          ],
          [
            -122.455283,
            37.804909
          ],
          [
            -122.455313,
            37.804879
          ],
          [
            -122.455373,
            37.804869
          ],
          [
            -122.455423,
            37.804849
          ],
          [
            -122.455503,
            37.804849
          ],
          [
            -122.455573,
            37.804859
          ],
          [
            -122.455623,
            37.804899
          ],
          [
            -122.455673,
            37.804919
          ],
          [
            -122.455743,
            37.804939
          ],
          [
            -122.455793,
            37.804939
          ],
          [
            -122.455863,
            37.804949
          ],
          [
            -122.455923,
            37.804969
          ],
          [
            -122.455983,
            37.804999
          ],
          [
            -122.456063,
            37.805009
          ],
          [
            -122.456123,
            37.804999
          ],
          [
            -122.456183,
            37.804989
          ],
          [
            -122.456253,
            37.804979
          ],
          [
            -122.456303,
            37.804979
          ],
          [
            -122.456393,
            37.804979
          ],
          [
            -122.456533,
            37.804959
          ],
          [
            -122.456713,
            37.804949
          ],
          [
            -122.456823,
            37.804939
          ],
          [
            -122.456983,
            37.804949
          ],
          [
            -122.457083,
            37.804949
          ],
          [
            -122.457163,
            37.804949
          ],
          [
            -122.457263,
            37.804929
          ],
          [
            -122.457323,
            37.804899
          ],
          [
            -122.457413,
            37.804859
          ],
          [
            -122.457493,
            37.804829
          ],
          [
            -122.457573,
            37.804819
          ],
          [
            -122.457663,
            37.804829
          ],
          [
            -122.457753,
            37.804829
          ],
          [
            -122.457853,
            37.804829
          ],
          [
            -122.457933,
            37.804819
          ],
          [
            -122.458023,
            37.804809
          ],
          [
            -122.458083,
            37.804769
          ],
          [
            -122.458213,
            37.804729
          ],
          [
            -122.458383,
            37.804679
          ],
          [
            -122.458473,
            37.804659
          ],
          [
            -122.458533,
            37.804649
          ],
          [
            -122.458593,
            37.804649
          ],
          [
            -122.458633,
            37.804639
          ],
          [
            -122.458713,
            37.804619
          ],
          [
            -122.458783,
            37.804589
          ],
          [
            -122.458853,
            37.804549
          ],
          [
            -122.458903,
            37.804519
          ],
          [
            -122.458933,
            37.804469
          ],
          [
            -122.458893,
            37.804439
          ],
          [
            -122.458843,
            37.804419
          ],
          [
            -122.458803,
            37.804409
          ],
          [
            -122.458753,
            37.804419
          ],
          [
            -122.458713,
            37.804439
          ],
          [
            -122.458663,
            37.804459
          ],
          [
            -122.458623,
            37.804479
          ],
          [
            -122.458573,
            37.804479
          ],
          [
            -122.458523,
            37.804469
          ],
          [
            -122.458463,
            37.804459
          ],
          [
            -122.458413,
            37.804449
          ],
          [
            -122.458373,
            37.804439
          ],
          [
            -122.458333,
            37.804409
          ],
          [
            -122.458263,
            37.804399
          ],
          [
            -122.458193,
            37.804389
          ],
          [
            -122.458163,
            37.804389
          ],
          [
            -122.458133,
            37.804429
          ],
          [
            -122.458103,
            37.804449
          ],
          [
            -122.458023,
            37.804439
          ],
          [
            -122.458003,
            37.804409
          ],
          [
            -122.457963,
            37.804389
          ],
          [
            -122.457893,
            37.804389
          ],
          [
            -122.457863,
            37.804349
          ],
          [
            -122.457843,
            37.804319
          ],
          [
            -122.457823,
            37.804279
          ],
          [
            -122.457803,
            37.804249
          ],
          [
            -122.457833,
            37.804219
          ],
          [
            -122.457883,
            37.804229
          ],
          [
            -122.457953,
            37.804199
          ],
          [
            -122.458023,
            37.804179
          ],
          [
            -122.458083,
            37.804209
          ],
          [
            -122.458093,
            37.804239
          ],
          [
            -122.458123,
            37.804289
          ],
          [
            -122.458193,
            37.804299
          ],
          [
            -122.458243,
            37.804279
          ],
          [
            -122.458313,
            37.804219
          ],
          [
            -122.458363,
            37.804179
          ],
          [
            -122.458383,
            37.804149
          ],
          [
            -122.458433,
            37.804139
          ],
          [
            -122.458463,
            37.804179
          ],
          [
            -122.458473,
            37.804229
          ],
          [
            -122.458473,
            37.804259
          ],
          [
            -122.458503,
            37.804279
          ],
          [
            -122.458543,
            37.804249
          ],
          [
            -122.458553,
            37.804189
          ],
          [
            -122.458543,
            37.804149
          ],
          [
            -122.458523,
            37.804109
          ],
          [
            -122.458483,
            37.804089
          ],
          [
            -122.458413,
            37.804079
          ],
          [
            -122.458383,
            37.804089
          ],
          [
            -122.458333,
            37.804109
          ],
          [
            -122.458293,
            37.804139
          ],
          [
            -122.458243,
            37.804169
          ],
          [
            -122.458213,
            37.804199
          ],
          [
            -122.458173,
            37.804209
          ],
          [
            -122.458143,
            37.804189
          ],
          [
            -122.458093,
            37.804149
          ],
          [
            -122.458093,
            37.804099
          ],
          [
            -122.458093,
            37.804059
          ],
          [
            -122.458103,
            37.804039
          ],
          [
            -122.458163,
            37.804019
          ],
          [
            -122.458213,
            37.803989
          ],
          [
            -122.458233,
            37.803959
          ],
          [
            -122.458253,
            37.803919
          ],
          [
            -122.458293,
            37.803879
          ],
          [
            -122.458323,
            37.803869
          ],
          [
            -122.458393,
            37.803859
          ],
          [
            -122.458493,
            37.803819
          ],
          [
            -122.458553,
            37.803799
          ],
          [
            -122.458593,
            37.803779
          ]
        ]
      }
    },
    {
      "type": "Feature",
      "properties": {
        "FEATURE_ID": 928071,
        "FEATURE": 20,
        "SOURCE_ID": "T00687",
        "DATA_SOURC": "P",
        "SRC_DATE": "18570101",
        "HOR_ACC": "0",
        "INFORM": "\u0000\u0000\u0000\u0000\u0000\u0000\u0000\u0000\u0000\u0000\u0000\u0000\u0000\u0000\u0000\u0000\u0000\u0000\u0000\u0000\u0000\u0000\u0000\u0000\u0000\u0000\u0000\u0000\u0000\u0000\u0000\u0000\u0000\u0000\u0000\u0000\u0000\u0000\u0000\u0000\u0000\u0000\u0000\u0000\u0000\u0000\u0000\u0000\u0000\u0000\u0000\u0000\u0000\u0000\u0000\u0000\u0000\u0000\u0000\u0000\u0000\u0000\u0000\u0000\u0000\u0000\u0000\u0000\u0000\u0000\u0000\u0000\u0000\u0000\u0000\u0000\u0000\u0000\u0000\u0000\u0000\u0000\u0000\u0000\u0000\u0000\u0000\u0000\u0000\u0000\u0000\u0000\u0000\u0000\u0000\u0000\u0000\u0000\u0000\u0000\u0000\u0000\u0000\u0000\u0000\u0000\u0000\u0000\u0000\u0000\u0000\u0000\u0000\u0000\u0000\u0000\u0000\u0000\u0000\u0000\u0000\u0000\u0000\u0000\u0000\u0000\u0000\u0000\u0000\u0000\u0000\u0000\u0000\u0000\u0000\u0000\u0000\u0000\u0000\u0000\u0000\u0000\u0000\u0000\u0000\u0000\u0000\u0000\u0000\u0000\u0000\u0000\u0000\u0000\u0000\u0000\u0000\u0000\u0000\u0000\u0000\u0000\u0000\u0000\u0000\u0000\u0000\u0000\u0000\u0000\u0000\u0000\u0000\u0000\u0000\u0000\u0000\u0000\u0000\u0000\u0000\u0000\u0000\u0000\u0000\u0000\u0000\u0000\u0000\u0000\u0000\u0000\u0000\u0000\u0000\u0000\u0000\u0000\u0000\u0000\u0000\u0000\u0000\u0000\u0000\u0000\u0000\u0000\u0000\u0000\u0000\u0000\u0000\u0000\u0000\u0000\u0000\u0000\u0000\u0000\u0000\u0000\u0000\u0000\u0000\u0000\u0000\u0000\u0000\u0000\u0000\u0000\u0000\u0000\u0000\u0000\u0000\u0000\u0000\u0000\u0000\u0000\u0000\u0000\u0000\u0000\u0000\u0000\u0000\u0000\u0000\u0000\u0000\u0000",
        "RESOLUTION": 0,
        "ATTRIBUTE": "Natural.Mean High Water",
        "CLASS": "SHORELINE",
        "F_CODE": null,
        "EX_METH": "M",
        "EXTRACT_TE": "P",
        "_selecter_format": "shapefile",
        "_selecter_sourcecrs": "EPSG:4269",
        "_selecter_source": "CA37B08 1857 SF",
        "_selecter_imported": "2026-08-03T23:06:12.543Z"
      },
      "geometry": {
        "type": "LineString",
        "coordinates": [
          [
            -122.440403,
            37.800219
          ],
          [
            -122.440333,
            37.800239
          ],
          [
            -122.440263,
            37.800239
          ],
          [
            -122.440173,
            37.800239
          ],
          [
            -122.440113,
            37.800249
          ],
          [
            -122.440023,
            37.800259
          ],
          [
            -122.439953,
            37.800259
          ],
          [
            -122.439853,
            37.800269
          ],
          [
            -122.439773,
            37.800279
          ],
          [
            -122.439693,
            37.800289
          ],
          [
            -122.439603,
            37.800309
          ],
          [
            -122.439543,
            37.800329
          ],
          [
            -122.439473,
            37.800329
          ],
          [
            -122.439403,
            37.800359
          ],
          [
            -122.439323,
            37.800369
          ],
          [
            -122.439253,
            37.800389
          ],
          [
            -122.439163,
            37.800419
          ],
          [
            -122.439063,
            37.800459
          ],
          [
            -122.438983,
            37.800489
          ],
          [
            -122.438863,
            37.800529
          ],
          [
            -122.438773,
            37.800569
          ],
          [
            -122.438673,
            37.800609
          ],
          [
            -122.438603,
            37.800619
          ],
          [
            -122.438543,
            37.800649
          ],
          [
            -122.438433,
            37.800689
          ],
          [
            -122.438283,
            37.800759
          ],
          [
            -122.438173,
            37.800819
          ],
          [
            -122.438013,
            37.800889
          ],
          [
            -122.437823,
            37.800979
          ],
          [
            -122.437653,
            37.801079
          ],
          [
            -122.437593,
            37.801089
          ],
          [
            -122.437553,
            37.801119
          ],
          [
            -122.437503,
            37.801129
          ],
          [
            -122.437463,
            37.801149
          ],
          [
            -122.437423,
            37.801169
          ],
          [
            -122.437383,
            37.801189
          ],
          [
            -122.437333,
            37.801219
          ],
          [
            -122.437283,
            37.801249
          ],
          [
            -122.437243,
            37.801269
          ],
          [
            -122.437173,
            37.801289
          ],
          [
            -122.437123,
            37.801329
          ],
          [
            -122.437073,
            37.801339
          ],
          [
            -122.437003,
            37.801359
          ],
          [
            -122.436953,
            37.801389
          ],
          [
            -122.436903,
            37.801429
          ],
          [
            -122.436863,
            37.801469
          ],
          [
            -122.436813,
            37.801509
          ],
          [
            -122.436783,
            37.801549
          ],
          [
            -122.436733,
            37.801579
          ],
          [
            -122.436703,
            37.801599
          ],
          [
            -122.436653,
            37.801639
          ],
          [
            -122.436603,
            37.801679
          ],
          [
            -122.436553,
            37.801709
          ],
          [
            -122.436513,
            37.801739
          ],
          [
            -122.436463,
            37.801779
          ],
          [
            -122.436413,
            37.801809
          ],
          [
            -122.436373,
            37.801839
          ],
          [
            -122.436323,
            37.801879
          ],
          [
            -122.436283,
            37.801899
          ],
          [
            -122.436223,
            37.801919
          ],
          [
            -122.436163,
            37.801929
          ],
          [
            -122.436113,
            37.801949
          ],
          [
            -122.436083,
            37.801979
          ],
          [
            -122.436043,
            37.802009
          ],
          [
            -122.436033,
            37.802029
          ],
          [
            -122.436043,
            37.802089
          ],
          [
            -122.436103,
            37.802139
          ],
          [
            -122.436153,
            37.802159
          ],
          [
            -122.436203,
            37.802179
          ],
          [
            -122.436253,
            37.802179
          ],
          [
            -122.436313,
            37.802179
          ],
          [
            -122.436363,
            37.802169
          ],
          [
            -122.436433,
            37.802139
          ],
          [
            -122.436493,
            37.802099
          ],
          [
            -122.436533,
            37.802069
          ],
          [
            -122.436613,
            37.802009
          ],
          [
            -122.436673,
            37.801929
          ],
          [
            -122.436743,
            37.801849
          ],
          [
            -122.436773,
            37.801789
          ],
          [
            -122.436813,
            37.801739
          ],
          [
            -122.436853,
            37.801689
          ],
          [
            -122.436903,
            37.801649
          ],
          [
            -122.436953,
            37.801609
          ],
          [
            -122.436983,
            37.801579
          ],
          [
            -122.437033,
            37.801549
          ],
          [
            -122.437093,
            37.801489
          ],
          [
            -122.437143,
            37.801459
          ],
          [
            -122.437203,
            37.801429
          ],
          [
            -122.437273,
            37.801399
          ],
          [
            -122.437343,
            37.801379
          ],
          [
            -122.437403,
            37.801359
          ],
          [
            -122.437463,
            37.801339
          ],
          [
            -122.437523,
            37.801319
          ],
          [
            -122.437603,
            37.801289
          ],
          [
            -122.437703,
            37.801279
          ],
          [
            -122.437773,
            37.801269
          ],
          [
            -122.437833,
            37.801249
          ],
          [
            -122.437903,
            37.801239
          ],
          [
            -122.437993,
            37.801239
          ],
          [
            -122.438043,
            37.801229
          ],
          [
            -122.438123,
            37.801229
          ],
          [
            -122.438213,
            37.801199
          ],
          [
            -122.438273,
            37.801189
          ],
          [
            -122.438373,
            37.801149
          ],
          [
            -122.438443,
            37.801129
          ],
          [
            -122.438513,
            37.801109
          ],
          [
            -122.438563,
            37.801089
          ],
          [
            -122.438593,
            37.801059
          ],
          [
            -122.438683,
            37.801039
          ],
          [
            -122.438733,
            37.801009
          ],
          [
            -122.438773,
            37.800989
          ],
          [
            -122.438833,
            37.800979
          ],
          [
            -122.438873,
            37.800969
          ],
          [
            -122.438923,
            37.800959
          ],
          [
            -122.438993,
            37.800959
          ],
          [
            -122.439053,
            37.800969
          ],
          [
            -122.439103,
            37.800989
          ],
          [
            -122.439163,
            37.801009
          ],
          [
            -122.439203,
            37.801049
          ],
          [
            -122.439243,
            37.801079
          ],
          [
            -122.439273,
            37.801099
          ],
          [
            -122.439303,
            37.801129
          ],
          [
            -122.439363,
            37.801159
          ],
          [
            -122.439413,
            37.801189
          ],
          [
            -122.439473,
            37.801199
          ],
          [
            -122.439543,
            37.801209
          ],
          [
            -122.439593,
            37.801219
          ],
          [
            -122.439673,
            37.801249
          ],
          [
            -122.439713,
            37.801279
          ],
          [
            -122.439723,
            37.801319
          ],
          [
            -122.439703,
            37.801339
          ],
          [
            -122.439653,
            37.801339
          ],
          [
            -122.439613,
            37.801339
          ],
          [
            -122.439573,
            37.801359
          ],
          [
            -122.439523,
            37.801369
          ],
          [
            -122.439493,
            37.801379
          ],
          [
            -122.439463,
            37.801399
          ],
          [
            -122.439413,
            37.801409
          ],
          [
            -122.439373,
            37.801439
          ],
          [
            -122.439343,
            37.801439
          ],
          [
            -122.439303,
            37.801449
          ],
          [
            -122.439263,
            37.801449
          ],
          [
            -122.439233,
            37.801439
          ],
          [
            -122.439203,
            37.801429
          ],
          [
            -122.439163,
            37.801429
          ],
          [
            -122.439123,
            37.801439
          ],
          [
            -122.439083,
            37.801469
          ],
          [
            -122.439043,
            37.801489
          ],
          [
            -122.439013,
            37.801509
          ],
          [
            -122.438943,
            37.801519
          ],
          [
            -122.438913,
            37.801509
          ],
          [
            -122.438853,
            37.801519
          ],
          [
            -122.438813,
            37.801529
          ],
          [
            -122.438783,
            37.801539
          ],
          [
            -122.438753,
            37.801549
          ],
          [
            -122.438703,
            37.801569
          ],
          [
            -122.438653,
            37.801569
          ],
          [
            -122.438583,
            37.801589
          ],
          [
            -122.438533,
            37.801609
          ],
          [
            -122.438503,
            37.801619
          ],
          [
            -122.438443,
            37.801639
          ],
          [
            -122.438413,
            37.801649
          ],
          [
            -122.438363,
            37.801669
          ],
          [
            -122.438313,
            37.801689
          ],
          [
            -122.438283,
            37.801709
          ],
          [
            -122.438243,
            37.801719
          ],
          [
            -122.438203,
            37.801729
          ],
          [
            -122.438153,
            37.801749
          ],
          [
            -122.438113,
            37.801769
          ],
          [
            -122.438063,
            37.801789
          ],
          [
            -122.438013,
            37.801819
          ],
          [
            -122.437963,
            37.801829
          ],
          [
            -122.437933,
            37.801849
          ],
          [
            -122.437903,
            37.801869
          ],
          [
            -122.437853,
            37.801889
          ],
          [
            -122.437803,
            37.801909
          ],
          [
            -122.437773,
            37.801919
          ],
          [
            -122.437723,
            37.801929
          ],
          [
            -122.437683,
            37.801969
          ],
          [
            -122.437613,
            37.801989
          ],
          [
            -122.437573,
            37.802009
          ],
          [
            -122.437523,
            37.802039
          ],
          [
            -122.437483,
            37.802069
          ],
          [
            -122.437443,
            37.802089
          ],
          [
            -122.437403,
            37.802109
          ],
          [
            -122.437353,
            37.802129
          ],
          [
            -122.437313,
            37.802149
          ],
          [
            -122.437253,
            37.802189
          ],
          [
            -122.437193,
            37.802229
          ],
          [
            -122.437143,
            37.802249
          ],
          [
            -122.437103,
            37.802279
          ],
          [
            -122.437073,
            37.802299
          ],
          [
            -122.437013,
            37.802329
          ],
          [
            -122.436973,
            37.802349
          ],
          [
            -122.436933,
            37.802369
          ],
          [
            -122.436903,
            37.802389
          ]
        ]
      }
    },
    {
      "type": "Feature",
      "properties": {
        "FEATURE_ID": 929998,
        "FEATURE": 20,
        "SOURCE_ID": "T00687",
        "DATA_SOURC": "P",
        "SRC_DATE": "18570101",
        "HOR_ACC": "0",
        "INFORM": "\u0000\u0000\u0000\u0000\u0000\u0000\u0000\u0000\u0000\u0000\u0000\u0000\u0000\u0000\u0000\u0000\u0000\u0000\u0000\u0000\u0000\u0000\u0000\u0000\u0000\u0000\u0000\u0000\u0000\u0000\u0000\u0000\u0000\u0000\u0000\u0000\u0000\u0000\u0000\u0000\u0000\u0000\u0000\u0000\u0000\u0000\u0000\u0000\u0000\u0000\u0000\u0000\u0000\u0000\u0000\u0000\u0000\u0000\u0000\u0000\u0000\u0000\u0000\u0000\u0000\u0000\u0000\u0000\u0000\u0000\u0000\u0000\u0000\u0000\u0000\u0000\u0000\u0000\u0000\u0000\u0000\u0000\u0000\u0000\u0000\u0000\u0000\u0000\u0000\u0000\u0000\u0000\u0000\u0000\u0000\u0000\u0000\u0000\u0000\u0000\u0000\u0000\u0000\u0000\u0000\u0000\u0000\u0000\u0000\u0000\u0000\u0000\u0000\u0000\u0000\u0000\u0000\u0000\u0000\u0000\u0000\u0000\u0000\u0000\u0000\u0000\u0000\u0000\u0000\u0000\u0000\u0000\u0000\u0000\u0000\u0000\u0000\u0000\u0000\u0000\u0000\u0000\u0000\u0000\u0000\u0000\u0000\u0000\u0000\u0000\u0000\u0000\u0000\u0000\u0000\u0000\u0000\u0000\u0000\u0000\u0000\u0000\u0000\u0000\u0000\u0000\u0000\u0000\u0000\u0000\u0000\u0000\u0000\u0000\u0000\u0000\u0000\u0000\u0000\u0000\u0000\u0000\u0000\u0000\u0000\u0000\u0000\u0000\u0000\u0000\u0000\u0000\u0000\u0000\u0000\u0000\u0000\u0000\u0000\u0000\u0000\u0000\u0000\u0000\u0000\u0000\u0000\u0000\u0000\u0000\u0000\u0000\u0000\u0000\u0000\u0000\u0000\u0000\u0000\u0000\u0000\u0000\u0000\u0000\u0000\u0000\u0000\u0000\u0000\u0000\u0000\u0000\u0000\u0000\u0000\u0000\u0000\u0000\u0000\u0000\u0000\u0000\u0000\u0000\u0000\u0000\u0000\u0000\u0000\u0000\u0000\u0000\u0000\u0000",
        "RESOLUTION": 0,
        "ATTRIBUTE": "Natural.Mean High Water",
        "CLASS": "SHORELINE",
        "F_CODE": null,
        "EX_METH": "M",
        "EXTRACT_TE": "P",
        "_selecter_format": "shapefile",
        "_selecter_sourcecrs": "EPSG:4269",
        "_selecter_source": "CA37B08 1857 SF",
        "_selecter_imported": "2026-08-03T23:06:12.543Z"
      },
      "geometry": {
        "type": "LineString",
        "coordinates": [
          [
            -122.402912,
            37.74903
          ],
          [
            -122.402832,
            37.74896
          ],
          [
            -122.402692,
            37.74883
          ],
          [
            -122.402662,
            37.74875
          ],
          [
            -122.402642,
            37.74864
          ],
          [
            -122.402662,
            37.74854
          ],
          [
            -122.402762,
            37.74843
          ],
          [
            -122.402882,
            37.74832
          ],
          [
            -122.402992,
            37.74825
          ],
          [
            -122.403072,
            37.74815
          ],
          [
            -122.403192,
            37.74801
          ],
          [
            -122.403312,
            37.74786
          ],
          [
            -122.403442,
            37.74771
          ],
          [
            -122.403542,
            37.74758
          ],
          [
            -122.403592,
            37.74749
          ],
          [
            -122.403642,
            37.74738
          ],
          [
            -122.403632,
            37.74724
          ],
          [
            -122.403572,
            37.7471
          ],
          [
            -122.403502,
            37.74701
          ],
          [
            -122.403462,
            37.74693
          ],
          [
            -122.403432,
            37.74687
          ],
          [
            -122.403392,
            37.74679
          ],
          [
            -122.403352,
            37.74673
          ],
          [
            -122.403252,
            37.74666
          ],
          [
            -122.403172,
            37.74664
          ],
          [
            -122.403052,
            37.74664
          ],
          [
            -122.402972,
            37.74666
          ],
          [
            -122.402832,
            37.74669
          ],
          [
            -122.402722,
            37.74672
          ],
          [
            -122.402572,
            37.74679
          ],
          [
            -122.402452,
            37.74686
          ],
          [
            -122.402362,
            37.74691
          ],
          [
            -122.402282,
            37.74699
          ],
          [
            -122.402252,
            37.74707
          ],
          [
            -122.402252,
            37.74724
          ],
          [
            -122.402232,
            37.74741
          ],
          [
            -122.402192,
            37.74753
          ],
          [
            -122.402132,
            37.74761
          ],
          [
            -122.402052,
            37.74763
          ],
          [
            -122.402042,
            37.74769
          ],
          [
            -122.401992,
            37.74776
          ],
          [
            -122.401912,
            37.74781
          ],
          [
            -122.401862,
            37.74785
          ],
          [
            -122.401662,
            37.74789
          ],
          [
            -122.401512,
            37.74795
          ]
        ]
      }
    },
    {
      "type": "Feature",
      "properties": {
        "FEATURE_ID": 930000,
        "FEATURE": 20,
        "SOURCE_ID": "T00687",
        "DATA_SOURC": "P",
        "SRC_DATE": "18570101",
        "HOR_ACC": "0",
        "INFORM": "\u0000\u0000\u0000\u0000\u0000\u0000\u0000\u0000\u0000\u0000\u0000\u0000\u0000\u0000\u0000\u0000\u0000\u0000\u0000\u0000\u0000\u0000\u0000\u0000\u0000\u0000\u0000\u0000\u0000\u0000\u0000\u0000\u0000\u0000\u0000\u0000\u0000\u0000\u0000\u0000\u0000\u0000\u0000\u0000\u0000\u0000\u0000\u0000\u0000\u0000\u0000\u0000\u0000\u0000\u0000\u0000\u0000\u0000\u0000\u0000\u0000\u0000\u0000\u0000\u0000\u0000\u0000\u0000\u0000\u0000\u0000\u0000\u0000\u0000\u0000\u0000\u0000\u0000\u0000\u0000\u0000\u0000\u0000\u0000\u0000\u0000\u0000\u0000\u0000\u0000\u0000\u0000\u0000\u0000\u0000\u0000\u0000\u0000\u0000\u0000\u0000\u0000\u0000\u0000\u0000\u0000\u0000\u0000\u0000\u0000\u0000\u0000\u0000\u0000\u0000\u0000\u0000\u0000\u0000\u0000\u0000\u0000\u0000\u0000\u0000\u0000\u0000\u0000\u0000\u0000\u0000\u0000\u0000\u0000\u0000\u0000\u0000\u0000\u0000\u0000\u0000\u0000\u0000\u0000\u0000\u0000\u0000\u0000\u0000\u0000\u0000\u0000\u0000\u0000\u0000\u0000\u0000\u0000\u0000\u0000\u0000\u0000\u0000\u0000\u0000\u0000\u0000\u0000\u0000\u0000\u0000\u0000\u0000\u0000\u0000\u0000\u0000\u0000\u0000\u0000\u0000\u0000\u0000\u0000\u0000\u0000\u0000\u0000\u0000\u0000\u0000\u0000\u0000\u0000\u0000\u0000\u0000\u0000\u0000\u0000\u0000\u0000\u0000\u0000\u0000\u0000\u0000\u0000\u0000\u0000\u0000\u0000\u0000\u0000\u0000\u0000\u0000\u0000\u0000\u0000\u0000\u0000\u0000\u0000\u0000\u0000\u0000\u0000\u0000\u0000\u0000\u0000\u0000\u0000\u0000\u0000\u0000\u0000\u0000\u0000\u0000\u0000\u0000\u0000\u0000\u0000\u0000\u0000\u0000\u0000\u0000\u0000\u0000\u0000",
        "RESOLUTION": 0,
        "ATTRIBUTE": "Natural.Mean High Water",
        "CLASS": "SHORELINE",
        "F_CODE": null,
        "EX_METH": "M",
        "EXTRACT_TE": "P",
        "_selecter_format": "shapefile",
        "_selecter_sourcecrs": "EPSG:4269",
        "_selecter_source": "CA37B08 1857 SF",
        "_selecter_imported": "2026-08-03T23:06:12.543Z"
      },
      "geometry": {
        "type": "LineString",
        "coordinates": [
          [
            -122.400182,
            37.74746
          ],
          [
            -122.400122,
            37.74738
          ],
          [
            -122.400052,
            37.74734
          ],
          [
            -122.399972,
            37.74734
          ],
          [
            -122.399912,
            37.74725
          ],
          [
            -122.399812,
            37.74721
          ],
          [
            -122.399722,
            37.74719
          ],
          [
            -122.399672,
            37.74713
          ],
          [
            -122.399572,
            37.74711
          ],
          [
            -122.399492,
            37.74709
          ],
          [
            -122.399432,
            37.74708
          ],
          [
            -122.399362,
            37.74705
          ],
          [
            -122.399352,
            37.747
          ],
          [
            -122.399282,
            37.747
          ],
          [
            -122.399182,
            37.747
          ],
          [
            -122.399152,
            37.74695
          ],
          [
            -122.399062,
            37.74692
          ],
          [
            -122.398902,
            37.74691
          ],
          [
            -122.398762,
            37.74695
          ],
          [
            -122.398662,
            37.74697
          ],
          [
            -122.398612,
            37.74703
          ],
          [
            -122.398582,
            37.74708
          ],
          [
            -122.398482,
            37.74709
          ],
          [
            -122.398432,
            37.74714
          ],
          [
            -122.398382,
            37.74722
          ],
          [
            -122.398312,
            37.74733
          ],
          [
            -122.398212,
            37.74741
          ],
          [
            -122.398162,
            37.7475
          ],
          [
            -122.398122,
            37.74755
          ],
          [
            -122.397972,
            37.74755
          ],
          [
            -122.397892,
            37.74761
          ],
          [
            -122.397952,
            37.74768
          ],
          [
            -122.398062,
            37.74775
          ],
          [
            -122.398102,
            37.7478
          ],
          [
            -122.398212,
            37.7478
          ],
          [
            -122.398332,
            37.74783
          ],
          [
            -122.398362,
            37.74777
          ],
          [
            -122.398442,
            37.74778
          ],
          [
            -122.398442,
            37.74788
          ],
          [
            -122.398352,
            37.7479
          ],
          [
            -122.398292,
            37.74791
          ],
          [
            -122.398262,
            37.74798
          ],
          [
            -122.398312,
            37.74805
          ],
          [
            -122.398362,
            37.74821
          ],
          [
            -122.398412,
            37.74828
          ],
          [
            -122.398542,
            37.74831
          ],
          [
            -122.398632,
            37.74829
          ],
          [
            -122.398742,
            37.74829
          ],
          [
            -122.398872,
            37.74827
          ],
          [
            -122.398832,
            37.74837
          ],
          [
            -122.398722,
            37.74841
          ],
          [
            -122.398632,
            37.74845
          ],
          [
            -122.398562,
            37.74847
          ]
        ]
      }
    },
    {
      "type": "Feature",
      "properties": {
        "FEATURE_ID": 930001,
        "FEATURE": 20,
        "SOURCE_ID": "T00687",
        "DATA_SOURC": "P",
        "SRC_DATE": "18570101",
        "HOR_ACC": "0",
        "INFORM": "\u0000\u0000\u0000\u0000\u0000\u0000\u0000\u0000\u0000\u0000\u0000\u0000\u0000\u0000\u0000\u0000\u0000\u0000\u0000\u0000\u0000\u0000\u0000\u0000\u0000\u0000\u0000\u0000\u0000\u0000\u0000\u0000\u0000\u0000\u0000\u0000\u0000\u0000\u0000\u0000\u0000\u0000\u0000\u0000\u0000\u0000\u0000\u0000\u0000\u0000\u0000\u0000\u0000\u0000\u0000\u0000\u0000\u0000\u0000\u0000\u0000\u0000\u0000\u0000\u0000\u0000\u0000\u0000\u0000\u0000\u0000\u0000\u0000\u0000\u0000\u0000\u0000\u0000\u0000\u0000\u0000\u0000\u0000\u0000\u0000\u0000\u0000\u0000\u0000\u0000\u0000\u0000\u0000\u0000\u0000\u0000\u0000\u0000\u0000\u0000\u0000\u0000\u0000\u0000\u0000\u0000\u0000\u0000\u0000\u0000\u0000\u0000\u0000\u0000\u0000\u0000\u0000\u0000\u0000\u0000\u0000\u0000\u0000\u0000\u0000\u0000\u0000\u0000\u0000\u0000\u0000\u0000\u0000\u0000\u0000\u0000\u0000\u0000\u0000\u0000\u0000\u0000\u0000\u0000\u0000\u0000\u0000\u0000\u0000\u0000\u0000\u0000\u0000\u0000\u0000\u0000\u0000\u0000\u0000\u0000\u0000\u0000\u0000\u0000\u0000\u0000\u0000\u0000\u0000\u0000\u0000\u0000\u0000\u0000\u0000\u0000\u0000\u0000\u0000\u0000\u0000\u0000\u0000\u0000\u0000\u0000\u0000\u0000\u0000\u0000\u0000\u0000\u0000\u0000\u0000\u0000\u0000\u0000\u0000\u0000\u0000\u0000\u0000\u0000\u0000\u0000\u0000\u0000\u0000\u0000\u0000\u0000\u0000\u0000\u0000\u0000\u0000\u0000\u0000\u0000\u0000\u0000\u0000\u0000\u0000\u0000\u0000\u0000\u0000\u0000\u0000\u0000\u0000\u0000\u0000\u0000\u0000\u0000\u0000\u0000\u0000\u0000\u0000\u0000\u0000\u0000\u0000\u0000\u0000\u0000\u0000\u0000\u0000\u0000",
        "RESOLUTION": 0,
        "ATTRIBUTE": "Natural.Mean High Water",
        "CLASS": "SHORELINE",
        "F_CODE": null,
        "EX_METH": "M",
        "EXTRACT_TE": "P",
        "_selecter_format": "shapefile",
        "_selecter_sourcecrs": "EPSG:4269",
        "_selecter_source": "CA37B08 1857 SF",
        "_selecter_imported": "2026-08-03T23:06:12.543Z"
      },
      "geometry": {
        "type": "LineString",
        "coordinates": [
          [
            -122.389382,
            37.780889
          ],
          [
            -122.389482,
            37.780829
          ],
          [
            -122.389582,
            37.780799
          ],
          [
            -122.389652,
            37.780739
          ],
          [
            -122.389502,
            37.780729
          ],
          [
            -122.389402,
            37.780699
          ],
          [
            -122.389392,
            37.780629
          ],
          [
            -122.389482,
            37.780569
          ],
          [
            -122.389592,
            37.780549
          ],
          [
            -122.389672,
            37.780549
          ],
          [
            -122.389782,
            37.780529
          ],
          [
            -122.389882,
            37.780489
          ],
          [
            -122.389932,
            37.780429
          ],
          [
            -122.389992,
            37.780379
          ],
          [
            -122.390042,
            37.780419
          ],
          [
            -122.390122,
            37.780429
          ],
          [
            -122.390142,
            37.780329
          ],
          [
            -122.390192,
            37.780179
          ],
          [
            -122.390352,
            37.780029
          ],
          [
            -122.390492,
            37.779929
          ],
          [
            -122.390572,
            37.779849
          ],
          [
            -122.390692,
            37.779719
          ],
          [
            -122.390742,
            37.779599
          ],
          [
            -122.390822,
            37.779409
          ],
          [
            -122.390942,
            37.779159
          ],
          [
            -122.391122,
            37.778959
          ],
          [
            -122.391342,
            37.778809
          ],
          [
            -122.391482,
            37.778689
          ],
          [
            -122.391572,
            37.778539
          ],
          [
            -122.391712,
            37.778399
          ],
          [
            -122.391792,
            37.778299
          ],
          [
            -122.391842,
            37.778209
          ],
          [
            -122.391882,
            37.778069
          ],
          [
            -122.391962,
            37.777969
          ],
          [
            -122.392042,
            37.777889
          ],
          [
            -122.392092,
            37.777729
          ],
          [
            -122.392222,
            37.777569
          ],
          [
            -122.392242,
            37.777539
          ],
          [
            -122.392242,
            37.777529
          ]
        ]
      }
    },
    {
      "type": "Feature",
      "properties": {
        "FEATURE_ID": 930002,
        "FEATURE": 20,
        "SOURCE_ID": "T00687",
        "DATA_SOURC": "P",
        "SRC_DATE": "18570101",
        "HOR_ACC": "0",
        "INFORM": "\u0000\u0000\u0000\u0000\u0000\u0000\u0000\u0000\u0000\u0000\u0000\u0000\u0000\u0000\u0000\u0000\u0000\u0000\u0000\u0000\u0000\u0000\u0000\u0000\u0000\u0000\u0000\u0000\u0000\u0000\u0000\u0000\u0000\u0000\u0000\u0000\u0000\u0000\u0000\u0000\u0000\u0000\u0000\u0000\u0000\u0000\u0000\u0000\u0000\u0000\u0000\u0000\u0000\u0000\u0000\u0000\u0000\u0000\u0000\u0000\u0000\u0000\u0000\u0000\u0000\u0000\u0000\u0000\u0000\u0000\u0000\u0000\u0000\u0000\u0000\u0000\u0000\u0000\u0000\u0000\u0000\u0000\u0000\u0000\u0000\u0000\u0000\u0000\u0000\u0000\u0000\u0000\u0000\u0000\u0000\u0000\u0000\u0000\u0000\u0000\u0000\u0000\u0000\u0000\u0000\u0000\u0000\u0000\u0000\u0000\u0000\u0000\u0000\u0000\u0000\u0000\u0000\u0000\u0000\u0000\u0000\u0000\u0000\u0000\u0000\u0000\u0000\u0000\u0000\u0000\u0000\u0000\u0000\u0000\u0000\u0000\u0000\u0000\u0000\u0000\u0000\u0000\u0000\u0000\u0000\u0000\u0000\u0000\u0000\u0000\u0000\u0000\u0000\u0000\u0000\u0000\u0000\u0000\u0000\u0000\u0000\u0000\u0000\u0000\u0000\u0000\u0000\u0000\u0000\u0000\u0000\u0000\u0000\u0000\u0000\u0000\u0000\u0000\u0000\u0000\u0000\u0000\u0000\u0000\u0000\u0000\u0000\u0000\u0000\u0000\u0000\u0000\u0000\u0000\u0000\u0000\u0000\u0000\u0000\u0000\u0000\u0000\u0000\u0000\u0000\u0000\u0000\u0000\u0000\u0000\u0000\u0000\u0000\u0000\u0000\u0000\u0000\u0000\u0000\u0000\u0000\u0000\u0000\u0000\u0000\u0000\u0000\u0000\u0000\u0000\u0000\u0000\u0000\u0000\u0000\u0000\u0000\u0000\u0000\u0000\u0000\u0000\u0000\u0000\u0000\u0000\u0000\u0000\u0000\u0000\u0000\u0000\u0000\u0000",
        "RESOLUTION": 0,
        "ATTRIBUTE": "Natural.Mean High Water",
        "CLASS": "SHORELINE",
        "F_CODE": null,
        "EX_METH": "M",
        "EXTRACT_TE": "P",
        "_selecter_format": "shapefile",
        "_selecter_sourcecrs": "EPSG:4269",
        "_selecter_source": "CA37B08 1857 SF",
        "_selecter_imported": "2026-08-03T23:06:12.543Z"
      },
      "geometry": {
        "type": "LineString",
        "coordinates": [
          [
            -122.392262,
            37.777479
          ],
          [
            -122.392342,
            37.777309
          ],
          [
            -122.392402,
            37.777109
          ],
          [
            -122.392422,
            37.776949
          ],
          [
            -122.392432,
            37.776779
          ],
          [
            -122.392662,
            37.776749
          ],
          [
            -122.392792,
            37.776729
          ],
          [
            -122.392952,
            37.776699
          ],
          [
            -122.393092,
            37.776729
          ],
          [
            -122.393172,
            37.776829
          ],
          [
            -122.393272,
            37.776939
          ],
          [
            -122.393382,
            37.777089
          ],
          [
            -122.393442,
            37.777179
          ]
        ]
      }
    },
    {
      "type": "Feature",
      "properties": {
        "FEATURE_ID": 928073,
        "FEATURE": 20,
        "SOURCE_ID": "T00687",
        "DATA_SOURC": "P",
        "SRC_DATE": "18570101",
        "HOR_ACC": "0",
        "INFORM": "\u0000\u0000\u0000\u0000\u0000\u0000\u0000\u0000\u0000\u0000\u0000\u0000\u0000\u0000\u0000\u0000\u0000\u0000\u0000\u0000\u0000\u0000\u0000\u0000\u0000\u0000\u0000\u0000\u0000\u0000\u0000\u0000\u0000\u0000\u0000\u0000\u0000\u0000\u0000\u0000\u0000\u0000\u0000\u0000\u0000\u0000\u0000\u0000\u0000\u0000\u0000\u0000\u0000\u0000\u0000\u0000\u0000\u0000\u0000\u0000\u0000\u0000\u0000\u0000\u0000\u0000\u0000\u0000\u0000\u0000\u0000\u0000\u0000\u0000\u0000\u0000\u0000\u0000\u0000\u0000\u0000\u0000\u0000\u0000\u0000\u0000\u0000\u0000\u0000\u0000\u0000\u0000\u0000\u0000\u0000\u0000\u0000\u0000\u0000\u0000\u0000\u0000\u0000\u0000\u0000\u0000\u0000\u0000\u0000\u0000\u0000\u0000\u0000\u0000\u0000\u0000\u0000\u0000\u0000\u0000\u0000\u0000\u0000\u0000\u0000\u0000\u0000\u0000\u0000\u0000\u0000\u0000\u0000\u0000\u0000\u0000\u0000\u0000\u0000\u0000\u0000\u0000\u0000\u0000\u0000\u0000\u0000\u0000\u0000\u0000\u0000\u0000\u0000\u0000\u0000\u0000\u0000\u0000\u0000\u0000\u0000\u0000\u0000\u0000\u0000\u0000\u0000\u0000\u0000\u0000\u0000\u0000\u0000\u0000\u0000\u0000\u0000\u0000\u0000\u0000\u0000\u0000\u0000\u0000\u0000\u0000\u0000\u0000\u0000\u0000\u0000\u0000\u0000\u0000\u0000\u0000\u0000\u0000\u0000\u0000\u0000\u0000\u0000\u0000\u0000\u0000\u0000\u0000\u0000\u0000\u0000\u0000\u0000\u0000\u0000\u0000\u0000\u0000\u0000\u0000\u0000\u0000\u0000\u0000\u0000\u0000\u0000\u0000\u0000\u0000\u0000\u0000\u0000\u0000\u0000\u0000\u0000\u0000\u0000\u0000\u0000\u0000\u0000\u0000\u0000\u0000\u0000\u0000\u0000\u0000\u0000\u0000\u0000\u0000",
        "RESOLUTION": 0,
        "ATTRIBUTE": "Natural.Mean High Water",
        "CLASS": "SHORELINE",
        "F_CODE": null,
        "EX_METH": "M",
        "EXTRACT_TE": "P",
        "_selecter_format": "shapefile",
        "_selecter_sourcecrs": "EPSG:4269",
        "_selecter_source": "CA37B08 1857 SF",
        "_selecter_imported": "2026-08-03T23:06:12.543Z"
      },
      "geometry": {
        "type": "LineString",
        "coordinates": [
          [
            -122.416912,
            37.804729
          ],
          [
            -122.416922,
            37.804679
          ],
          [
            -122.416912,
            37.804639
          ],
          [
            -122.416892,
            37.804589
          ],
          [
            -122.416852,
            37.804599
          ],
          [
            -122.416852,
            37.804639
          ],
          [
            -122.416842,
            37.804689
          ],
          [
            -122.416842,
            37.804719
          ],
          [
            -122.416862,
            37.804769
          ],
          [
            -122.416902,
            37.804789
          ],
          [
            -122.416912,
            37.804729
          ]
        ]
      }
    },
    {
      "type": "Feature",
      "properties": {
        "FEATURE_ID": 928076,
        "FEATURE": 20,
        "SOURCE_ID": "T00687",
        "DATA_SOURC": "P",
        "SRC_DATE": "18570101",
        "HOR_ACC": "0",
        "INFORM": "\u0000\u0000\u0000\u0000\u0000\u0000\u0000\u0000\u0000\u0000\u0000\u0000\u0000\u0000\u0000\u0000\u0000\u0000\u0000\u0000\u0000\u0000\u0000\u0000\u0000\u0000\u0000\u0000\u0000\u0000\u0000\u0000\u0000\u0000\u0000\u0000\u0000\u0000\u0000\u0000\u0000\u0000\u0000\u0000\u0000\u0000\u0000\u0000\u0000\u0000\u0000\u0000\u0000\u0000\u0000\u0000\u0000\u0000\u0000\u0000\u0000\u0000\u0000\u0000\u0000\u0000\u0000\u0000\u0000\u0000\u0000\u0000\u0000\u0000\u0000\u0000\u0000\u0000\u0000\u0000\u0000\u0000\u0000\u0000\u0000\u0000\u0000\u0000\u0000\u0000\u0000\u0000\u0000\u0000\u0000\u0000\u0000\u0000\u0000\u0000\u0000\u0000\u0000\u0000\u0000\u0000\u0000\u0000\u0000\u0000\u0000\u0000\u0000\u0000\u0000\u0000\u0000\u0000\u0000\u0000\u0000\u0000\u0000\u0000\u0000\u0000\u0000\u0000\u0000\u0000\u0000\u0000\u0000\u0000\u0000\u0000\u0000\u0000\u0000\u0000\u0000\u0000\u0000\u0000\u0000\u0000\u0000\u0000\u0000\u0000\u0000\u0000\u0000\u0000\u0000\u0000\u0000\u0000\u0000\u0000\u0000\u0000\u0000\u0000\u0000\u0000\u0000\u0000\u0000\u0000\u0000\u0000\u0000\u0000\u0000\u0000\u0000\u0000\u0000\u0000\u0000\u0000\u0000\u0000\u0000\u0000\u0000\u0000\u0000\u0000\u0000\u0000\u0000\u0000\u0000\u0000\u0000\u0000\u0000\u0000\u0000\u0000\u0000\u0000\u0000\u0000\u0000\u0000\u0000\u0000\u0000\u0000\u0000\u0000\u0000\u0000\u0000\u0000\u0000\u0000\u0000\u0000\u0000\u0000\u0000\u0000\u0000\u0000\u0000\u0000\u0000\u0000\u0000\u0000\u0000\u0000\u0000\u0000\u0000\u0000\u0000\u0000\u0000\u0000\u0000\u0000\u0000\u0000\u0000\u0000\u0000\u0000\u0000\u0000",
        "RESOLUTION": 0,
        "ATTRIBUTE": "Natural.Mean High Water",
        "CLASS": "SHORELINE",
        "F_CODE": null,
        "EX_METH": "M",
        "EXTRACT_TE": "P",
        "_selecter_format": "shapefile",
        "_selecter_sourcecrs": "EPSG:4269",
        "_selecter_source": "CA37B08 1857 SF",
        "_selecter_imported": "2026-08-03T23:06:12.543Z"
      },
      "geometry": {
        "type": "LineString",
        "coordinates": [
          [
            -122.414632,
            37.804109
          ],
          [
            -122.414602,
            37.804099
          ],
          [
            -122.414462,
            37.804139
          ],
          [
            -122.414382,
            37.804199
          ],
          [
            -122.414242,
            37.804259
          ],
          [
            -122.414022,
            37.804359
          ],
          [
            -122.413962,
            37.804389
          ],
          [
            -122.413922,
            37.804409
          ]
        ]
      }
    },
    {
      "type": "Feature",
      "properties": {
        "FEATURE_ID": 928079,
        "FEATURE": 20,
        "SOURCE_ID": "T00687",
        "DATA_SOURC": "P",
        "SRC_DATE": "18570101",
        "HOR_ACC": "0",
        "INFORM": "\u0000\u0000\u0000\u0000\u0000\u0000\u0000\u0000\u0000\u0000\u0000\u0000\u0000\u0000\u0000\u0000\u0000\u0000\u0000\u0000\u0000\u0000\u0000\u0000\u0000\u0000\u0000\u0000\u0000\u0000\u0000\u0000\u0000\u0000\u0000\u0000\u0000\u0000\u0000\u0000\u0000\u0000\u0000\u0000\u0000\u0000\u0000\u0000\u0000\u0000\u0000\u0000\u0000\u0000\u0000\u0000\u0000\u0000\u0000\u0000\u0000\u0000\u0000\u0000\u0000\u0000\u0000\u0000\u0000\u0000\u0000\u0000\u0000\u0000\u0000\u0000\u0000\u0000\u0000\u0000\u0000\u0000\u0000\u0000\u0000\u0000\u0000\u0000\u0000\u0000\u0000\u0000\u0000\u0000\u0000\u0000\u0000\u0000\u0000\u0000\u0000\u0000\u0000\u0000\u0000\u0000\u0000\u0000\u0000\u0000\u0000\u0000\u0000\u0000\u0000\u0000\u0000\u0000\u0000\u0000\u0000\u0000\u0000\u0000\u0000\u0000\u0000\u0000\u0000\u0000\u0000\u0000\u0000\u0000\u0000\u0000\u0000\u0000\u0000\u0000\u0000\u0000\u0000\u0000\u0000\u0000\u0000\u0000\u0000\u0000\u0000\u0000\u0000\u0000\u0000\u0000\u0000\u0000\u0000\u0000\u0000\u0000\u0000\u0000\u0000\u0000\u0000\u0000\u0000\u0000\u0000\u0000\u0000\u0000\u0000\u0000\u0000\u0000\u0000\u0000\u0000\u0000\u0000\u0000\u0000\u0000\u0000\u0000\u0000\u0000\u0000\u0000\u0000\u0000\u0000\u0000\u0000\u0000\u0000\u0000\u0000\u0000\u0000\u0000\u0000\u0000\u0000\u0000\u0000\u0000\u0000\u0000\u0000\u0000\u0000\u0000\u0000\u0000\u0000\u0000\u0000\u0000\u0000\u0000\u0000\u0000\u0000\u0000\u0000\u0000\u0000\u0000\u0000\u0000\u0000\u0000\u0000\u0000\u0000\u0000\u0000\u0000\u0000\u0000\u0000\u0000\u0000\u0000\u0000\u0000\u0000\u0000\u0000\u0000",
        "RESOLUTION": 0,
        "ATTRIBUTE": "Natural.Mean High Water",
        "CLASS": "SHORELINE",
        "F_CODE": null,
        "EX_METH": "M",
        "EXTRACT_TE": "P",
        "_selecter_format": "shapefile",
        "_selecter_sourcecrs": "EPSG:4269",
        "_selecter_source": "CA37B08 1857 SF",
        "_selecter_imported": "2026-08-03T23:06:12.543Z"
      },
      "geometry": {
        "type": "LineString",
        "coordinates": [
          [
            -122.413812,
            37.804439
          ],
          [
            -122.413702,
            37.804489
          ],
          [
            -122.413552,
            37.804559
          ],
          [
            -122.413462,
            37.804599
          ],
          [
            -122.413382,
            37.804639
          ],
          [
            -122.413302,
            37.804679
          ],
          [
            -122.413262,
            37.804719
          ],
          [
            -122.413262,
            37.804749
          ],
          [
            -122.413242,
            37.804779
          ],
          [
            -122.413192,
            37.804789
          ],
          [
            -122.413122,
            37.804809
          ],
          [
            -122.413062,
            37.804809
          ],
          [
            -122.412992,
            37.804819
          ],
          [
            -122.412902,
            37.804819
          ],
          [
            -122.412802,
            37.804839
          ],
          [
            -122.412752,
            37.804859
          ],
          [
            -122.412712,
            37.804869
          ],
          [
            -122.412672,
            37.804909
          ],
          [
            -122.412652,
            37.804959
          ]
        ]
      }
    },
    {
      "type": "Feature",
      "properties": {
        "FEATURE_ID": 928080,
        "FEATURE": 20,
        "SOURCE_ID": "T00687",
        "DATA_SOURC": "P",
        "SRC_DATE": "18570101",
        "HOR_ACC": "0",
        "INFORM": "\u0000\u0000\u0000\u0000\u0000\u0000\u0000\u0000\u0000\u0000\u0000\u0000\u0000\u0000\u0000\u0000\u0000\u0000\u0000\u0000\u0000\u0000\u0000\u0000\u0000\u0000\u0000\u0000\u0000\u0000\u0000\u0000\u0000\u0000\u0000\u0000\u0000\u0000\u0000\u0000\u0000\u0000\u0000\u0000\u0000\u0000\u0000\u0000\u0000\u0000\u0000\u0000\u0000\u0000\u0000\u0000\u0000\u0000\u0000\u0000\u0000\u0000\u0000\u0000\u0000\u0000\u0000\u0000\u0000\u0000\u0000\u0000\u0000\u0000\u0000\u0000\u0000\u0000\u0000\u0000\u0000\u0000\u0000\u0000\u0000\u0000\u0000\u0000\u0000\u0000\u0000\u0000\u0000\u0000\u0000\u0000\u0000\u0000\u0000\u0000\u0000\u0000\u0000\u0000\u0000\u0000\u0000\u0000\u0000\u0000\u0000\u0000\u0000\u0000\u0000\u0000\u0000\u0000\u0000\u0000\u0000\u0000\u0000\u0000\u0000\u0000\u0000\u0000\u0000\u0000\u0000\u0000\u0000\u0000\u0000\u0000\u0000\u0000\u0000\u0000\u0000\u0000\u0000\u0000\u0000\u0000\u0000\u0000\u0000\u0000\u0000\u0000\u0000\u0000\u0000\u0000\u0000\u0000\u0000\u0000\u0000\u0000\u0000\u0000\u0000\u0000\u0000\u0000\u0000\u0000\u0000\u0000\u0000\u0000\u0000\u0000\u0000\u0000\u0000\u0000\u0000\u0000\u0000\u0000\u0000\u0000\u0000\u0000\u0000\u0000\u0000\u0000\u0000\u0000\u0000\u0000\u0000\u0000\u0000\u0000\u0000\u0000\u0000\u0000\u0000\u0000\u0000\u0000\u0000\u0000\u0000\u0000\u0000\u0000\u0000\u0000\u0000\u0000\u0000\u0000\u0000\u0000\u0000\u0000\u0000\u0000\u0000\u0000\u0000\u0000\u0000\u0000\u0000\u0000\u0000\u0000\u0000\u0000\u0000\u0000\u0000\u0000\u0000\u0000\u0000\u0000\u0000\u0000\u0000\u0000\u0000\u0000\u0000\u0000",
        "RESOLUTION": 0,
        "ATTRIBUTE": "Natural.Mean High Water",
        "CLASS": "SHORELINE",
        "F_CODE": null,
        "EX_METH": "M",
        "EXTRACT_TE": "P",
        "_selecter_format": "shapefile",
        "_selecter_sourcecrs": "EPSG:4269",
        "_selecter_source": "CA37B08 1857 SF",
        "_selecter_imported": "2026-08-03T23:06:12.543Z"
      },
      "geometry": {
        "type": "LineString",
        "coordinates": [
          [
            -122.412282,
            37.805009
          ],
          [
            -122.412112,
            37.805029
          ],
          [
            -122.411932,
            37.805079
          ],
          [
            -122.411732,
            37.805139
          ],
          [
            -122.411552,
            37.805209
          ]
        ]
      }
    },
    {
      "type": "Feature",
      "properties": {
        "FEATURE_ID": 928085,
        "FEATURE": 20,
        "SOURCE_ID": "T00687",
        "DATA_SOURC": "P",
        "SRC_DATE": "18570101",
        "HOR_ACC": "0",
        "INFORM": "\u0000\u0000\u0000\u0000\u0000\u0000\u0000\u0000\u0000\u0000\u0000\u0000\u0000\u0000\u0000\u0000\u0000\u0000\u0000\u0000\u0000\u0000\u0000\u0000\u0000\u0000\u0000\u0000\u0000\u0000\u0000\u0000\u0000\u0000\u0000\u0000\u0000\u0000\u0000\u0000\u0000\u0000\u0000\u0000\u0000\u0000\u0000\u0000\u0000\u0000\u0000\u0000\u0000\u0000\u0000\u0000\u0000\u0000\u0000\u0000\u0000\u0000\u0000\u0000\u0000\u0000\u0000\u0000\u0000\u0000\u0000\u0000\u0000\u0000\u0000\u0000\u0000\u0000\u0000\u0000\u0000\u0000\u0000\u0000\u0000\u0000\u0000\u0000\u0000\u0000\u0000\u0000\u0000\u0000\u0000\u0000\u0000\u0000\u0000\u0000\u0000\u0000\u0000\u0000\u0000\u0000\u0000\u0000\u0000\u0000\u0000\u0000\u0000\u0000\u0000\u0000\u0000\u0000\u0000\u0000\u0000\u0000\u0000\u0000\u0000\u0000\u0000\u0000\u0000\u0000\u0000\u0000\u0000\u0000\u0000\u0000\u0000\u0000\u0000\u0000\u0000\u0000\u0000\u0000\u0000\u0000\u0000\u0000\u0000\u0000\u0000\u0000\u0000\u0000\u0000\u0000\u0000\u0000\u0000\u0000\u0000\u0000\u0000\u0000\u0000\u0000\u0000\u0000\u0000\u0000\u0000\u0000\u0000\u0000\u0000\u0000\u0000\u0000\u0000\u0000\u0000\u0000\u0000\u0000\u0000\u0000\u0000\u0000\u0000\u0000\u0000\u0000\u0000\u0000\u0000\u0000\u0000\u0000\u0000\u0000\u0000\u0000\u0000\u0000\u0000\u0000\u0000\u0000\u0000\u0000\u0000\u0000\u0000\u0000\u0000\u0000\u0000\u0000\u0000\u0000\u0000\u0000\u0000\u0000\u0000\u0000\u0000\u0000\u0000\u0000\u0000\u0000\u0000\u0000\u0000\u0000\u0000\u0000\u0000\u0000\u0000\u0000\u0000\u0000\u0000\u0000\u0000\u0000\u0000\u0000\u0000\u0000\u0000\u0000",
        "RESOLUTION": 0,
        "ATTRIBUTE": "Natural.Mean High Water",
        "CLASS": "SHORELINE",
        "F_CODE": null,
        "EX_METH": "M",
        "EXTRACT_TE": "P",
        "_selecter_format": "shapefile",
        "_selecter_sourcecrs": "EPSG:4269",
        "_selecter_source": "CA37B08 1857 SF",
        "_selecter_imported": "2026-08-03T23:06:12.543Z"
      },
      "geometry": {
        "type": "LineString",
        "coordinates": [
          [
            -122.411362,
            37.805269
          ],
          [
            -122.411112,
            37.805359
          ],
          [
            -122.410832,
            37.805419
          ],
          [
            -122.410472,
            37.805539
          ],
          [
            -122.410132,
            37.805619
          ]
        ]
      }
    },
    {
      "type": "Feature",
      "properties": {
        "FEATURE_ID": 928090,
        "FEATURE": 20,
        "SOURCE_ID": "T00687",
        "DATA_SOURC": "P",
        "SRC_DATE": "18570101",
        "HOR_ACC": "0",
        "INFORM": "\u0000\u0000\u0000\u0000\u0000\u0000\u0000\u0000\u0000\u0000\u0000\u0000\u0000\u0000\u0000\u0000\u0000\u0000\u0000\u0000\u0000\u0000\u0000\u0000\u0000\u0000\u0000\u0000\u0000\u0000\u0000\u0000\u0000\u0000\u0000\u0000\u0000\u0000\u0000\u0000\u0000\u0000\u0000\u0000\u0000\u0000\u0000\u0000\u0000\u0000\u0000\u0000\u0000\u0000\u0000\u0000\u0000\u0000\u0000\u0000\u0000\u0000\u0000\u0000\u0000\u0000\u0000\u0000\u0000\u0000\u0000\u0000\u0000\u0000\u0000\u0000\u0000\u0000\u0000\u0000\u0000\u0000\u0000\u0000\u0000\u0000\u0000\u0000\u0000\u0000\u0000\u0000\u0000\u0000\u0000\u0000\u0000\u0000\u0000\u0000\u0000\u0000\u0000\u0000\u0000\u0000\u0000\u0000\u0000\u0000\u0000\u0000\u0000\u0000\u0000\u0000\u0000\u0000\u0000\u0000\u0000\u0000\u0000\u0000\u0000\u0000\u0000\u0000\u0000\u0000\u0000\u0000\u0000\u0000\u0000\u0000\u0000\u0000\u0000\u0000\u0000\u0000\u0000\u0000\u0000\u0000\u0000\u0000\u0000\u0000\u0000\u0000\u0000\u0000\u0000\u0000\u0000\u0000\u0000\u0000\u0000\u0000\u0000\u0000\u0000\u0000\u0000\u0000\u0000\u0000\u0000\u0000\u0000\u0000\u0000\u0000\u0000\u0000\u0000\u0000\u0000\u0000\u0000\u0000\u0000\u0000\u0000\u0000\u0000\u0000\u0000\u0000\u0000\u0000\u0000\u0000\u0000\u0000\u0000\u0000\u0000\u0000\u0000\u0000\u0000\u0000\u0000\u0000\u0000\u0000\u0000\u0000\u0000\u0000\u0000\u0000\u0000\u0000\u0000\u0000\u0000\u0000\u0000\u0000\u0000\u0000\u0000\u0000\u0000\u0000\u0000\u0000\u0000\u0000\u0000\u0000\u0000\u0000\u0000\u0000\u0000\u0000\u0000\u0000\u0000\u0000\u0000\u0000\u0000\u0000\u0000\u0000\u0000\u0000",
        "RESOLUTION": 0,
        "ATTRIBUTE": "Natural.Mean High Water",
        "CLASS": "SHORELINE",
        "F_CODE": null,
        "EX_METH": "M",
        "EXTRACT_TE": "P",
        "_selecter_format": "shapefile",
        "_selecter_sourcecrs": "EPSG:4269",
        "_selecter_source": "CA37B08 1857 SF",
        "_selecter_imported": "2026-08-03T23:06:12.543Z"
      },
      "geometry": {
        "type": "LineString",
        "coordinates": [
          [
            -122.410012,
            37.805669
          ],
          [
            -122.409892,
            37.805699
          ],
          [
            -122.409782,
            37.805729
          ],
          [
            -122.409682,
            37.805799
          ],
          [
            -122.409572,
            37.805889
          ],
          [
            -122.409462,
            37.805909
          ],
          [
            -122.409282,
            37.805949
          ],
          [
            -122.409082,
            37.806029
          ],
          [
            -122.409042,
            37.806089
          ]
        ]
      }
    },
    {
      "type": "Feature",
      "properties": {
        "FEATURE_ID": 928093,
        "FEATURE": 20,
        "SOURCE_ID": "T00687",
        "DATA_SOURC": "P",
        "SRC_DATE": "18570101",
        "HOR_ACC": "0",
        "INFORM": "\u0000\u0000\u0000\u0000\u0000\u0000\u0000\u0000\u0000\u0000\u0000\u0000\u0000\u0000\u0000\u0000\u0000\u0000\u0000\u0000\u0000\u0000\u0000\u0000\u0000\u0000\u0000\u0000\u0000\u0000\u0000\u0000\u0000\u0000\u0000\u0000\u0000\u0000\u0000\u0000\u0000\u0000\u0000\u0000\u0000\u0000\u0000\u0000\u0000\u0000\u0000\u0000\u0000\u0000\u0000\u0000\u0000\u0000\u0000\u0000\u0000\u0000\u0000\u0000\u0000\u0000\u0000\u0000\u0000\u0000\u0000\u0000\u0000\u0000\u0000\u0000\u0000\u0000\u0000\u0000\u0000\u0000\u0000\u0000\u0000\u0000\u0000\u0000\u0000\u0000\u0000\u0000\u0000\u0000\u0000\u0000\u0000\u0000\u0000\u0000\u0000\u0000\u0000\u0000\u0000\u0000\u0000\u0000\u0000\u0000\u0000\u0000\u0000\u0000\u0000\u0000\u0000\u0000\u0000\u0000\u0000\u0000\u0000\u0000\u0000\u0000\u0000\u0000\u0000\u0000\u0000\u0000\u0000\u0000\u0000\u0000\u0000\u0000\u0000\u0000\u0000\u0000\u0000\u0000\u0000\u0000\u0000\u0000\u0000\u0000\u0000\u0000\u0000\u0000\u0000\u0000\u0000\u0000\u0000\u0000\u0000\u0000\u0000\u0000\u0000\u0000\u0000\u0000\u0000\u0000\u0000\u0000\u0000\u0000\u0000\u0000\u0000\u0000\u0000\u0000\u0000\u0000\u0000\u0000\u0000\u0000\u0000\u0000\u0000\u0000\u0000\u0000\u0000\u0000\u0000\u0000\u0000\u0000\u0000\u0000\u0000\u0000\u0000\u0000\u0000\u0000\u0000\u0000\u0000\u0000\u0000\u0000\u0000\u0000\u0000\u0000\u0000\u0000\u0000\u0000\u0000\u0000\u0000\u0000\u0000\u0000\u0000\u0000\u0000\u0000\u0000\u0000\u0000\u0000\u0000\u0000\u0000\u0000\u0000\u0000\u0000\u0000\u0000\u0000\u0000\u0000\u0000\u0000\u0000\u0000\u0000\u0000\u0000\u0000",
        "RESOLUTION": 0,
        "ATTRIBUTE": "Natural.Mean High Water",
        "CLASS": "SHORELINE",
        "F_CODE": null,
        "EX_METH": "M",
        "EXTRACT_TE": "P",
        "_selecter_format": "shapefile",
        "_selecter_sourcecrs": "EPSG:4269",
        "_selecter_source": "CA37B08 1857 SF",
        "_selecter_imported": "2026-08-03T23:06:12.543Z"
      },
      "geometry": {
        "type": "LineString",
        "coordinates": [
          [
            -122.408942,
            37.806209
          ],
          [
            -122.408812,
            37.806209
          ],
          [
            -122.408682,
            37.806219
          ],
          [
            -122.408552,
            37.806219
          ],
          [
            -122.408412,
            37.806229
          ],
          [
            -122.408292,
            37.806259
          ],
          [
            -122.408192,
            37.806279
          ],
          [
            -122.408132,
            37.806309
          ],
          [
            -122.408062,
            37.806379
          ],
          [
            -122.408012,
            37.806429
          ],
          [
            -122.407962,
            37.806359
          ],
          [
            -122.407802,
            37.806359
          ],
          [
            -122.407732,
            37.806369
          ],
          [
            -122.407752,
            37.806439
          ],
          [
            -122.407682,
            37.806509
          ],
          [
            -122.407672,
            37.806638
          ],
          [
            -122.407552,
            37.806589
          ],
          [
            -122.407522,
            37.806449
          ],
          [
            -122.407392,
            37.806429
          ],
          [
            -122.407302,
            37.806429
          ],
          [
            -122.407242,
            37.806379
          ],
          [
            -122.407162,
            37.806399
          ],
          [
            -122.407072,
            37.806349
          ],
          [
            -122.406972,
            37.806379
          ],
          [
            -122.406902,
            37.806349
          ],
          [
            -122.406862,
            37.806419
          ],
          [
            -122.406752,
            37.806429
          ],
          [
            -122.406692,
            37.806379
          ],
          [
            -122.406652,
            37.806259
          ],
          [
            -122.406642,
            37.806159
          ],
          [
            -122.406552,
            37.806099
          ],
          [
            -122.406542,
            37.805919
          ],
          [
            -122.406462,
            37.805819
          ],
          [
            -122.406402,
            37.805699
          ],
          [
            -122.406362,
            37.805639
          ],
          [
            -122.406252,
            37.805629
          ],
          [
            -122.406182,
            37.805659
          ],
          [
            -122.406102,
            37.805689
          ],
          [
            -122.406012,
            37.805689
          ],
          [
            -122.405912,
            37.805729
          ]
        ]
      }
    },
    {
      "type": "Feature",
      "properties": {
        "FEATURE_ID": 929062,
        "FEATURE": 20,
        "SOURCE_ID": "T00687",
        "DATA_SOURC": "P",
        "SRC_DATE": "18570101",
        "HOR_ACC": "0",
        "INFORM": "\u0000\u0000\u0000\u0000\u0000\u0000\u0000\u0000\u0000\u0000\u0000\u0000\u0000\u0000\u0000\u0000\u0000\u0000\u0000\u0000\u0000\u0000\u0000\u0000\u0000\u0000\u0000\u0000\u0000\u0000\u0000\u0000\u0000\u0000\u0000\u0000\u0000\u0000\u0000\u0000\u0000\u0000\u0000\u0000\u0000\u0000\u0000\u0000\u0000\u0000\u0000\u0000\u0000\u0000\u0000\u0000\u0000\u0000\u0000\u0000\u0000\u0000\u0000\u0000\u0000\u0000\u0000\u0000\u0000\u0000\u0000\u0000\u0000\u0000\u0000\u0000\u0000\u0000\u0000\u0000\u0000\u0000\u0000\u0000\u0000\u0000\u0000\u0000\u0000\u0000\u0000\u0000\u0000\u0000\u0000\u0000\u0000\u0000\u0000\u0000\u0000\u0000\u0000\u0000\u0000\u0000\u0000\u0000\u0000\u0000\u0000\u0000\u0000\u0000\u0000\u0000\u0000\u0000\u0000\u0000\u0000\u0000\u0000\u0000\u0000\u0000\u0000\u0000\u0000\u0000\u0000\u0000\u0000\u0000\u0000\u0000\u0000\u0000\u0000\u0000\u0000\u0000\u0000\u0000\u0000\u0000\u0000\u0000\u0000\u0000\u0000\u0000\u0000\u0000\u0000\u0000\u0000\u0000\u0000\u0000\u0000\u0000\u0000\u0000\u0000\u0000\u0000\u0000\u0000\u0000\u0000\u0000\u0000\u0000\u0000\u0000\u0000\u0000\u0000\u0000\u0000\u0000\u0000\u0000\u0000\u0000\u0000\u0000\u0000\u0000\u0000\u0000\u0000\u0000\u0000\u0000\u0000\u0000\u0000\u0000\u0000\u0000\u0000\u0000\u0000\u0000\u0000\u0000\u0000\u0000\u0000\u0000\u0000\u0000\u0000\u0000\u0000\u0000\u0000\u0000\u0000\u0000\u0000\u0000\u0000\u0000\u0000\u0000\u0000\u0000\u0000\u0000\u0000\u0000\u0000\u0000\u0000\u0000\u0000\u0000\u0000\u0000\u0000\u0000\u0000\u0000\u0000\u0000\u0000\u0000\u0000\u0000\u0000\u0000",
        "RESOLUTION": 0,
        "ATTRIBUTE": "Natural.Mean High Water",
        "CLASS": "SHORELINE",
        "F_CODE": null,
        "EX_METH": "M",
        "EXTRACT_TE": "P",
        "_selecter_format": "shapefile",
        "_selecter_sourcecrs": "EPSG:4269",
        "_selecter_source": "CA37B08 1857 SF",
        "_selecter_imported": "2026-08-03T23:06:12.543Z"
      },
      "geometry": {
        "type": "LineString",
        "coordinates": [
          [
            -122.395682,
            37.74326
          ],
          [
            -122.395852,
            37.74331
          ],
          [
            -122.395982,
            37.74342
          ],
          [
            -122.396052,
            37.74351
          ],
          [
            -122.396112,
            37.74357
          ],
          [
            -122.396212,
            37.74357
          ],
          [
            -122.396292,
            37.74352
          ],
          [
            -122.396372,
            37.74341
          ],
          [
            -122.396402,
            37.74346
          ],
          [
            -122.396392,
            37.74352
          ],
          [
            -122.396322,
            37.74357
          ],
          [
            -122.396222,
            37.74362
          ],
          [
            -122.396172,
            37.74362
          ],
          [
            -122.396092,
            37.74361
          ],
          [
            -122.396022,
            37.74355
          ],
          [
            -122.395962,
            37.74348
          ],
          [
            -122.395882,
            37.74343
          ],
          [
            -122.395802,
            37.74339
          ],
          [
            -122.395752,
            37.74347
          ],
          [
            -122.395812,
            37.74354
          ],
          [
            -122.395822,
            37.74366
          ],
          [
            -122.395822,
            37.74375
          ],
          [
            -122.395862,
            37.74381
          ],
          [
            -122.395892,
            37.74387
          ],
          [
            -122.395882,
            37.74397
          ],
          [
            -122.395872,
            37.74405
          ],
          [
            -122.395962,
            37.74407
          ],
          [
            -122.396032,
            37.74409
          ],
          [
            -122.396172,
            37.74413
          ],
          [
            -122.396222,
            37.74415
          ],
          [
            -122.396282,
            37.74419
          ],
          [
            -122.396352,
            37.74426
          ],
          [
            -122.396382,
            37.74443
          ],
          [
            -122.396432,
            37.74448
          ],
          [
            -122.396552,
            37.74452
          ],
          [
            -122.396772,
            37.74452
          ],
          [
            -122.396912,
            37.74451
          ],
          [
            -122.397082,
            37.74451
          ],
          [
            -122.397202,
            37.7445
          ],
          [
            -122.397442,
            37.74445
          ],
          [
            -122.397572,
            37.74438
          ],
          [
            -122.397632,
            37.74432
          ],
          [
            -122.397612,
            37.74424
          ],
          [
            -122.397542,
            37.74415
          ],
          [
            -122.397432,
            37.74406
          ],
          [
            -122.397362,
            37.74403
          ],
          [
            -122.397232,
            37.74399
          ],
          [
            -122.397142,
            37.74395
          ],
          [
            -122.397042,
            37.74391
          ],
          [
            -122.396892,
            37.74383
          ],
          [
            -122.396842,
            37.74378
          ],
          [
            -122.396842,
            37.74372
          ],
          [
            -122.396912,
            37.74372
          ],
          [
            -122.396922,
            37.74366
          ],
          [
            -122.396862,
            37.74362
          ],
          [
            -122.396872,
            37.74355
          ],
          [
            -122.396922,
            37.74354
          ],
          [
            -122.396942,
            37.7436
          ],
          [
            -122.397002,
            37.74365
          ],
          [
            -122.397012,
            37.74372
          ],
          [
            -122.396962,
            37.74375
          ],
          [
            -122.396922,
            37.74379
          ],
          [
            -122.396982,
            37.74381
          ],
          [
            -122.397072,
            37.74384
          ],
          [
            -122.397152,
            37.7439
          ],
          [
            -122.397242,
            37.74394
          ],
          [
            -122.397362,
            37.74396
          ],
          [
            -122.397442,
            37.74399
          ],
          [
            -122.397572,
            37.74407
          ],
          [
            -122.397672,
            37.74415
          ],
          [
            -122.397722,
            37.74423
          ],
          [
            -122.397732,
            37.74431
          ],
          [
            -122.397692,
            37.74439
          ],
          [
            -122.397582,
            37.74447
          ],
          [
            -122.397482,
            37.74452
          ],
          [
            -122.397412,
            37.74456
          ],
          [
            -122.397312,
            37.74456
          ],
          [
            -122.397242,
            37.74458
          ],
          [
            -122.397182,
            37.74459
          ],
          [
            -122.397052,
            37.74459
          ],
          [
            -122.396962,
            37.7446
          ],
          [
            -122.396852,
            37.74464
          ],
          [
            -122.396702,
            37.74465
          ],
          [
            -122.396602,
            37.74465
          ],
          [
            -122.396512,
            37.74464
          ],
          [
            -122.396412,
            37.74461
          ],
          [
            -122.396352,
            37.74459
          ],
          [
            -122.396302,
            37.74455
          ],
          [
            -122.396262,
            37.74449
          ],
          [
            -122.396242,
            37.74439
          ],
          [
            -122.396212,
            37.74435
          ],
          [
            -122.396192,
            37.74429
          ],
          [
            -122.396122,
            37.74422
          ],
          [
            -122.396022,
            37.7442
          ],
          [
            -122.395902,
            37.74419
          ],
          [
            -122.395802,
            37.74419
          ],
          [
            -122.395732,
            37.74424
          ],
          [
            -122.395682,
            37.74427
          ],
          [
            -122.395612,
            37.7443
          ],
          [
            -122.395552,
            37.74431
          ],
          [
            -122.395472,
            37.74432
          ],
          [
            -122.395402,
            37.74432
          ],
          [
            -122.395302,
            37.74431
          ],
          [
            -122.395222,
            37.74431
          ],
          [
            -122.395192,
            37.74435
          ],
          [
            -122.395202,
            37.7444
          ],
          [
            -122.395212,
            37.74446
          ],
          [
            -122.395162,
            37.74448
          ],
          [
            -122.395142,
            37.74439
          ],
          [
            -122.395082,
            37.7443
          ],
          [
            -122.395012,
            37.74422
          ],
          [
            -122.394942,
            37.74421
          ],
          [
            -122.394862,
            37.7442
          ],
          [
            -122.394772,
            37.74418
          ],
          [
            -122.394702,
            37.74417
          ],
          [
            -122.394632,
            37.74414
          ],
          [
            -122.394552,
            37.74415
          ],
          [
            -122.394452,
            37.74419
          ],
          [
            -122.394382,
            37.74422
          ],
          [
            -122.394312,
            37.74424
          ],
          [
            -122.394222,
            37.74424
          ],
          [
            -122.394142,
            37.74426
          ],
          [
            -122.394082,
            37.7443
          ],
          [
            -122.394022,
            37.74435
          ],
          [
            -122.393962,
            37.74441
          ],
          [
            -122.393962,
            37.74451
          ],
          [
            -122.393952,
            37.74462
          ],
          [
            -122.393952,
            37.74471
          ],
          [
            -122.393892,
            37.74481
          ],
          [
            -122.393792,
            37.74488
          ],
          [
            -122.393722,
            37.74496
          ],
          [
            -122.393602,
            37.74504
          ],
          [
            -122.393512,
            37.74512
          ],
          [
            -122.393372,
            37.74519
          ],
          [
            -122.393252,
            37.74524
          ],
          [
            -122.393182,
            37.74528
          ],
          [
            -122.393082,
            37.74531
          ],
          [
            -122.393042,
            37.74537
          ],
          [
            -122.392972,
            37.74539
          ],
          [
            -122.392962,
            37.74544
          ],
          [
            -122.393022,
            37.74546
          ],
          [
            -122.393062,
            37.74549
          ],
          [
            -122.393112,
            37.74553
          ],
          [
            -122.393162,
            37.74556
          ],
          [
            -122.393172,
            37.74563
          ],
          [
            -122.393182,
            37.74568
          ],
          [
            -122.393232,
            37.74574
          ],
          [
            -122.393292,
            37.74579
          ],
          [
            -122.393382,
            37.74585
          ],
          [
            -122.393432,
            37.74593
          ],
          [
            -122.393462,
            37.746
          ],
          [
            -122.393502,
            37.74607
          ],
          [
            -122.393562,
            37.74613
          ],
          [
            -122.393512,
            37.7462
          ],
          [
            -122.393512,
            37.74628
          ],
          [
            -122.393512,
            37.7464
          ],
          [
            -122.393642,
            37.74649
          ],
          [
            -122.393622,
            37.74658
          ],
          [
            -122.393642,
            37.74664
          ],
          [
            -122.393752,
            37.74664
          ],
          [
            -122.393682,
            37.74674
          ],
          [
            -122.393612,
            37.74681
          ],
          [
            -122.393532,
            37.74686
          ],
          [
            -122.393462,
            37.74689
          ],
          [
            -122.393452,
            37.74693
          ],
          [
            -122.393462,
            37.74698
          ],
          [
            -122.393472,
            37.74703
          ],
          [
            -122.393492,
            37.74711
          ],
          [
            -122.393522,
            37.74714
          ],
          [
            -122.393572,
            37.74715
          ],
          [
            -122.393682,
            37.74716
          ],
          [
            -122.393692,
            37.74721
          ],
          [
            -122.393732,
            37.74729
          ],
          [
            -122.393832,
            37.74735
          ],
          [
            -122.393902,
            37.74741
          ],
          [
            -122.394062,
            37.74746
          ],
          [
            -122.394132,
            37.74749
          ],
          [
            -122.394232,
            37.74753
          ],
          [
            -122.394292,
            37.74754
          ],
          [
            -122.394342,
            37.74759
          ],
          [
            -122.394442,
            37.74758
          ],
          [
            -122.394602,
            37.74757
          ],
          [
            -122.394732,
            37.74757
          ],
          [
            -122.394842,
            37.74754
          ],
          [
            -122.394952,
            37.74749
          ],
          [
            -122.394992,
            37.74743
          ],
          [
            -122.395062,
            37.74734
          ],
          [
            -122.395182,
            37.74724
          ],
          [
            -122.395272,
            37.74717
          ]
        ]
      }
    },
    {
      "type": "Feature",
      "properties": {
        "FEATURE_ID": 930008,
        "FEATURE": 20,
        "SOURCE_ID": "T00687",
        "DATA_SOURC": "P",
        "SRC_DATE": "18570101",
        "HOR_ACC": "0",
        "INFORM": "\u0000\u0000\u0000\u0000\u0000\u0000\u0000\u0000\u0000\u0000\u0000\u0000\u0000\u0000\u0000\u0000\u0000\u0000\u0000\u0000\u0000\u0000\u0000\u0000\u0000\u0000\u0000\u0000\u0000\u0000\u0000\u0000\u0000\u0000\u0000\u0000\u0000\u0000\u0000\u0000\u0000\u0000\u0000\u0000\u0000\u0000\u0000\u0000\u0000\u0000\u0000\u0000\u0000\u0000\u0000\u0000\u0000\u0000\u0000\u0000\u0000\u0000\u0000\u0000\u0000\u0000\u0000\u0000\u0000\u0000\u0000\u0000\u0000\u0000\u0000\u0000\u0000\u0000\u0000\u0000\u0000\u0000\u0000\u0000\u0000\u0000\u0000\u0000\u0000\u0000\u0000\u0000\u0000\u0000\u0000\u0000\u0000\u0000\u0000\u0000\u0000\u0000\u0000\u0000\u0000\u0000\u0000\u0000\u0000\u0000\u0000\u0000\u0000\u0000\u0000\u0000\u0000\u0000\u0000\u0000\u0000\u0000\u0000\u0000\u0000\u0000\u0000\u0000\u0000\u0000\u0000\u0000\u0000\u0000\u0000\u0000\u0000\u0000\u0000\u0000\u0000\u0000\u0000\u0000\u0000\u0000\u0000\u0000\u0000\u0000\u0000\u0000\u0000\u0000\u0000\u0000\u0000\u0000\u0000\u0000\u0000\u0000\u0000\u0000\u0000\u0000\u0000\u0000\u0000\u0000\u0000\u0000\u0000\u0000\u0000\u0000\u0000\u0000\u0000\u0000\u0000\u0000\u0000\u0000\u0000\u0000\u0000\u0000\u0000\u0000\u0000\u0000\u0000\u0000\u0000\u0000\u0000\u0000\u0000\u0000\u0000\u0000\u0000\u0000\u0000\u0000\u0000\u0000\u0000\u0000\u0000\u0000\u0000\u0000\u0000\u0000\u0000\u0000\u0000\u0000\u0000\u0000\u0000\u0000\u0000\u0000\u0000\u0000\u0000\u0000\u0000\u0000\u0000\u0000\u0000\u0000\u0000\u0000\u0000\u0000\u0000\u0000\u0000\u0000\u0000\u0000\u0000\u0000\u0000\u0000\u0000\u0000\u0000\u0000",
        "RESOLUTION": 0,
        "ATTRIBUTE": "Natural.Mean High Water",
        "CLASS": "SHORELINE",
        "F_CODE": null,
        "EX_METH": "M",
        "EXTRACT_TE": "P",
        "_selecter_format": "shapefile",
        "_selecter_sourcecrs": "EPSG:4269",
        "_selecter_source": "CA37B08 1857 SF",
        "_selecter_imported": "2026-08-03T23:06:12.543Z"
      },
      "geometry": {
        "type": "LineString",
        "coordinates": [
          [
            -122.401932,
            37.7674
          ],
          [
            -122.401862,
            37.76746
          ],
          [
            -122.401802,
            37.76746
          ],
          [
            -122.401812,
            37.76741
          ],
          [
            -122.401822,
            37.76731
          ],
          [
            -122.401792,
            37.76727
          ],
          [
            -122.401742,
            37.76724
          ],
          [
            -122.401682,
            37.76724
          ],
          [
            -122.401612,
            37.76725
          ],
          [
            -122.401572,
            37.76729
          ],
          [
            -122.401522,
            37.76732
          ],
          [
            -122.401462,
            37.76736
          ],
          [
            -122.401452,
            37.76742
          ],
          [
            -122.401422,
            37.76749
          ],
          [
            -122.401412,
            37.76754
          ],
          [
            -122.401362,
            37.76761
          ],
          [
            -122.401342,
            37.76753
          ],
          [
            -122.401332,
            37.76747
          ],
          [
            -122.401322,
            37.76743
          ],
          [
            -122.401302,
            37.76737
          ]
        ]
      }
    },
    {
      "type": "Feature",
      "properties": {
        "FEATURE_ID": 930009,
        "FEATURE": 20,
        "SOURCE_ID": "T00687",
        "DATA_SOURC": "P",
        "SRC_DATE": "18570101",
        "HOR_ACC": "0",
        "INFORM": "\u0000\u0000\u0000\u0000\u0000\u0000\u0000\u0000\u0000\u0000\u0000\u0000\u0000\u0000\u0000\u0000\u0000\u0000\u0000\u0000\u0000\u0000\u0000\u0000\u0000\u0000\u0000\u0000\u0000\u0000\u0000\u0000\u0000\u0000\u0000\u0000\u0000\u0000\u0000\u0000\u0000\u0000\u0000\u0000\u0000\u0000\u0000\u0000\u0000\u0000\u0000\u0000\u0000\u0000\u0000\u0000\u0000\u0000\u0000\u0000\u0000\u0000\u0000\u0000\u0000\u0000\u0000\u0000\u0000\u0000\u0000\u0000\u0000\u0000\u0000\u0000\u0000\u0000\u0000\u0000\u0000\u0000\u0000\u0000\u0000\u0000\u0000\u0000\u0000\u0000\u0000\u0000\u0000\u0000\u0000\u0000\u0000\u0000\u0000\u0000\u0000\u0000\u0000\u0000\u0000\u0000\u0000\u0000\u0000\u0000\u0000\u0000\u0000\u0000\u0000\u0000\u0000\u0000\u0000\u0000\u0000\u0000\u0000\u0000\u0000\u0000\u0000\u0000\u0000\u0000\u0000\u0000\u0000\u0000\u0000\u0000\u0000\u0000\u0000\u0000\u0000\u0000\u0000\u0000\u0000\u0000\u0000\u0000\u0000\u0000\u0000\u0000\u0000\u0000\u0000\u0000\u0000\u0000\u0000\u0000\u0000\u0000\u0000\u0000\u0000\u0000\u0000\u0000\u0000\u0000\u0000\u0000\u0000\u0000\u0000\u0000\u0000\u0000\u0000\u0000\u0000\u0000\u0000\u0000\u0000\u0000\u0000\u0000\u0000\u0000\u0000\u0000\u0000\u0000\u0000\u0000\u0000\u0000\u0000\u0000\u0000\u0000\u0000\u0000\u0000\u0000\u0000\u0000\u0000\u0000\u0000\u0000\u0000\u0000\u0000\u0000\u0000\u0000\u0000\u0000\u0000\u0000\u0000\u0000\u0000\u0000\u0000\u0000\u0000\u0000\u0000\u0000\u0000\u0000\u0000\u0000\u0000\u0000\u0000\u0000\u0000\u0000\u0000\u0000\u0000\u0000\u0000\u0000\u0000\u0000\u0000\u0000\u0000\u0000",
        "RESOLUTION": 0,
        "ATTRIBUTE": "Natural.Mean High Water",
        "CLASS": "SHORELINE",
        "F_CODE": null,
        "EX_METH": "M",
        "EXTRACT_TE": "P",
        "_selecter_format": "shapefile",
        "_selecter_sourcecrs": "EPSG:4269",
        "_selecter_source": "CA37B08 1857 SF",
        "_selecter_imported": "2026-08-03T23:06:12.543Z"
      },
      "geometry": {
        "type": "LineString",
        "coordinates": [
          [
            -122.407412,
            37.76961
          ],
          [
            -122.407292,
            37.76951
          ],
          [
            -122.407212,
            37.76944
          ],
          [
            -122.407122,
            37.76939
          ],
          [
            -122.407042,
            37.76935
          ],
          [
            -122.406962,
            37.76932
          ],
          [
            -122.406872,
            37.76929
          ],
          [
            -122.406762,
            37.76924
          ],
          [
            -122.406692,
            37.76923
          ],
          [
            -122.406582,
            37.76922
          ],
          [
            -122.406522,
            37.76923
          ],
          [
            -122.406412,
            37.76926
          ],
          [
            -122.406332,
            37.7692
          ],
          [
            -122.406242,
            37.76909
          ],
          [
            -122.406142,
            37.76898
          ],
          [
            -122.406062,
            37.76889
          ],
          [
            -122.405972,
            37.7688
          ],
          [
            -122.405882,
            37.76876
          ],
          [
            -122.405752,
            37.76877
          ],
          [
            -122.405682,
            37.76877
          ],
          [
            -122.405642,
            37.76878
          ],
          [
            -122.405592,
            37.76877
          ],
          [
            -122.405572,
            37.76879
          ],
          [
            -122.405602,
            37.76881
          ],
          [
            -122.405782,
            37.76882
          ],
          [
            -122.405892,
            37.76886
          ],
          [
            -122.405972,
            37.76892
          ],
          [
            -122.406042,
            37.76903
          ],
          [
            -122.406222,
            37.76931
          ],
          [
            -122.406092,
            37.76935
          ],
          [
            -122.406002,
            37.76938
          ],
          [
            -122.405912,
            37.76944
          ],
          [
            -122.405802,
            37.76949
          ],
          [
            -122.405702,
            37.76955
          ],
          [
            -122.405612,
            37.76961
          ],
          [
            -122.405462,
            37.7697
          ],
          [
            -122.405312,
            37.76981
          ],
          [
            -122.405202,
            37.76983
          ],
          [
            -122.405262,
            37.7697
          ],
          [
            -122.405272,
            37.76958
          ],
          [
            -122.405212,
            37.76951
          ],
          [
            -122.405132,
            37.76945
          ],
          [
            -122.405072,
            37.76939
          ],
          [
            -122.404972,
            37.76937
          ],
          [
            -122.404892,
            37.76935
          ],
          [
            -122.404752,
            37.76932
          ],
          [
            -122.404722,
            37.76939
          ],
          [
            -122.404592,
            37.76933
          ],
          [
            -122.404592,
            37.76924
          ],
          [
            -122.404642,
            37.76914
          ],
          [
            -122.404662,
            37.76907
          ],
          [
            -122.404682,
            37.76899
          ],
          [
            -122.404682,
            37.76891
          ],
          [
            -122.404662,
            37.76884
          ],
          [
            -122.404602,
            37.76879
          ],
          [
            -122.404522,
            37.76874
          ],
          [
            -122.404432,
            37.76869
          ],
          [
            -122.404292,
            37.76864
          ],
          [
            -122.404182,
            37.76859
          ],
          [
            -122.404152,
            37.76867
          ],
          [
            -122.404202,
            37.76874
          ],
          [
            -122.404172,
            37.76882
          ],
          [
            -122.404162,
            37.76889
          ],
          [
            -122.404142,
            37.76895
          ],
          [
            -122.404112,
            37.76902
          ],
          [
            -122.404032,
            37.76907
          ],
          [
            -122.403932,
            37.76912
          ],
          [
            -122.403832,
            37.76913
          ],
          [
            -122.403772,
            37.76909
          ],
          [
            -122.403672,
            37.76902
          ],
          [
            -122.403602,
            37.76895
          ],
          [
            -122.403582,
            37.76889
          ],
          [
            -122.403542,
            37.76884
          ],
          [
            -122.403462,
            37.7688
          ],
          [
            -122.403322,
            37.76883
          ],
          [
            -122.403262,
            37.76886
          ],
          [
            -122.403202,
            37.76887
          ],
          [
            -122.403132,
            37.76888
          ],
          [
            -122.403162,
            37.76879
          ],
          [
            -122.403182,
            37.76874
          ],
          [
            -122.403322,
            37.76871
          ],
          [
            -122.403442,
            37.76869
          ],
          [
            -122.403542,
            37.7687
          ],
          [
            -122.403632,
            37.76874
          ],
          [
            -122.403692,
            37.76873
          ],
          [
            -122.403812,
            37.76867
          ],
          [
            -122.403892,
            37.7686
          ],
          [
            -122.403932,
            37.76852
          ],
          [
            -122.403882,
            37.76846
          ],
          [
            -122.403822,
            37.76839
          ],
          [
            -122.403712,
            37.76839
          ],
          [
            -122.403632,
            37.76841
          ],
          [
            -122.403542,
            37.76845
          ],
          [
            -122.403442,
            37.76845
          ],
          [
            -122.403332,
            37.76843
          ],
          [
            -122.403242,
            37.76838
          ],
          [
            -122.403202,
            37.76832
          ],
          [
            -122.403212,
            37.76825
          ],
          [
            -122.403262,
            37.76815
          ],
          [
            -122.403342,
            37.76811
          ],
          [
            -122.403382,
            37.76807
          ],
          [
            -122.403432,
            37.76797
          ],
          [
            -122.403462,
            37.76786
          ],
          [
            -122.403512,
            37.76778
          ],
          [
            -122.403592,
            37.76777
          ],
          [
            -122.403662,
            37.76777
          ],
          [
            -122.403742,
            37.76782
          ],
          [
            -122.403742,
            37.76789
          ],
          [
            -122.403772,
            37.76795
          ],
          [
            -122.403852,
            37.76798
          ],
          [
            -122.403932,
            37.76801
          ],
          [
            -122.404022,
            37.76802
          ],
          [
            -122.404102,
            37.76801
          ],
          [
            -122.404172,
            37.76795
          ],
          [
            -122.404232,
            37.76789
          ],
          [
            -122.404272,
            37.76782
          ],
          [
            -122.404392,
            37.76779
          ],
          [
            -122.404512,
            37.7678
          ],
          [
            -122.404582,
            37.76774
          ],
          [
            -122.404612,
            37.76767
          ],
          [
            -122.404592,
            37.7676
          ],
          [
            -122.404552,
            37.76752
          ],
          [
            -122.404492,
            37.76746
          ],
          [
            -122.404412,
            37.76741
          ],
          [
            -122.404382,
            37.76738
          ],
          [
            -122.404322,
            37.76735
          ],
          [
            -122.404212,
            37.76736
          ],
          [
            -122.404162,
            37.76739
          ],
          [
            -122.404162,
            37.76743
          ],
          [
            -122.404192,
            37.76749
          ],
          [
            -122.404222,
            37.76755
          ],
          [
            -122.404222,
            37.7676
          ],
          [
            -122.404062,
            37.76767
          ],
          [
            -122.403992,
            37.76764
          ],
          [
            -122.403922,
            37.76758
          ],
          [
            -122.403852,
            37.76753
          ],
          [
            -122.403802,
            37.76748
          ],
          [
            -122.403872,
            37.76746
          ],
          [
            -122.403862,
            37.7674
          ],
          [
            -122.403812,
            37.76739
          ],
          [
            -122.403752,
            37.76739
          ],
          [
            -122.403692,
            37.76746
          ],
          [
            -122.403742,
            37.76751
          ],
          [
            -122.403772,
            37.76754
          ],
          [
            -122.403802,
            37.7676
          ],
          [
            -122.403842,
            37.76768
          ],
          [
            -122.403892,
            37.76772
          ],
          [
            -122.403952,
            37.76778
          ],
          [
            -122.404042,
            37.76777
          ],
          [
            -122.404152,
            37.76773
          ],
          [
            -122.404242,
            37.7677
          ],
          [
            -122.404282,
            37.76761
          ],
          [
            -122.404272,
            37.76752
          ],
          [
            -122.404252,
            37.76744
          ],
          [
            -122.404352,
            37.76744
          ],
          [
            -122.404422,
            37.76752
          ],
          [
            -122.404502,
            37.76761
          ],
          [
            -122.404512,
            37.76769
          ],
          [
            -122.404472,
            37.76772
          ],
          [
            -122.404402,
            37.76771
          ],
          [
            -122.404332,
            37.76771
          ],
          [
            -122.404252,
            37.76773
          ],
          [
            -122.404212,
            37.76776
          ],
          [
            -122.404162,
            37.76782
          ],
          [
            -122.404142,
            37.76787
          ],
          [
            -122.404112,
            37.76791
          ],
          [
            -122.404062,
            37.76794
          ],
          [
            -122.404032,
            37.76795
          ],
          [
            -122.403952,
            37.76794
          ],
          [
            -122.403892,
            37.76793
          ],
          [
            -122.403852,
            37.76791
          ],
          [
            -122.403822,
            37.76787
          ],
          [
            -122.403812,
            37.76781
          ],
          [
            -122.403772,
            37.76775
          ],
          [
            -122.403732,
            37.7677
          ],
          [
            -122.403662,
            37.76769
          ],
          [
            -122.403592,
            37.76769
          ],
          [
            -122.403542,
            37.7677
          ],
          [
            -122.403462,
            37.76772
          ],
          [
            -122.403422,
            37.76777
          ],
          [
            -122.403392,
            37.7678
          ],
          [
            -122.403382,
            37.76786
          ],
          [
            -122.403362,
            37.7679
          ],
          [
            -122.403322,
            37.76799
          ],
          [
            -122.403192,
            37.76809
          ],
          [
            -122.403162,
            37.76814
          ],
          [
            -122.403112,
            37.76819
          ],
          [
            -122.403082,
            37.76824
          ],
          [
            -122.403072,
            37.76832
          ],
          [
            -122.403112,
            37.7684
          ],
          [
            -122.403192,
            37.76847
          ],
          [
            -122.403262,
            37.76851
          ],
          [
            -122.403352,
            37.76853
          ],
          [
            -122.403442,
            37.76855
          ],
          [
            -122.403502,
            37.76855
          ],
          [
            -122.403592,
            37.76854
          ],
          [
            -122.403642,
            37.76852
          ],
          [
            -122.403692,
            37.76852
          ],
          [
            -122.403762,
            37.76852
          ],
          [
            -122.403782,
            37.76855
          ],
          [
            -122.403742,
            37.76859
          ],
          [
            -122.403692,
            37.76862
          ],
          [
            -122.403622,
            37.76863
          ],
          [
            -122.403502,
            37.76862
          ],
          [
            -122.403382,
            37.76862
          ],
          [
            -122.403232,
            37.76859
          ],
          [
            -122.403142,
            37.76858
          ],
          [
            -122.403042,
            37.76862
          ],
          [
            -122.402982,
            37.76869
          ],
          [
            -122.402992,
            37.76878
          ],
          [
            -122.402972,
            37.76885
          ],
          [
            -122.403022,
            37.7689
          ],
          [
            -122.403082,
            37.76893
          ],
          [
            -122.403192,
            37.76896
          ],
          [
            -122.403292,
            37.76896
          ],
          [
            -122.403322,
            37.76894
          ],
          [
            -122.403372,
            37.76891
          ],
          [
            -122.403422,
            37.7689
          ],
          [
            -122.403472,
            37.76891
          ],
          [
            -122.403552,
            37.76898
          ],
          [
            -122.403532,
            37.76906
          ],
          [
            -122.403592,
            37.76913
          ],
          [
            -122.403682,
            37.7692
          ],
          [
            -122.403762,
            37.76924
          ],
          [
            -122.403842,
            37.76924
          ],
          [
            -122.404032,
            37.7692
          ],
          [
            -122.404092,
            37.76915
          ],
          [
            -122.404192,
            37.7691
          ],
          [
            -122.404222,
            37.76905
          ],
          [
            -122.404262,
            37.76897
          ],
          [
            -122.404262,
            37.76889
          ],
          [
            -122.404302,
            37.76884
          ],
          [
            -122.404402,
            37.76882
          ],
          [
            -122.404482,
            37.76885
          ],
          [
            -122.404532,
            37.76893
          ],
          [
            -122.404532,
            37.76901
          ],
          [
            -122.404512,
            37.76911
          ],
          [
            -122.404482,
            37.76918
          ],
          [
            -122.404412,
            37.76925
          ],
          [
            -122.404362,
            37.76933
          ],
          [
            -122.404372,
            37.76942
          ],
          [
            -122.404422,
            37.76949
          ],
          [
            -122.404532,
            37.76953
          ],
          [
            -122.404732,
            37.76949
          ],
          [
            -122.404852,
            37.76951
          ],
          [
            -122.404962,
            37.76962
          ],
          [
            -122.405022,
            37.76971
          ],
          [
            -122.405032,
            37.76981
          ],
          [
            -122.404912,
            37.7699
          ],
          [
            -122.404842,
            37.76994
          ],
          [
            -122.404662,
            37.76998
          ],
          [
            -122.404582,
            37.76998
          ],
          [
            -122.404482,
            37.76994
          ],
          [
            -122.404372,
            37.76988
          ],
          [
            -122.404292,
            37.76975
          ],
          [
            -122.404182,
            37.76965
          ],
          [
            -122.404072,
            37.76965
          ],
          [
            -122.403972,
            37.76967
          ],
          [
            -122.403952,
            37.76976
          ],
          [
            -122.403932,
            37.76988
          ],
          [
            -122.403882,
            37.76993
          ],
          [
            -122.403802,
            37.76998
          ],
          [
            -122.403652,
            37.77003
          ],
          [
            -122.403462,
            37.76997
          ],
          [
            -122.403352,
            37.76996
          ],
          [
            -122.403272,
            37.76991
          ],
          [
            -122.403172,
            37.76991
          ],
          [
            -122.403042,
            37.76985
          ],
          [
            -122.402872,
            37.76983
          ],
          [
            -122.402752,
            37.76983
          ],
          [
            -122.402652,
            37.76987
          ],
          [
            -122.402482,
            37.76989
          ],
          [
            -122.402382,
            37.76991
          ],
          [
            -122.402252,
            37.76991
          ],
          [
            -122.402152,
            37.76997
          ],
          [
            -122.401962,
            37.76993
          ],
          [
            -122.401812,
            37.76993
          ],
          [
            -122.401682,
            37.76996
          ],
          [
            -122.401622,
            37.76998
          ],
          [
            -122.401492,
            37.76996
          ],
          [
            -122.401362,
            37.76995
          ],
          [
            -122.401272,
            37.76997
          ],
          [
            -122.401182,
            37.76995
          ],
          [
            -122.401152,
            37.76985
          ],
          [
            -122.401202,
            37.76978
          ],
          [
            -122.401232,
            37.76971
          ],
          [
            -122.401192,
            37.76956
          ],
          [
            -122.401192,
            37.76944
          ],
          [
            -122.401172,
            37.76936
          ],
          [
            -122.401092,
            37.76926
          ],
          [
            -122.401052,
            37.76922
          ],
          [
            -122.401052,
            37.76913
          ],
          [
            -122.401002,
            37.76904
          ],
          [
            -122.400932,
            37.76889
          ],
          [
            -122.400872,
            37.7688
          ],
          [
            -122.400772,
            37.76871
          ],
          [
            -122.400732,
            37.76863
          ],
          [
            -122.400702,
            37.76856
          ],
          [
            -122.400612,
            37.76851
          ],
          [
            -122.400572,
            37.76845
          ],
          [
            -122.400532,
            37.7684
          ],
          [
            -122.400432,
            37.76833
          ],
          [
            -122.400372,
            37.76827
          ],
          [
            -122.400322,
            37.76823
          ],
          [
            -122.400282,
            37.76815
          ],
          [
            -122.400292,
            37.76805
          ],
          [
            -122.400302,
            37.76797
          ],
          [
            -122.400322,
            37.76787
          ],
          [
            -122.400332,
            37.76782
          ],
          [
            -122.400352,
            37.76775
          ],
          [
            -122.400402,
            37.7677
          ],
          [
            -122.400472,
            37.76766
          ],
          [
            -122.400512,
            37.76762
          ],
          [
            -122.400562,
            37.76757
          ],
          [
            -122.400572,
            37.76753
          ],
          [
            -122.400622,
            37.76745
          ],
          [
            -122.400662,
            37.7674
          ],
          [
            -122.400772,
            37.76738
          ],
          [
            -122.400872,
            37.76741
          ],
          [
            -122.400922,
            37.76745
          ],
          [
            -122.400972,
            37.76748
          ],
          [
            -122.401032,
            37.76749
          ],
          [
            -122.401072,
            37.76752
          ],
          [
            -122.401172,
            37.76758
          ],
          [
            -122.401252,
            37.76764
          ],
          [
            -122.401332,
            37.76767
          ],
          [
            -122.401382,
            37.76768
          ],
          [
            -122.401512,
            37.76772
          ],
          [
            -122.401532,
            37.76766
          ],
          [
            -122.401492,
            37.76758
          ],
          [
            -122.401482,
            37.76752
          ],
          [
            -122.401522,
            37.76744
          ],
          [
            -122.401682,
            37.7674
          ],
          [
            -122.401732,
            37.76742
          ],
          [
            -122.401752,
            37.7675
          ],
          [
            -122.401832,
            37.76754
          ],
          [
            -122.401882,
            37.76753
          ],
          [
            -122.401942,
            37.7675
          ],
          [
            -122.402012,
            37.76743
          ],
          [
            -122.402092,
            37.7674
          ],
          [
            -122.402172,
            37.76741
          ],
          [
            -122.402172,
            37.76745
          ],
          [
            -122.402152,
            37.7675
          ],
          [
            -122.402112,
            37.76753
          ],
          [
            -122.402002,
            37.76756
          ],
          [
            -122.401932,
            37.76759
          ],
          [
            -122.401872,
            37.76763
          ],
          [
            -122.401862,
            37.76769
          ],
          [
            -122.401922,
            37.76775
          ],
          [
            -122.401982,
            37.76781
          ],
          [
            -122.402012,
            37.76786
          ],
          [
            -122.402062,
            37.76789
          ],
          [
            -122.402132,
            37.76787
          ],
          [
            -122.402202,
            37.76781
          ],
          [
            -122.402262,
            37.76776
          ],
          [
            -122.402272,
            37.7677
          ],
          [
            -122.402322,
            37.76768
          ],
          [
            -122.402382,
            37.76774
          ],
          [
            -122.402402,
            37.7678
          ],
          [
            -122.402462,
            37.76778
          ],
          [
            -122.402442,
            37.7677
          ],
          [
            -122.402382,
            37.76764
          ],
          [
            -122.402302,
            37.76761
          ],
          [
            -122.402232,
            37.76761
          ],
          [
            -122.402182,
            37.76763
          ],
          [
            -122.402172,
            37.7677
          ],
          [
            -122.402182,
            37.76774
          ],
          [
            -122.402112,
            37.76777
          ],
          [
            -122.402032,
            37.76776
          ],
          [
            -122.402002,
            37.7677
          ],
          [
            -122.401982,
            37.76766
          ],
          [
            -122.401992,
            37.76763
          ],
          [
            -122.402092,
            37.76758
          ],
          [
            -122.402242,
            37.76753
          ],
          [
            -122.402282,
            37.76743
          ],
          [
            -122.402272,
            37.76739
          ],
          [
            -122.402192,
            37.76733
          ],
          [
            -122.402122,
            37.76733
          ],
          [
            -122.402032,
            37.76735
          ],
          [
            -122.401932,
            37.7674
          ]
        ]
      }
    },
    {
      "type": "Feature",
      "properties": {
        "FEATURE_ID": 930010,
        "FEATURE": 20,
        "SOURCE_ID": "T00687",
        "DATA_SOURC": "P",
        "SRC_DATE": "18570101",
        "HOR_ACC": "0",
        "INFORM": "\u0000\u0000\u0000\u0000\u0000\u0000\u0000\u0000\u0000\u0000\u0000\u0000\u0000\u0000\u0000\u0000\u0000\u0000\u0000\u0000\u0000\u0000\u0000\u0000\u0000\u0000\u0000\u0000\u0000\u0000\u0000\u0000\u0000\u0000\u0000\u0000\u0000\u0000\u0000\u0000\u0000\u0000\u0000\u0000\u0000\u0000\u0000\u0000\u0000\u0000\u0000\u0000\u0000\u0000\u0000\u0000\u0000\u0000\u0000\u0000\u0000\u0000\u0000\u0000\u0000\u0000\u0000\u0000\u0000\u0000\u0000\u0000\u0000\u0000\u0000\u0000\u0000\u0000\u0000\u0000\u0000\u0000\u0000\u0000\u0000\u0000\u0000\u0000\u0000\u0000\u0000\u0000\u0000\u0000\u0000\u0000\u0000\u0000\u0000\u0000\u0000\u0000\u0000\u0000\u0000\u0000\u0000\u0000\u0000\u0000\u0000\u0000\u0000\u0000\u0000\u0000\u0000\u0000\u0000\u0000\u0000\u0000\u0000\u0000\u0000\u0000\u0000\u0000\u0000\u0000\u0000\u0000\u0000\u0000\u0000\u0000\u0000\u0000\u0000\u0000\u0000\u0000\u0000\u0000\u0000\u0000\u0000\u0000\u0000\u0000\u0000\u0000\u0000\u0000\u0000\u0000\u0000\u0000\u0000\u0000\u0000\u0000\u0000\u0000\u0000\u0000\u0000\u0000\u0000\u0000\u0000\u0000\u0000\u0000\u0000\u0000\u0000\u0000\u0000\u0000\u0000\u0000\u0000\u0000\u0000\u0000\u0000\u0000\u0000\u0000\u0000\u0000\u0000\u0000\u0000\u0000\u0000\u0000\u0000\u0000\u0000\u0000\u0000\u0000\u0000\u0000\u0000\u0000\u0000\u0000\u0000\u0000\u0000\u0000\u0000\u0000\u0000\u0000\u0000\u0000\u0000\u0000\u0000\u0000\u0000\u0000\u0000\u0000\u0000\u0000\u0000\u0000\u0000\u0000\u0000\u0000\u0000\u0000\u0000\u0000\u0000\u0000\u0000\u0000\u0000\u0000\u0000\u0000\u0000\u0000\u0000\u0000\u0000\u0000",
        "RESOLUTION": 0,
        "ATTRIBUTE": "Natural.Mean High Water",
        "CLASS": "SHORELINE",
        "F_CODE": null,
        "EX_METH": "M",
        "EXTRACT_TE": "P",
        "_selecter_format": "shapefile",
        "_selecter_sourcecrs": "EPSG:4269",
        "_selecter_source": "CA37B08 1857 SF",
        "_selecter_imported": "2026-08-03T23:06:12.543Z"
      },
      "geometry": {
        "type": "LineString",
        "coordinates": [
          [
            -122.397682,
            37.76535
          ],
          [
            -122.397612,
            37.76543
          ],
          [
            -122.397522,
            37.76548
          ],
          [
            -122.397442,
            37.76553
          ],
          [
            -122.397412,
            37.76557
          ],
          [
            -122.397362,
            37.76563
          ],
          [
            -122.397412,
            37.76569
          ],
          [
            -122.397472,
            37.76577
          ],
          [
            -122.397552,
            37.7658
          ],
          [
            -122.397672,
            37.7658
          ],
          [
            -122.397782,
            37.76578
          ],
          [
            -122.397852,
            37.76573
          ],
          [
            -122.397882,
            37.76567
          ],
          [
            -122.397872,
            37.76561
          ],
          [
            -122.397852,
            37.76554
          ],
          [
            -122.397912,
            37.7655
          ],
          [
            -122.398032,
            37.7655
          ],
          [
            -122.398092,
            37.76556
          ],
          [
            -122.398092,
            37.76564
          ],
          [
            -122.398032,
            37.76568
          ],
          [
            -122.397982,
            37.76572
          ],
          [
            -122.397912,
            37.76577
          ],
          [
            -122.397902,
            37.76581
          ],
          [
            -122.397932,
            37.76584
          ],
          [
            -122.398042,
            37.76589
          ],
          [
            -122.398122,
            37.76595
          ],
          [
            -122.397982,
            37.76594
          ],
          [
            -122.397892,
            37.76596
          ],
          [
            -122.397832,
            37.76599
          ],
          [
            -122.397842,
            37.76604
          ],
          [
            -122.397902,
            37.7661
          ],
          [
            -122.398002,
            37.76617
          ],
          [
            -122.398092,
            37.76623
          ],
          [
            -122.398162,
            37.76632
          ],
          [
            -122.398192,
            37.76638
          ],
          [
            -122.398212,
            37.76645
          ],
          [
            -122.398162,
            37.76655
          ],
          [
            -122.398092,
            37.76663
          ],
          [
            -122.398002,
            37.76663
          ],
          [
            -122.397882,
            37.76659
          ],
          [
            -122.397732,
            37.76656
          ],
          [
            -122.397572,
            37.76653
          ],
          [
            -122.397432,
            37.76649
          ],
          [
            -122.397222,
            37.76639
          ],
          [
            -122.397132,
            37.76634
          ],
          [
            -122.397032,
            37.76629
          ],
          [
            -122.396842,
            37.76623
          ],
          [
            -122.396702,
            37.7662
          ],
          [
            -122.396582,
            37.76617
          ],
          [
            -122.396402,
            37.76611
          ],
          [
            -122.396242,
            37.76607
          ],
          [
            -122.396072,
            37.76601
          ],
          [
            -122.395942,
            37.76597
          ],
          [
            -122.395812,
            37.76599
          ],
          [
            -122.395692,
            37.76597
          ],
          [
            -122.395602,
            37.76595
          ],
          [
            -122.395492,
            37.76593
          ],
          [
            -122.395392,
            37.76591
          ],
          [
            -122.395332,
            37.76588
          ],
          [
            -122.395232,
            37.76586
          ],
          [
            -122.395052,
            37.76583
          ],
          [
            -122.394942,
            37.76583
          ],
          [
            -122.394862,
            37.7658
          ],
          [
            -122.394792,
            37.76578
          ],
          [
            -122.394682,
            37.76573
          ],
          [
            -122.394602,
            37.7657
          ],
          [
            -122.394512,
            37.76566
          ],
          [
            -122.394322,
            37.76556
          ],
          [
            -122.394182,
            37.76548
          ],
          [
            -122.394002,
            37.7654
          ],
          [
            -122.393882,
            37.76536
          ],
          [
            -122.393772,
            37.76532
          ],
          [
            -122.393672,
            37.76527
          ],
          [
            -122.393552,
            37.76524
          ],
          [
            -122.393382,
            37.76519
          ],
          [
            -122.393252,
            37.76513
          ],
          [
            -122.393142,
            37.7651
          ],
          [
            -122.393062,
            37.76509
          ],
          [
            -122.392982,
            37.76508
          ],
          [
            -122.392882,
            37.76506
          ],
          [
            -122.392792,
            37.76505
          ],
          [
            -122.392712,
            37.76501
          ],
          [
            -122.392652,
            37.76499
          ],
          [
            -122.392552,
            37.76496
          ],
          [
            -122.392382,
            37.76491
          ],
          [
            -122.392272,
            37.76489
          ],
          [
            -122.392182,
            37.76489
          ],
          [
            -122.392082,
            37.76488
          ],
          [
            -122.391992,
            37.76485
          ],
          [
            -122.391892,
            37.76484
          ],
          [
            -122.391802,
            37.76483
          ],
          [
            -122.391732,
            37.76484
          ],
          [
            -122.391532,
            37.76482
          ],
          [
            -122.391422,
            37.76484
          ],
          [
            -122.391332,
            37.76485
          ],
          [
            -122.391212,
            37.76488
          ],
          [
            -122.390982,
            37.76493
          ]
        ]
      }
    },
    {
      "type": "Feature",
      "properties": {
        "FEATURE_ID": 930011,
        "FEATURE": 20,
        "SOURCE_ID": "T00687",
        "DATA_SOURC": "P",
        "SRC_DATE": "18570101",
        "HOR_ACC": "0",
        "INFORM": "\u0000\u0000\u0000\u0000\u0000\u0000\u0000\u0000\u0000\u0000\u0000\u0000\u0000\u0000\u0000\u0000\u0000\u0000\u0000\u0000\u0000\u0000\u0000\u0000\u0000\u0000\u0000\u0000\u0000\u0000\u0000\u0000\u0000\u0000\u0000\u0000\u0000\u0000\u0000\u0000\u0000\u0000\u0000\u0000\u0000\u0000\u0000\u0000\u0000\u0000\u0000\u0000\u0000\u0000\u0000\u0000\u0000\u0000\u0000\u0000\u0000\u0000\u0000\u0000\u0000\u0000\u0000\u0000\u0000\u0000\u0000\u0000\u0000\u0000\u0000\u0000\u0000\u0000\u0000\u0000\u0000\u0000\u0000\u0000\u0000\u0000\u0000\u0000\u0000\u0000\u0000\u0000\u0000\u0000\u0000\u0000\u0000\u0000\u0000\u0000\u0000\u0000\u0000\u0000\u0000\u0000\u0000\u0000\u0000\u0000\u0000\u0000\u0000\u0000\u0000\u0000\u0000\u0000\u0000\u0000\u0000\u0000\u0000\u0000\u0000\u0000\u0000\u0000\u0000\u0000\u0000\u0000\u0000\u0000\u0000\u0000\u0000\u0000\u0000\u0000\u0000\u0000\u0000\u0000\u0000\u0000\u0000\u0000\u0000\u0000\u0000\u0000\u0000\u0000\u0000\u0000\u0000\u0000\u0000\u0000\u0000\u0000\u0000\u0000\u0000\u0000\u0000\u0000\u0000\u0000\u0000\u0000\u0000\u0000\u0000\u0000\u0000\u0000\u0000\u0000\u0000\u0000\u0000\u0000\u0000\u0000\u0000\u0000\u0000\u0000\u0000\u0000\u0000\u0000\u0000\u0000\u0000\u0000\u0000\u0000\u0000\u0000\u0000\u0000\u0000\u0000\u0000\u0000\u0000\u0000\u0000\u0000\u0000\u0000\u0000\u0000\u0000\u0000\u0000\u0000\u0000\u0000\u0000\u0000\u0000\u0000\u0000\u0000\u0000\u0000\u0000\u0000\u0000\u0000\u0000\u0000\u0000\u0000\u0000\u0000\u0000\u0000\u0000\u0000\u0000\u0000\u0000\u0000\u0000\u0000\u0000\u0000\u0000\u0000",
        "RESOLUTION": 0,
        "ATTRIBUTE": "Natural.Mean High Water",
        "CLASS": "SHORELINE",
        "F_CODE": null,
        "EX_METH": "M",
        "EXTRACT_TE": "P",
        "_selecter_format": "shapefile",
        "_selecter_sourcecrs": "EPSG:4269",
        "_selecter_source": "CA37B08 1857 SF",
        "_selecter_imported": "2026-08-03T23:06:12.543Z"
      },
      "geometry": {
        "type": "LineString",
        "coordinates": [
          [
            -122.401142,
            37.76748
          ],
          [
            -122.401002,
            37.76738
          ],
          [
            -122.400872,
            37.76732
          ],
          [
            -122.400802,
            37.7673
          ],
          [
            -122.400752,
            37.76729
          ],
          [
            -122.400682,
            37.76731
          ],
          [
            -122.400582,
            37.76732
          ],
          [
            -122.400542,
            37.76738
          ],
          [
            -122.400532,
            37.76744
          ],
          [
            -122.400512,
            37.7675
          ],
          [
            -122.400452,
            37.76756
          ],
          [
            -122.400372,
            37.76759
          ],
          [
            -122.400282,
            37.76761
          ],
          [
            -122.400222,
            37.76769
          ],
          [
            -122.400212,
            37.76779
          ],
          [
            -122.400202,
            37.76785
          ],
          [
            -122.400152,
            37.7679
          ],
          [
            -122.400102,
            37.76792
          ],
          [
            -122.400022,
            37.76792
          ],
          [
            -122.399942,
            37.76789
          ],
          [
            -122.399902,
            37.76785
          ],
          [
            -122.399872,
            37.76779
          ],
          [
            -122.399802,
            37.76776
          ],
          [
            -122.399802,
            37.76769
          ],
          [
            -122.399782,
            37.76763
          ],
          [
            -122.399742,
            37.76759
          ],
          [
            -122.399752,
            37.76754
          ],
          [
            -122.399752,
            37.76748
          ],
          [
            -122.399672,
            37.76743
          ],
          [
            -122.399652,
            37.76737
          ],
          [
            -122.399582,
            37.76729
          ],
          [
            -122.399582,
            37.76722
          ],
          [
            -122.399592,
            37.76716
          ],
          [
            -122.399602,
            37.76709
          ],
          [
            -122.399592,
            37.76703
          ],
          [
            -122.399592,
            37.76698
          ],
          [
            -122.399602,
            37.76691
          ],
          [
            -122.399632,
            37.76685
          ],
          [
            -122.399682,
            37.76682
          ],
          [
            -122.399742,
            37.76681
          ],
          [
            -122.399842,
            37.76681
          ],
          [
            -122.399882,
            37.76679
          ],
          [
            -122.399922,
            37.76675
          ],
          [
            -122.399982,
            37.76669
          ],
          [
            -122.400072,
            37.76665
          ],
          [
            -122.400212,
            37.76664
          ],
          [
            -122.400272,
            37.76664
          ],
          [
            -122.400332,
            37.76661
          ],
          [
            -122.400292,
            37.76655
          ],
          [
            -122.400222,
            37.76655
          ],
          [
            -122.400112,
            37.76656
          ],
          [
            -122.400012,
            37.76659
          ],
          [
            -122.399952,
            37.76664
          ],
          [
            -122.399872,
            37.76669
          ],
          [
            -122.399752,
            37.7667
          ],
          [
            -122.399642,
            37.7667
          ],
          [
            -122.399542,
            37.76674
          ],
          [
            -122.399472,
            37.76683
          ],
          [
            -122.399462,
            37.76697
          ],
          [
            -122.399462,
            37.76711
          ],
          [
            -122.399462,
            37.76725
          ],
          [
            -122.399442,
            37.76734
          ],
          [
            -122.399382,
            37.76737
          ],
          [
            -122.399302,
            37.76731
          ],
          [
            -122.399202,
            37.76728
          ],
          [
            -122.399182,
            37.76722
          ],
          [
            -122.399092,
            37.76715
          ],
          [
            -122.399002,
            37.76705
          ],
          [
            -122.398952,
            37.76699
          ],
          [
            -122.398862,
            37.76695
          ],
          [
            -122.398772,
            37.76692
          ],
          [
            -122.398672,
            37.7669
          ],
          [
            -122.398612,
            37.76685
          ],
          [
            -122.398552,
            37.76681
          ],
          [
            -122.398492,
            37.76677
          ],
          [
            -122.398422,
            37.7667
          ],
          [
            -122.398362,
            37.76666
          ],
          [
            -122.398312,
            37.7666
          ],
          [
            -122.398302,
            37.76649
          ],
          [
            -122.398292,
            37.76641
          ],
          [
            -122.398252,
            37.76632
          ],
          [
            -122.398322,
            37.76629
          ],
          [
            -122.398392,
            37.76624
          ],
          [
            -122.398412,
            37.76619
          ],
          [
            -122.398322,
            37.76615
          ],
          [
            -122.398212,
            37.76613
          ],
          [
            -122.398122,
            37.76612
          ],
          [
            -122.398032,
            37.7661
          ],
          [
            -122.397962,
            37.76606
          ],
          [
            -122.397952,
            37.76603
          ],
          [
            -122.398012,
            37.76601
          ],
          [
            -122.398122,
            37.76602
          ],
          [
            -122.398202,
            37.76596
          ],
          [
            -122.398202,
            37.76593
          ],
          [
            -122.398062,
            37.76584
          ],
          [
            -122.398012,
            37.76581
          ],
          [
            -122.397982,
            37.76577
          ],
          [
            -122.398032,
            37.76577
          ],
          [
            -122.398162,
            37.76574
          ],
          [
            -122.398192,
            37.76568
          ],
          [
            -122.398212,
            37.76561
          ],
          [
            -122.398152,
            37.76554
          ],
          [
            -122.398102,
            37.76548
          ],
          [
            -122.398052,
            37.76544
          ],
          [
            -122.398002,
            37.76544
          ],
          [
            -122.397932,
            37.76543
          ],
          [
            -122.397882,
            37.76546
          ],
          [
            -122.397822,
            37.76549
          ],
          [
            -122.397802,
            37.76554
          ],
          [
            -122.397802,
            37.7656
          ],
          [
            -122.397802,
            37.76566
          ],
          [
            -122.397792,
            37.76572
          ],
          [
            -122.397742,
            37.76575
          ],
          [
            -122.397672,
            37.76575
          ],
          [
            -122.397582,
            37.76573
          ],
          [
            -122.397512,
            37.76567
          ],
          [
            -122.397522,
            37.76562
          ],
          [
            -122.397552,
            37.76558
          ],
          [
            -122.397612,
            37.76552
          ],
          [
            -122.397662,
            37.76547
          ],
          [
            -122.397692,
            37.76541
          ],
          [
            -122.397722,
            37.76536
          ],
          [
            -122.397822,
            37.76535
          ],
          [
            -122.397902,
            37.76533
          ],
          [
            -122.397972,
            37.76534
          ],
          [
            -122.398032,
            37.76539
          ],
          [
            -122.398142,
            37.76544
          ],
          [
            -122.398212,
            37.76544
          ],
          [
            -122.398312,
            37.76543
          ],
          [
            -122.398372,
            37.7654
          ],
          [
            -122.398392,
            37.76534
          ],
          [
            -122.398322,
            37.7653
          ],
          [
            -122.398282,
            37.76529
          ],
          [
            -122.398272,
            37.76532
          ],
          [
            -122.398272,
            37.76538
          ],
          [
            -122.398202,
            37.76538
          ],
          [
            -122.398072,
            37.7653
          ],
          [
            -122.397952,
            37.76525
          ],
          [
            -122.397802,
            37.76528
          ],
          [
            -122.397682,
            37.76535
          ]
        ]
      }
    },
    {
      "type": "Feature",
      "properties": {
        "FEATURE_ID": 928095,
        "FEATURE": 20,
        "SOURCE_ID": "T00687",
        "DATA_SOURC": "P",
        "SRC_DATE": "18570101",
        "HOR_ACC": "0",
        "INFORM": "\u0000\u0000\u0000\u0000\u0000\u0000\u0000\u0000\u0000\u0000\u0000\u0000\u0000\u0000\u0000\u0000\u0000\u0000\u0000\u0000\u0000\u0000\u0000\u0000\u0000\u0000\u0000\u0000\u0000\u0000\u0000\u0000\u0000\u0000\u0000\u0000\u0000\u0000\u0000\u0000\u0000\u0000\u0000\u0000\u0000\u0000\u0000\u0000\u0000\u0000\u0000\u0000\u0000\u0000\u0000\u0000\u0000\u0000\u0000\u0000\u0000\u0000\u0000\u0000\u0000\u0000\u0000\u0000\u0000\u0000\u0000\u0000\u0000\u0000\u0000\u0000\u0000\u0000\u0000\u0000\u0000\u0000\u0000\u0000\u0000\u0000\u0000\u0000\u0000\u0000\u0000\u0000\u0000\u0000\u0000\u0000\u0000\u0000\u0000\u0000\u0000\u0000\u0000\u0000\u0000\u0000\u0000\u0000\u0000\u0000\u0000\u0000\u0000\u0000\u0000\u0000\u0000\u0000\u0000\u0000\u0000\u0000\u0000\u0000\u0000\u0000\u0000\u0000\u0000\u0000\u0000\u0000\u0000\u0000\u0000\u0000\u0000\u0000\u0000\u0000\u0000\u0000\u0000\u0000\u0000\u0000\u0000\u0000\u0000\u0000\u0000\u0000\u0000\u0000\u0000\u0000\u0000\u0000\u0000\u0000\u0000\u0000\u0000\u0000\u0000\u0000\u0000\u0000\u0000\u0000\u0000\u0000\u0000\u0000\u0000\u0000\u0000\u0000\u0000\u0000\u0000\u0000\u0000\u0000\u0000\u0000\u0000\u0000\u0000\u0000\u0000\u0000\u0000\u0000\u0000\u0000\u0000\u0000\u0000\u0000\u0000\u0000\u0000\u0000\u0000\u0000\u0000\u0000\u0000\u0000\u0000\u0000\u0000\u0000\u0000\u0000\u0000\u0000\u0000\u0000\u0000\u0000\u0000\u0000\u0000\u0000\u0000\u0000\u0000\u0000\u0000\u0000\u0000\u0000\u0000\u0000\u0000\u0000\u0000\u0000\u0000\u0000\u0000\u0000\u0000\u0000\u0000\u0000\u0000\u0000\u0000\u0000\u0000\u0000",
        "RESOLUTION": 0,
        "ATTRIBUTE": "Natural.Mean High Water",
        "CLASS": "SHORELINE",
        "F_CODE": null,
        "EX_METH": "M",
        "EXTRACT_TE": "P",
        "_selecter_format": "shapefile",
        "_selecter_sourcecrs": "EPSG:4269",
        "_selecter_source": "CA37B08 1857 SF",
        "_selecter_imported": "2026-08-03T23:06:12.543Z"
      },
      "geometry": {
        "type": "LineString",
        "coordinates": [
          [
            -122.405872,
            37.805559
          ],
          [
            -122.405992,
            37.805529
          ],
          [
            -122.406102,
            37.805519
          ],
          [
            -122.406232,
            37.805499
          ],
          [
            -122.406322,
            37.805469
          ],
          [
            -122.406402,
            37.805419
          ],
          [
            -122.406352,
            37.805349
          ],
          [
            -122.406252,
            37.805259
          ],
          [
            -122.406132,
            37.805189
          ],
          [
            -122.406052,
            37.805159
          ],
          [
            -122.405862,
            37.805189
          ],
          [
            -122.405782,
            37.805179
          ],
          [
            -122.405642,
            37.805129
          ],
          [
            -122.405502,
            37.805109
          ],
          [
            -122.405392,
            37.805149
          ],
          [
            -122.405282,
            37.805179
          ],
          [
            -122.405202,
            37.805159
          ],
          [
            -122.405142,
            37.805109
          ],
          [
            -122.405132,
            37.805059
          ],
          [
            -122.405132,
            37.805009
          ],
          [
            -122.405082,
            37.804959
          ],
          [
            -122.405042,
            37.804909
          ],
          [
            -122.405052,
            37.804849
          ],
          [
            -122.405052,
            37.804789
          ],
          [
            -122.405002,
            37.804719
          ],
          [
            -122.404922,
            37.804689
          ],
          [
            -122.404852,
            37.804659
          ],
          [
            -122.404722,
            37.804629
          ],
          [
            -122.404642,
            37.804619
          ],
          [
            -122.404532,
            37.804629
          ],
          [
            -122.404462,
            37.804599
          ],
          [
            -122.404402,
            37.804579
          ],
          [
            -122.404292,
            37.804539
          ],
          [
            -122.404222,
            37.804509
          ],
          [
            -122.404132,
            37.804509
          ],
          [
            -122.404022,
            37.804519
          ],
          [
            -122.403882,
            37.804569
          ],
          [
            -122.403782,
            37.804589
          ],
          [
            -122.403612,
            37.804599
          ],
          [
            -122.403452,
            37.804639
          ],
          [
            -122.403372,
            37.804639
          ]
        ]
      }
    },
    {
      "type": "Feature",
      "properties": {
        "FEATURE_ID": 928097,
        "FEATURE": 20,
        "SOURCE_ID": "T00687",
        "DATA_SOURC": "P",
        "SRC_DATE": "18570101",
        "HOR_ACC": "0",
        "INFORM": "\u0000\u0000\u0000\u0000\u0000\u0000\u0000\u0000\u0000\u0000\u0000\u0000\u0000\u0000\u0000\u0000\u0000\u0000\u0000\u0000\u0000\u0000\u0000\u0000\u0000\u0000\u0000\u0000\u0000\u0000\u0000\u0000\u0000\u0000\u0000\u0000\u0000\u0000\u0000\u0000\u0000\u0000\u0000\u0000\u0000\u0000\u0000\u0000\u0000\u0000\u0000\u0000\u0000\u0000\u0000\u0000\u0000\u0000\u0000\u0000\u0000\u0000\u0000\u0000\u0000\u0000\u0000\u0000\u0000\u0000\u0000\u0000\u0000\u0000\u0000\u0000\u0000\u0000\u0000\u0000\u0000\u0000\u0000\u0000\u0000\u0000\u0000\u0000\u0000\u0000\u0000\u0000\u0000\u0000\u0000\u0000\u0000\u0000\u0000\u0000\u0000\u0000\u0000\u0000\u0000\u0000\u0000\u0000\u0000\u0000\u0000\u0000\u0000\u0000\u0000\u0000\u0000\u0000\u0000\u0000\u0000\u0000\u0000\u0000\u0000\u0000\u0000\u0000\u0000\u0000\u0000\u0000\u0000\u0000\u0000\u0000\u0000\u0000\u0000\u0000\u0000\u0000\u0000\u0000\u0000\u0000\u0000\u0000\u0000\u0000\u0000\u0000\u0000\u0000\u0000\u0000\u0000\u0000\u0000\u0000\u0000\u0000\u0000\u0000\u0000\u0000\u0000\u0000\u0000\u0000\u0000\u0000\u0000\u0000\u0000\u0000\u0000\u0000\u0000\u0000\u0000\u0000\u0000\u0000\u0000\u0000\u0000\u0000\u0000\u0000\u0000\u0000\u0000\u0000\u0000\u0000\u0000\u0000\u0000\u0000\u0000\u0000\u0000\u0000\u0000\u0000\u0000\u0000\u0000\u0000\u0000\u0000\u0000\u0000\u0000\u0000\u0000\u0000\u0000\u0000\u0000\u0000\u0000\u0000\u0000\u0000\u0000\u0000\u0000\u0000\u0000\u0000\u0000\u0000\u0000\u0000\u0000\u0000\u0000\u0000\u0000\u0000\u0000\u0000\u0000\u0000\u0000\u0000\u0000\u0000\u0000\u0000\u0000\u0000",
        "RESOLUTION": 0,
        "ATTRIBUTE": "Natural.Mean High Water",
        "CLASS": "SHORELINE",
        "F_CODE": null,
        "EX_METH": "M",
        "EXTRACT_TE": "P",
        "_selecter_format": "shapefile",
        "_selecter_sourcecrs": "EPSG:4269",
        "_selecter_source": "CA37B08 1857 SF",
        "_selecter_imported": "2026-08-03T23:06:12.543Z"
      },
      "geometry": {
        "type": "LineString",
        "coordinates": [
          [
            -122.403112,
            37.804119
          ],
          [
            -122.403142,
            37.804059
          ],
          [
            -122.403112,
            37.804009
          ],
          [
            -122.403072,
            37.803959
          ]
        ]
      }
    },
    {
      "type": "Feature",
      "properties": {
        "FEATURE_ID": 928102,
        "FEATURE": 20,
        "SOURCE_ID": "T00687",
        "DATA_SOURC": "P",
        "SRC_DATE": "18570101",
        "HOR_ACC": "0",
        "INFORM": "\u0000\u0000\u0000\u0000\u0000\u0000\u0000\u0000\u0000\u0000\u0000\u0000\u0000\u0000\u0000\u0000\u0000\u0000\u0000\u0000\u0000\u0000\u0000\u0000\u0000\u0000\u0000\u0000\u0000\u0000\u0000\u0000\u0000\u0000\u0000\u0000\u0000\u0000\u0000\u0000\u0000\u0000\u0000\u0000\u0000\u0000\u0000\u0000\u0000\u0000\u0000\u0000\u0000\u0000\u0000\u0000\u0000\u0000\u0000\u0000\u0000\u0000\u0000\u0000\u0000\u0000\u0000\u0000\u0000\u0000\u0000\u0000\u0000\u0000\u0000\u0000\u0000\u0000\u0000\u0000\u0000\u0000\u0000\u0000\u0000\u0000\u0000\u0000\u0000\u0000\u0000\u0000\u0000\u0000\u0000\u0000\u0000\u0000\u0000\u0000\u0000\u0000\u0000\u0000\u0000\u0000\u0000\u0000\u0000\u0000\u0000\u0000\u0000\u0000\u0000\u0000\u0000\u0000\u0000\u0000\u0000\u0000\u0000\u0000\u0000\u0000\u0000\u0000\u0000\u0000\u0000\u0000\u0000\u0000\u0000\u0000\u0000\u0000\u0000\u0000\u0000\u0000\u0000\u0000\u0000\u0000\u0000\u0000\u0000\u0000\u0000\u0000\u0000\u0000\u0000\u0000\u0000\u0000\u0000\u0000\u0000\u0000\u0000\u0000\u0000\u0000\u0000\u0000\u0000\u0000\u0000\u0000\u0000\u0000\u0000\u0000\u0000\u0000\u0000\u0000\u0000\u0000\u0000\u0000\u0000\u0000\u0000\u0000\u0000\u0000\u0000\u0000\u0000\u0000\u0000\u0000\u0000\u0000\u0000\u0000\u0000\u0000\u0000\u0000\u0000\u0000\u0000\u0000\u0000\u0000\u0000\u0000\u0000\u0000\u0000\u0000\u0000\u0000\u0000\u0000\u0000\u0000\u0000\u0000\u0000\u0000\u0000\u0000\u0000\u0000\u0000\u0000\u0000\u0000\u0000\u0000\u0000\u0000\u0000\u0000\u0000\u0000\u0000\u0000\u0000\u0000\u0000\u0000\u0000\u0000\u0000\u0000\u0000\u0000",
        "RESOLUTION": 0,
        "ATTRIBUTE": "Natural.Mean High Water",
        "CLASS": "SHORELINE",
        "F_CODE": null,
        "EX_METH": "M",
        "EXTRACT_TE": "P",
        "_selecter_format": "shapefile",
        "_selecter_sourcecrs": "EPSG:4269",
        "_selecter_source": "CA37B08 1857 SF",
        "_selecter_imported": "2026-08-03T23:06:12.543Z"
      },
      "geometry": {
        "type": "LineString",
        "coordinates": [
          [
            -122.458503,
            37.803509
          ],
          [
            -122.458383,
            37.803539
          ],
          [
            -122.458263,
            37.803569
          ],
          [
            -122.458183,
            37.803639
          ],
          [
            -122.458123,
            37.803689
          ],
          [
            -122.458083,
            37.803699
          ],
          [
            -122.458023,
            37.803699
          ],
          [
            -122.457983,
            37.803729
          ],
          [
            -122.457923,
            37.803769
          ],
          [
            -122.457863,
            37.803849
          ],
          [
            -122.457743,
            37.803909
          ],
          [
            -122.457583,
            37.803929
          ],
          [
            -122.457483,
            37.803899
          ],
          [
            -122.457413,
            37.803849
          ],
          [
            -122.457363,
            37.803799
          ],
          [
            -122.457343,
            37.803739
          ],
          [
            -122.457373,
            37.803689
          ],
          [
            -122.457403,
            37.803639
          ],
          [
            -122.457323,
            37.803629
          ],
          [
            -122.457223,
            37.803649
          ],
          [
            -122.457173,
            37.803589
          ],
          [
            -122.457123,
            37.803529
          ],
          [
            -122.457083,
            37.803479
          ],
          [
            -122.457073,
            37.803429
          ],
          [
            -122.457023,
            37.803389
          ],
          [
            -122.456963,
            37.803339
          ],
          [
            -122.456873,
            37.803309
          ],
          [
            -122.456833,
            37.803269
          ],
          [
            -122.456813,
            37.803219
          ],
          [
            -122.456853,
            37.803199
          ],
          [
            -122.456923,
            37.803219
          ],
          [
            -122.456983,
            37.803239
          ],
          [
            -122.457033,
            37.803269
          ],
          [
            -122.457093,
            37.803289
          ],
          [
            -122.457163,
            37.803289
          ],
          [
            -122.457213,
            37.803279
          ],
          [
            -122.457213,
            37.803249
          ],
          [
            -122.457113,
            37.803229
          ],
          [
            -122.457063,
            37.803209
          ],
          [
            -122.457033,
            37.803179
          ],
          [
            -122.456983,
            37.803139
          ],
          [
            -122.456923,
            37.803129
          ],
          [
            -122.456833,
            37.803139
          ],
          [
            -122.456773,
            37.803129
          ],
          [
            -122.456713,
            37.803119
          ],
          [
            -122.456583,
            37.803119
          ],
          [
            -122.456473,
            37.803179
          ],
          [
            -122.456363,
            37.803199
          ],
          [
            -122.456233,
            37.803249
          ],
          [
            -122.456153,
            37.803299
          ],
          [
            -122.456073,
            37.803339
          ],
          [
            -122.455983,
            37.803369
          ],
          [
            -122.455903,
            37.803389
          ],
          [
            -122.455833,
            37.803409
          ],
          [
            -122.455713,
            37.803419
          ],
          [
            -122.455613,
            37.803429
          ],
          [
            -122.455543,
            37.803419
          ],
          [
            -122.455503,
            37.803399
          ],
          [
            -122.455453,
            37.803379
          ],
          [
            -122.455393,
            37.803359
          ],
          [
            -122.455403,
            37.803299
          ],
          [
            -122.455453,
            37.803259
          ],
          [
            -122.455513,
            37.803229
          ],
          [
            -122.455523,
            37.803159
          ],
          [
            -122.455493,
            37.803099
          ],
          [
            -122.455513,
            37.803049
          ],
          [
            -122.455523,
            37.803009
          ],
          [
            -122.455543,
            37.802949
          ],
          [
            -122.455543,
            37.802899
          ],
          [
            -122.455613,
            37.802899
          ],
          [
            -122.455643,
            37.802929
          ],
          [
            -122.455663,
            37.802979
          ],
          [
            -122.455673,
            37.803029
          ],
          [
            -122.455693,
            37.803099
          ],
          [
            -122.455763,
            37.803149
          ],
          [
            -122.455843,
            37.803179
          ],
          [
            -122.455953,
            37.803179
          ],
          [
            -122.455983,
            37.803119
          ],
          [
            -122.455853,
            37.803119
          ],
          [
            -122.455813,
            37.803079
          ],
          [
            -122.455773,
            37.803029
          ],
          [
            -122.455733,
            37.802979
          ],
          [
            -122.455703,
            37.802949
          ],
          [
            -122.455693,
            37.802889
          ],
          [
            -122.455673,
            37.802819
          ],
          [
            -122.455563,
            37.802809
          ],
          [
            -122.455513,
            37.802839
          ],
          [
            -122.455473,
            37.802869
          ],
          [
            -122.455443,
            37.802919
          ],
          [
            -122.455433,
            37.802979
          ],
          [
            -122.455413,
            37.803029
          ],
          [
            -122.455353,
            37.803059
          ],
          [
            -122.455303,
            37.803049
          ],
          [
            -122.455273,
            37.802989
          ],
          [
            -122.455213,
            37.802939
          ],
          [
            -122.455143,
            37.802929
          ],
          [
            -122.455093,
            37.802959
          ],
          [
            -122.455043,
            37.802989
          ],
          [
            -122.455023,
            37.803039
          ],
          [
            -122.455043,
            37.803089
          ],
          [
            -122.455103,
            37.803079
          ],
          [
            -122.455153,
            37.803019
          ],
          [
            -122.455213,
            37.803039
          ],
          [
            -122.455253,
            37.803139
          ],
          [
            -122.455323,
            37.803149
          ],
          [
            -122.455403,
            37.803189
          ],
          [
            -122.455343,
            37.803219
          ],
          [
            -122.455313,
            37.803269
          ],
          [
            -122.455313,
            37.803339
          ],
          [
            -122.455333,
            37.803409
          ],
          [
            -122.455363,
            37.803509
          ],
          [
            -122.455323,
            37.803599
          ],
          [
            -122.455273,
            37.803669
          ],
          [
            -122.455163,
            37.803749
          ],
          [
            -122.455123,
            37.803879
          ],
          [
            -122.455033,
            37.804009
          ],
          [
            -122.454933,
            37.804089
          ],
          [
            -122.454823,
            37.804139
          ],
          [
            -122.454733,
            37.804139
          ],
          [
            -122.454613,
            37.804109
          ],
          [
            -122.454493,
            37.804069
          ],
          [
            -122.454383,
            37.804029
          ],
          [
            -122.454323,
            37.803999
          ],
          [
            -122.454263,
            37.803959
          ],
          [
            -122.454163,
            37.803959
          ],
          [
            -122.454073,
            37.803979
          ],
          [
            -122.454003,
            37.803969
          ],
          [
            -122.453973,
            37.803929
          ],
          [
            -122.453923,
            37.803889
          ],
          [
            -122.453893,
            37.803839
          ],
          [
            -122.453963,
            37.803829
          ],
          [
            -122.454033,
            37.803849
          ],
          [
            -122.454103,
            37.803859
          ],
          [
            -122.454203,
            37.803859
          ],
          [
            -122.454243,
            37.803809
          ],
          [
            -122.454263,
            37.803739
          ],
          [
            -122.454343,
            37.803729
          ],
          [
            -122.454293,
            37.803689
          ],
          [
            -122.454203,
            37.803689
          ],
          [
            -122.454133,
            37.803779
          ],
          [
            -122.454063,
            37.803789
          ],
          [
            -122.454043,
            37.803739
          ],
          [
            -122.453993,
            37.803719
          ],
          [
            -122.453913,
            37.803739
          ],
          [
            -122.453853,
            37.803739
          ],
          [
            -122.453793,
            37.803749
          ],
          [
            -122.453743,
            37.803749
          ],
          [
            -122.453693,
            37.803719
          ],
          [
            -122.453633,
            37.803709
          ],
          [
            -122.453583,
            37.803709
          ],
          [
            -122.453493,
            37.803699
          ],
          [
            -122.453393,
            37.803729
          ],
          [
            -122.453333,
            37.803709
          ],
          [
            -122.453373,
            37.803639
          ],
          [
            -122.453343,
            37.803589
          ],
          [
            -122.453283,
            37.803559
          ],
          [
            -122.453313,
            37.803489
          ],
          [
            -122.453363,
            37.803459
          ],
          [
            -122.453483,
            37.803529
          ],
          [
            -122.453583,
            37.803539
          ],
          [
            -122.453653,
            37.803509
          ],
          [
            -122.453783,
            37.803479
          ],
          [
            -122.453863,
            37.803479
          ],
          [
            -122.453903,
            37.803449
          ],
          [
            -122.453953,
            37.803469
          ],
          [
            -122.453923,
            37.803529
          ],
          [
            -122.453813,
            37.803549
          ],
          [
            -122.453743,
            37.803579
          ],
          [
            -122.453733,
            37.803629
          ],
          [
            -122.453773,
            37.803659
          ],
          [
            -122.453863,
            37.803619
          ],
          [
            -122.453943,
            37.803619
          ],
          [
            -122.454043,
            37.803559
          ],
          [
            -122.454043,
            37.803489
          ],
          [
            -122.454103,
            37.803429
          ],
          [
            -122.454163,
            37.803379
          ],
          [
            -122.454193,
            37.803319
          ],
          [
            -122.454193,
            37.803239
          ],
          [
            -122.454153,
            37.803169
          ],
          [
            -122.454133,
            37.803119
          ],
          [
            -122.454133,
            37.803089
          ],
          [
            -122.454153,
            37.803049
          ],
          [
            -122.454173,
            37.803019
          ],
          [
            -122.454233,
            37.803019
          ],
          [
            -122.454273,
            37.803029
          ],
          [
            -122.454313,
            37.803029
          ],
          [
            -122.454363,
            37.803029
          ],
          [
            -122.454403,
            37.803049
          ],
          [
            -122.454483,
            37.803049
          ],
          [
            -122.454473,
            37.802989
          ],
          [
            -122.454373,
            37.802979
          ],
          [
            -122.454323,
            37.802939
          ],
          [
            -122.454263,
            37.802909
          ],
          [
            -122.454203,
            37.802909
          ],
          [
            -122.454123,
            37.802929
          ],
          [
            -122.454063,
            37.802949
          ],
          [
            -122.454003,
            37.802989
          ],
          [
            -122.453953,
            37.803019
          ],
          [
            -122.453953,
            37.803089
          ],
          [
            -122.453933,
            37.803149
          ],
          [
            -122.453943,
            37.803199
          ],
          [
            -122.453983,
            37.803249
          ],
          [
            -122.454013,
            37.803279
          ],
          [
            -122.453963,
            37.803299
          ],
          [
            -122.453903,
            37.803289
          ],
          [
            -122.453843,
            37.803339
          ],
          [
            -122.453773,
            37.803359
          ],
          [
            -122.453713,
            37.803349
          ],
          [
            -122.453673,
            37.803359
          ],
          [
            -122.453633,
            37.803329
          ],
          [
            -122.453583,
            37.803389
          ],
          [
            -122.453483,
            37.803369
          ],
          [
            -122.453403,
            37.803339
          ],
          [
            -122.453383,
            37.803269
          ],
          [
            -122.453253,
            37.803299
          ],
          [
            -122.453193,
            37.803349
          ],
          [
            -122.453133,
            37.803359
          ],
          [
            -122.453093,
            37.803309
          ],
          [
            -122.453083,
            37.803259
          ],
          [
            -122.453003,
            37.803269
          ],
          [
            -122.452933,
            37.803269
          ],
          [
            -122.452883,
            37.803269
          ],
          [
            -122.452853,
            37.803309
          ],
          [
            -122.452873,
            37.803349
          ],
          [
            -122.452883,
            37.803389
          ],
          [
            -122.452913,
            37.803409
          ],
          [
            -122.453013,
            37.803429
          ],
          [
            -122.453063,
            37.803449
          ],
          [
            -122.453093,
            37.803479
          ],
          [
            -122.453103,
            37.803539
          ],
          [
            -122.453113,
            37.803589
          ],
          [
            -122.453133,
            37.803659
          ],
          [
            -122.453113,
            37.803719
          ],
          [
            -122.453093,
            37.803779
          ],
          [
            -122.453053,
            37.803799
          ],
          [
            -122.452993,
            37.803869
          ],
          [
            -122.452933,
            37.803909
          ],
          [
            -122.452913,
            37.803949
          ],
          [
            -122.452903,
            37.803989
          ],
          [
            -122.452843,
            37.803999
          ],
          [
            -122.452773,
            37.803959
          ],
          [
            -122.452673,
            37.803959
          ],
          [
            -122.452573,
            37.803949
          ],
          [
            -122.452483,
            37.803949
          ],
          [
            -122.452403,
            37.803959
          ],
          [
            -122.452333,
            37.803939
          ],
          [
            -122.452323,
            37.803909
          ],
          [
            -122.452363,
            37.803839
          ],
          [
            -122.452383,
            37.803769
          ],
          [
            -122.452393,
            37.803669
          ],
          [
            -122.452373,
            37.803609
          ],
          [
            -122.452263,
            37.803489
          ],
          [
            -122.452263,
            37.803429
          ],
          [
            -122.452263,
            37.803349
          ],
          [
            -122.452263,
            37.803259
          ],
          [
            -122.452273,
            37.803179
          ],
          [
            -122.452303,
            37.803129
          ],
          [
            -122.452353,
            37.803109
          ],
          [
            -122.452433,
            37.803129
          ],
          [
            -122.452493,
            37.803169
          ],
          [
            -122.452533,
            37.803169
          ],
          [
            -122.452593,
            37.803129
          ],
          [
            -122.452693,
            37.803139
          ],
          [
            -122.452803,
            37.803149
          ],
          [
            -122.452873,
            37.803129
          ],
          [
            -122.452913,
            37.803069
          ],
          [
            -122.452913,
            37.803029
          ],
          [
            -122.452973,
            37.803009
          ],
          [
            -122.453043,
            37.802989
          ],
          [
            -122.453113,
            37.802969
          ],
          [
            -122.453123,
            37.802929
          ],
          [
            -122.453113,
            37.802889
          ],
          [
            -122.453073,
            37.802859
          ],
          [
            -122.453033,
            37.802899
          ],
          [
            -122.453013,
            37.802949
          ],
          [
            -122.452943,
            37.802979
          ],
          [
            -122.452873,
            37.802989
          ],
          [
            -122.452833,
            37.803009
          ],
          [
            -122.452763,
            37.803059
          ],
          [
            -122.452703,
            37.803079
          ],
          [
            -122.452693,
            37.803019
          ],
          [
            -122.452733,
            37.802949
          ],
          [
            -122.452793,
            37.802939
          ],
          [
            -122.452863,
            37.802919
          ],
          [
            -122.452813,
            37.802869
          ],
          [
            -122.452813,
            37.802829
          ],
          [
            -122.452863,
            37.802789
          ],
          [
            -122.452973,
            37.802759
          ],
          [
            -122.453043,
            37.802729
          ],
          [
            -122.453073,
            37.802669
          ],
          [
            -122.452973,
            37.802659
          ],
          [
            -122.452913,
            37.802579
          ],
          [
            -122.452873,
            37.802539
          ],
          [
            -122.452793,
            37.802569
          ],
          [
            -122.452723,
            37.802579
          ],
          [
            -122.452693,
            37.802509
          ],
          [
            -122.452653,
            37.802409
          ],
          [
            -122.452603,
            37.802369
          ],
          [
            -122.452553,
            37.802319
          ],
          [
            -122.452463,
            37.802249
          ],
          [
            -122.452363,
            37.802209
          ],
          [
            -122.452253,
            37.802139
          ],
          [
            -122.452083,
            37.802089
          ],
          [
            -122.451963,
            37.802089
          ],
          [
            -122.451853,
            37.802069
          ],
          [
            -122.451733,
            37.802069
          ],
          [
            -122.451623,
            37.802059
          ],
          [
            -122.451533,
            37.802049
          ],
          [
            -122.451473,
            37.802059
          ],
          [
            -122.451413,
            37.802079
          ],
          [
            -122.451353,
            37.802109
          ],
          [
            -122.451273,
            37.802129
          ],
          [
            -122.451223,
            37.802159
          ],
          [
            -122.451213,
            37.802119
          ],
          [
            -122.451263,
            37.802059
          ],
          [
            -122.451313,
            37.802009
          ],
          [
            -122.451333,
            37.801969
          ],
          [
            -122.451233,
            37.801969
          ],
          [
            -122.451153,
            37.801959
          ],
          [
            -122.451103,
            37.801889
          ],
          [
            -122.451013,
            37.801929
          ],
          [
            -122.450943,
            37.801899
          ],
          [
            -122.450923,
            37.801869
          ],
          [
            -122.450833,
            37.801859
          ],
          [
            -122.450773,
            37.801859
          ],
          [
            -122.450743,
            37.801819
          ],
          [
            -122.450633,
            37.801829
          ],
          [
            -122.450623,
            37.801769
          ],
          [
            -122.450593,
            37.801719
          ],
          [
            -122.450533,
            37.801709
          ],
          [
            -122.450493,
            37.801739
          ],
          [
            -122.450493,
            37.801789
          ],
          [
            -122.450473,
            37.801829
          ],
          [
            -122.450473,
            37.801859
          ],
          [
            -122.450473,
            37.801899
          ],
          [
            -122.450433,
            37.801929
          ],
          [
            -122.450363,
            37.801959
          ],
          [
            -122.450363,
            37.801869
          ],
          [
            -122.450353,
            37.801809
          ],
          [
            -122.450363,
            37.801739
          ],
          [
            -122.450363,
            37.801689
          ],
          [
            -122.450273,
            37.801709
          ],
          [
            -122.450273,
            37.801789
          ],
          [
            -122.450253,
            37.801849
          ],
          [
            -122.450223,
            37.801909
          ],
          [
            -122.450183,
            37.801939
          ],
          [
            -122.450093,
            37.801939
          ],
          [
            -122.450053,
            37.801879
          ],
          [
            -122.450013,
            37.801789
          ],
          [
            -122.449963,
            37.801769
          ],
          [
            -122.449933,
            37.801849
          ],
          [
            -122.449923,
            37.801909
          ],
          [
            -122.449923,
            37.801969
          ],
          [
            -122.449863,
            37.802009
          ],
          [
            -122.449803,
            37.801999
          ],
          [
            -122.449753,
            37.801979
          ],
          [
            -122.449693,
            37.802029
          ],
          [
            -122.449683,
            37.802069
          ],
          [
            -122.449733,
            37.802099
          ],
          [
            -122.449813,
            37.802119
          ],
          [
            -122.449903,
            37.802109
          ],
          [
            -122.449953,
            37.802059
          ],
          [
            -122.450043,
            37.802039
          ],
          [
            -122.450053,
            37.802089
          ],
          [
            -122.450133,
            37.802099
          ],
          [
            -122.450203,
            37.802099
          ],
          [
            -122.450323,
            37.802099
          ],
          [
            -122.450383,
            37.802089
          ],
          [
            -122.450453,
            37.802029
          ],
          [
            -122.450563,
            37.801969
          ],
          [
            -122.450623,
            37.801949
          ],
          [
            -122.450673,
            37.801949
          ],
          [
            -122.450743,
            37.801939
          ],
          [
            -122.450803,
            37.801939
          ],
          [
            -122.450903,
            37.801979
          ],
          [
            -122.450963,
            37.802019
          ],
          [
            -122.450963,
            37.802069
          ],
          [
            -122.451013,
            37.802119
          ],
          [
            -122.451073,
            37.802109
          ],
          [
            -122.451043,
            37.802209
          ],
          [
            -122.451103,
            37.802259
          ],
          [
            -122.451143,
            37.802299
          ],
          [
            -122.451223,
            37.802309
          ],
          [
            -122.451293,
            37.802269
          ],
          [
            -122.451443,
            37.802259
          ],
          [
            -122.451573,
            37.802249
          ],
          [
            -122.451693,
            37.802269
          ],
          [
            -122.451683,
            37.802219
          ],
          [
            -122.451653,
            37.802159
          ],
          [
            -122.451733,
            37.802149
          ],
          [
            -122.451793,
            37.802179
          ],
          [
            -122.451863,
            37.802229
          ],
          [
            -122.451933,
            37.802179
          ],
          [
            -122.452023,
            37.802209
          ],
          [
            -122.452093,
            37.802249
          ],
          [
            -122.452163,
            37.802239
          ],
          [
            -122.452223,
            37.802289
          ],
          [
            -122.452293,
            37.802279
          ],
          [
            -122.452363,
            37.802349
          ],
          [
            -122.452433,
            37.802349
          ],
          [
            -122.452463,
            37.802389
          ],
          [
            -122.452483,
            37.802479
          ],
          [
            -122.452583,
            37.802479
          ],
          [
            -122.452603,
            37.802579
          ],
          [
            -122.452633,
            37.802639
          ],
          [
            -122.452683,
            37.802689
          ],
          [
            -122.452743,
            37.802689
          ],
          [
            -122.452823,
            37.802669
          ],
          [
            -122.452773,
            37.802749
          ],
          [
            -122.452713,
            37.802809
          ],
          [
            -122.452693,
            37.802879
          ],
          [
            -122.452643,
            37.802939
          ],
          [
            -122.452573,
            37.802999
          ],
          [
            -122.452513,
            37.803029
          ],
          [
            -122.452413,
            37.803029
          ],
          [
            -122.452363,
            37.802989
          ],
          [
            -122.452263,
            37.802989
          ],
          [
            -122.452193,
            37.803059
          ],
          [
            -122.452143,
            37.803199
          ],
          [
            -122.452063,
            37.803299
          ],
          [
            -122.452083,
            37.803389
          ],
          [
            -122.452083,
            37.803459
          ],
          [
            -122.452063,
            37.803529
          ],
          [
            -122.451983,
            37.803549
          ],
          [
            -122.452033,
            37.803589
          ],
          [
            -122.452143,
            37.803639
          ],
          [
            -122.452203,
            37.803649
          ],
          [
            -122.452213,
            37.803689
          ],
          [
            -122.452233,
            37.803729
          ],
          [
            -122.452243,
            37.803779
          ],
          [
            -122.452213,
            37.803829
          ],
          [
            -122.452173,
            37.803859
          ],
          [
            -122.452123,
            37.803859
          ],
          [
            -122.452053,
            37.803849
          ],
          [
            -122.451983,
            37.803829
          ],
          [
            -122.451883,
            37.803809
          ],
          [
            -122.451823,
            37.803769
          ],
          [
            -122.451773,
            37.803729
          ],
          [
            -122.451713,
            37.803659
          ],
          [
            -122.451653,
            37.803619
          ],
          [
            -122.451613,
            37.803589
          ],
          [
            -122.451533,
            37.803559
          ],
          [
            -122.451433,
            37.803539
          ],
          [
            -122.451313,
            37.803549
          ],
          [
            -122.451253,
            37.803539
          ],
          [
            -122.451183,
            37.803439
          ],
          [
            -122.451123,
            37.803369
          ],
          [
            -122.451113,
            37.803299
          ],
          [
            -122.451153,
            37.803239
          ],
          [
            -122.451193,
            37.803189
          ],
          [
            -122.451213,
            37.803159
          ],
          [
            -122.451233,
            37.803129
          ],
          [
            -122.451233,
            37.803069
          ],
          [
            -122.451183,
            37.803009
          ],
          [
            -122.451133,
            37.802979
          ],
          [
            -122.451103,
            37.802909
          ],
          [
            -122.451073,
            37.802829
          ],
          [
            -122.451033,
            37.802739
          ],
          [
            -122.450973,
            37.802669
          ],
          [
            -122.450893,
            37.802589
          ],
          [
            -122.450803,
            37.802509
          ],
          [
            -122.450713,
            37.802469
          ],
          [
            -122.450643,
            37.802439
          ],
          [
            -122.450633,
            37.802389
          ],
          [
            -122.450643,
            37.802349
          ],
          [
            -122.450703,
            37.802349
          ],
          [
            -122.450763,
            37.802419
          ],
          [
            -122.450833,
            37.802449
          ],
          [
            -122.450903,
            37.802459
          ],
          [
            -122.450943,
            37.802449
          ],
          [
            -122.450973,
            37.802409
          ],
          [
            -122.451013,
            37.802389
          ],
          [
            -122.451083,
            37.802389
          ],
          [
            -122.451143,
            37.802369
          ],
          [
            -122.451173,
            37.802339
          ],
          [
            -122.451053,
            37.802299
          ],
          [
            -122.450993,
            37.802289
          ],
          [
            -122.450923,
            37.802269
          ],
          [
            -122.450873,
            37.802269
          ],
          [
            -122.450803,
            37.802269
          ],
          [
            -122.450753,
            37.802259
          ],
          [
            -122.450653,
            37.802249
          ],
          [
            -122.450583,
            37.802259
          ],
          [
            -122.450523,
            37.802249
          ],
          [
            -122.450463,
            37.802249
          ],
          [
            -122.450473,
            37.802289
          ],
          [
            -122.450513,
            37.802319
          ],
          [
            -122.450523,
            37.802389
          ],
          [
            -122.450483,
            37.802389
          ],
          [
            -122.450413,
            37.802349
          ],
          [
            -122.450333,
            37.802329
          ],
          [
            -122.450233,
            37.802329
          ],
          [
            -122.450083,
            37.802339
          ],
          [
            -122.449943,
            37.802399
          ],
          [
            -122.449853,
            37.802459
          ],
          [
            -122.449783,
            37.802509
          ],
          [
            -122.449653,
            37.802579
          ],
          [
            -122.449503,
            37.802659
          ],
          [
            -122.449393,
            37.802679
          ],
          [
            -122.449343,
            37.802679
          ],
          [
            -122.449253,
            37.802669
          ],
          [
            -122.449203,
            37.802679
          ],
          [
            -122.449193,
            37.802709
          ],
          [
            -122.449153,
            37.802779
          ],
          [
            -122.449093,
            37.802739
          ],
          [
            -122.449053,
            37.802689
          ],
          [
            -122.449033,
            37.802619
          ],
          [
            -122.449013,
            37.802569
          ],
          [
            -122.448973,
            37.802449
          ],
          [
            -122.448893,
            37.802429
          ],
          [
            -122.448853,
            37.802419
          ],
          [
            -122.448833,
            37.802379
          ],
          [
            -122.448833,
            37.802339
          ],
          [
            -122.448843,
            37.802299
          ],
          [
            -122.448873,
            37.802269
          ],
          [
            -122.448893,
            37.802199
          ],
          [
            -122.448893,
            37.802149
          ],
          [
            -122.448923,
            37.802129
          ],
          [
            -122.448993,
            37.802149
          ],
          [
            -122.449083,
            37.802139
          ],
          [
            -122.449143,
            37.802189
          ],
          [
            -122.449183,
            37.802249
          ],
          [
            -122.449263,
            37.802299
          ],
          [
            -122.449373,
            37.802249
          ],
          [
            -122.449483,
            37.802229
          ],
          [
            -122.449533,
            37.802169
          ],
          [
            -122.449583,
            37.802149
          ],
          [
            -122.449583,
            37.802069
          ],
          [
            -122.449543,
            37.802019
          ],
          [
            -122.449483,
            37.802059
          ],
          [
            -122.449433,
            37.802099
          ],
          [
            -122.449423,
            37.802139
          ],
          [
            -122.449413,
            37.802179
          ],
          [
            -122.449363,
            37.802189
          ],
          [
            -122.449313,
            37.802159
          ],
          [
            -122.449273,
            37.802109
          ],
          [
            -122.449223,
            37.802099
          ],
          [
            -122.449173,
            37.802049
          ],
          [
            -122.449093,
            37.802069
          ],
          [
            -122.449003,
            37.802059
          ],
          [
            -122.448933,
            37.802039
          ],
          [
            -122.448883,
            37.802049
          ],
          [
            -122.448833,
            37.802119
          ],
          [
            -122.448783,
            37.802189
          ],
          [
            -122.448723,
            37.802239
          ],
          [
            -122.448663,
            37.802279
          ],
          [
            -122.448593,
            37.802239
          ],
          [
            -122.448553,
            37.802179
          ],
          [
            -122.448483,
            37.802149
          ],
          [
            -122.448433,
            37.802129
          ],
          [
            -122.448343,
            37.802099
          ],
          [
            -122.448293,
            37.802079
          ],
          [
            -122.448183,
            37.802059
          ],
          [
            -122.448073,
            37.802059
          ],
          [
            -122.447973,
            37.802039
          ],
          [
            -122.447913,
            37.802009
          ],
          [
            -122.447873,
            37.801989
          ],
          [
            -122.447863,
            37.801929
          ],
          [
            -122.447883,
            37.801879
          ],
          [
            -122.447943,
            37.801869
          ],
          [
            -122.447963,
            37.801819
          ],
          [
            -122.448013,
            37.801839
          ],
          [
            -122.448113,
            37.801819
          ],
          [
            -122.448203,
            37.801799
          ],
          [
            -122.448213,
            37.801719
          ],
          [
            -122.448183,
            37.801659
          ],
          [
            -122.448123,
            37.801619
          ],
          [
            -122.448073,
            37.801579
          ],
          [
            -122.448053,
            37.801529
          ],
          [
            -122.448083,
            37.801469
          ],
          [
            -122.448113,
            37.801439
          ],
          [
            -122.448183,
            37.801419
          ],
          [
            -122.448233,
            37.801429
          ],
          [
            -122.448303,
            37.801459
          ],
          [
            -122.448393,
            37.801479
          ],
          [
            -122.448493,
            37.801479
          ],
          [
            -122.448433,
            37.801429
          ],
          [
            -122.448363,
            37.801399
          ],
          [
            -122.448333,
            37.801359
          ],
          [
            -122.448363,
            37.801289
          ],
          [
            -122.448443,
            37.801269
          ],
          [
            -122.448453,
            37.801179
          ],
          [
            -122.448483,
            37.801129
          ],
          [
            -122.448503,
            37.801069
          ],
          [
            -122.448553,
            37.801039
          ],
          [
            -122.448623,
            37.801009
          ],
          [
            -122.448573,
            37.800949
          ],
          [
            -122.448533,
            37.800889
          ],
          [
            -122.448503,
            37.800849
          ],
          [
            -122.448433,
            37.800839
          ],
          [
            -122.448363,
            37.800799
          ],
          [
            -122.448343,
            37.800749
          ],
          [
            -122.448303,
            37.800709
          ],
          [
            -122.448273,
            37.800689
          ],
          [
            -122.448233,
            37.800659
          ],
          [
            -122.448203,
            37.800629
          ],
          [
            -122.448163,
            37.800599
          ],
          [
            -122.448123,
            37.800559
          ],
          [
            -122.448083,
            37.800499
          ],
          [
            -122.448033,
            37.800499
          ],
          [
            -122.448023,
            37.800559
          ],
          [
            -122.448033,
            37.800629
          ],
          [
            -122.448073,
            37.800679
          ],
          [
            -122.448103,
            37.800719
          ],
          [
            -122.448143,
            37.800749
          ],
          [
            -122.448203,
            37.800759
          ],
          [
            -122.448293,
            37.800799
          ],
          [
            -122.448293,
            37.800839
          ],
          [
            -122.448313,
            37.800919
          ],
          [
            -122.448283,
            37.800989
          ],
          [
            -122.448333,
            37.801029
          ],
          [
            -122.448363,
            37.800959
          ],
          [
            -122.448453,
            37.800959
          ],
          [
            -122.448453,
            37.801019
          ],
          [
            -122.448393,
            37.801069
          ],
          [
            -122.448333,
            37.801109
          ],
          [
            -122.448303,
            37.801149
          ],
          [
            -122.448283,
            37.801199
          ],
          [
            -122.448263,
            37.801279
          ],
          [
            -122.448213,
            37.801309
          ],
          [
            -122.448113,
            37.801329
          ],
          [
            -122.448033,
            37.801369
          ],
          [
            -122.447963,
            37.801429
          ],
          [
            -122.447963,
            37.801499
          ],
          [
            -122.447953,
            37.801579
          ],
          [
            -122.447903,
            37.801569
          ],
          [
            -122.447843,
            37.801519
          ],
          [
            -122.447753,
            37.801529
          ],
          [
            -122.447723,
            37.801489
          ],
          [
            -122.447663,
            37.801439
          ],
          [
            -122.447613,
            37.801469
          ],
          [
            -122.447673,
            37.801529
          ],
          [
            -122.447753,
            37.801589
          ],
          [
            -122.447783,
            37.801639
          ],
          [
            -122.447883,
            37.801639
          ],
          [
            -122.447923,
            37.801689
          ],
          [
            -122.447953,
            37.801649
          ],
          [
            -122.448043,
            37.801659
          ],
          [
            -122.448093,
            37.801689
          ],
          [
            -122.448103,
            37.801719
          ],
          [
            -122.448033,
            37.801749
          ],
          [
            -122.447973,
            37.801759
          ],
          [
            -122.447883,
            37.801759
          ],
          [
            -122.447803,
            37.801779
          ],
          [
            -122.447743,
            37.801839
          ],
          [
            -122.447713,
            37.801889
          ],
          [
            -122.447723,
            37.801959
          ],
          [
            -122.447743,
            37.801999
          ],
          [
            -122.447743,
            37.802049
          ],
          [
            -122.447683,
            37.802029
          ],
          [
            -122.447603,
            37.802049
          ],
          [
            -122.447553,
            37.802079
          ],
          [
            -122.447483,
            37.802089
          ],
          [
            -122.447403,
            37.802039
          ],
          [
            -122.447323,
            37.801999
          ],
          [
            -122.447253,
            37.801929
          ],
          [
            -122.447163,
            37.801859
          ],
          [
            -122.447093,
            37.801869
          ],
          [
            -122.447083,
            37.801929
          ],
          [
            -122.447053,
            37.801999
          ],
          [
            -122.447023,
            37.802039
          ],
          [
            -122.446943,
            37.802059
          ],
          [
            -122.446883,
            37.802029
          ],
          [
            -122.446833,
            37.801969
          ],
          [
            -122.446843,
            37.801879
          ],
          [
            -122.446843,
            37.801829
          ],
          [
            -122.446823,
            37.801769
          ],
          [
            -122.446783,
            37.801749
          ],
          [
            -122.446733,
            37.801729
          ],
          [
            -122.446693,
            37.801719
          ],
          [
            -122.446623,
            37.801689
          ],
          [
            -122.446593,
            37.801589
          ],
          [
            -122.446553,
            37.801539
          ],
          [
            -122.446483,
            37.801519
          ],
          [
            -122.446423,
            37.801509
          ],
          [
            -122.446403,
            37.801469
          ],
          [
            -122.446473,
            37.801449
          ],
          [
            -122.446423,
            37.801409
          ],
          [
            -122.446333,
            37.801409
          ],
          [
            -122.446243,
            37.801379
          ],
          [
            -122.446203,
            37.801359
          ],
          [
            -122.446173,
            37.801349
          ],
          [
            -122.446113,
            37.801369
          ],
          [
            -122.446063,
            37.801339
          ],
          [
            -122.446023,
            37.801299
          ],
          [
            -122.446033,
            37.801259
          ],
          [
            -122.446113,
            37.801239
          ],
          [
            -122.446183,
            37.801229
          ],
          [
            -122.446243,
            37.801239
          ],
          [
            -122.446293,
            37.801249
          ],
          [
            -122.446333,
            37.801239
          ],
          [
            -122.446343,
            37.801209
          ],
          [
            -122.446313,
            37.801169
          ],
          [
            -122.446233,
            37.801149
          ],
          [
            -122.446153,
            37.801149
          ],
          [
            -122.446083,
            37.801169
          ],
          [
            -122.446023,
            37.801209
          ],
          [
            -122.445973,
            37.801239
          ],
          [
            -122.445933,
            37.801269
          ],
          [
            -122.445913,
            37.801319
          ],
          [
            -122.446003,
            37.801359
          ],
          [
            -122.446023,
            37.801409
          ],
          [
            -122.445953,
            37.801429
          ],
          [
            -122.445863,
            37.801449
          ],
          [
            -122.445793,
            37.801459
          ],
          [
            -122.445713,
            37.801469
          ],
          [
            -122.445663,
            37.801509
          ],
          [
            -122.445613,
            37.801519
          ],
          [
            -122.445543,
            37.801519
          ],
          [
            -122.445413,
            37.801469
          ],
          [
            -122.445343,
            37.801429
          ],
          [
            -122.445293,
            37.801389
          ],
          [
            -122.445253,
            37.801389
          ],
          [
            -122.445193,
            37.801419
          ],
          [
            -122.445173,
            37.801449
          ],
          [
            -122.445153,
            37.801479
          ],
          [
            -122.445103,
            37.801499
          ],
          [
            -122.445083,
            37.801469
          ],
          [
            -122.445083,
            37.801399
          ],
          [
            -122.445123,
            37.801319
          ],
          [
            -122.445123,
            37.801219
          ],
          [
            -122.445173,
            37.801069
          ],
          [
            -122.445183,
            37.800989
          ],
          [
            -122.445183,
            37.800929
          ],
          [
            -122.445243,
            37.800829
          ],
          [
            -122.445313,
            37.800739
          ],
          [
            -122.445373,
            37.800659
          ],
          [
            -122.445503,
            37.800609
          ],
          [
            -122.445453,
            37.800569
          ],
          [
            -122.445423,
            37.800509
          ],
          [
            -122.445423,
            37.800469
          ],
          [
            -122.445493,
            37.800469
          ],
          [
            -122.445523,
            37.800429
          ],
          [
            -122.445503,
            37.800369
          ],
          [
            -122.445553,
            37.800329
          ],
          [
            -122.445653,
            37.800359
          ],
          [
            -122.445673,
            37.800309
          ],
          [
            -122.445583,
            37.800259
          ],
          [
            -122.445603,
            37.800209
          ],
          [
            -122.445613,
            37.800149
          ],
          [
            -122.445593,
            37.800099
          ],
          [
            -122.445573,
            37.800049
          ],
          [
            -122.445563,
            37.799989
          ],
          [
            -122.445593,
            37.799949
          ],
          [
            -122.445653,
            37.799979
          ],
          [
            -122.445703,
            37.800029
          ],
          [
            -122.445773,
            37.799969
          ],
          [
            -122.445823,
            37.799969
          ],
          [
            -122.445863,
            37.800029
          ],
          [
            -122.445963,
            37.800029
          ],
          [
            -122.445993,
            37.800079
          ],
          [
            -122.445993,
            37.800129
          ],
          [
            -122.446073,
            37.800159
          ],
          [
            -122.446123,
            37.800189
          ],
          [
            -122.446103,
            37.800249
          ],
          [
            -122.446223,
            37.800279
          ],
          [
            -122.446263,
            37.800229
          ],
          [
            -122.446303,
            37.800209
          ],
          [
            -122.446393,
            37.800239
          ],
          [
            -122.446453,
            37.800279
          ],
          [
            -122.446483,
            37.800329
          ],
          [
            -122.446503,
            37.800439
          ],
          [
            -122.446533,
            37.800489
          ],
          [
            -122.446583,
            37.800559
          ],
          [
            -122.446683,
            37.800619
          ],
          [
            -122.446753,
            37.800609
          ],
          [
            -122.446813,
            37.800609
          ],
          [
            -122.446803,
            37.800659
          ],
          [
            -122.446793,
            37.800719
          ],
          [
            -122.446803,
            37.800769
          ],
          [
            -122.446883,
            37.800809
          ],
          [
            -122.446903,
            37.800849
          ],
          [
            -122.446933,
            37.800899
          ],
          [
            -122.446933,
            37.800969
          ],
          [
            -122.446983,
            37.801009
          ],
          [
            -122.447093,
            37.800969
          ],
          [
            -122.447163,
            37.800909
          ],
          [
            -122.447173,
            37.800829
          ],
          [
            -122.447183,
            37.800769
          ],
          [
            -122.447233,
            37.800679
          ],
          [
            -122.447283,
            37.800619
          ],
          [
            -122.447333,
            37.800619
          ],
          [
            -122.447313,
            37.800709
          ],
          [
            -122.447333,
            37.800779
          ],
          [
            -122.447333,
            37.800829
          ],
          [
            -122.447393,
            37.800889
          ],
          [
            -122.447493,
            37.800899
          ],
          [
            -122.447553,
            37.800869
          ],
          [
            -122.447583,
            37.800809
          ],
          [
            -122.447503,
            37.800799
          ],
          [
            -122.447413,
            37.800809
          ],
          [
            -122.447413,
            37.800729
          ],
          [
            -122.447443,
            37.800669
          ],
          [
            -122.447443,
            37.800619
          ],
          [
            -122.447423,
            37.800559
          ],
          [
            -122.447363,
            37.800529
          ],
          [
            -122.447313,
            37.800519
          ],
          [
            -122.447243,
            37.800529
          ],
          [
            -122.447193,
            37.800569
          ],
          [
            -122.447173,
            37.800619
          ],
          [
            -122.447153,
            37.800669
          ],
          [
            -122.447103,
            37.800719
          ],
          [
            -122.447063,
            37.800759
          ],
          [
            -122.447073,
            37.800809
          ],
          [
            -122.447073,
            37.800859
          ],
          [
            -122.447033,
            37.800859
          ],
          [
            -122.447013,
            37.800809
          ],
          [
            -122.446983,
            37.800739
          ],
          [
            -122.446973,
            37.800689
          ],
          [
            -122.446993,
            37.800629
          ],
          [
            -122.447003,
            37.800589
          ],
          [
            -122.447013,
            37.800549
          ],
          [
            -122.447003,
            37.800499
          ],
          [
            -122.447013,
            37.800449
          ],
          [
            -122.447103,
            37.800449
          ],
          [
            -122.447173,
            37.800429
          ],
          [
            -122.447173,
            37.800379
          ],
          [
            -122.447173,
            37.800319
          ],
          [
            -122.447163,
            37.800249
          ],
          [
            -122.447173,
            37.800209
          ],
          [
            -122.447223,
            37.800239
          ],
          [
            -122.447283,
            37.800269
          ],
          [
            -122.447323,
            37.800329
          ],
          [
            -122.447363,
            37.800349
          ],
          [
            -122.447383,
            37.800279
          ],
          [
            -122.447343,
            37.800239
          ],
          [
            -122.447303,
            37.800189
          ],
          [
            -122.447263,
            37.800159
          ],
          [
            -122.447193,
            37.800149
          ],
          [
            -122.447083,
            37.800149
          ],
          [
            -122.447033,
            37.800169
          ],
          [
            -122.446983,
            37.800129
          ],
          [
            -122.446893,
            37.800109
          ],
          [
            -122.446813,
            37.800109
          ],
          [
            -122.446743,
            37.800109
          ],
          [
            -122.446663,
            37.800099
          ],
          [
            -122.446623,
            37.800089
          ],
          [
            -122.446563,
            37.800049
          ],
          [
            -122.446483,
            37.800069
          ],
          [
            -122.446423,
            37.800089
          ],
          [
            -122.446353,
            37.800059
          ],
          [
            -122.446343,
            37.800009
          ],
          [
            -122.446243,
            37.800059
          ],
          [
            -122.446203,
            37.800019
          ],
          [
            -122.446163,
            37.799989
          ],
          [
            -122.446083,
            37.799929
          ],
          [
            -122.445983,
            37.799889
          ],
          [
            -122.445863,
            37.799869
          ],
          [
            -122.445773,
            37.799869
          ],
          [
            -122.445713,
            37.799879
          ],
          [
            -122.445663,
            37.799859
          ],
          [
            -122.445593,
            37.799849
          ],
          [
            -122.445483,
            37.799879
          ],
          [
            -122.445423,
            37.799919
          ],
          [
            -122.445453,
            37.799979
          ],
          [
            -122.445403,
            37.800029
          ],
          [
            -122.445453,
            37.800089
          ],
          [
            -122.445493,
            37.800179
          ],
          [
            -122.445403,
            37.800179
          ],
          [
            -122.445433,
            37.800239
          ],
          [
            -122.445453,
            37.800279
          ],
          [
            -122.445443,
            37.800319
          ],
          [
            -122.445403,
            37.800319
          ],
          [
            -122.445343,
            37.800299
          ],
          [
            -122.445293,
            37.800299
          ],
          [
            -122.445223,
            37.800329
          ],
          [
            -122.445193,
            37.800389
          ],
          [
            -122.445103,
            37.800389
          ],
          [
            -122.445103,
            37.800339
          ],
          [
            -122.445113,
            37.800309
          ],
          [
            -122.445143,
            37.800279
          ],
          [
            -122.445203,
            37.800229
          ],
          [
            -122.445193,
            37.800169
          ],
          [
            -122.445153,
            37.800099
          ],
          [
            -122.445123,
            37.800069
          ],
          [
            -122.445093,
            37.800039
          ],
          [
            -122.445133,
            37.799999
          ],
          [
            -122.445253,
            37.799999
          ],
          [
            -122.445303,
            37.799949
          ],
          [
            -122.445293,
            37.799879
          ],
          [
            -122.445283,
            37.799839
          ],
          [
            -122.445243,
            37.799789
          ],
          [
            -122.445163,
            37.799779
          ],
          [
            -122.445093,
            37.799769
          ],
          [
            -122.445063,
            37.799699
          ],
          [
            -122.445063,
            37.799649
          ],
          [
            -122.445093,
            37.799619
          ],
          [
            -122.445113,
            37.799549
          ],
          [
            -122.445073,
            37.799539
          ],
          [
            -122.445023,
            37.799509
          ],
          [
            -122.444973,
            37.799479
          ],
          [
            -122.444903,
            37.799449
          ],
          [
            -122.444853,
            37.799439
          ],
          [
            -122.444793,
            37.799479
          ],
          [
            -122.444733,
            37.799499
          ],
          [
            -122.444683,
            37.799519
          ],
          [
            -122.444633,
            37.799529
          ],
          [
            -122.444583,
            37.799509
          ],
          [
            -122.444533,
            37.799489
          ],
          [
            -122.444553,
            37.799429
          ],
          [
            -122.444553,
            37.799379
          ],
          [
            -122.444543,
            37.799339
          ],
          [
            -122.444513,
            37.799299
          ],
          [
            -122.444473,
            37.799279
          ],
          [
            -122.444413,
            37.799269
          ],
          [
            -122.444373,
            37.799259
          ],
          [
            -122.444303,
            37.799239
          ],
          [
            -122.444263,
            37.799199
          ],
          [
            -122.444173,
            37.799179
          ],
          [
            -122.444103,
            37.799209
          ],
          [
            -122.444043,
            37.799179
          ],
          [
            -122.443983,
            37.799149
          ],
          [
            -122.443913,
            37.799119
          ],
          [
            -122.443813,
            37.799099
          ],
          [
            -122.443823,
            37.799149
          ],
          [
            -122.443933,
            37.799219
          ],
          [
            -122.444043,
            37.799289
          ],
          [
            -122.444103,
            37.799319
          ],
          [
            -122.444143,
            37.799279
          ],
          [
            -122.444223,
            37.799309
          ],
          [
            -122.444343,
            37.799329
          ],
          [
            -122.444423,
            37.799329
          ],
          [
            -122.444443,
            37.799369
          ],
          [
            -122.444423,
            37.799419
          ],
          [
            -122.444393,
            37.799469
          ],
          [
            -122.444393,
            37.799519
          ],
          [
            -122.444453,
            37.799539
          ],
          [
            -122.444533,
            37.799599
          ],
          [
            -122.444583,
            37.799639
          ],
          [
            -122.444633,
            37.799699
          ],
          [
            -122.444673,
            37.799659
          ],
          [
            -122.444703,
            37.799609
          ],
          [
            -122.444753,
            37.799629
          ],
          [
            -122.444793,
            37.799559
          ],
          [
            -122.444863,
            37.799579
          ],
          [
            -122.444923,
            37.799619
          ],
          [
            -122.444973,
            37.799679
          ],
          [
            -122.444993,
            37.799739
          ],
          [
            -122.445003,
            37.799809
          ],
          [
            -122.445023,
            37.799849
          ],
          [
            -122.445083,
            37.799879
          ],
          [
            -122.445163,
            37.799899
          ],
          [
            -122.445143,
            37.799939
          ],
          [
            -122.445063,
            37.799959
          ],
          [
            -122.444983,
            37.800019
          ],
          [
            -122.445003,
            37.800129
          ],
          [
            -122.445053,
            37.800169
          ],
          [
            -122.445053,
            37.800239
          ],
          [
            -122.445013,
            37.800289
          ],
          [
            -122.444963,
            37.800339
          ],
          [
            -122.444963,
            37.800399
          ],
          [
            -122.444993,
            37.800459
          ],
          [
            -122.445013,
            37.800519
          ],
          [
            -122.445073,
            37.800549
          ],
          [
            -122.445143,
            37.800489
          ],
          [
            -122.445213,
            37.800459
          ],
          [
            -122.445323,
            37.800459
          ],
          [
            -122.445283,
            37.800539
          ],
          [
            -122.445223,
            37.800579
          ],
          [
            -122.445243,
            37.800659
          ],
          [
            -122.445173,
            37.800719
          ],
          [
            -122.445133,
            37.800749
          ],
          [
            -122.445113,
            37.800849
          ],
          [
            -122.445003,
            37.800889
          ],
          [
            -122.444863,
            37.800889
          ],
          [
            -122.444703,
            37.800879
          ],
          [
            -122.444603,
            37.800849
          ],
          [
            -122.444533,
            37.800789
          ],
          [
            -122.444473,
            37.800729
          ],
          [
            -122.444413,
            37.800639
          ],
          [
            -122.444343,
            37.800569
          ],
          [
            -122.444333,
            37.800519
          ],
          [
            -122.444403,
            37.800459
          ],
          [
            -122.444453,
            37.800429
          ],
          [
            -122.444513,
            37.800359
          ],
          [
            -122.444513,
            37.800289
          ],
          [
            -122.444483,
            37.800229
          ],
          [
            -122.444443,
            37.800179
          ],
          [
            -122.444403,
            37.800139
          ],
          [
            -122.444313,
            37.800079
          ],
          [
            -122.444253,
            37.800039
          ],
          [
            -122.444183,
            37.800029
          ],
          [
            -122.444153,
            37.800089
          ],
          [
            -122.444153,
            37.800149
          ],
          [
            -122.444163,
            37.800209
          ],
          [
            -122.444193,
            37.800279
          ],
          [
            -122.444163,
            37.800339
          ],
          [
            -122.444093,
            37.800259
          ],
          [
            -122.444073,
            37.800189
          ],
          [
            -122.444043,
            37.800119
          ],
          [
            -122.444033,
            37.800059
          ],
          [
            -122.443993,
            37.800019
          ],
          [
            -122.443913,
            37.799989
          ],
          [
            -122.443853,
            37.800009
          ],
          [
            -122.443793,
            37.800079
          ],
          [
            -122.443803,
            37.799999
          ],
          [
            -122.443783,
            37.799929
          ],
          [
            -122.443723,
            37.799899
          ],
          [
            -122.443663,
            37.799889
          ],
          [
            -122.443583,
            37.799879
          ],
          [
            -122.443513,
            37.799839
          ],
          [
            -122.443453,
            37.799829
          ],
          [
            -122.443413,
            37.799809
          ],
          [
            -122.443343,
            37.799809
          ],
          [
            -122.443253,
            37.799839
          ],
          [
            -122.443173,
            37.799889
          ],
          [
            -122.443123,
            37.799929
          ],
          [
            -122.443073,
            37.799959
          ],
          [
            -122.443063,
            37.799909
          ],
          [
            -122.443083,
            37.799859
          ],
          [
            -122.443143,
            37.799829
          ],
          [
            -122.443213,
            37.799799
          ],
          [
            -122.443263,
            37.799769
          ],
          [
            -122.443303,
            37.799729
          ],
          [
            -122.443283,
            37.799669
          ],
          [
            -122.443223,
            37.799629
          ],
          [
            -122.443143,
            37.799609
          ],
          [
            -122.443083,
            37.799609
          ],
          [
            -122.443103,
            37.799659
          ],
          [
            -122.443153,
            37.799709
          ],
          [
            -122.443153,
            37.799759
          ],
          [
            -122.443093,
            37.799779
          ],
          [
            -122.443023,
            37.799799
          ],
          [
            -122.442983,
            37.799849
          ],
          [
            -122.442933,
            37.799939
          ],
          [
            -122.443013,
            37.800019
          ],
          [
            -122.443063,
            37.800019
          ],
          [
            -122.443153,
            37.799999
          ],
          [
            -122.443203,
            37.799949
          ],
          [
            -122.443263,
            37.799909
          ],
          [
            -122.443353,
            37.799889
          ],
          [
            -122.443393,
            37.799919
          ],
          [
            -122.443333,
            37.799969
          ],
          [
            -122.443273,
            37.800009
          ],
          [
            -122.443223,
            37.800049
          ],
          [
            -122.443223,
            37.800099
          ],
          [
            -122.443263,
            37.800159
          ],
          [
            -122.443303,
            37.800169
          ],
          [
            -122.443393,
            37.800139
          ],
          [
            -122.443463,
            37.800129
          ],
          [
            -122.443543,
            37.800079
          ],
          [
            -122.443583,
            37.800019
          ],
          [
            -122.443613,
            37.799969
          ],
          [
            -122.443633,
            37.799949
          ],
          [
            -122.443713,
            37.799969
          ],
          [
            -122.443653,
            37.800089
          ],
          [
            -122.443523,
            37.800199
          ],
          [
            -122.443353,
            37.800289
          ],
          [
            -122.443213,
            37.800319
          ],
          [
            -122.443113,
            37.800379
          ],
          [
            -122.442953,
            37.800429
          ],
          [
            -122.442863,
            37.800509
          ],
          [
            -122.442703,
            37.800539
          ],
          [
            -122.442503,
            37.800609
          ],
          [
            -122.442393,
            37.800649
          ],
          [
            -122.442253,
            37.800669
          ],
          [
            -122.442183,
            37.800649
          ],
          [
            -122.442143,
            37.800619
          ],
          [
            -122.442103,
            37.800599
          ],
          [
            -122.442063,
            37.800589
          ],
          [
            -122.442013,
            37.800589
          ],
          [
            -122.441963,
            37.800569
          ],
          [
            -122.441903,
            37.800539
          ],
          [
            -122.441853,
            37.800509
          ],
          [
            -122.441803,
            37.800479
          ],
          [
            -122.441763,
            37.800449
          ],
          [
            -122.441703,
            37.800419
          ],
          [
            -122.441633,
            37.800449
          ],
          [
            -122.441593,
            37.800499
          ],
          [
            -122.441573,
            37.800539
          ],
          [
            -122.441503,
            37.800539
          ],
          [
            -122.441463,
            37.800529
          ],
          [
            -122.441413,
            37.800519
          ],
          [
            -122.441373,
            37.800489
          ],
          [
            -122.441373,
            37.800449
          ],
          [
            -122.441323,
            37.800449
          ],
          [
            -122.441243,
            37.800459
          ],
          [
            -122.441193,
            37.800469
          ],
          [
            -122.441143,
            37.800439
          ],
          [
            -122.441093,
            37.800419
          ],
          [
            -122.441003,
            37.800359
          ],
          [
            -122.440913,
            37.800349
          ],
          [
            -122.440843,
            37.800339
          ],
          [
            -122.440793,
            37.800309
          ],
          [
            -122.440743,
            37.800299
          ],
          [
            -122.440673,
            37.800309
          ],
          [
            -122.440603,
            37.800319
          ],
          [
            -122.440533,
            37.800329
          ],
          [
            -122.440493,
            37.800309
          ],
          [
            -122.440513,
            37.800259
          ],
          [
            -122.440483,
            37.800219
          ],
          [
            -122.440403,
            37.800219
          ]
        ]
      }
    },
    {
      "type": "Feature",
      "properties": {
        "FEATURE_ID": 928103,
        "FEATURE": 20,
        "SOURCE_ID": "T00687",
        "DATA_SOURC": "P",
        "SRC_DATE": "18570101",
        "HOR_ACC": "0",
        "INFORM": "\u0000\u0000\u0000\u0000\u0000\u0000\u0000\u0000\u0000\u0000\u0000\u0000\u0000\u0000\u0000\u0000\u0000\u0000\u0000\u0000\u0000\u0000\u0000\u0000\u0000\u0000\u0000\u0000\u0000\u0000\u0000\u0000\u0000\u0000\u0000\u0000\u0000\u0000\u0000\u0000\u0000\u0000\u0000\u0000\u0000\u0000\u0000\u0000\u0000\u0000\u0000\u0000\u0000\u0000\u0000\u0000\u0000\u0000\u0000\u0000\u0000\u0000\u0000\u0000\u0000\u0000\u0000\u0000\u0000\u0000\u0000\u0000\u0000\u0000\u0000\u0000\u0000\u0000\u0000\u0000\u0000\u0000\u0000\u0000\u0000\u0000\u0000\u0000\u0000\u0000\u0000\u0000\u0000\u0000\u0000\u0000\u0000\u0000\u0000\u0000\u0000\u0000\u0000\u0000\u0000\u0000\u0000\u0000\u0000\u0000\u0000\u0000\u0000\u0000\u0000\u0000\u0000\u0000\u0000\u0000\u0000\u0000\u0000\u0000\u0000\u0000\u0000\u0000\u0000\u0000\u0000\u0000\u0000\u0000\u0000\u0000\u0000\u0000\u0000\u0000\u0000\u0000\u0000\u0000\u0000\u0000\u0000\u0000\u0000\u0000\u0000\u0000\u0000\u0000\u0000\u0000\u0000\u0000\u0000\u0000\u0000\u0000\u0000\u0000\u0000\u0000\u0000\u0000\u0000\u0000\u0000\u0000\u0000\u0000\u0000\u0000\u0000\u0000\u0000\u0000\u0000\u0000\u0000\u0000\u0000\u0000\u0000\u0000\u0000\u0000\u0000\u0000\u0000\u0000\u0000\u0000\u0000\u0000\u0000\u0000\u0000\u0000\u0000\u0000\u0000\u0000\u0000\u0000\u0000\u0000\u0000\u0000\u0000\u0000\u0000\u0000\u0000\u0000\u0000\u0000\u0000\u0000\u0000\u0000\u0000\u0000\u0000\u0000\u0000\u0000\u0000\u0000\u0000\u0000\u0000\u0000\u0000\u0000\u0000\u0000\u0000\u0000\u0000\u0000\u0000\u0000\u0000\u0000\u0000\u0000\u0000\u0000\u0000\u0000",
        "RESOLUTION": 0,
        "ATTRIBUTE": "Natural.Mean High Water",
        "CLASS": "SHORELINE",
        "F_CODE": null,
        "EX_METH": "M",
        "EXTRACT_TE": "P",
        "_selecter_format": "shapefile",
        "_selecter_sourcecrs": "EPSG:4269",
        "_selecter_source": "CA37B08 1857 SF",
        "_selecter_imported": "2026-08-03T23:06:12.543Z"
      },
      "geometry": {
        "type": "LineString",
        "coordinates": [
          [
            -122.446973,
            37.800199
          ],
          [
            -122.447043,
            37.800309
          ],
          [
            -122.447053,
            37.800389
          ],
          [
            -122.446983,
            37.800369
          ],
          [
            -122.446933,
            37.800359
          ],
          [
            -122.446883,
            37.800369
          ],
          [
            -122.446853,
            37.800409
          ],
          [
            -122.446873,
            37.800459
          ],
          [
            -122.446903,
            37.800509
          ],
          [
            -122.446903,
            37.800549
          ],
          [
            -122.446843,
            37.800549
          ],
          [
            -122.446783,
            37.800519
          ],
          [
            -122.446743,
            37.800499
          ],
          [
            -122.446683,
            37.800489
          ],
          [
            -122.446643,
            37.800469
          ],
          [
            -122.446643,
            37.800419
          ],
          [
            -122.446643,
            37.800359
          ],
          [
            -122.446613,
            37.800299
          ],
          [
            -122.446583,
            37.800249
          ],
          [
            -122.446563,
            37.800209
          ],
          [
            -122.446623,
            37.800189
          ],
          [
            -122.446643,
            37.800159
          ],
          [
            -122.446803,
            37.800159
          ],
          [
            -122.446903,
            37.800159
          ],
          [
            -122.446973,
            37.800199
          ]
        ]
      }
    },
    {
      "type": "Feature",
      "properties": {
        "FEATURE_ID": 928104,
        "FEATURE": 20,
        "SOURCE_ID": "T00687",
        "DATA_SOURC": "P",
        "SRC_DATE": "18570101",
        "HOR_ACC": "0",
        "INFORM": "\u0000\u0000\u0000\u0000\u0000\u0000\u0000\u0000\u0000\u0000\u0000\u0000\u0000\u0000\u0000\u0000\u0000\u0000\u0000\u0000\u0000\u0000\u0000\u0000\u0000\u0000\u0000\u0000\u0000\u0000\u0000\u0000\u0000\u0000\u0000\u0000\u0000\u0000\u0000\u0000\u0000\u0000\u0000\u0000\u0000\u0000\u0000\u0000\u0000\u0000\u0000\u0000\u0000\u0000\u0000\u0000\u0000\u0000\u0000\u0000\u0000\u0000\u0000\u0000\u0000\u0000\u0000\u0000\u0000\u0000\u0000\u0000\u0000\u0000\u0000\u0000\u0000\u0000\u0000\u0000\u0000\u0000\u0000\u0000\u0000\u0000\u0000\u0000\u0000\u0000\u0000\u0000\u0000\u0000\u0000\u0000\u0000\u0000\u0000\u0000\u0000\u0000\u0000\u0000\u0000\u0000\u0000\u0000\u0000\u0000\u0000\u0000\u0000\u0000\u0000\u0000\u0000\u0000\u0000\u0000\u0000\u0000\u0000\u0000\u0000\u0000\u0000\u0000\u0000\u0000\u0000\u0000\u0000\u0000\u0000\u0000\u0000\u0000\u0000\u0000\u0000\u0000\u0000\u0000\u0000\u0000\u0000\u0000\u0000\u0000\u0000\u0000\u0000\u0000\u0000\u0000\u0000\u0000\u0000\u0000\u0000\u0000\u0000\u0000\u0000\u0000\u0000\u0000\u0000\u0000\u0000\u0000\u0000\u0000\u0000\u0000\u0000\u0000\u0000\u0000\u0000\u0000\u0000\u0000\u0000\u0000\u0000\u0000\u0000\u0000\u0000\u0000\u0000\u0000\u0000\u0000\u0000\u0000\u0000\u0000\u0000\u0000\u0000\u0000\u0000\u0000\u0000\u0000\u0000\u0000\u0000\u0000\u0000\u0000\u0000\u0000\u0000\u0000\u0000\u0000\u0000\u0000\u0000\u0000\u0000\u0000\u0000\u0000\u0000\u0000\u0000\u0000\u0000\u0000\u0000\u0000\u0000\u0000\u0000\u0000\u0000\u0000\u0000\u0000\u0000\u0000\u0000\u0000\u0000\u0000\u0000\u0000\u0000\u0000",
        "RESOLUTION": 0,
        "ATTRIBUTE": "Natural.Mean High Water",
        "CLASS": "SHORELINE",
        "F_CODE": null,
        "EX_METH": "M",
        "EXTRACT_TE": "P",
        "_selecter_format": "shapefile",
        "_selecter_sourcecrs": "EPSG:4269",
        "_selecter_source": "CA37B08 1857 SF",
        "_selecter_imported": "2026-08-03T23:06:12.543Z"
      },
      "geometry": {
        "type": "LineString",
        "coordinates": [
          [
            -122.443473,
            37.800049
          ],
          [
            -122.443483,
            37.799989
          ],
          [
            -122.443423,
            37.800029
          ],
          [
            -122.443383,
            37.800069
          ],
          [
            -122.443393,
            37.800109
          ],
          [
            -122.443453,
            37.800089
          ],
          [
            -122.443473,
            37.800049
          ]
        ]
      }
    },
    {
      "type": "Feature",
      "properties": {
        "FEATURE_ID": 929064,
        "FEATURE": 20,
        "SOURCE_ID": "T00687",
        "DATA_SOURC": "P",
        "SRC_DATE": "18570101",
        "HOR_ACC": "0",
        "INFORM": "\u0000\u0000\u0000\u0000\u0000\u0000\u0000\u0000\u0000\u0000\u0000\u0000\u0000\u0000\u0000\u0000\u0000\u0000\u0000\u0000\u0000\u0000\u0000\u0000\u0000\u0000\u0000\u0000\u0000\u0000\u0000\u0000\u0000\u0000\u0000\u0000\u0000\u0000\u0000\u0000\u0000\u0000\u0000\u0000\u0000\u0000\u0000\u0000\u0000\u0000\u0000\u0000\u0000\u0000\u0000\u0000\u0000\u0000\u0000\u0000\u0000\u0000\u0000\u0000\u0000\u0000\u0000\u0000\u0000\u0000\u0000\u0000\u0000\u0000\u0000\u0000\u0000\u0000\u0000\u0000\u0000\u0000\u0000\u0000\u0000\u0000\u0000\u0000\u0000\u0000\u0000\u0000\u0000\u0000\u0000\u0000\u0000\u0000\u0000\u0000\u0000\u0000\u0000\u0000\u0000\u0000\u0000\u0000\u0000\u0000\u0000\u0000\u0000\u0000\u0000\u0000\u0000\u0000\u0000\u0000\u0000\u0000\u0000\u0000\u0000\u0000\u0000\u0000\u0000\u0000\u0000\u0000\u0000\u0000\u0000\u0000\u0000\u0000\u0000\u0000\u0000\u0000\u0000\u0000\u0000\u0000\u0000\u0000\u0000\u0000\u0000\u0000\u0000\u0000\u0000\u0000\u0000\u0000\u0000\u0000\u0000\u0000\u0000\u0000\u0000\u0000\u0000\u0000\u0000\u0000\u0000\u0000\u0000\u0000\u0000\u0000\u0000\u0000\u0000\u0000\u0000\u0000\u0000\u0000\u0000\u0000\u0000\u0000\u0000\u0000\u0000\u0000\u0000\u0000\u0000\u0000\u0000\u0000\u0000\u0000\u0000\u0000\u0000\u0000\u0000\u0000\u0000\u0000\u0000\u0000\u0000\u0000\u0000\u0000\u0000\u0000\u0000\u0000\u0000\u0000\u0000\u0000\u0000\u0000\u0000\u0000\u0000\u0000\u0000\u0000\u0000\u0000\u0000\u0000\u0000\u0000\u0000\u0000\u0000\u0000\u0000\u0000\u0000\u0000\u0000\u0000\u0000\u0000\u0000\u0000\u0000\u0000\u0000\u0000",
        "RESOLUTION": 0,
        "ATTRIBUTE": "Natural.Mean High Water",
        "CLASS": "SHORELINE",
        "F_CODE": null,
        "EX_METH": "M",
        "EXTRACT_TE": "P",
        "_selecter_format": "shapefile",
        "_selecter_sourcecrs": "EPSG:4269",
        "_selecter_source": "CA37B08 1857 SF",
        "_selecter_imported": "2026-08-03T23:06:12.543Z"
      },
      "geometry": {
        "type": "LineString",
        "coordinates": [
          [
            -122.395342,
            37.74709
          ],
          [
            -122.395432,
            37.747
          ],
          [
            -122.395492,
            37.74695
          ],
          [
            -122.395582,
            37.74692
          ],
          [
            -122.395682,
            37.74688
          ],
          [
            -122.395852,
            37.74681
          ],
          [
            -122.395962,
            37.74675
          ],
          [
            -122.396022,
            37.74669
          ],
          [
            -122.396052,
            37.74662
          ],
          [
            -122.396132,
            37.74653
          ],
          [
            -122.396222,
            37.74646
          ],
          [
            -122.396312,
            37.7464
          ],
          [
            -122.396432,
            37.74636
          ],
          [
            -122.396532,
            37.74632
          ],
          [
            -122.396642,
            37.74628
          ],
          [
            -122.396722,
            37.74624
          ],
          [
            -122.396772,
            37.74616
          ],
          [
            -122.396802,
            37.7461
          ],
          [
            -122.396882,
            37.74621
          ],
          [
            -122.397052,
            37.74614
          ],
          [
            -122.397162,
            37.74609
          ],
          [
            -122.397292,
            37.74604
          ],
          [
            -122.397402,
            37.746
          ],
          [
            -122.397522,
            37.74596
          ],
          [
            -122.397602,
            37.74593
          ],
          [
            -122.397662,
            37.74589
          ],
          [
            -122.397732,
            37.74579
          ],
          [
            -122.397782,
            37.74574
          ],
          [
            -122.397822,
            37.74566
          ],
          [
            -122.397872,
            37.74562
          ],
          [
            -122.397942,
            37.74559
          ],
          [
            -122.397962,
            37.74565
          ],
          [
            -122.397902,
            37.74568
          ],
          [
            -122.397892,
            37.74574
          ],
          [
            -122.397862,
            37.74581
          ],
          [
            -122.397792,
            37.74585
          ],
          [
            -122.397802,
            37.74588
          ],
          [
            -122.397852,
            37.74592
          ],
          [
            -122.398122,
            37.74585
          ],
          [
            -122.398332,
            37.74579
          ],
          [
            -122.398432,
            37.74575
          ]
        ]
      }
    },
    {
      "type": "Feature",
      "properties": {
        "FEATURE_ID": 929066,
        "FEATURE": 20,
        "SOURCE_ID": "T00687",
        "DATA_SOURC": "P",
        "SRC_DATE": "18570101",
        "HOR_ACC": "0",
        "INFORM": "\u0000\u0000\u0000\u0000\u0000\u0000\u0000\u0000\u0000\u0000\u0000\u0000\u0000\u0000\u0000\u0000\u0000\u0000\u0000\u0000\u0000\u0000\u0000\u0000\u0000\u0000\u0000\u0000\u0000\u0000\u0000\u0000\u0000\u0000\u0000\u0000\u0000\u0000\u0000\u0000\u0000\u0000\u0000\u0000\u0000\u0000\u0000\u0000\u0000\u0000\u0000\u0000\u0000\u0000\u0000\u0000\u0000\u0000\u0000\u0000\u0000\u0000\u0000\u0000\u0000\u0000\u0000\u0000\u0000\u0000\u0000\u0000\u0000\u0000\u0000\u0000\u0000\u0000\u0000\u0000\u0000\u0000\u0000\u0000\u0000\u0000\u0000\u0000\u0000\u0000\u0000\u0000\u0000\u0000\u0000\u0000\u0000\u0000\u0000\u0000\u0000\u0000\u0000\u0000\u0000\u0000\u0000\u0000\u0000\u0000\u0000\u0000\u0000\u0000\u0000\u0000\u0000\u0000\u0000\u0000\u0000\u0000\u0000\u0000\u0000\u0000\u0000\u0000\u0000\u0000\u0000\u0000\u0000\u0000\u0000\u0000\u0000\u0000\u0000\u0000\u0000\u0000\u0000\u0000\u0000\u0000\u0000\u0000\u0000\u0000\u0000\u0000\u0000\u0000\u0000\u0000\u0000\u0000\u0000\u0000\u0000\u0000\u0000\u0000\u0000\u0000\u0000\u0000\u0000\u0000\u0000\u0000\u0000\u0000\u0000\u0000\u0000\u0000\u0000\u0000\u0000\u0000\u0000\u0000\u0000\u0000\u0000\u0000\u0000\u0000\u0000\u0000\u0000\u0000\u0000\u0000\u0000\u0000\u0000\u0000\u0000\u0000\u0000\u0000\u0000\u0000\u0000\u0000\u0000\u0000\u0000\u0000\u0000\u0000\u0000\u0000\u0000\u0000\u0000\u0000\u0000\u0000\u0000\u0000\u0000\u0000\u0000\u0000\u0000\u0000\u0000\u0000\u0000\u0000\u0000\u0000\u0000\u0000\u0000\u0000\u0000\u0000\u0000\u0000\u0000\u0000\u0000\u0000\u0000\u0000\u0000\u0000\u0000\u0000",
        "RESOLUTION": 0,
        "ATTRIBUTE": "Natural.Mean High Water",
        "CLASS": "SHORELINE",
        "F_CODE": null,
        "EX_METH": "M",
        "EXTRACT_TE": "P",
        "_selecter_format": "shapefile",
        "_selecter_sourcecrs": "EPSG:4269",
        "_selecter_source": "CA37B08 1857 SF",
        "_selecter_imported": "2026-08-03T23:06:12.543Z"
      },
      "geometry": {
        "type": "LineString",
        "coordinates": [
          [
            -122.398572,
            37.7457
          ],
          [
            -122.398802,
            37.74566
          ],
          [
            -122.398902,
            37.74561
          ],
          [
            -122.399002,
            37.74559
          ],
          [
            -122.399142,
            37.74554
          ],
          [
            -122.399212,
            37.74549
          ],
          [
            -122.399442,
            37.74547
          ],
          [
            -122.399592,
            37.74544
          ],
          [
            -122.399772,
            37.74533
          ],
          [
            -122.399932,
            37.74527
          ],
          [
            -122.400092,
            37.74526
          ],
          [
            -122.400232,
            37.74521
          ],
          [
            -122.400442,
            37.74511
          ],
          [
            -122.400572,
            37.74504
          ],
          [
            -122.400682,
            37.74499
          ],
          [
            -122.400792,
            37.74497
          ],
          [
            -122.400912,
            37.74495
          ],
          [
            -122.400992,
            37.74494
          ],
          [
            -122.401112,
            37.74494
          ],
          [
            -122.401232,
            37.74493
          ],
          [
            -122.401322,
            37.74488
          ],
          [
            -122.401392,
            37.74483
          ],
          [
            -122.401452,
            37.74478
          ],
          [
            -122.401532,
            37.74472
          ],
          [
            -122.401602,
            37.7447
          ],
          [
            -122.401672,
            37.74473
          ],
          [
            -122.401642,
            37.74478
          ],
          [
            -122.401622,
            37.74487
          ],
          [
            -122.401732,
            37.74489
          ],
          [
            -122.401862,
            37.74484
          ],
          [
            -122.401932,
            37.74477
          ],
          [
            -122.402012,
            37.74472
          ],
          [
            -122.402122,
            37.74464
          ],
          [
            -122.402172,
            37.74459
          ],
          [
            -122.402212,
            37.74455
          ],
          [
            -122.402242,
            37.74447
          ],
          [
            -122.402202,
            37.74439
          ],
          [
            -122.402152,
            37.74431
          ],
          [
            -122.402102,
            37.74426
          ],
          [
            -122.402022,
            37.7442
          ],
          [
            -122.401972,
            37.74416
          ],
          [
            -122.401872,
            37.74411
          ],
          [
            -122.401812,
            37.74408
          ],
          [
            -122.401732,
            37.74404
          ],
          [
            -122.401672,
            37.74403
          ],
          [
            -122.401612,
            37.74401
          ],
          [
            -122.401522,
            37.74399
          ],
          [
            -122.401372,
            37.74393
          ],
          [
            -122.401252,
            37.74391
          ],
          [
            -122.401142,
            37.74388
          ],
          [
            -122.401052,
            37.74388
          ],
          [
            -122.400912,
            37.74389
          ],
          [
            -122.400792,
            37.74388
          ],
          [
            -122.400692,
            37.74387
          ],
          [
            -122.400532,
            37.7439
          ],
          [
            -122.400402,
            37.7439
          ],
          [
            -122.400282,
            37.74391
          ],
          [
            -122.400182,
            37.74391
          ],
          [
            -122.400052,
            37.74394
          ],
          [
            -122.399942,
            37.74396
          ],
          [
            -122.399802,
            37.74398
          ],
          [
            -122.399672,
            37.74399
          ],
          [
            -122.399562,
            37.744
          ],
          [
            -122.399462,
            37.74402
          ],
          [
            -122.399372,
            37.74403
          ],
          [
            -122.399222,
            37.74405
          ],
          [
            -122.399092,
            37.74405
          ],
          [
            -122.398982,
            37.74405
          ],
          [
            -122.398872,
            37.74405
          ],
          [
            -122.398772,
            37.74404
          ],
          [
            -122.398672,
            37.744
          ],
          [
            -122.398592,
            37.74397
          ],
          [
            -122.398482,
            37.74394
          ],
          [
            -122.398422,
            37.7439
          ],
          [
            -122.398372,
            37.74386
          ],
          [
            -122.398332,
            37.74381
          ],
          [
            -122.398302,
            37.74378
          ]
        ]
      }
    },
    {
      "type": "Feature",
      "properties": {
        "FEATURE_ID": 929068,
        "FEATURE": 20,
        "SOURCE_ID": "T00687",
        "DATA_SOURC": "P",
        "SRC_DATE": "18570101",
        "HOR_ACC": "0",
        "INFORM": "\u0000\u0000\u0000\u0000\u0000\u0000\u0000\u0000\u0000\u0000\u0000\u0000\u0000\u0000\u0000\u0000\u0000\u0000\u0000\u0000\u0000\u0000\u0000\u0000\u0000\u0000\u0000\u0000\u0000\u0000\u0000\u0000\u0000\u0000\u0000\u0000\u0000\u0000\u0000\u0000\u0000\u0000\u0000\u0000\u0000\u0000\u0000\u0000\u0000\u0000\u0000\u0000\u0000\u0000\u0000\u0000\u0000\u0000\u0000\u0000\u0000\u0000\u0000\u0000\u0000\u0000\u0000\u0000\u0000\u0000\u0000\u0000\u0000\u0000\u0000\u0000\u0000\u0000\u0000\u0000\u0000\u0000\u0000\u0000\u0000\u0000\u0000\u0000\u0000\u0000\u0000\u0000\u0000\u0000\u0000\u0000\u0000\u0000\u0000\u0000\u0000\u0000\u0000\u0000\u0000\u0000\u0000\u0000\u0000\u0000\u0000\u0000\u0000\u0000\u0000\u0000\u0000\u0000\u0000\u0000\u0000\u0000\u0000\u0000\u0000\u0000\u0000\u0000\u0000\u0000\u0000\u0000\u0000\u0000\u0000\u0000\u0000\u0000\u0000\u0000\u0000\u0000\u0000\u0000\u0000\u0000\u0000\u0000\u0000\u0000\u0000\u0000\u0000\u0000\u0000\u0000\u0000\u0000\u0000\u0000\u0000\u0000\u0000\u0000\u0000\u0000\u0000\u0000\u0000\u0000\u0000\u0000\u0000\u0000\u0000\u0000\u0000\u0000\u0000\u0000\u0000\u0000\u0000\u0000\u0000\u0000\u0000\u0000\u0000\u0000\u0000\u0000\u0000\u0000\u0000\u0000\u0000\u0000\u0000\u0000\u0000\u0000\u0000\u0000\u0000\u0000\u0000\u0000\u0000\u0000\u0000\u0000\u0000\u0000\u0000\u0000\u0000\u0000\u0000\u0000\u0000\u0000\u0000\u0000\u0000\u0000\u0000\u0000\u0000\u0000\u0000\u0000\u0000\u0000\u0000\u0000\u0000\u0000\u0000\u0000\u0000\u0000\u0000\u0000\u0000\u0000\u0000\u0000\u0000\u0000\u0000\u0000\u0000\u0000",
        "RESOLUTION": 0,
        "ATTRIBUTE": "Natural.Mean High Water",
        "CLASS": "SHORELINE",
        "F_CODE": null,
        "EX_METH": "M",
        "EXTRACT_TE": "P",
        "_selecter_format": "shapefile",
        "_selecter_sourcecrs": "EPSG:4269",
        "_selecter_source": "CA37B08 1857 SF",
        "_selecter_imported": "2026-08-03T23:06:12.543Z"
      },
      "geometry": {
        "type": "LineString",
        "coordinates": [
          [
            -122.411712,
            37.733351
          ],
          [
            -122.411772,
            37.733301
          ],
          [
            -122.411822,
            37.733221
          ],
          [
            -122.411852,
            37.733171
          ],
          [
            -122.411942,
            37.733161
          ],
          [
            -122.412012,
            37.733171
          ],
          [
            -122.412092,
            37.733131
          ],
          [
            -122.412112,
            37.733081
          ],
          [
            -122.412112,
            37.733021
          ],
          [
            -122.412042,
            37.732971
          ],
          [
            -122.411992,
            37.732911
          ],
          [
            -122.411992,
            37.732841
          ],
          [
            -122.412062,
            37.732831
          ],
          [
            -122.412162,
            37.732811
          ],
          [
            -122.412252,
            37.732761
          ],
          [
            -122.412362,
            37.732781
          ],
          [
            -122.412322,
            37.732821
          ],
          [
            -122.412272,
            37.732841
          ],
          [
            -122.412202,
            37.732861
          ],
          [
            -122.412112,
            37.732871
          ],
          [
            -122.412102,
            37.732921
          ],
          [
            -122.412152,
            37.732971
          ],
          [
            -122.412242,
            37.733041
          ],
          [
            -122.412322,
            37.733091
          ],
          [
            -122.412452,
            37.733121
          ],
          [
            -122.412542,
            37.733041
          ],
          [
            -122.412622,
            37.733021
          ],
          [
            -122.412712,
            37.733031
          ],
          [
            -122.412762,
            37.733011
          ],
          [
            -122.412762,
            37.732921
          ],
          [
            -122.412772,
            37.732861
          ],
          [
            -122.412912,
            37.732851
          ],
          [
            -122.413002,
            37.732861
          ],
          [
            -122.413072,
            37.732881
          ],
          [
            -122.413182,
            37.732951
          ],
          [
            -122.413112,
            37.733031
          ],
          [
            -122.413072,
            37.733131
          ],
          [
            -122.413092,
            37.733181
          ],
          [
            -122.413122,
            37.733231
          ],
          [
            -122.413142,
            37.733291
          ],
          [
            -122.413172,
            37.733351
          ],
          [
            -122.413212,
            37.733391
          ],
          [
            -122.413372,
            37.733431
          ],
          [
            -122.413532,
            37.733371
          ],
          [
            -122.413612,
            37.733311
          ],
          [
            -122.413662,
            37.733271
          ],
          [
            -122.413662,
            37.733191
          ],
          [
            -122.413682,
            37.733131
          ],
          [
            -122.413732,
            37.733091
          ],
          [
            -122.413752,
            37.733041
          ],
          [
            -122.413752,
            37.733001
          ],
          [
            -122.413712,
            37.732951
          ],
          [
            -122.413692,
            37.732911
          ],
          [
            -122.413762,
            37.732861
          ],
          [
            -122.413812,
            37.732821
          ],
          [
            -122.413782,
            37.732781
          ],
          [
            -122.413742,
            37.732741
          ],
          [
            -122.413782,
            37.732701
          ],
          [
            -122.413832,
            37.732671
          ],
          [
            -122.413872,
            37.732621
          ],
          [
            -122.413892,
            37.732561
          ],
          [
            -122.413902,
            37.732481
          ],
          [
            -122.413942,
            37.732451
          ],
          [
            -122.413992,
            37.732451
          ],
          [
            -122.414062,
            37.732431
          ],
          [
            -122.414112,
            37.732421
          ],
          [
            -122.414152,
            37.732381
          ],
          [
            -122.414222,
            37.732361
          ],
          [
            -122.414302,
            37.732311
          ],
          [
            -122.414382,
            37.732281
          ],
          [
            -122.414422,
            37.732261
          ],
          [
            -122.414472,
            37.732241
          ],
          [
            -122.414552,
            37.732221
          ],
          [
            -122.414692,
            37.732231
          ],
          [
            -122.414782,
            37.732201
          ],
          [
            -122.414932,
            37.732191
          ],
          [
            -122.415032,
            37.732181
          ],
          [
            -122.415162,
            37.732211
          ],
          [
            -122.415292,
            37.732201
          ]
        ]
      }
    },
    {
      "type": "Feature",
      "properties": {
        "FEATURE_ID": 929070,
        "FEATURE": 20,
        "SOURCE_ID": "T00687",
        "DATA_SOURC": "P",
        "SRC_DATE": "18570101",
        "HOR_ACC": "0",
        "INFORM": "\u0000\u0000\u0000\u0000\u0000\u0000\u0000\u0000\u0000\u0000\u0000\u0000\u0000\u0000\u0000\u0000\u0000\u0000\u0000\u0000\u0000\u0000\u0000\u0000\u0000\u0000\u0000\u0000\u0000\u0000\u0000\u0000\u0000\u0000\u0000\u0000\u0000\u0000\u0000\u0000\u0000\u0000\u0000\u0000\u0000\u0000\u0000\u0000\u0000\u0000\u0000\u0000\u0000\u0000\u0000\u0000\u0000\u0000\u0000\u0000\u0000\u0000\u0000\u0000\u0000\u0000\u0000\u0000\u0000\u0000\u0000\u0000\u0000\u0000\u0000\u0000\u0000\u0000\u0000\u0000\u0000\u0000\u0000\u0000\u0000\u0000\u0000\u0000\u0000\u0000\u0000\u0000\u0000\u0000\u0000\u0000\u0000\u0000\u0000\u0000\u0000\u0000\u0000\u0000\u0000\u0000\u0000\u0000\u0000\u0000\u0000\u0000\u0000\u0000\u0000\u0000\u0000\u0000\u0000\u0000\u0000\u0000\u0000\u0000\u0000\u0000\u0000\u0000\u0000\u0000\u0000\u0000\u0000\u0000\u0000\u0000\u0000\u0000\u0000\u0000\u0000\u0000\u0000\u0000\u0000\u0000\u0000\u0000\u0000\u0000\u0000\u0000\u0000\u0000\u0000\u0000\u0000\u0000\u0000\u0000\u0000\u0000\u0000\u0000\u0000\u0000\u0000\u0000\u0000\u0000\u0000\u0000\u0000\u0000\u0000\u0000\u0000\u0000\u0000\u0000\u0000\u0000\u0000\u0000\u0000\u0000\u0000\u0000\u0000\u0000\u0000\u0000\u0000\u0000\u0000\u0000\u0000\u0000\u0000\u0000\u0000\u0000\u0000\u0000\u0000\u0000\u0000\u0000\u0000\u0000\u0000\u0000\u0000\u0000\u0000\u0000\u0000\u0000\u0000\u0000\u0000\u0000\u0000\u0000\u0000\u0000\u0000\u0000\u0000\u0000\u0000\u0000\u0000\u0000\u0000\u0000\u0000\u0000\u0000\u0000\u0000\u0000\u0000\u0000\u0000\u0000\u0000\u0000\u0000\u0000\u0000\u0000\u0000\u0000",
        "RESOLUTION": 0,
        "ATTRIBUTE": "Natural.Mean High Water",
        "CLASS": "SHORELINE",
        "F_CODE": null,
        "EX_METH": "M",
        "EXTRACT_TE": "P",
        "_selecter_format": "shapefile",
        "_selecter_sourcecrs": "EPSG:4269",
        "_selecter_source": "CA37B08 1857 SF",
        "_selecter_imported": "2026-08-03T23:06:12.543Z"
      },
      "geometry": {
        "type": "LineString",
        "coordinates": [
          [
            -122.411582,
            37.733861
          ],
          [
            -122.411502,
            37.733821
          ],
          [
            -122.411412,
            37.733811
          ],
          [
            -122.411392,
            37.733761
          ],
          [
            -122.411372,
            37.733681
          ],
          [
            -122.411282,
            37.733641
          ],
          [
            -122.411342,
            37.733581
          ],
          [
            -122.411452,
            37.733611
          ],
          [
            -122.411552,
            37.733571
          ],
          [
            -122.411652,
            37.733541
          ],
          [
            -122.411732,
            37.733571
          ],
          [
            -122.411752,
            37.733621
          ],
          [
            -122.411772,
            37.733721
          ],
          [
            -122.411772,
            37.733761
          ],
          [
            -122.411722,
            37.733841
          ],
          [
            -122.411582,
            37.733861
          ]
        ]
      }
    },
    {
      "type": "Feature",
      "properties": {
        "FEATURE_ID": 929071,
        "FEATURE": 20,
        "SOURCE_ID": "T00687",
        "DATA_SOURC": "P",
        "SRC_DATE": "18570101",
        "HOR_ACC": "0",
        "INFORM": "\u0000\u0000\u0000\u0000\u0000\u0000\u0000\u0000\u0000\u0000\u0000\u0000\u0000\u0000\u0000\u0000\u0000\u0000\u0000\u0000\u0000\u0000\u0000\u0000\u0000\u0000\u0000\u0000\u0000\u0000\u0000\u0000\u0000\u0000\u0000\u0000\u0000\u0000\u0000\u0000\u0000\u0000\u0000\u0000\u0000\u0000\u0000\u0000\u0000\u0000\u0000\u0000\u0000\u0000\u0000\u0000\u0000\u0000\u0000\u0000\u0000\u0000\u0000\u0000\u0000\u0000\u0000\u0000\u0000\u0000\u0000\u0000\u0000\u0000\u0000\u0000\u0000\u0000\u0000\u0000\u0000\u0000\u0000\u0000\u0000\u0000\u0000\u0000\u0000\u0000\u0000\u0000\u0000\u0000\u0000\u0000\u0000\u0000\u0000\u0000\u0000\u0000\u0000\u0000\u0000\u0000\u0000\u0000\u0000\u0000\u0000\u0000\u0000\u0000\u0000\u0000\u0000\u0000\u0000\u0000\u0000\u0000\u0000\u0000\u0000\u0000\u0000\u0000\u0000\u0000\u0000\u0000\u0000\u0000\u0000\u0000\u0000\u0000\u0000\u0000\u0000\u0000\u0000\u0000\u0000\u0000\u0000\u0000\u0000\u0000\u0000\u0000\u0000\u0000\u0000\u0000\u0000\u0000\u0000\u0000\u0000\u0000\u0000\u0000\u0000\u0000\u0000\u0000\u0000\u0000\u0000\u0000\u0000\u0000\u0000\u0000\u0000\u0000\u0000\u0000\u0000\u0000\u0000\u0000\u0000\u0000\u0000\u0000\u0000\u0000\u0000\u0000\u0000\u0000\u0000\u0000\u0000\u0000\u0000\u0000\u0000\u0000\u0000\u0000\u0000\u0000\u0000\u0000\u0000\u0000\u0000\u0000\u0000\u0000\u0000\u0000\u0000\u0000\u0000\u0000\u0000\u0000\u0000\u0000\u0000\u0000\u0000\u0000\u0000\u0000\u0000\u0000\u0000\u0000\u0000\u0000\u0000\u0000\u0000\u0000\u0000\u0000\u0000\u0000\u0000\u0000\u0000\u0000\u0000\u0000\u0000\u0000\u0000\u0000",
        "RESOLUTION": 0,
        "ATTRIBUTE": "Natural.Mean High Water",
        "CLASS": "SHORELINE",
        "F_CODE": null,
        "EX_METH": "M",
        "EXTRACT_TE": "P",
        "_selecter_format": "shapefile",
        "_selecter_sourcecrs": "EPSG:4269",
        "_selecter_source": "CA37B08 1857 SF",
        "_selecter_imported": "2026-08-03T23:06:12.543Z"
      },
      "geometry": {
        "type": "LineString",
        "coordinates": [
          [
            -122.407052,
            37.737391
          ],
          [
            -122.407062,
            37.737331
          ],
          [
            -122.406992,
            37.737321
          ],
          [
            -122.406892,
            37.737291
          ],
          [
            -122.406802,
            37.737291
          ],
          [
            -122.406722,
            37.737321
          ],
          [
            -122.406742,
            37.737371
          ],
          [
            -122.406872,
            37.737361
          ],
          [
            -122.406922,
            37.737391
          ],
          [
            -122.406982,
            37.737411
          ],
          [
            -122.407052,
            37.737391
          ]
        ]
      }
    },
    {
      "type": "Feature",
      "properties": {
        "FEATURE_ID": 929073,
        "FEATURE": 20,
        "SOURCE_ID": "T00687",
        "DATA_SOURC": "P",
        "SRC_DATE": "18570101",
        "HOR_ACC": "0",
        "INFORM": "\u0000\u0000\u0000\u0000\u0000\u0000\u0000\u0000\u0000\u0000\u0000\u0000\u0000\u0000\u0000\u0000\u0000\u0000\u0000\u0000\u0000\u0000\u0000\u0000\u0000\u0000\u0000\u0000\u0000\u0000\u0000\u0000\u0000\u0000\u0000\u0000\u0000\u0000\u0000\u0000\u0000\u0000\u0000\u0000\u0000\u0000\u0000\u0000\u0000\u0000\u0000\u0000\u0000\u0000\u0000\u0000\u0000\u0000\u0000\u0000\u0000\u0000\u0000\u0000\u0000\u0000\u0000\u0000\u0000\u0000\u0000\u0000\u0000\u0000\u0000\u0000\u0000\u0000\u0000\u0000\u0000\u0000\u0000\u0000\u0000\u0000\u0000\u0000\u0000\u0000\u0000\u0000\u0000\u0000\u0000\u0000\u0000\u0000\u0000\u0000\u0000\u0000\u0000\u0000\u0000\u0000\u0000\u0000\u0000\u0000\u0000\u0000\u0000\u0000\u0000\u0000\u0000\u0000\u0000\u0000\u0000\u0000\u0000\u0000\u0000\u0000\u0000\u0000\u0000\u0000\u0000\u0000\u0000\u0000\u0000\u0000\u0000\u0000\u0000\u0000\u0000\u0000\u0000\u0000\u0000\u0000\u0000\u0000\u0000\u0000\u0000\u0000\u0000\u0000\u0000\u0000\u0000\u0000\u0000\u0000\u0000\u0000\u0000\u0000\u0000\u0000\u0000\u0000\u0000\u0000\u0000\u0000\u0000\u0000\u0000\u0000\u0000\u0000\u0000\u0000\u0000\u0000\u0000\u0000\u0000\u0000\u0000\u0000\u0000\u0000\u0000\u0000\u0000\u0000\u0000\u0000\u0000\u0000\u0000\u0000\u0000\u0000\u0000\u0000\u0000\u0000\u0000\u0000\u0000\u0000\u0000\u0000\u0000\u0000\u0000\u0000\u0000\u0000\u0000\u0000\u0000\u0000\u0000\u0000\u0000\u0000\u0000\u0000\u0000\u0000\u0000\u0000\u0000\u0000\u0000\u0000\u0000\u0000\u0000\u0000\u0000\u0000\u0000\u0000\u0000\u0000\u0000\u0000\u0000\u0000\u0000\u0000\u0000\u0000",
        "RESOLUTION": 0,
        "ATTRIBUTE": "Natural.Mean High Water",
        "CLASS": "SHORELINE",
        "F_CODE": null,
        "EX_METH": "M",
        "EXTRACT_TE": "P",
        "_selecter_format": "shapefile",
        "_selecter_sourcecrs": "EPSG:4269",
        "_selecter_source": "CA37B08 1857 SF",
        "_selecter_imported": "2026-08-03T23:06:12.543Z"
      },
      "geometry": {
        "type": "LineString",
        "coordinates": [
          [
            -122.399622,
            37.741221
          ],
          [
            -122.399582,
            37.741261
          ],
          [
            -122.399512,
            37.741261
          ],
          [
            -122.399442,
            37.741221
          ],
          [
            -122.399312,
            37.741221
          ],
          [
            -122.399202,
            37.741241
          ],
          [
            -122.399122,
            37.741301
          ],
          [
            -122.398992,
            37.741321
          ],
          [
            -122.398872,
            37.741401
          ],
          [
            -122.398692,
            37.741411
          ],
          [
            -122.398632,
            37.741481
          ],
          [
            -122.398622,
            37.741591
          ],
          [
            -122.398562,
            37.741651
          ],
          [
            -122.398452,
            37.741721
          ],
          [
            -122.398422,
            37.741801
          ],
          [
            -122.398442,
            37.741911
          ],
          [
            -122.398432,
            37.74201
          ],
          [
            -122.398382,
            37.74207
          ],
          [
            -122.398412,
            37.74211
          ],
          [
            -122.398472,
            37.74206
          ],
          [
            -122.398542,
            37.74197
          ],
          [
            -122.398642,
            37.74201
          ],
          [
            -122.398702,
            37.741981
          ],
          [
            -122.398802,
            37.741991
          ],
          [
            -122.398882,
            37.74203
          ],
          [
            -122.398922,
            37.741991
          ],
          [
            -122.398952,
            37.741911
          ],
          [
            -122.399002,
            37.741901
          ],
          [
            -122.399012,
            37.741941
          ],
          [
            -122.399002,
            37.742021
          ],
          [
            -122.398962,
            37.7421
          ],
          [
            -122.398882,
            37.74212
          ],
          [
            -122.398822,
            37.74209
          ],
          [
            -122.398752,
            37.74207
          ],
          [
            -122.398632,
            37.74211
          ],
          [
            -122.398532,
            37.74215
          ],
          [
            -122.398412,
            37.74221
          ],
          [
            -122.398342,
            37.7423
          ],
          [
            -122.398332,
            37.74242
          ],
          [
            -122.398382,
            37.74257
          ],
          [
            -122.398512,
            37.74276
          ],
          [
            -122.398572,
            37.74281
          ],
          [
            -122.398632,
            37.74298
          ],
          [
            -122.398702,
            37.74308
          ],
          [
            -122.398832,
            37.74312
          ],
          [
            -122.398992,
            37.7432
          ],
          [
            -122.399122,
            37.74327
          ],
          [
            -122.399282,
            37.74328
          ],
          [
            -122.399472,
            37.7433
          ],
          [
            -122.399672,
            37.74332
          ],
          [
            -122.399832,
            37.74332
          ],
          [
            -122.399992,
            37.7433
          ],
          [
            -122.400142,
            37.74328
          ],
          [
            -122.400292,
            37.74325
          ],
          [
            -122.400392,
            37.74323
          ],
          [
            -122.400542,
            37.74323
          ],
          [
            -122.400702,
            37.74327
          ],
          [
            -122.400872,
            37.74327
          ],
          [
            -122.400962,
            37.74326
          ],
          [
            -122.401092,
            37.74331
          ],
          [
            -122.401332,
            37.74334
          ],
          [
            -122.401462,
            37.74338
          ],
          [
            -122.401552,
            37.74341
          ],
          [
            -122.401652,
            37.74343
          ],
          [
            -122.401842,
            37.7435
          ],
          [
            -122.401982,
            37.74355
          ],
          [
            -122.402032,
            37.74349
          ],
          [
            -122.402002,
            37.74343
          ],
          [
            -122.401942,
            37.74335
          ],
          [
            -122.401842,
            37.74328
          ],
          [
            -122.401752,
            37.74323
          ],
          [
            -122.401692,
            37.74315
          ],
          [
            -122.401632,
            37.74304
          ],
          [
            -122.401572,
            37.74299
          ],
          [
            -122.401492,
            37.74295
          ],
          [
            -122.401412,
            37.74287
          ],
          [
            -122.401382,
            37.74274
          ],
          [
            -122.401362,
            37.74254
          ],
          [
            -122.401362,
            37.742451
          ],
          [
            -122.401262,
            37.742381
          ],
          [
            -122.401162,
            37.742321
          ],
          [
            -122.401052,
            37.742261
          ],
          [
            -122.401002,
            37.742181
          ],
          [
            -122.401012,
            37.742121
          ],
          [
            -122.401072,
            37.742051
          ],
          [
            -122.401142,
            37.741991
          ],
          [
            -122.401172,
            37.741931
          ],
          [
            -122.401322,
            37.741891
          ],
          [
            -122.401462,
            37.741871
          ],
          [
            -122.401652,
            37.741841
          ],
          [
            -122.401742,
            37.741691
          ],
          [
            -122.401832,
            37.741651
          ],
          [
            -122.401882,
            37.741571
          ],
          [
            -122.401952,
            37.741521
          ],
          [
            -122.402082,
            37.741441
          ],
          [
            -122.402192,
            37.741341
          ],
          [
            -122.402192,
            37.741281
          ],
          [
            -122.402282,
            37.741201
          ],
          [
            -122.402332,
            37.741181
          ],
          [
            -122.402442,
            37.741121
          ],
          [
            -122.402552,
            37.741071
          ],
          [
            -122.402592,
            37.741011
          ],
          [
            -122.402602,
            37.740941
          ],
          [
            -122.402642,
            37.740841
          ],
          [
            -122.402662,
            37.740731
          ],
          [
            -122.402722,
            37.740661
          ],
          [
            -122.402782,
            37.740641
          ],
          [
            -122.402872,
            37.740611
          ],
          [
            -122.402952,
            37.740551
          ],
          [
            -122.403032,
            37.740471
          ],
          [
            -122.403102,
            37.740421
          ],
          [
            -122.403152,
            37.740411
          ],
          [
            -122.403252,
            37.740381
          ],
          [
            -122.403392,
            37.740341
          ],
          [
            -122.403502,
            37.740271
          ],
          [
            -122.403692,
            37.740331
          ],
          [
            -122.403812,
            37.740301
          ],
          [
            -122.403902,
            37.740331
          ],
          [
            -122.403942,
            37.740371
          ],
          [
            -122.403932,
            37.740411
          ],
          [
            -122.403902,
            37.740491
          ],
          [
            -122.403892,
            37.740551
          ],
          [
            -122.403842,
            37.740621
          ],
          [
            -122.403802,
            37.740701
          ],
          [
            -122.403772,
            37.740771
          ],
          [
            -122.403862,
            37.740781
          ],
          [
            -122.403972,
            37.740751
          ],
          [
            -122.404082,
            37.740711
          ],
          [
            -122.404202,
            37.740681
          ],
          [
            -122.404262,
            37.740671
          ],
          [
            -122.404422,
            37.740721
          ],
          [
            -122.404522,
            37.740721
          ],
          [
            -122.404652,
            37.740661
          ],
          [
            -122.404692,
            37.740571
          ],
          [
            -122.404722,
            37.740491
          ],
          [
            -122.404802,
            37.740451
          ],
          [
            -122.404872,
            37.740441
          ],
          [
            -122.404942,
            37.740461
          ],
          [
            -122.405042,
            37.740441
          ],
          [
            -122.405162,
            37.740361
          ],
          [
            -122.405172,
            37.740291
          ],
          [
            -122.405232,
            37.740231
          ],
          [
            -122.405322,
            37.740231
          ],
          [
            -122.405392,
            37.740251
          ],
          [
            -122.405262,
            37.740311
          ],
          [
            -122.405232,
            37.740391
          ],
          [
            -122.405202,
            37.740461
          ],
          [
            -122.405112,
            37.740511
          ],
          [
            -122.405022,
            37.740521
          ],
          [
            -122.404932,
            37.740531
          ],
          [
            -122.404832,
            37.740551
          ],
          [
            -122.404772,
            37.740631
          ],
          [
            -122.404722,
            37.740691
          ],
          [
            -122.404742,
            37.740801
          ],
          [
            -122.404832,
            37.740841
          ],
          [
            -122.404932,
            37.740811
          ],
          [
            -122.405022,
            37.740801
          ],
          [
            -122.405112,
            37.740811
          ],
          [
            -122.405222,
            37.740861
          ],
          [
            -122.405282,
            37.740931
          ],
          [
            -122.405282,
            37.741011
          ],
          [
            -122.405242,
            37.741101
          ],
          [
            -122.405222,
            37.741161
          ],
          [
            -122.405182,
            37.741231
          ],
          [
            -122.405122,
            37.741291
          ],
          [
            -122.405062,
            37.741321
          ],
          [
            -122.404952,
            37.741331
          ],
          [
            -122.404862,
            37.741421
          ],
          [
            -122.404732,
            37.741461
          ],
          [
            -122.404612,
            37.741461
          ],
          [
            -122.404562,
            37.741371
          ],
          [
            -122.404542,
            37.741291
          ],
          [
            -122.404552,
            37.741231
          ],
          [
            -122.404562,
            37.741141
          ],
          [
            -122.404542,
            37.741071
          ],
          [
            -122.404522,
            37.740991
          ],
          [
            -122.404522,
            37.740891
          ],
          [
            -122.404462,
            37.740831
          ],
          [
            -122.404382,
            37.740811
          ],
          [
            -122.404302,
            37.740781
          ],
          [
            -122.404202,
            37.740771
          ],
          [
            -122.404122,
            37.740811
          ],
          [
            -122.404072,
            37.740851
          ],
          [
            -122.404002,
            37.740881
          ],
          [
            -122.403912,
            37.740911
          ],
          [
            -122.403822,
            37.740911
          ],
          [
            -122.403672,
            37.740901
          ],
          [
            -122.403652,
            37.740791
          ],
          [
            -122.403672,
            37.740731
          ],
          [
            -122.403722,
            37.740641
          ],
          [
            -122.403762,
            37.740571
          ],
          [
            -122.403762,
            37.740501
          ],
          [
            -122.403702,
            37.740451
          ],
          [
            -122.403632,
            37.740441
          ],
          [
            -122.403562,
            37.740421
          ],
          [
            -122.403432,
            37.740451
          ],
          [
            -122.403262,
            37.740501
          ],
          [
            -122.403122,
            37.740561
          ],
          [
            -122.403052,
            37.740631
          ],
          [
            -122.402962,
            37.740681
          ],
          [
            -122.402882,
            37.740771
          ],
          [
            -122.402782,
            37.740881
          ],
          [
            -122.402752,
            37.740991
          ],
          [
            -122.402732,
            37.741081
          ],
          [
            -122.402682,
            37.741151
          ],
          [
            -122.402622,
            37.741201
          ],
          [
            -122.402512,
            37.741211
          ],
          [
            -122.402432,
            37.741271
          ],
          [
            -122.402342,
            37.741351
          ],
          [
            -122.402242,
            37.741441
          ],
          [
            -122.402172,
            37.741521
          ],
          [
            -122.402042,
            37.741571
          ],
          [
            -122.401952,
            37.741671
          ],
          [
            -122.401892,
            37.741751
          ],
          [
            -122.401802,
            37.741881
          ],
          [
            -122.401752,
            37.741931
          ],
          [
            -122.401612,
            37.741961
          ],
          [
            -122.401502,
            37.742001
          ],
          [
            -122.401402,
            37.742021
          ],
          [
            -122.401302,
            37.742041
          ],
          [
            -122.401292,
            37.742121
          ],
          [
            -122.401302,
            37.742211
          ],
          [
            -122.401362,
            37.742291
          ],
          [
            -122.401432,
            37.742351
          ],
          [
            -122.401562,
            37.742381
          ],
          [
            -122.401652,
            37.742391
          ],
          [
            -122.401782,
            37.742391
          ],
          [
            -122.401932,
            37.742351
          ],
          [
            -122.402102,
            37.742301
          ],
          [
            -122.402302,
            37.742181
          ],
          [
            -122.402512,
            37.741961
          ],
          [
            -122.402752,
            37.741781
          ],
          [
            -122.402902,
            37.741681
          ],
          [
            -122.403062,
            37.741571
          ],
          [
            -122.403172,
            37.741511
          ],
          [
            -122.403342,
            37.741461
          ],
          [
            -122.403462,
            37.741451
          ],
          [
            -122.403552,
            37.741431
          ]
        ]
      }
    },
    {
      "type": "Feature",
      "properties": {
        "FEATURE_ID": 929075,
        "FEATURE": 20,
        "SOURCE_ID": "T00687",
        "DATA_SOURC": "P",
        "SRC_DATE": "18570101",
        "HOR_ACC": "0",
        "INFORM": "\u0000\u0000\u0000\u0000\u0000\u0000\u0000\u0000\u0000\u0000\u0000\u0000\u0000\u0000\u0000\u0000\u0000\u0000\u0000\u0000\u0000\u0000\u0000\u0000\u0000\u0000\u0000\u0000\u0000\u0000\u0000\u0000\u0000\u0000\u0000\u0000\u0000\u0000\u0000\u0000\u0000\u0000\u0000\u0000\u0000\u0000\u0000\u0000\u0000\u0000\u0000\u0000\u0000\u0000\u0000\u0000\u0000\u0000\u0000\u0000\u0000\u0000\u0000\u0000\u0000\u0000\u0000\u0000\u0000\u0000\u0000\u0000\u0000\u0000\u0000\u0000\u0000\u0000\u0000\u0000\u0000\u0000\u0000\u0000\u0000\u0000\u0000\u0000\u0000\u0000\u0000\u0000\u0000\u0000\u0000\u0000\u0000\u0000\u0000\u0000\u0000\u0000\u0000\u0000\u0000\u0000\u0000\u0000\u0000\u0000\u0000\u0000\u0000\u0000\u0000\u0000\u0000\u0000\u0000\u0000\u0000\u0000\u0000\u0000\u0000\u0000\u0000\u0000\u0000\u0000\u0000\u0000\u0000\u0000\u0000\u0000\u0000\u0000\u0000\u0000\u0000\u0000\u0000\u0000\u0000\u0000\u0000\u0000\u0000\u0000\u0000\u0000\u0000\u0000\u0000\u0000\u0000\u0000\u0000\u0000\u0000\u0000\u0000\u0000\u0000\u0000\u0000\u0000\u0000\u0000\u0000\u0000\u0000\u0000\u0000\u0000\u0000\u0000\u0000\u0000\u0000\u0000\u0000\u0000\u0000\u0000\u0000\u0000\u0000\u0000\u0000\u0000\u0000\u0000\u0000\u0000\u0000\u0000\u0000\u0000\u0000\u0000\u0000\u0000\u0000\u0000\u0000\u0000\u0000\u0000\u0000\u0000\u0000\u0000\u0000\u0000\u0000\u0000\u0000\u0000\u0000\u0000\u0000\u0000\u0000\u0000\u0000\u0000\u0000\u0000\u0000\u0000\u0000\u0000\u0000\u0000\u0000\u0000\u0000\u0000\u0000\u0000\u0000\u0000\u0000\u0000\u0000\u0000\u0000\u0000\u0000\u0000\u0000\u0000",
        "RESOLUTION": 0,
        "ATTRIBUTE": "Natural.Mean High Water",
        "CLASS": "SHORELINE",
        "F_CODE": null,
        "EX_METH": "M",
        "EXTRACT_TE": "P",
        "_selecter_format": "shapefile",
        "_selecter_sourcecrs": "EPSG:4269",
        "_selecter_source": "CA37B08 1857 SF",
        "_selecter_imported": "2026-08-03T23:06:12.543Z"
      },
      "geometry": {
        "type": "LineString",
        "coordinates": [
          [
            -122.404682,
            37.741011
          ],
          [
            -122.404682,
            37.741091
          ],
          [
            -122.404662,
            37.741161
          ],
          [
            -122.404642,
            37.741221
          ],
          [
            -122.404622,
            37.741291
          ],
          [
            -122.404752,
            37.741331
          ],
          [
            -122.404822,
            37.741301
          ],
          [
            -122.404912,
            37.741251
          ],
          [
            -122.404962,
            37.741221
          ],
          [
            -122.405062,
            37.741201
          ],
          [
            -122.405102,
            37.741161
          ],
          [
            -122.405112,
            37.741091
          ],
          [
            -122.405132,
            37.741021
          ],
          [
            -122.405132,
            37.740961
          ],
          [
            -122.405052,
            37.740881
          ],
          [
            -122.404962,
            37.740881
          ],
          [
            -122.404902,
            37.740911
          ],
          [
            -122.404812,
            37.740891
          ],
          [
            -122.404742,
            37.740871
          ],
          [
            -122.404682,
            37.740881
          ],
          [
            -122.404652,
            37.740931
          ],
          [
            -122.404682,
            37.741011
          ]
        ]
      }
    },
    {
      "type": "Feature",
      "properties": {
        "FEATURE_ID": 929079,
        "FEATURE": 20,
        "SOURCE_ID": "T00687",
        "DATA_SOURC": "P",
        "SRC_DATE": "18570101",
        "HOR_ACC": "0",
        "INFORM": "\u0000\u0000\u0000\u0000\u0000\u0000\u0000\u0000\u0000\u0000\u0000\u0000\u0000\u0000\u0000\u0000\u0000\u0000\u0000\u0000\u0000\u0000\u0000\u0000\u0000\u0000\u0000\u0000\u0000\u0000\u0000\u0000\u0000\u0000\u0000\u0000\u0000\u0000\u0000\u0000\u0000\u0000\u0000\u0000\u0000\u0000\u0000\u0000\u0000\u0000\u0000\u0000\u0000\u0000\u0000\u0000\u0000\u0000\u0000\u0000\u0000\u0000\u0000\u0000\u0000\u0000\u0000\u0000\u0000\u0000\u0000\u0000\u0000\u0000\u0000\u0000\u0000\u0000\u0000\u0000\u0000\u0000\u0000\u0000\u0000\u0000\u0000\u0000\u0000\u0000\u0000\u0000\u0000\u0000\u0000\u0000\u0000\u0000\u0000\u0000\u0000\u0000\u0000\u0000\u0000\u0000\u0000\u0000\u0000\u0000\u0000\u0000\u0000\u0000\u0000\u0000\u0000\u0000\u0000\u0000\u0000\u0000\u0000\u0000\u0000\u0000\u0000\u0000\u0000\u0000\u0000\u0000\u0000\u0000\u0000\u0000\u0000\u0000\u0000\u0000\u0000\u0000\u0000\u0000\u0000\u0000\u0000\u0000\u0000\u0000\u0000\u0000\u0000\u0000\u0000\u0000\u0000\u0000\u0000\u0000\u0000\u0000\u0000\u0000\u0000\u0000\u0000\u0000\u0000\u0000\u0000\u0000\u0000\u0000\u0000\u0000\u0000\u0000\u0000\u0000\u0000\u0000\u0000\u0000\u0000\u0000\u0000\u0000\u0000\u0000\u0000\u0000\u0000\u0000\u0000\u0000\u0000\u0000\u0000\u0000\u0000\u0000\u0000\u0000\u0000\u0000\u0000\u0000\u0000\u0000\u0000\u0000\u0000\u0000\u0000\u0000\u0000\u0000\u0000\u0000\u0000\u0000\u0000\u0000\u0000\u0000\u0000\u0000\u0000\u0000\u0000\u0000\u0000\u0000\u0000\u0000\u0000\u0000\u0000\u0000\u0000\u0000\u0000\u0000\u0000\u0000\u0000\u0000\u0000\u0000\u0000\u0000\u0000\u0000",
        "RESOLUTION": 0,
        "ATTRIBUTE": "Natural.Mean High Water",
        "CLASS": "SHORELINE",
        "F_CODE": null,
        "EX_METH": "M",
        "EXTRACT_TE": "P",
        "_selecter_format": "shapefile",
        "_selecter_sourcecrs": "EPSG:4269",
        "_selecter_source": "CA37B08 1857 SF",
        "_selecter_imported": "2026-08-03T23:06:12.543Z"
      },
      "geometry": {
        "type": "LineString",
        "coordinates": [
          [
            -122.390732,
            37.7651
          ],
          [
            -122.390672,
            37.76513
          ],
          [
            -122.390382,
            37.76533
          ],
          [
            -122.390282,
            37.76546
          ],
          [
            -122.390282,
            37.76552
          ],
          [
            -122.390302,
            37.7656
          ],
          [
            -122.390282,
            37.76568
          ],
          [
            -122.390212,
            37.76577
          ],
          [
            -122.390182,
            37.76585
          ]
        ]
      }
    },
    {
      "type": "Feature",
      "properties": {
        "FEATURE_ID": 930018,
        "FEATURE": 20,
        "SOURCE_ID": "T00687",
        "DATA_SOURC": "P",
        "SRC_DATE": "18570101",
        "HOR_ACC": "0",
        "INFORM": "\u0000\u0000\u0000\u0000\u0000\u0000\u0000\u0000\u0000\u0000\u0000\u0000\u0000\u0000\u0000\u0000\u0000\u0000\u0000\u0000\u0000\u0000\u0000\u0000\u0000\u0000\u0000\u0000\u0000\u0000\u0000\u0000\u0000\u0000\u0000\u0000\u0000\u0000\u0000\u0000\u0000\u0000\u0000\u0000\u0000\u0000\u0000\u0000\u0000\u0000\u0000\u0000\u0000\u0000\u0000\u0000\u0000\u0000\u0000\u0000\u0000\u0000\u0000\u0000\u0000\u0000\u0000\u0000\u0000\u0000\u0000\u0000\u0000\u0000\u0000\u0000\u0000\u0000\u0000\u0000\u0000\u0000\u0000\u0000\u0000\u0000\u0000\u0000\u0000\u0000\u0000\u0000\u0000\u0000\u0000\u0000\u0000\u0000\u0000\u0000\u0000\u0000\u0000\u0000\u0000\u0000\u0000\u0000\u0000\u0000\u0000\u0000\u0000\u0000\u0000\u0000\u0000\u0000\u0000\u0000\u0000\u0000\u0000\u0000\u0000\u0000\u0000\u0000\u0000\u0000\u0000\u0000\u0000\u0000\u0000\u0000\u0000\u0000\u0000\u0000\u0000\u0000\u0000\u0000\u0000\u0000\u0000\u0000\u0000\u0000\u0000\u0000\u0000\u0000\u0000\u0000\u0000\u0000\u0000\u0000\u0000\u0000\u0000\u0000\u0000\u0000\u0000\u0000\u0000\u0000\u0000\u0000\u0000\u0000\u0000\u0000\u0000\u0000\u0000\u0000\u0000\u0000\u0000\u0000\u0000\u0000\u0000\u0000\u0000\u0000\u0000\u0000\u0000\u0000\u0000\u0000\u0000\u0000\u0000\u0000\u0000\u0000\u0000\u0000\u0000\u0000\u0000\u0000\u0000\u0000\u0000\u0000\u0000\u0000\u0000\u0000\u0000\u0000\u0000\u0000\u0000\u0000\u0000\u0000\u0000\u0000\u0000\u0000\u0000\u0000\u0000\u0000\u0000\u0000\u0000\u0000\u0000\u0000\u0000\u0000\u0000\u0000\u0000\u0000\u0000\u0000\u0000\u0000\u0000\u0000\u0000\u0000\u0000\u0000",
        "RESOLUTION": 0,
        "ATTRIBUTE": "Natural.Mean High Water",
        "CLASS": "SHORELINE",
        "F_CODE": null,
        "EX_METH": "M",
        "EXTRACT_TE": "P",
        "_selecter_format": "shapefile",
        "_selecter_sourcecrs": "EPSG:4269",
        "_selecter_source": "CA37B08 1857 SF",
        "_selecter_imported": "2026-08-03T23:06:12.543Z"
      },
      "geometry": {
        "type": "LineString",
        "coordinates": [
          [
            -122.393782,
            37.74835
          ],
          [
            -122.393632,
            37.74832
          ],
          [
            -122.393452,
            37.74827
          ],
          [
            -122.393302,
            37.74826
          ],
          [
            -122.393172,
            37.74823
          ],
          [
            -122.393062,
            37.74823
          ],
          [
            -122.392942,
            37.74823
          ],
          [
            -122.392782,
            37.74827
          ],
          [
            -122.392682,
            37.74829
          ],
          [
            -122.392632,
            37.74836
          ],
          [
            -122.392662,
            37.74846
          ],
          [
            -122.392662,
            37.74854
          ],
          [
            -122.392682,
            37.74863
          ],
          [
            -122.392712,
            37.74871
          ],
          [
            -122.392702,
            37.74877
          ],
          [
            -122.392642,
            37.74885
          ],
          [
            -122.392662,
            37.74896
          ],
          [
            -122.392692,
            37.74901
          ]
        ]
      }
    },
    {
      "type": "Feature",
      "properties": {
        "FEATURE_ID": 930019,
        "FEATURE": 20,
        "SOURCE_ID": "T00687",
        "DATA_SOURC": "P",
        "SRC_DATE": "18570101",
        "HOR_ACC": "0",
        "INFORM": "\u0000\u0000\u0000\u0000\u0000\u0000\u0000\u0000\u0000\u0000\u0000\u0000\u0000\u0000\u0000\u0000\u0000\u0000\u0000\u0000\u0000\u0000\u0000\u0000\u0000\u0000\u0000\u0000\u0000\u0000\u0000\u0000\u0000\u0000\u0000\u0000\u0000\u0000\u0000\u0000\u0000\u0000\u0000\u0000\u0000\u0000\u0000\u0000\u0000\u0000\u0000\u0000\u0000\u0000\u0000\u0000\u0000\u0000\u0000\u0000\u0000\u0000\u0000\u0000\u0000\u0000\u0000\u0000\u0000\u0000\u0000\u0000\u0000\u0000\u0000\u0000\u0000\u0000\u0000\u0000\u0000\u0000\u0000\u0000\u0000\u0000\u0000\u0000\u0000\u0000\u0000\u0000\u0000\u0000\u0000\u0000\u0000\u0000\u0000\u0000\u0000\u0000\u0000\u0000\u0000\u0000\u0000\u0000\u0000\u0000\u0000\u0000\u0000\u0000\u0000\u0000\u0000\u0000\u0000\u0000\u0000\u0000\u0000\u0000\u0000\u0000\u0000\u0000\u0000\u0000\u0000\u0000\u0000\u0000\u0000\u0000\u0000\u0000\u0000\u0000\u0000\u0000\u0000\u0000\u0000\u0000\u0000\u0000\u0000\u0000\u0000\u0000\u0000\u0000\u0000\u0000\u0000\u0000\u0000\u0000\u0000\u0000\u0000\u0000\u0000\u0000\u0000\u0000\u0000\u0000\u0000\u0000\u0000\u0000\u0000\u0000\u0000\u0000\u0000\u0000\u0000\u0000\u0000\u0000\u0000\u0000\u0000\u0000\u0000\u0000\u0000\u0000\u0000\u0000\u0000\u0000\u0000\u0000\u0000\u0000\u0000\u0000\u0000\u0000\u0000\u0000\u0000\u0000\u0000\u0000\u0000\u0000\u0000\u0000\u0000\u0000\u0000\u0000\u0000\u0000\u0000\u0000\u0000\u0000\u0000\u0000\u0000\u0000\u0000\u0000\u0000\u0000\u0000\u0000\u0000\u0000\u0000\u0000\u0000\u0000\u0000\u0000\u0000\u0000\u0000\u0000\u0000\u0000\u0000\u0000\u0000\u0000\u0000\u0000",
        "RESOLUTION": 0,
        "ATTRIBUTE": "Natural.Mean High Water",
        "CLASS": "SHORELINE",
        "F_CODE": null,
        "EX_METH": "M",
        "EXTRACT_TE": "P",
        "_selecter_format": "shapefile",
        "_selecter_sourcecrs": "EPSG:4269",
        "_selecter_source": "CA37B08 1857 SF",
        "_selecter_imported": "2026-08-03T23:06:12.543Z"
      },
      "geometry": {
        "type": "LineString",
        "coordinates": [
          [
            -122.392692,
            37.74901
          ],
          [
            -122.392582,
            37.74906
          ],
          [
            -122.392552,
            37.74916
          ],
          [
            -122.392602,
            37.74926
          ],
          [
            -122.392572,
            37.74938
          ],
          [
            -122.392502,
            37.74954
          ],
          [
            -122.392452,
            37.74965
          ],
          [
            -122.392302,
            37.74972
          ],
          [
            -122.392192,
            37.74987
          ],
          [
            -122.392052,
            37.74992
          ]
        ]
      }
    },
    {
      "type": "Feature",
      "properties": {
        "FEATURE_ID": 929080,
        "FEATURE": 20,
        "SOURCE_ID": "T00687",
        "DATA_SOURC": "P",
        "SRC_DATE": "18570101",
        "HOR_ACC": "0",
        "INFORM": "\u0000\u0000\u0000\u0000\u0000\u0000\u0000\u0000\u0000\u0000\u0000\u0000\u0000\u0000\u0000\u0000\u0000\u0000\u0000\u0000\u0000\u0000\u0000\u0000\u0000\u0000\u0000\u0000\u0000\u0000\u0000\u0000\u0000\u0000\u0000\u0000\u0000\u0000\u0000\u0000\u0000\u0000\u0000\u0000\u0000\u0000\u0000\u0000\u0000\u0000\u0000\u0000\u0000\u0000\u0000\u0000\u0000\u0000\u0000\u0000\u0000\u0000\u0000\u0000\u0000\u0000\u0000\u0000\u0000\u0000\u0000\u0000\u0000\u0000\u0000\u0000\u0000\u0000\u0000\u0000\u0000\u0000\u0000\u0000\u0000\u0000\u0000\u0000\u0000\u0000\u0000\u0000\u0000\u0000\u0000\u0000\u0000\u0000\u0000\u0000\u0000\u0000\u0000\u0000\u0000\u0000\u0000\u0000\u0000\u0000\u0000\u0000\u0000\u0000\u0000\u0000\u0000\u0000\u0000\u0000\u0000\u0000\u0000\u0000\u0000\u0000\u0000\u0000\u0000\u0000\u0000\u0000\u0000\u0000\u0000\u0000\u0000\u0000\u0000\u0000\u0000\u0000\u0000\u0000\u0000\u0000\u0000\u0000\u0000\u0000\u0000\u0000\u0000\u0000\u0000\u0000\u0000\u0000\u0000\u0000\u0000\u0000\u0000\u0000\u0000\u0000\u0000\u0000\u0000\u0000\u0000\u0000\u0000\u0000\u0000\u0000\u0000\u0000\u0000\u0000\u0000\u0000\u0000\u0000\u0000\u0000\u0000\u0000\u0000\u0000\u0000\u0000\u0000\u0000\u0000\u0000\u0000\u0000\u0000\u0000\u0000\u0000\u0000\u0000\u0000\u0000\u0000\u0000\u0000\u0000\u0000\u0000\u0000\u0000\u0000\u0000\u0000\u0000\u0000\u0000\u0000\u0000\u0000\u0000\u0000\u0000\u0000\u0000\u0000\u0000\u0000\u0000\u0000\u0000\u0000\u0000\u0000\u0000\u0000\u0000\u0000\u0000\u0000\u0000\u0000\u0000\u0000\u0000\u0000\u0000\u0000\u0000\u0000\u0000",
        "RESOLUTION": 0,
        "ATTRIBUTE": "Natural.Mean High Water",
        "CLASS": "SHORELINE",
        "F_CODE": null,
        "EX_METH": "M",
        "EXTRACT_TE": "P",
        "_selecter_format": "shapefile",
        "_selecter_sourcecrs": "EPSG:4269",
        "_selecter_source": "CA37B08 1857 SF",
        "_selecter_imported": "2026-08-03T23:06:12.543Z"
      },
      "geometry": {
        "type": "LineString",
        "coordinates": [
          [
            -122.388142,
            37.75581
          ],
          [
            -122.388262,
            37.75569
          ],
          [
            -122.388442,
            37.75554
          ],
          [
            -122.388582,
            37.75548
          ],
          [
            -122.388672,
            37.75548
          ],
          [
            -122.388702,
            37.75552
          ],
          [
            -122.388732,
            37.75558
          ],
          [
            -122.388762,
            37.75556
          ],
          [
            -122.388822,
            37.75544
          ],
          [
            -122.389022,
            37.75514
          ]
        ]
      }
    },
    {
      "type": "Feature",
      "properties": {
        "FEATURE_ID": 927756,
        "FEATURE": 20,
        "SOURCE_ID": "T00687",
        "DATA_SOURC": "P",
        "SRC_DATE": "18570101",
        "HOR_ACC": "0",
        "INFORM": "\u0000\u0000\u0000\u0000\u0000\u0000\u0000\u0000\u0000\u0000\u0000\u0000\u0000\u0000\u0000\u0000\u0000\u0000\u0000\u0000\u0000\u0000\u0000\u0000\u0000\u0000\u0000\u0000\u0000\u0000\u0000\u0000\u0000\u0000\u0000\u0000\u0000\u0000\u0000\u0000\u0000\u0000\u0000\u0000\u0000\u0000\u0000\u0000\u0000\u0000\u0000\u0000\u0000\u0000\u0000\u0000\u0000\u0000\u0000\u0000\u0000\u0000\u0000\u0000\u0000\u0000\u0000\u0000\u0000\u0000\u0000\u0000\u0000\u0000\u0000\u0000\u0000\u0000\u0000\u0000\u0000\u0000\u0000\u0000\u0000\u0000\u0000\u0000\u0000\u0000\u0000\u0000\u0000\u0000\u0000\u0000\u0000\u0000\u0000\u0000\u0000\u0000\u0000\u0000\u0000\u0000\u0000\u0000\u0000\u0000\u0000\u0000\u0000\u0000\u0000\u0000\u0000\u0000\u0000\u0000\u0000\u0000\u0000\u0000\u0000\u0000\u0000\u0000\u0000\u0000\u0000\u0000\u0000\u0000\u0000\u0000\u0000\u0000\u0000\u0000\u0000\u0000\u0000\u0000\u0000\u0000\u0000\u0000\u0000\u0000\u0000\u0000\u0000\u0000\u0000\u0000\u0000\u0000\u0000\u0000\u0000\u0000\u0000\u0000\u0000\u0000\u0000\u0000\u0000\u0000\u0000\u0000\u0000\u0000\u0000\u0000\u0000\u0000\u0000\u0000\u0000\u0000\u0000\u0000\u0000\u0000\u0000\u0000\u0000\u0000\u0000\u0000\u0000\u0000\u0000\u0000\u0000\u0000\u0000\u0000\u0000\u0000\u0000\u0000\u0000\u0000\u0000\u0000\u0000\u0000\u0000\u0000\u0000\u0000\u0000\u0000\u0000\u0000\u0000\u0000\u0000\u0000\u0000\u0000\u0000\u0000\u0000\u0000\u0000\u0000\u0000\u0000\u0000\u0000\u0000\u0000\u0000\u0000\u0000\u0000\u0000\u0000\u0000\u0000\u0000\u0000\u0000\u0000\u0000\u0000\u0000\u0000\u0000\u0000",
        "RESOLUTION": 0,
        "ATTRIBUTE": "Natural.Mean High Water",
        "CLASS": "SHORELINE",
        "F_CODE": null,
        "EX_METH": "M",
        "EXTRACT_TE": "P",
        "_selecter_format": "shapefile",
        "_selecter_sourcecrs": "EPSG:4269",
        "_selecter_source": "CA37B08 1857 SF",
        "_selecter_imported": "2026-08-03T23:06:12.543Z"
      },
      "geometry": {
        "type": "LineString",
        "coordinates": [
          [
            -122.459993,
            37.804799
          ],
          [
            -122.459893,
            37.804799
          ],
          [
            -122.459813,
            37.804809
          ],
          [
            -122.459773,
            37.804809
          ],
          [
            -122.459723,
            37.804819
          ],
          [
            -122.459653,
            37.804839
          ],
          [
            -122.459553,
            37.804849
          ],
          [
            -122.459503,
            37.804849
          ],
          [
            -122.459453,
            37.804859
          ],
          [
            -122.459413,
            37.804859
          ],
          [
            -122.459343,
            37.804869
          ],
          [
            -122.459283,
            37.804879
          ],
          [
            -122.459243,
            37.804889
          ],
          [
            -122.459193,
            37.804899
          ],
          [
            -122.459063,
            37.804909
          ],
          [
            -122.458943,
            37.804919
          ],
          [
            -122.458853,
            37.804939
          ],
          [
            -122.458743,
            37.804949
          ],
          [
            -122.458713,
            37.804959
          ],
          [
            -122.458643,
            37.804989
          ],
          [
            -122.458543,
            37.804999
          ],
          [
            -122.458403,
            37.805029
          ],
          [
            -122.458293,
            37.805059
          ],
          [
            -122.458193,
            37.805089
          ],
          [
            -122.458093,
            37.805119
          ],
          [
            -122.458013,
            37.805129
          ],
          [
            -122.457943,
            37.805149
          ],
          [
            -122.457853,
            37.805149
          ],
          [
            -122.457763,
            37.805169
          ],
          [
            -122.457713,
            37.805179
          ],
          [
            -122.457653,
            37.805199
          ],
          [
            -122.457583,
            37.805209
          ],
          [
            -122.457513,
            37.805229
          ],
          [
            -122.457453,
            37.805239
          ],
          [
            -122.457393,
            37.805259
          ],
          [
            -122.457323,
            37.805269
          ],
          [
            -122.457263,
            37.805289
          ],
          [
            -122.457193,
            37.805329
          ],
          [
            -122.457043,
            37.805369
          ],
          [
            -122.456733,
            37.805469
          ],
          [
            -122.456493,
            37.805559
          ],
          [
            -122.456173,
            37.805669
          ],
          [
            -122.456043,
            37.805709
          ],
          [
            -122.455933,
            37.805729
          ],
          [
            -122.455863,
            37.805749
          ],
          [
            -122.455793,
            37.805759
          ],
          [
            -122.455753,
            37.805779
          ],
          [
            -122.455703,
            37.805779
          ],
          [
            -122.455653,
            37.805799
          ],
          [
            -122.455613,
            37.805809
          ],
          [
            -122.455563,
            37.805819
          ],
          [
            -122.455533,
            37.805819
          ],
          [
            -122.455513,
            37.805819
          ],
          [
            -122.455473,
            37.805819
          ],
          [
            -122.455453,
            37.805829
          ],
          [
            -122.455433,
            37.805829
          ],
          [
            -122.455413,
            37.805829
          ],
          [
            -122.455383,
            37.805839
          ],
          [
            -122.455353,
            37.805849
          ],
          [
            -122.455333,
            37.805849
          ],
          [
            -122.455313,
            37.805849
          ],
          [
            -122.455293,
            37.805859
          ],
          [
            -122.455263,
            37.805859
          ],
          [
            -122.455243,
            37.805869
          ],
          [
            -122.455213,
            37.805869
          ],
          [
            -122.455193,
            37.805869
          ],
          [
            -122.455183,
            37.805859
          ],
          [
            -122.455153,
            37.805869
          ],
          [
            -122.455123,
            37.805879
          ],
          [
            -122.455103,
            37.805879
          ],
          [
            -122.455073,
            37.805889
          ],
          [
            -122.455033,
            37.805879
          ],
          [
            -122.455003,
            37.805879
          ],
          [
            -122.454973,
            37.805879
          ],
          [
            -122.454943,
            37.805889
          ],
          [
            -122.454903,
            37.805899
          ],
          [
            -122.454873,
            37.805909
          ],
          [
            -122.454833,
            37.805909
          ],
          [
            -122.454783,
            37.805909
          ],
          [
            -122.454743,
            37.805909
          ],
          [
            -122.454703,
            37.805909
          ],
          [
            -122.454663,
            37.805909
          ],
          [
            -122.454623,
            37.805919
          ],
          [
            -122.454593,
            37.805909
          ],
          [
            -122.454563,
            37.805919
          ],
          [
            -122.454533,
            37.805929
          ],
          [
            -122.454523,
            37.805919
          ],
          [
            -122.454493,
            37.805919
          ],
          [
            -122.454473,
            37.805919
          ],
          [
            -122.454433,
            37.805929
          ],
          [
            -122.454403,
            37.805939
          ],
          [
            -122.454363,
            37.805949
          ],
          [
            -122.454333,
            37.805949
          ],
          [
            -122.454293,
            37.805949
          ],
          [
            -122.454273,
            37.805949
          ],
          [
            -122.454233,
            37.805959
          ],
          [
            -122.454193,
            37.805969
          ],
          [
            -122.454153,
            37.805969
          ],
          [
            -122.454123,
            37.805979
          ],
          [
            -122.454083,
            37.805979
          ],
          [
            -122.454043,
            37.805989
          ],
          [
            -122.453983,
            37.805999
          ],
          [
            -122.453943,
            37.806009
          ],
          [
            -122.453923,
            37.806019
          ],
          [
            -122.453903,
            37.806029
          ],
          [
            -122.453883,
            37.806039
          ],
          [
            -122.453883,
            37.806029
          ],
          [
            -122.453853,
            37.806029
          ],
          [
            -122.453823,
            37.806029
          ],
          [
            -122.453783,
            37.806039
          ],
          [
            -122.453773,
            37.806049
          ],
          [
            -122.453753,
            37.806049
          ],
          [
            -122.453723,
            37.806049
          ],
          [
            -122.453693,
            37.806049
          ],
          [
            -122.453653,
            37.806069
          ],
          [
            -122.453623,
            37.806079
          ],
          [
            -122.453593,
            37.806089
          ],
          [
            -122.453543,
            37.806089
          ],
          [
            -122.453503,
            37.806089
          ],
          [
            -122.453493,
            37.806099
          ],
          [
            -122.453463,
            37.806109
          ],
          [
            -122.453433,
            37.806119
          ],
          [
            -122.453413,
            37.806129
          ],
          [
            -122.453373,
            37.806129
          ],
          [
            -122.453353,
            37.806139
          ],
          [
            -122.453323,
            37.806149
          ],
          [
            -122.453303,
            37.806149
          ],
          [
            -122.453263,
            37.806159
          ],
          [
            -122.453243,
            37.806169
          ],
          [
            -122.453203,
            37.806169
          ],
          [
            -122.453163,
            37.806179
          ],
          [
            -122.453143,
            37.806159
          ],
          [
            -122.453103,
            37.806179
          ],
          [
            -122.453073,
            37.806189
          ],
          [
            -122.453043,
            37.806179
          ],
          [
            -122.453013,
            37.806179
          ],
          [
            -122.452983,
            37.806199
          ],
          [
            -122.452953,
            37.806199
          ],
          [
            -122.452903,
            37.806199
          ],
          [
            -122.452873,
            37.806219
          ],
          [
            -122.452853,
            37.806199
          ],
          [
            -122.452813,
            37.806199
          ],
          [
            -122.452783,
            37.806209
          ],
          [
            -122.452763,
            37.806229
          ],
          [
            -122.452743,
            37.806219
          ],
          [
            -122.452723,
            37.806229
          ],
          [
            -122.452703,
            37.806209
          ],
          [
            -122.452673,
            37.806219
          ],
          [
            -122.452643,
            37.806219
          ],
          [
            -122.452633,
            37.806229
          ],
          [
            -122.452613,
            37.806219
          ],
          [
            -122.452573,
            37.806229
          ],
          [
            -122.452553,
            37.806239
          ],
          [
            -122.452523,
            37.806229
          ],
          [
            -122.452493,
            37.806219
          ],
          [
            -122.452463,
            37.806209
          ],
          [
            -122.452433,
            37.806209
          ],
          [
            -122.452403,
            37.806219
          ],
          [
            -122.452373,
            37.806229
          ],
          [
            -122.452333,
            37.806229
          ],
          [
            -122.452323,
            37.806229
          ],
          [
            -122.452293,
            37.806209
          ],
          [
            -122.452263,
            37.806229
          ],
          [
            -122.452253,
            37.806209
          ],
          [
            -122.452233,
            37.806189
          ],
          [
            -122.452183,
            37.806189
          ],
          [
            -122.452133,
            37.806199
          ],
          [
            -122.452113,
            37.806229
          ],
          [
            -122.452073,
            37.806239
          ],
          [
            -122.452013,
            37.806259
          ],
          [
            -122.451953,
            37.806259
          ],
          [
            -122.451913,
            37.806259
          ],
          [
            -122.451883,
            37.806269
          ],
          [
            -122.451823,
            37.806279
          ],
          [
            -122.451753,
            37.806289
          ],
          [
            -122.451673,
            37.806309
          ],
          [
            -122.451633,
            37.806319
          ],
          [
            -122.451593,
            37.806329
          ],
          [
            -122.451553,
            37.806329
          ],
          [
            -122.451523,
            37.806339
          ],
          [
            -122.451493,
            37.806339
          ],
          [
            -122.451453,
            37.806349
          ],
          [
            -122.451413,
            37.806359
          ],
          [
            -122.451383,
            37.806359
          ],
          [
            -122.451333,
            37.806359
          ],
          [
            -122.451303,
            37.806359
          ],
          [
            -122.451263,
            37.806359
          ],
          [
            -122.451203,
            37.806359
          ],
          [
            -122.451163,
            37.806369
          ],
          [
            -122.451123,
            37.806369
          ],
          [
            -122.451073,
            37.806379
          ],
          [
            -122.451033,
            37.806389
          ],
          [
            -122.451013,
            37.806389
          ],
          [
            -122.450993,
            37.806379
          ],
          [
            -122.450933,
            37.806389
          ],
          [
            -122.450903,
            37.806389
          ],
          [
            -122.450873,
            37.806389
          ],
          [
            -122.450833,
            37.806389
          ],
          [
            -122.450803,
            37.806399
          ],
          [
            -122.450763,
            37.806409
          ],
          [
            -122.450733,
            37.806409
          ],
          [
            -122.450693,
            37.806409
          ],
          [
            -122.450673,
            37.806419
          ],
          [
            -122.450643,
            37.806419
          ],
          [
            -122.450583,
            37.806419
          ],
          [
            -122.450543,
            37.806429
          ],
          [
            -122.450503,
            37.806429
          ],
          [
            -122.450473,
            37.806429
          ],
          [
            -122.450443,
            37.806439
          ],
          [
            -122.450423,
            37.806449
          ],
          [
            -122.450393,
            37.806439
          ],
          [
            -122.450363,
            37.806449
          ],
          [
            -122.450333,
            37.806459
          ],
          [
            -122.450283,
            37.806469
          ],
          [
            -122.450243,
            37.806469
          ],
          [
            -122.450193,
            37.806469
          ],
          [
            -122.450143,
            37.806469
          ],
          [
            -122.450073,
            37.806459
          ],
          [
            -122.450023,
            37.806459
          ],
          [
            -122.449973,
            37.806459
          ],
          [
            -122.449933,
            37.806459
          ],
          [
            -122.449873,
            37.806459
          ],
          [
            -122.449833,
            37.806459
          ],
          [
            -122.449783,
            37.806459
          ],
          [
            -122.449743,
            37.806449
          ],
          [
            -122.449703,
            37.806449
          ],
          [
            -122.449663,
            37.806449
          ],
          [
            -122.449623,
            37.806449
          ],
          [
            -122.449583,
            37.806449
          ],
          [
            -122.449533,
            37.806439
          ],
          [
            -122.449493,
            37.806439
          ],
          [
            -122.449453,
            37.806429
          ],
          [
            -122.449413,
            37.806429
          ],
          [
            -122.449363,
            37.806419
          ],
          [
            -122.449303,
            37.806419
          ],
          [
            -122.449263,
            37.806409
          ],
          [
            -122.449203,
            37.806399
          ],
          [
            -122.449153,
            37.806399
          ],
          [
            -122.449103,
            37.806399
          ],
          [
            -122.449083,
            37.806399
          ],
          [
            -122.449033,
            37.806389
          ],
          [
            -122.448993,
            37.806389
          ],
          [
            -122.448953,
            37.806379
          ],
          [
            -122.448903,
            37.806369
          ],
          [
            -122.448863,
            37.806369
          ],
          [
            -122.448843,
            37.806359
          ],
          [
            -122.448803,
            37.806359
          ],
          [
            -122.448763,
            37.806359
          ],
          [
            -122.448713,
            37.806349
          ],
          [
            -122.448683,
            37.806349
          ],
          [
            -122.448653,
            37.806339
          ],
          [
            -122.448583,
            37.806329
          ],
          [
            -122.448523,
            37.806329
          ],
          [
            -122.448483,
            37.806319
          ],
          [
            -122.448433,
            37.806319
          ],
          [
            -122.448403,
            37.806319
          ],
          [
            -122.448353,
            37.806319
          ],
          [
            -122.448313,
            37.806299
          ],
          [
            -122.448263,
            37.806299
          ],
          [
            -122.448223,
            37.806299
          ],
          [
            -122.448163,
            37.806299
          ],
          [
            -122.448123,
            37.806299
          ],
          [
            -122.448063,
            37.806299
          ],
          [
            -122.447983,
            37.806299
          ],
          [
            -122.447953,
            37.806289
          ],
          [
            -122.447903,
            37.806289
          ],
          [
            -122.447873,
            37.806289
          ],
          [
            -122.447853,
            37.806289
          ],
          [
            -122.447803,
            37.806269
          ],
          [
            -122.447763,
            37.806269
          ],
          [
            -122.447733,
            37.806269
          ],
          [
            -122.447693,
            37.806259
          ],
          [
            -122.447653,
            37.806259
          ],
          [
            -122.447603,
            37.806249
          ],
          [
            -122.447583,
            37.806249
          ],
          [
            -122.447543,
            37.806239
          ],
          [
            -122.447473,
            37.806229
          ],
          [
            -122.447403,
            37.806219
          ],
          [
            -122.447383,
            37.806209
          ],
          [
            -122.447343,
            37.806209
          ],
          [
            -122.447323,
            37.806199
          ],
          [
            -122.447293,
            37.806189
          ],
          [
            -122.447253,
            37.806189
          ],
          [
            -122.447193,
            37.806179
          ],
          [
            -122.447133,
            37.806159
          ],
          [
            -122.447103,
            37.806159
          ],
          [
            -122.447073,
            37.806139
          ],
          [
            -122.447043,
            37.806149
          ],
          [
            -122.447003,
            37.806129
          ],
          [
            -122.446973,
            37.806119
          ],
          [
            -122.446923,
            37.806119
          ],
          [
            -122.446883,
            37.806109
          ],
          [
            -122.446843,
            37.806109
          ],
          [
            -122.446803,
            37.806099
          ],
          [
            -122.446743,
            37.806089
          ],
          [
            -122.446703,
            37.806069
          ],
          [
            -122.446653,
            37.806049
          ],
          [
            -122.446603,
            37.806029
          ],
          [
            -122.446553,
            37.806009
          ],
          [
            -122.446533,
            37.805989
          ],
          [
            -122.446503,
            37.805979
          ],
          [
            -122.446483,
            37.805959
          ],
          [
            -122.446463,
            37.805939
          ],
          [
            -122.446433,
            37.805919
          ],
          [
            -122.446413,
            37.805899
          ],
          [
            -122.446383,
            37.805889
          ],
          [
            -122.446363,
            37.805869
          ],
          [
            -122.446343,
            37.805849
          ],
          [
            -122.446333,
            37.805839
          ],
          [
            -122.446273,
            37.805799
          ],
          [
            -122.446243,
            37.805749
          ],
          [
            -122.446213,
            37.805729
          ],
          [
            -122.446183,
            37.805699
          ],
          [
            -122.446163,
            37.805659
          ],
          [
            -122.446143,
            37.805639
          ],
          [
            -122.446123,
            37.805609
          ],
          [
            -122.446103,
            37.805569
          ],
          [
            -122.446083,
            37.805519
          ],
          [
            -122.446083,
            37.805479
          ],
          [
            -122.446083,
            37.805459
          ],
          [
            -122.446083,
            37.805439
          ],
          [
            -122.446073,
            37.805409
          ],
          [
            -122.446083,
            37.805369
          ],
          [
            -122.446083,
            37.805319
          ],
          [
            -122.446093,
            37.805279
          ],
          [
            -122.446103,
            37.805249
          ],
          [
            -122.446123,
            37.805209
          ],
          [
            -122.446133,
            37.805179
          ],
          [
            -122.446163,
            37.805149
          ],
          [
            -122.446193,
            37.805109
          ],
          [
            -122.446223,
            37.805079
          ],
          [
            -122.446243,
            37.805049
          ],
          [
            -122.446263,
            37.804999
          ],
          [
            -122.446293,
            37.804959
          ],
          [
            -122.446293,
            37.804929
          ],
          [
            -122.446293,
            37.804899
          ],
          [
            -122.446283,
            37.804869
          ],
          [
            -122.446253,
            37.804839
          ],
          [
            -122.446243,
            37.804809
          ],
          [
            -122.446223,
            37.804779
          ],
          [
            -122.446203,
            37.804759
          ],
          [
            -122.446193,
            37.804749
          ],
          [
            -122.446173,
            37.804729
          ],
          [
            -122.446133,
            37.804689
          ],
          [
            -122.446113,
            37.804649
          ],
          [
            -122.446083,
            37.804629
          ],
          [
            -122.446053,
            37.804609
          ],
          [
            -122.446023,
            37.804589
          ],
          [
            -122.445983,
            37.804569
          ],
          [
            -122.445943,
            37.804559
          ],
          [
            -122.445893,
            37.804539
          ],
          [
            -122.445853,
            37.804519
          ],
          [
            -122.445803,
            37.804509
          ],
          [
            -122.445763,
            37.804499
          ],
          [
            -122.445723,
            37.804489
          ],
          [
            -122.445693,
            37.804459
          ],
          [
            -122.445673,
            37.804429
          ],
          [
            -122.445643,
            37.804389
          ],
          [
            -122.445613,
            37.804359
          ],
          [
            -122.445583,
            37.804329
          ],
          [
            -122.445553,
            37.804309
          ],
          [
            -122.445533,
            37.804299
          ],
          [
            -122.445483,
            37.804279
          ],
          [
            -122.445463,
            37.804269
          ],
          [
            -122.445423,
            37.804239
          ],
          [
            -122.445383,
            37.804229
          ],
          [
            -122.445343,
            37.804219
          ],
          [
            -122.445293,
            37.804189
          ],
          [
            -122.445243,
            37.804179
          ],
          [
            -122.445193,
            37.804159
          ],
          [
            -122.445143,
            37.804139
          ],
          [
            -122.445103,
            37.804119
          ],
          [
            -122.445063,
            37.804089
          ],
          [
            -122.445033,
            37.804069
          ],
          [
            -122.445003,
            37.804049
          ],
          [
            -122.444983,
            37.804029
          ],
          [
            -122.444953,
            37.804009
          ],
          [
            -122.444913,
            37.803979
          ],
          [
            -122.444903,
            37.803969
          ],
          [
            -122.444873,
            37.803949
          ],
          [
            -122.444853,
            37.803939
          ],
          [
            -122.444803,
            37.803919
          ],
          [
            -122.444783,
            37.803909
          ],
          [
            -122.444763,
            37.803889
          ],
          [
            -122.444703,
            37.803859
          ],
          [
            -122.444673,
            37.803829
          ],
          [
            -122.444643,
            37.803809
          ],
          [
            -122.444603,
            37.803789
          ],
          [
            -122.444563,
            37.803749
          ],
          [
            -122.444523,
            37.803729
          ],
          [
            -122.444493,
            37.803719
          ],
          [
            -122.444453,
            37.803699
          ],
          [
            -122.444423,
            37.803669
          ],
          [
            -122.444383,
            37.803649
          ],
          [
            -122.444343,
            37.803629
          ],
          [
            -122.444303,
            37.803609
          ],
          [
            -122.444263,
            37.803589
          ],
          [
            -122.444223,
            37.803559
          ],
          [
            -122.444193,
            37.803549
          ],
          [
            -122.444153,
            37.803529
          ],
          [
            -122.444123,
            37.803519
          ],
          [
            -122.444093,
            37.803499
          ],
          [
            -122.444053,
            37.803469
          ],
          [
            -122.444023,
            37.803459
          ],
          [
            -122.443983,
            37.803429
          ],
          [
            -122.443953,
            37.803419
          ],
          [
            -122.443933,
            37.803409
          ],
          [
            -122.443903,
            37.803389
          ],
          [
            -122.443873,
            37.803379
          ],
          [
            -122.443843,
            37.803369
          ],
          [
            -122.443803,
            37.803339
          ],
          [
            -122.443763,
            37.803329
          ],
          [
            -122.443733,
            37.803299
          ],
          [
            -122.443703,
            37.803279
          ],
          [
            -122.443673,
            37.803259
          ],
          [
            -122.443643,
            37.803229
          ],
          [
            -122.443603,
            37.803199
          ],
          [
            -122.443573,
            37.803179
          ],
          [
            -122.443543,
            37.803159
          ],
          [
            -122.443483,
            37.803119
          ],
          [
            -122.443463,
            37.803109
          ],
          [
            -122.443433,
            37.803079
          ],
          [
            -122.443413,
            37.803059
          ],
          [
            -122.443383,
            37.803039
          ],
          [
            -122.443363,
            37.803009
          ],
          [
            -122.443323,
            37.802979
          ],
          [
            -122.443293,
            37.802949
          ],
          [
            -122.443263,
            37.802919
          ],
          [
            -122.443233,
            37.802899
          ],
          [
            -122.443203,
            37.802879
          ],
          [
            -122.443183,
            37.802869
          ],
          [
            -122.443153,
            37.802859
          ],
          [
            -122.443113,
            37.802839
          ],
          [
            -122.443093,
            37.802829
          ],
          [
            -122.443063,
            37.802819
          ],
          [
            -122.443013,
            37.802809
          ],
          [
            -122.442973,
            37.802789
          ],
          [
            -122.442943,
            37.802779
          ],
          [
            -122.442913,
            37.802759
          ],
          [
            -122.442873,
            37.802739
          ],
          [
            -122.442813,
            37.802729
          ],
          [
            -122.442803,
            37.802699
          ],
          [
            -122.442773,
            37.802689
          ],
          [
            -122.442733,
            37.802659
          ],
          [
            -122.442713,
            37.802639
          ],
          [
            -122.442703,
            37.802619
          ],
          [
            -122.442653,
            37.802589
          ],
          [
            -122.442623,
            37.802579
          ],
          [
            -122.442593,
            37.802559
          ],
          [
            -122.442553,
            37.802529
          ],
          [
            -122.442533,
            37.802509
          ],
          [
            -122.442493,
            37.802489
          ],
          [
            -122.442483,
            37.802459
          ],
          [
            -122.442453,
            37.802439
          ],
          [
            -122.442413,
            37.802429
          ],
          [
            -122.442383,
            37.802389
          ],
          [
            -122.442333,
            37.802339
          ],
          [
            -122.442283,
            37.802289
          ],
          [
            -122.442273,
            37.802269
          ],
          [
            -122.442243,
            37.802239
          ],
          [
            -122.442223,
            37.802219
          ],
          [
            -122.442183,
            37.802189
          ],
          [
            -122.442163,
            37.802169
          ],
          [
            -122.442133,
            37.802129
          ],
          [
            -122.442103,
            37.802109
          ],
          [
            -122.442083,
            37.802079
          ],
          [
            -122.442063,
            37.802069
          ],
          [
            -122.442043,
            37.802029
          ],
          [
            -122.442023,
            37.801999
          ],
          [
            -122.441993,
            37.801979
          ],
          [
            -122.441973,
            37.801939
          ]
        ]
      }
    },
    {
      "type": "Feature",
      "properties": {
        "FEATURE_ID": 927758,
        "FEATURE": 20,
        "SOURCE_ID": "T00687",
        "DATA_SOURC": "P",
        "SRC_DATE": "18570101",
        "HOR_ACC": "0",
        "INFORM": "\u0000\u0000\u0000\u0000\u0000\u0000\u0000\u0000\u0000\u0000\u0000\u0000\u0000\u0000\u0000\u0000\u0000\u0000\u0000\u0000\u0000\u0000\u0000\u0000\u0000\u0000\u0000\u0000\u0000\u0000\u0000\u0000\u0000\u0000\u0000\u0000\u0000\u0000\u0000\u0000\u0000\u0000\u0000\u0000\u0000\u0000\u0000\u0000\u0000\u0000\u0000\u0000\u0000\u0000\u0000\u0000\u0000\u0000\u0000\u0000\u0000\u0000\u0000\u0000\u0000\u0000\u0000\u0000\u0000\u0000\u0000\u0000\u0000\u0000\u0000\u0000\u0000\u0000\u0000\u0000\u0000\u0000\u0000\u0000\u0000\u0000\u0000\u0000\u0000\u0000\u0000\u0000\u0000\u0000\u0000\u0000\u0000\u0000\u0000\u0000\u0000\u0000\u0000\u0000\u0000\u0000\u0000\u0000\u0000\u0000\u0000\u0000\u0000\u0000\u0000\u0000\u0000\u0000\u0000\u0000\u0000\u0000\u0000\u0000\u0000\u0000\u0000\u0000\u0000\u0000\u0000\u0000\u0000\u0000\u0000\u0000\u0000\u0000\u0000\u0000\u0000\u0000\u0000\u0000\u0000\u0000\u0000\u0000\u0000\u0000\u0000\u0000\u0000\u0000\u0000\u0000\u0000\u0000\u0000\u0000\u0000\u0000\u0000\u0000\u0000\u0000\u0000\u0000\u0000\u0000\u0000\u0000\u0000\u0000\u0000\u0000\u0000\u0000\u0000\u0000\u0000\u0000\u0000\u0000\u0000\u0000\u0000\u0000\u0000\u0000\u0000\u0000\u0000\u0000\u0000\u0000\u0000\u0000\u0000\u0000\u0000\u0000\u0000\u0000\u0000\u0000\u0000\u0000\u0000\u0000\u0000\u0000\u0000\u0000\u0000\u0000\u0000\u0000\u0000\u0000\u0000\u0000\u0000\u0000\u0000\u0000\u0000\u0000\u0000\u0000\u0000\u0000\u0000\u0000\u0000\u0000\u0000\u0000\u0000\u0000\u0000\u0000\u0000\u0000\u0000\u0000\u0000\u0000\u0000\u0000\u0000\u0000\u0000\u0000",
        "RESOLUTION": 0,
        "ATTRIBUTE": "Natural.Mean High Water",
        "CLASS": "SHORELINE",
        "F_CODE": null,
        "EX_METH": "M",
        "EXTRACT_TE": "P",
        "_selecter_format": "shapefile",
        "_selecter_sourcecrs": "EPSG:4269",
        "_selecter_source": "CA37B08 1857 SF",
        "_selecter_imported": "2026-08-03T23:06:12.543Z"
      },
      "geometry": {
        "type": "LineString",
        "coordinates": [
          [
            -122.441813,
            37.801759
          ],
          [
            -122.441763,
            37.801729
          ],
          [
            -122.441723,
            37.801689
          ],
          [
            -122.441703,
            37.801669
          ],
          [
            -122.441683,
            37.801639
          ],
          [
            -122.441643,
            37.801629
          ],
          [
            -122.441623,
            37.801609
          ],
          [
            -122.441593,
            37.801589
          ],
          [
            -122.441553,
            37.801569
          ],
          [
            -122.441503,
            37.801549
          ],
          [
            -122.441473,
            37.801539
          ],
          [
            -122.441433,
            37.801509
          ],
          [
            -122.441403,
            37.801489
          ],
          [
            -122.441353,
            37.801469
          ],
          [
            -122.441313,
            37.801449
          ],
          [
            -122.441273,
            37.801429
          ],
          [
            -122.441243,
            37.801419
          ],
          [
            -122.441183,
            37.801399
          ],
          [
            -122.441153,
            37.801379
          ],
          [
            -122.441113,
            37.801369
          ],
          [
            -122.441083,
            37.801349
          ],
          [
            -122.441033,
            37.801339
          ],
          [
            -122.441003,
            37.801319
          ],
          [
            -122.440973,
            37.801319
          ],
          [
            -122.440933,
            37.801299
          ],
          [
            -122.440903,
            37.801289
          ],
          [
            -122.440873,
            37.801279
          ],
          [
            -122.440843,
            37.801269
          ],
          [
            -122.440793,
            37.801259
          ],
          [
            -122.440763,
            37.801249
          ],
          [
            -122.440723,
            37.801249
          ],
          [
            -122.440683,
            37.801239
          ],
          [
            -122.440653,
            37.801239
          ],
          [
            -122.440583,
            37.801219
          ],
          [
            -122.440543,
            37.801189
          ],
          [
            -122.440473,
            37.801159
          ],
          [
            -122.440443,
            37.801139
          ],
          [
            -122.440373,
            37.801069
          ],
          [
            -122.440333,
            37.801039
          ],
          [
            -122.440273,
            37.800999
          ],
          [
            -122.440203,
            37.800949
          ],
          [
            -122.440163,
            37.800929
          ],
          [
            -122.440103,
            37.800919
          ],
          [
            -122.440083,
            37.800919
          ],
          [
            -122.440023,
            37.800899
          ],
          [
            -122.440003,
            37.800899
          ]
        ]
      }
    },
    {
      "type": "Feature",
      "properties": {
        "FEATURE_ID": 927760,
        "FEATURE": 20,
        "SOURCE_ID": "T00687",
        "DATA_SOURC": "P",
        "SRC_DATE": "18570101",
        "HOR_ACC": "0",
        "INFORM": "\u0000\u0000\u0000\u0000\u0000\u0000\u0000\u0000\u0000\u0000\u0000\u0000\u0000\u0000\u0000\u0000\u0000\u0000\u0000\u0000\u0000\u0000\u0000\u0000\u0000\u0000\u0000\u0000\u0000\u0000\u0000\u0000\u0000\u0000\u0000\u0000\u0000\u0000\u0000\u0000\u0000\u0000\u0000\u0000\u0000\u0000\u0000\u0000\u0000\u0000\u0000\u0000\u0000\u0000\u0000\u0000\u0000\u0000\u0000\u0000\u0000\u0000\u0000\u0000\u0000\u0000\u0000\u0000\u0000\u0000\u0000\u0000\u0000\u0000\u0000\u0000\u0000\u0000\u0000\u0000\u0000\u0000\u0000\u0000\u0000\u0000\u0000\u0000\u0000\u0000\u0000\u0000\u0000\u0000\u0000\u0000\u0000\u0000\u0000\u0000\u0000\u0000\u0000\u0000\u0000\u0000\u0000\u0000\u0000\u0000\u0000\u0000\u0000\u0000\u0000\u0000\u0000\u0000\u0000\u0000\u0000\u0000\u0000\u0000\u0000\u0000\u0000\u0000\u0000\u0000\u0000\u0000\u0000\u0000\u0000\u0000\u0000\u0000\u0000\u0000\u0000\u0000\u0000\u0000\u0000\u0000\u0000\u0000\u0000\u0000\u0000\u0000\u0000\u0000\u0000\u0000\u0000\u0000\u0000\u0000\u0000\u0000\u0000\u0000\u0000\u0000\u0000\u0000\u0000\u0000\u0000\u0000\u0000\u0000\u0000\u0000\u0000\u0000\u0000\u0000\u0000\u0000\u0000\u0000\u0000\u0000\u0000\u0000\u0000\u0000\u0000\u0000\u0000\u0000\u0000\u0000\u0000\u0000\u0000\u0000\u0000\u0000\u0000\u0000\u0000\u0000\u0000\u0000\u0000\u0000\u0000\u0000\u0000\u0000\u0000\u0000\u0000\u0000\u0000\u0000\u0000\u0000\u0000\u0000\u0000\u0000\u0000\u0000\u0000\u0000\u0000\u0000\u0000\u0000\u0000\u0000\u0000\u0000\u0000\u0000\u0000\u0000\u0000\u0000\u0000\u0000\u0000\u0000\u0000\u0000\u0000\u0000\u0000\u0000",
        "RESOLUTION": 0,
        "ATTRIBUTE": "Natural.Mean High Water",
        "CLASS": "SHORELINE",
        "F_CODE": null,
        "EX_METH": "M",
        "EXTRACT_TE": "P",
        "_selecter_format": "shapefile",
        "_selecter_sourcecrs": "EPSG:4269",
        "_selecter_source": "CA37B08 1857 SF",
        "_selecter_imported": "2026-08-03T23:06:12.543Z"
      },
      "geometry": {
        "type": "LineString",
        "coordinates": [
          [
            -122.439943,
            37.800899
          ],
          [
            -122.439883,
            37.800899
          ],
          [
            -122.439853,
            37.800889
          ],
          [
            -122.439813,
            37.800879
          ],
          [
            -122.439763,
            37.800869
          ],
          [
            -122.439733,
            37.800849
          ],
          [
            -122.439693,
            37.800839
          ]
        ]
      }
    },
    {
      "type": "Feature",
      "properties": {
        "FEATURE_ID": 927762,
        "FEATURE": 20,
        "SOURCE_ID": "T00687",
        "DATA_SOURC": "P",
        "SRC_DATE": "18570101",
        "HOR_ACC": "0",
        "INFORM": "\u0000\u0000\u0000\u0000\u0000\u0000\u0000\u0000\u0000\u0000\u0000\u0000\u0000\u0000\u0000\u0000\u0000\u0000\u0000\u0000\u0000\u0000\u0000\u0000\u0000\u0000\u0000\u0000\u0000\u0000\u0000\u0000\u0000\u0000\u0000\u0000\u0000\u0000\u0000\u0000\u0000\u0000\u0000\u0000\u0000\u0000\u0000\u0000\u0000\u0000\u0000\u0000\u0000\u0000\u0000\u0000\u0000\u0000\u0000\u0000\u0000\u0000\u0000\u0000\u0000\u0000\u0000\u0000\u0000\u0000\u0000\u0000\u0000\u0000\u0000\u0000\u0000\u0000\u0000\u0000\u0000\u0000\u0000\u0000\u0000\u0000\u0000\u0000\u0000\u0000\u0000\u0000\u0000\u0000\u0000\u0000\u0000\u0000\u0000\u0000\u0000\u0000\u0000\u0000\u0000\u0000\u0000\u0000\u0000\u0000\u0000\u0000\u0000\u0000\u0000\u0000\u0000\u0000\u0000\u0000\u0000\u0000\u0000\u0000\u0000\u0000\u0000\u0000\u0000\u0000\u0000\u0000\u0000\u0000\u0000\u0000\u0000\u0000\u0000\u0000\u0000\u0000\u0000\u0000\u0000\u0000\u0000\u0000\u0000\u0000\u0000\u0000\u0000\u0000\u0000\u0000\u0000\u0000\u0000\u0000\u0000\u0000\u0000\u0000\u0000\u0000\u0000\u0000\u0000\u0000\u0000\u0000\u0000\u0000\u0000\u0000\u0000\u0000\u0000\u0000\u0000\u0000\u0000\u0000\u0000\u0000\u0000\u0000\u0000\u0000\u0000\u0000\u0000\u0000\u0000\u0000\u0000\u0000\u0000\u0000\u0000\u0000\u0000\u0000\u0000\u0000\u0000\u0000\u0000\u0000\u0000\u0000\u0000\u0000\u0000\u0000\u0000\u0000\u0000\u0000\u0000\u0000\u0000\u0000\u0000\u0000\u0000\u0000\u0000\u0000\u0000\u0000\u0000\u0000\u0000\u0000\u0000\u0000\u0000\u0000\u0000\u0000\u0000\u0000\u0000\u0000\u0000\u0000\u0000\u0000\u0000\u0000\u0000\u0000",
        "RESOLUTION": 0,
        "ATTRIBUTE": "Natural.Mean High Water",
        "CLASS": "SHORELINE",
        "F_CODE": null,
        "EX_METH": "M",
        "EXTRACT_TE": "P",
        "_selecter_format": "shapefile",
        "_selecter_sourcecrs": "EPSG:4269",
        "_selecter_source": "CA37B08 1857 SF",
        "_selecter_imported": "2026-08-03T23:06:12.543Z"
      },
      "geometry": {
        "type": "LineString",
        "coordinates": [
          [
            -122.439633,
            37.800799
          ],
          [
            -122.439603,
            37.800769
          ],
          [
            -122.439583,
            37.800739
          ],
          [
            -122.439603,
            37.800699
          ],
          [
            -122.439633,
            37.800689
          ],
          [
            -122.439683,
            37.800679
          ],
          [
            -122.439733,
            37.800669
          ],
          [
            -122.439773,
            37.800669
          ],
          [
            -122.439813,
            37.800669
          ],
          [
            -122.439853,
            37.800659
          ],
          [
            -122.439903,
            37.800669
          ],
          [
            -122.439933,
            37.800679
          ],
          [
            -122.439983,
            37.800689
          ],
          [
            -122.440023,
            37.800689
          ],
          [
            -122.440073,
            37.800699
          ],
          [
            -122.440143,
            37.800709
          ],
          [
            -122.440203,
            37.800729
          ],
          [
            -122.440263,
            37.800749
          ],
          [
            -122.440313,
            37.800769
          ],
          [
            -122.440393,
            37.800779
          ],
          [
            -122.440513,
            37.800809
          ],
          [
            -122.440583,
            37.800839
          ],
          [
            -122.440653,
            37.800879
          ],
          [
            -122.440673,
            37.800889
          ],
          [
            -122.440713,
            37.800909
          ],
          [
            -122.440753,
            37.800929
          ],
          [
            -122.440793,
            37.800959
          ],
          [
            -122.440843,
            37.800979
          ],
          [
            -122.440863,
            37.800979
          ]
        ]
      }
    },
    {
      "type": "Feature",
      "properties": {
        "FEATURE_ID": 927766,
        "FEATURE": 20,
        "SOURCE_ID": "T00687",
        "DATA_SOURC": "P",
        "SRC_DATE": "18570101",
        "HOR_ACC": "0",
        "INFORM": "\u0000\u0000\u0000\u0000\u0000\u0000\u0000\u0000\u0000\u0000\u0000\u0000\u0000\u0000\u0000\u0000\u0000\u0000\u0000\u0000\u0000\u0000\u0000\u0000\u0000\u0000\u0000\u0000\u0000\u0000\u0000\u0000\u0000\u0000\u0000\u0000\u0000\u0000\u0000\u0000\u0000\u0000\u0000\u0000\u0000\u0000\u0000\u0000\u0000\u0000\u0000\u0000\u0000\u0000\u0000\u0000\u0000\u0000\u0000\u0000\u0000\u0000\u0000\u0000\u0000\u0000\u0000\u0000\u0000\u0000\u0000\u0000\u0000\u0000\u0000\u0000\u0000\u0000\u0000\u0000\u0000\u0000\u0000\u0000\u0000\u0000\u0000\u0000\u0000\u0000\u0000\u0000\u0000\u0000\u0000\u0000\u0000\u0000\u0000\u0000\u0000\u0000\u0000\u0000\u0000\u0000\u0000\u0000\u0000\u0000\u0000\u0000\u0000\u0000\u0000\u0000\u0000\u0000\u0000\u0000\u0000\u0000\u0000\u0000\u0000\u0000\u0000\u0000\u0000\u0000\u0000\u0000\u0000\u0000\u0000\u0000\u0000\u0000\u0000\u0000\u0000\u0000\u0000\u0000\u0000\u0000\u0000\u0000\u0000\u0000\u0000\u0000\u0000\u0000\u0000\u0000\u0000\u0000\u0000\u0000\u0000\u0000\u0000\u0000\u0000\u0000\u0000\u0000\u0000\u0000\u0000\u0000\u0000\u0000\u0000\u0000\u0000\u0000\u0000\u0000\u0000\u0000\u0000\u0000\u0000\u0000\u0000\u0000\u0000\u0000\u0000\u0000\u0000\u0000\u0000\u0000\u0000\u0000\u0000\u0000\u0000\u0000\u0000\u0000\u0000\u0000\u0000\u0000\u0000\u0000\u0000\u0000\u0000\u0000\u0000\u0000\u0000\u0000\u0000\u0000\u0000\u0000\u0000\u0000\u0000\u0000\u0000\u0000\u0000\u0000\u0000\u0000\u0000\u0000\u0000\u0000\u0000\u0000\u0000\u0000\u0000\u0000\u0000\u0000\u0000\u0000\u0000\u0000\u0000\u0000\u0000\u0000\u0000\u0000",
        "RESOLUTION": 0,
        "ATTRIBUTE": "Natural.Mean High Water",
        "CLASS": "SHORELINE",
        "F_CODE": null,
        "EX_METH": "M",
        "EXTRACT_TE": "P",
        "_selecter_format": "shapefile",
        "_selecter_sourcecrs": "EPSG:4269",
        "_selecter_source": "CA37B08 1857 SF",
        "_selecter_imported": "2026-08-03T23:06:12.543Z"
      },
      "geometry": {
        "type": "LineString",
        "coordinates": [
          [
            -122.442983,
            37.801069
          ],
          [
            -122.442953,
            37.801059
          ],
          [
            -122.442933,
            37.801049
          ],
          [
            -122.442923,
            37.801029
          ],
          [
            -122.442923,
            37.800999
          ],
          [
            -122.442933,
            37.800979
          ],
          [
            -122.442963,
            37.800969
          ],
          [
            -122.443003,
            37.800969
          ],
          [
            -122.443053,
            37.800969
          ],
          [
            -122.443113,
            37.800969
          ],
          [
            -122.443133,
            37.800979
          ],
          [
            -122.443143,
            37.800989
          ],
          [
            -122.443133,
            37.801009
          ],
          [
            -122.443113,
            37.801029
          ],
          [
            -122.443083,
            37.801039
          ],
          [
            -122.443063,
            37.801049
          ],
          [
            -122.443043,
            37.801059
          ],
          [
            -122.442983,
            37.801069
          ]
        ]
      }
    },
    {
      "type": "Feature",
      "properties": {
        "FEATURE_ID": 929083,
        "FEATURE": 20,
        "SOURCE_ID": "T00687",
        "DATA_SOURC": "P",
        "SRC_DATE": "18570101",
        "HOR_ACC": "0",
        "INFORM": "\u0000\u0000\u0000\u0000\u0000\u0000\u0000\u0000\u0000\u0000\u0000\u0000\u0000\u0000\u0000\u0000\u0000\u0000\u0000\u0000\u0000\u0000\u0000\u0000\u0000\u0000\u0000\u0000\u0000\u0000\u0000\u0000\u0000\u0000\u0000\u0000\u0000\u0000\u0000\u0000\u0000\u0000\u0000\u0000\u0000\u0000\u0000\u0000\u0000\u0000\u0000\u0000\u0000\u0000\u0000\u0000\u0000\u0000\u0000\u0000\u0000\u0000\u0000\u0000\u0000\u0000\u0000\u0000\u0000\u0000\u0000\u0000\u0000\u0000\u0000\u0000\u0000\u0000\u0000\u0000\u0000\u0000\u0000\u0000\u0000\u0000\u0000\u0000\u0000\u0000\u0000\u0000\u0000\u0000\u0000\u0000\u0000\u0000\u0000\u0000\u0000\u0000\u0000\u0000\u0000\u0000\u0000\u0000\u0000\u0000\u0000\u0000\u0000\u0000\u0000\u0000\u0000\u0000\u0000\u0000\u0000\u0000\u0000\u0000\u0000\u0000\u0000\u0000\u0000\u0000\u0000\u0000\u0000\u0000\u0000\u0000\u0000\u0000\u0000\u0000\u0000\u0000\u0000\u0000\u0000\u0000\u0000\u0000\u0000\u0000\u0000\u0000\u0000\u0000\u0000\u0000\u0000\u0000\u0000\u0000\u0000\u0000\u0000\u0000\u0000\u0000\u0000\u0000\u0000\u0000\u0000\u0000\u0000\u0000\u0000\u0000\u0000\u0000\u0000\u0000\u0000\u0000\u0000\u0000\u0000\u0000\u0000\u0000\u0000\u0000\u0000\u0000\u0000\u0000\u0000\u0000\u0000\u0000\u0000\u0000\u0000\u0000\u0000\u0000\u0000\u0000\u0000\u0000\u0000\u0000\u0000\u0000\u0000\u0000\u0000\u0000\u0000\u0000\u0000\u0000\u0000\u0000\u0000\u0000\u0000\u0000\u0000\u0000\u0000\u0000\u0000\u0000\u0000\u0000\u0000\u0000\u0000\u0000\u0000\u0000\u0000\u0000\u0000\u0000\u0000\u0000\u0000\u0000\u0000\u0000\u0000\u0000\u0000\u0000",
        "RESOLUTION": 0,
        "ATTRIBUTE": "Natural.Mean High Water",
        "CLASS": "SHORELINE",
        "F_CODE": null,
        "EX_METH": "M",
        "EXTRACT_TE": "P",
        "_selecter_format": "shapefile",
        "_selecter_sourcecrs": "EPSG:4269",
        "_selecter_source": "CA37B08 1857 SF",
        "_selecter_imported": "2026-08-03T23:06:12.543Z"
      },
      "geometry": {
        "type": "LineString",
        "coordinates": [
          [
            -122.398082,
            37.74355
          ],
          [
            -122.398002,
            37.74345
          ],
          [
            -122.397922,
            37.74341
          ],
          [
            -122.397882,
            37.74331
          ],
          [
            -122.397882,
            37.74323
          ],
          [
            -122.397842,
            37.74314
          ],
          [
            -122.397842,
            37.74305
          ],
          [
            -122.397812,
            37.74298
          ],
          [
            -122.397822,
            37.74291
          ],
          [
            -122.397872,
            37.74284
          ],
          [
            -122.397872,
            37.74278
          ],
          [
            -122.397862,
            37.74271
          ],
          [
            -122.397782,
            37.74263
          ],
          [
            -122.397722,
            37.74258
          ],
          [
            -122.397712,
            37.74251
          ],
          [
            -122.397692,
            37.74244
          ],
          [
            -122.397662,
            37.7424
          ],
          [
            -122.397592,
            37.74234
          ],
          [
            -122.397562,
            37.7423
          ],
          [
            -122.397552,
            37.74223
          ],
          [
            -122.397542,
            37.74213
          ],
          [
            -122.397542,
            37.74208
          ],
          [
            -122.397492,
            37.74203
          ],
          [
            -122.397462,
            37.74196
          ],
          [
            -122.397432,
            37.7419
          ],
          [
            -122.397362,
            37.74195
          ],
          [
            -122.397252,
            37.74196
          ],
          [
            -122.397192,
            37.742
          ],
          [
            -122.397122,
            37.74203
          ],
          [
            -122.397052,
            37.74204
          ],
          [
            -122.396942,
            37.74201
          ],
          [
            -122.396872,
            37.74197
          ],
          [
            -122.396832,
            37.74191
          ],
          [
            -122.396842,
            37.74184
          ],
          [
            -122.396902,
            37.74177
          ],
          [
            -122.396962,
            37.74172
          ],
          [
            -122.397002,
            37.741661
          ],
          [
            -122.397032,
            37.741581
          ],
          [
            -122.397092,
            37.741571
          ],
          [
            -122.397192,
            37.741561
          ],
          [
            -122.397222,
            37.741481
          ],
          [
            -122.397222,
            37.741411
          ],
          [
            -122.397282,
            37.741371
          ],
          [
            -122.397352,
            37.741351
          ],
          [
            -122.397432,
            37.741321
          ],
          [
            -122.397522,
            37.741241
          ],
          [
            -122.397492,
            37.741171
          ],
          [
            -122.397512,
            37.741101
          ],
          [
            -122.397582,
            37.741061
          ],
          [
            -122.397582,
            37.740981
          ],
          [
            -122.397622,
            37.740931
          ],
          [
            -122.397712,
            37.740881
          ],
          [
            -122.397762,
            37.740851
          ],
          [
            -122.397742,
            37.740771
          ],
          [
            -122.397822,
            37.740741
          ],
          [
            -122.397862,
            37.740701
          ],
          [
            -122.397812,
            37.740641
          ],
          [
            -122.397842,
            37.740601
          ],
          [
            -122.397932,
            37.740561
          ],
          [
            -122.398042,
            37.740521
          ],
          [
            -122.398112,
            37.740451
          ],
          [
            -122.398182,
            37.740421
          ],
          [
            -122.398252,
            37.740461
          ],
          [
            -122.398282,
            37.740521
          ],
          [
            -122.398332,
            37.740551
          ],
          [
            -122.398352,
            37.740471
          ],
          [
            -122.398332,
            37.740381
          ],
          [
            -122.398362,
            37.740311
          ],
          [
            -122.398422,
            37.740271
          ],
          [
            -122.398502,
            37.740281
          ],
          [
            -122.398592,
            37.740291
          ],
          [
            -122.398672,
            37.740261
          ],
          [
            -122.398742,
            37.740231
          ],
          [
            -122.398832,
            37.740271
          ],
          [
            -122.398962,
            37.740211
          ],
          [
            -122.399052,
            37.740161
          ],
          [
            -122.399112,
            37.740201
          ],
          [
            -122.399132,
            37.740291
          ],
          [
            -122.399202,
            37.740291
          ],
          [
            -122.399322,
            37.740221
          ],
          [
            -122.399382,
            37.740231
          ],
          [
            -122.399452,
            37.740271
          ],
          [
            -122.399502,
            37.740331
          ],
          [
            -122.399612,
            37.740331
          ],
          [
            -122.399712,
            37.740281
          ],
          [
            -122.399792,
            37.740201
          ],
          [
            -122.399872,
            37.740141
          ],
          [
            -122.399972,
            37.740071
          ],
          [
            -122.400022,
            37.740011
          ],
          [
            -122.400082,
            37.739901
          ],
          [
            -122.400192,
            37.739861
          ],
          [
            -122.400252,
            37.739791
          ]
        ]
      }
    },
    {
      "type": "Feature",
      "properties": {
        "FEATURE_ID": 927764,
        "FEATURE": 20,
        "SOURCE_ID": "T00687",
        "DATA_SOURC": "P",
        "SRC_DATE": "18570101",
        "HOR_ACC": "0",
        "INFORM": "\u0000\u0000\u0000\u0000\u0000\u0000\u0000\u0000\u0000\u0000\u0000\u0000\u0000\u0000\u0000\u0000\u0000\u0000\u0000\u0000\u0000\u0000\u0000\u0000\u0000\u0000\u0000\u0000\u0000\u0000\u0000\u0000\u0000\u0000\u0000\u0000\u0000\u0000\u0000\u0000\u0000\u0000\u0000\u0000\u0000\u0000\u0000\u0000\u0000\u0000\u0000\u0000\u0000\u0000\u0000\u0000\u0000\u0000\u0000\u0000\u0000\u0000\u0000\u0000\u0000\u0000\u0000\u0000\u0000\u0000\u0000\u0000\u0000\u0000\u0000\u0000\u0000\u0000\u0000\u0000\u0000\u0000\u0000\u0000\u0000\u0000\u0000\u0000\u0000\u0000\u0000\u0000\u0000\u0000\u0000\u0000\u0000\u0000\u0000\u0000\u0000\u0000\u0000\u0000\u0000\u0000\u0000\u0000\u0000\u0000\u0000\u0000\u0000\u0000\u0000\u0000\u0000\u0000\u0000\u0000\u0000\u0000\u0000\u0000\u0000\u0000\u0000\u0000\u0000\u0000\u0000\u0000\u0000\u0000\u0000\u0000\u0000\u0000\u0000\u0000\u0000\u0000\u0000\u0000\u0000\u0000\u0000\u0000\u0000\u0000\u0000\u0000\u0000\u0000\u0000\u0000\u0000\u0000\u0000\u0000\u0000\u0000\u0000\u0000\u0000\u0000\u0000\u0000\u0000\u0000\u0000\u0000\u0000\u0000\u0000\u0000\u0000\u0000\u0000\u0000\u0000\u0000\u0000\u0000\u0000\u0000\u0000\u0000\u0000\u0000\u0000\u0000\u0000\u0000\u0000\u0000\u0000\u0000\u0000\u0000\u0000\u0000\u0000\u0000\u0000\u0000\u0000\u0000\u0000\u0000\u0000\u0000\u0000\u0000\u0000\u0000\u0000\u0000\u0000\u0000\u0000\u0000\u0000\u0000\u0000\u0000\u0000\u0000\u0000\u0000\u0000\u0000\u0000\u0000\u0000\u0000\u0000\u0000\u0000\u0000\u0000\u0000\u0000\u0000\u0000\u0000\u0000\u0000\u0000\u0000\u0000\u0000\u0000\u0000",
        "RESOLUTION": 0,
        "ATTRIBUTE": "Natural.Mean High Water",
        "CLASS": "SHORELINE",
        "F_CODE": null,
        "EX_METH": "M",
        "EXTRACT_TE": "P",
        "_selecter_format": "shapefile",
        "_selecter_sourcecrs": "EPSG:4269",
        "_selecter_source": "CA37B08 1857 SF",
        "_selecter_imported": "2026-08-03T23:06:12.543Z"
      },
      "geometry": {
        "type": "LineString",
        "coordinates": [
          [
            -122.440923,
            37.800999
          ],
          [
            -122.440983,
            37.801019
          ],
          [
            -122.441043,
            37.801049
          ],
          [
            -122.441083,
            37.801059
          ],
          [
            -122.441123,
            37.801079
          ],
          [
            -122.441163,
            37.801099
          ],
          [
            -122.441213,
            37.801119
          ],
          [
            -122.441253,
            37.801139
          ],
          [
            -122.441293,
            37.801159
          ],
          [
            -122.441313,
            37.801179
          ],
          [
            -122.441333,
            37.801199
          ],
          [
            -122.441363,
            37.801209
          ],
          [
            -122.441393,
            37.801239
          ],
          [
            -122.441423,
            37.801259
          ],
          [
            -122.441453,
            37.801279
          ],
          [
            -122.441463,
            37.801289
          ],
          [
            -122.441513,
            37.801329
          ],
          [
            -122.441553,
            37.801349
          ],
          [
            -122.441593,
            37.801369
          ],
          [
            -122.441633,
            37.801389
          ],
          [
            -122.441673,
            37.801419
          ],
          [
            -122.441713,
            37.801439
          ],
          [
            -122.441753,
            37.801469
          ],
          [
            -122.441803,
            37.801489
          ],
          [
            -122.441863,
            37.801539
          ],
          [
            -122.441903,
            37.801589
          ],
          [
            -122.441933,
            37.801609
          ],
          [
            -122.441973,
            37.801649
          ],
          [
            -122.442013,
            37.801679
          ],
          [
            -122.442053,
            37.801719
          ],
          [
            -122.442073,
            37.801739
          ],
          [
            -122.442103,
            37.801769
          ],
          [
            -122.442143,
            37.801799
          ],
          [
            -122.442183,
            37.801819
          ],
          [
            -122.442213,
            37.801829
          ],
          [
            -122.442243,
            37.801829
          ],
          [
            -122.442273,
            37.801809
          ],
          [
            -122.442273,
            37.801769
          ],
          [
            -122.442263,
            37.801729
          ],
          [
            -122.442263,
            37.801689
          ],
          [
            -122.442283,
            37.801669
          ],
          [
            -122.442303,
            37.801639
          ],
          [
            -122.442323,
            37.801619
          ],
          [
            -122.442333,
            37.801589
          ],
          [
            -122.442353,
            37.801549
          ],
          [
            -122.442353,
            37.801529
          ],
          [
            -122.442343,
            37.801489
          ],
          [
            -122.442323,
            37.801449
          ],
          [
            -122.442303,
            37.801419
          ],
          [
            -122.442263,
            37.801379
          ],
          [
            -122.442253,
            37.801339
          ],
          [
            -122.442223,
            37.801299
          ],
          [
            -122.442233,
            37.801259
          ],
          [
            -122.442233,
            37.801229
          ],
          [
            -122.442253,
            37.801199
          ],
          [
            -122.442263,
            37.801159
          ],
          [
            -122.442283,
            37.801129
          ],
          [
            -122.442323,
            37.801099
          ],
          [
            -122.442363,
            37.801079
          ],
          [
            -122.442413,
            37.801079
          ],
          [
            -122.442443,
            37.801079
          ],
          [
            -122.442473,
            37.801079
          ],
          [
            -122.442523,
            37.801079
          ],
          [
            -122.442553,
            37.801089
          ],
          [
            -122.442583,
            37.801099
          ],
          [
            -122.442653,
            37.801109
          ],
          [
            -122.442703,
            37.801109
          ],
          [
            -122.442743,
            37.801119
          ],
          [
            -122.442773,
            37.801129
          ],
          [
            -122.442803,
            37.801129
          ],
          [
            -122.442833,
            37.801149
          ],
          [
            -122.442853,
            37.801169
          ],
          [
            -122.442883,
            37.801189
          ],
          [
            -122.442913,
            37.801199
          ],
          [
            -122.442943,
            37.801209
          ],
          [
            -122.442983,
            37.801209
          ],
          [
            -122.443023,
            37.801199
          ],
          [
            -122.443063,
            37.801169
          ],
          [
            -122.443083,
            37.801159
          ],
          [
            -122.443103,
            37.801149
          ],
          [
            -122.443153,
            37.801139
          ],
          [
            -122.443183,
            37.801149
          ],
          [
            -122.443203,
            37.801159
          ],
          [
            -122.443223,
            37.801189
          ],
          [
            -122.443243,
            37.801219
          ],
          [
            -122.443273,
            37.801229
          ],
          [
            -122.443303,
            37.801229
          ],
          [
            -122.443353,
            37.801229
          ],
          [
            -122.443393,
            37.801219
          ],
          [
            -122.443433,
            37.801249
          ],
          [
            -122.443473,
            37.801259
          ],
          [
            -122.443513,
            37.801259
          ],
          [
            -122.443563,
            37.801239
          ],
          [
            -122.443583,
            37.801219
          ],
          [
            -122.443603,
            37.801189
          ],
          [
            -122.443613,
            37.801159
          ],
          [
            -122.443583,
            37.801139
          ],
          [
            -122.443563,
            37.801129
          ],
          [
            -122.443543,
            37.801109
          ],
          [
            -122.443513,
            37.801099
          ],
          [
            -122.443463,
            37.801079
          ],
          [
            -122.443443,
            37.801059
          ],
          [
            -122.443413,
            37.801039
          ],
          [
            -122.443383,
            37.801009
          ],
          [
            -122.443383,
            37.800999
          ],
          [
            -122.443393,
            37.800979
          ],
          [
            -122.443443,
            37.800969
          ],
          [
            -122.443483,
            37.800959
          ],
          [
            -122.443523,
            37.800959
          ],
          [
            -122.443563,
            37.800959
          ],
          [
            -122.443583,
            37.800939
          ],
          [
            -122.443613,
            37.800929
          ],
          [
            -122.443653,
            37.800919
          ],
          [
            -122.443683,
            37.800919
          ],
          [
            -122.443703,
            37.800929
          ],
          [
            -122.443733,
            37.800939
          ],
          [
            -122.443783,
            37.800949
          ],
          [
            -122.443803,
            37.800959
          ],
          [
            -122.443833,
            37.800969
          ],
          [
            -122.443873,
            37.800979
          ],
          [
            -122.443963,
            37.800999
          ],
          [
            -122.444023,
            37.801039
          ],
          [
            -122.444083,
            37.801099
          ],
          [
            -122.444133,
            37.801169
          ],
          [
            -122.444193,
            37.801239
          ],
          [
            -122.444253,
            37.801369
          ],
          [
            -122.444333,
            37.801489
          ],
          [
            -122.444343,
            37.801569
          ],
          [
            -122.444293,
            37.801649
          ],
          [
            -122.444233,
            37.801709
          ],
          [
            -122.444213,
            37.801769
          ]
        ]
      }
    },
    {
      "type": "Feature",
      "properties": {
        "FEATURE_ID": 927765,
        "FEATURE": 20,
        "SOURCE_ID": "T00687",
        "DATA_SOURC": "P",
        "SRC_DATE": "18570101",
        "HOR_ACC": "0",
        "INFORM": "\u0000\u0000\u0000\u0000\u0000\u0000\u0000\u0000\u0000\u0000\u0000\u0000\u0000\u0000\u0000\u0000\u0000\u0000\u0000\u0000\u0000\u0000\u0000\u0000\u0000\u0000\u0000\u0000\u0000\u0000\u0000\u0000\u0000\u0000\u0000\u0000\u0000\u0000\u0000\u0000\u0000\u0000\u0000\u0000\u0000\u0000\u0000\u0000\u0000\u0000\u0000\u0000\u0000\u0000\u0000\u0000\u0000\u0000\u0000\u0000\u0000\u0000\u0000\u0000\u0000\u0000\u0000\u0000\u0000\u0000\u0000\u0000\u0000\u0000\u0000\u0000\u0000\u0000\u0000\u0000\u0000\u0000\u0000\u0000\u0000\u0000\u0000\u0000\u0000\u0000\u0000\u0000\u0000\u0000\u0000\u0000\u0000\u0000\u0000\u0000\u0000\u0000\u0000\u0000\u0000\u0000\u0000\u0000\u0000\u0000\u0000\u0000\u0000\u0000\u0000\u0000\u0000\u0000\u0000\u0000\u0000\u0000\u0000\u0000\u0000\u0000\u0000\u0000\u0000\u0000\u0000\u0000\u0000\u0000\u0000\u0000\u0000\u0000\u0000\u0000\u0000\u0000\u0000\u0000\u0000\u0000\u0000\u0000\u0000\u0000\u0000\u0000\u0000\u0000\u0000\u0000\u0000\u0000\u0000\u0000\u0000\u0000\u0000\u0000\u0000\u0000\u0000\u0000\u0000\u0000\u0000\u0000\u0000\u0000\u0000\u0000\u0000\u0000\u0000\u0000\u0000\u0000\u0000\u0000\u0000\u0000\u0000\u0000\u0000\u0000\u0000\u0000\u0000\u0000\u0000\u0000\u0000\u0000\u0000\u0000\u0000\u0000\u0000\u0000\u0000\u0000\u0000\u0000\u0000\u0000\u0000\u0000\u0000\u0000\u0000\u0000\u0000\u0000\u0000\u0000\u0000\u0000\u0000\u0000\u0000\u0000\u0000\u0000\u0000\u0000\u0000\u0000\u0000\u0000\u0000\u0000\u0000\u0000\u0000\u0000\u0000\u0000\u0000\u0000\u0000\u0000\u0000\u0000\u0000\u0000\u0000\u0000\u0000\u0000",
        "RESOLUTION": 0,
        "ATTRIBUTE": "Natural.Mean High Water",
        "CLASS": "SHORELINE",
        "F_CODE": null,
        "EX_METH": "M",
        "EXTRACT_TE": "P",
        "_selecter_format": "shapefile",
        "_selecter_sourcecrs": "EPSG:4269",
        "_selecter_source": "CA37B08 1857 SF",
        "_selecter_imported": "2026-08-03T23:06:12.543Z"
      },
      "geometry": {
        "type": "LineString",
        "coordinates": [
          [
            -122.443373,
            37.801169
          ],
          [
            -122.443343,
            37.801169
          ],
          [
            -122.443313,
            37.801169
          ],
          [
            -122.443293,
            37.801169
          ],
          [
            -122.443273,
            37.801149
          ],
          [
            -122.443263,
            37.801109
          ],
          [
            -122.443273,
            37.801069
          ],
          [
            -122.443303,
            37.801069
          ],
          [
            -122.443323,
            37.801079
          ],
          [
            -122.443353,
            37.801109
          ],
          [
            -122.443373,
            37.801119
          ],
          [
            -122.443433,
            37.801129
          ],
          [
            -122.443453,
            37.801139
          ],
          [
            -122.443443,
            37.801169
          ],
          [
            -122.443423,
            37.801179
          ],
          [
            -122.443373,
            37.801169
          ]
        ]
      }
    },
    {
      "type": "Feature",
      "properties": {
        "FEATURE_ID": 927767,
        "FEATURE": 20,
        "SOURCE_ID": "T00687",
        "DATA_SOURC": "P",
        "SRC_DATE": "18570101",
        "HOR_ACC": "0",
        "INFORM": "\u0000\u0000\u0000\u0000\u0000\u0000\u0000\u0000\u0000\u0000\u0000\u0000\u0000\u0000\u0000\u0000\u0000\u0000\u0000\u0000\u0000\u0000\u0000\u0000\u0000\u0000\u0000\u0000\u0000\u0000\u0000\u0000\u0000\u0000\u0000\u0000\u0000\u0000\u0000\u0000\u0000\u0000\u0000\u0000\u0000\u0000\u0000\u0000\u0000\u0000\u0000\u0000\u0000\u0000\u0000\u0000\u0000\u0000\u0000\u0000\u0000\u0000\u0000\u0000\u0000\u0000\u0000\u0000\u0000\u0000\u0000\u0000\u0000\u0000\u0000\u0000\u0000\u0000\u0000\u0000\u0000\u0000\u0000\u0000\u0000\u0000\u0000\u0000\u0000\u0000\u0000\u0000\u0000\u0000\u0000\u0000\u0000\u0000\u0000\u0000\u0000\u0000\u0000\u0000\u0000\u0000\u0000\u0000\u0000\u0000\u0000\u0000\u0000\u0000\u0000\u0000\u0000\u0000\u0000\u0000\u0000\u0000\u0000\u0000\u0000\u0000\u0000\u0000\u0000\u0000\u0000\u0000\u0000\u0000\u0000\u0000\u0000\u0000\u0000\u0000\u0000\u0000\u0000\u0000\u0000\u0000\u0000\u0000\u0000\u0000\u0000\u0000\u0000\u0000\u0000\u0000\u0000\u0000\u0000\u0000\u0000\u0000\u0000\u0000\u0000\u0000\u0000\u0000\u0000\u0000\u0000\u0000\u0000\u0000\u0000\u0000\u0000\u0000\u0000\u0000\u0000\u0000\u0000\u0000\u0000\u0000\u0000\u0000\u0000\u0000\u0000\u0000\u0000\u0000\u0000\u0000\u0000\u0000\u0000\u0000\u0000\u0000\u0000\u0000\u0000\u0000\u0000\u0000\u0000\u0000\u0000\u0000\u0000\u0000\u0000\u0000\u0000\u0000\u0000\u0000\u0000\u0000\u0000\u0000\u0000\u0000\u0000\u0000\u0000\u0000\u0000\u0000\u0000\u0000\u0000\u0000\u0000\u0000\u0000\u0000\u0000\u0000\u0000\u0000\u0000\u0000\u0000\u0000\u0000\u0000\u0000\u0000\u0000\u0000",
        "RESOLUTION": 0,
        "ATTRIBUTE": "Natural.Mean High Water",
        "CLASS": "SHORELINE",
        "F_CODE": null,
        "EX_METH": "M",
        "EXTRACT_TE": "P",
        "_selecter_format": "shapefile",
        "_selecter_sourcecrs": "EPSG:4269",
        "_selecter_source": "CA37B08 1857 SF",
        "_selecter_imported": "2026-08-03T23:06:12.543Z"
      },
      "geometry": {
        "type": "LineString",
        "coordinates": [
          [
            -122.444213,
            37.801769
          ],
          [
            -122.444243,
            37.801819
          ],
          [
            -122.444253,
            37.801869
          ],
          [
            -122.444263,
            37.801909
          ],
          [
            -122.444273,
            37.801959
          ],
          [
            -122.444273,
            37.801999
          ],
          [
            -122.444283,
            37.802049
          ],
          [
            -122.444293,
            37.802089
          ],
          [
            -122.444303,
            37.802139
          ],
          [
            -122.444333,
            37.802199
          ],
          [
            -122.444343,
            37.802229
          ],
          [
            -122.444373,
            37.802259
          ],
          [
            -122.444423,
            37.802319
          ],
          [
            -122.444443,
            37.802359
          ],
          [
            -122.444483,
            37.802389
          ],
          [
            -122.444513,
            37.802439
          ],
          [
            -122.444543,
            37.802469
          ],
          [
            -122.444583,
            37.802499
          ],
          [
            -122.444643,
            37.802549
          ],
          [
            -122.444693,
            37.802599
          ],
          [
            -122.444743,
            37.802649
          ],
          [
            -122.444803,
            37.802689
          ],
          [
            -122.444833,
            37.802719
          ],
          [
            -122.444893,
            37.802759
          ],
          [
            -122.444943,
            37.802799
          ],
          [
            -122.445003,
            37.802829
          ],
          [
            -122.445113,
            37.802869
          ],
          [
            -122.445153,
            37.802889
          ],
          [
            -122.445213,
            37.802909
          ],
          [
            -122.445283,
            37.802939
          ],
          [
            -122.445363,
            37.802959
          ],
          [
            -122.445453,
            37.802979
          ],
          [
            -122.445523,
            37.802999
          ],
          [
            -122.445573,
            37.803009
          ],
          [
            -122.445653,
            37.803009
          ],
          [
            -122.445743,
            37.802999
          ],
          [
            -122.445823,
            37.802999
          ],
          [
            -122.445913,
            37.802999
          ],
          [
            -122.445993,
            37.802999
          ],
          [
            -122.446063,
            37.803009
          ],
          [
            -122.446143,
            37.803009
          ],
          [
            -122.446193,
            37.803009
          ],
          [
            -122.446253,
            37.803019
          ],
          [
            -122.446343,
            37.802999
          ],
          [
            -122.446413,
            37.802989
          ],
          [
            -122.446473,
            37.802959
          ],
          [
            -122.446523,
            37.802939
          ],
          [
            -122.446583,
            37.802909
          ],
          [
            -122.446643,
            37.802889
          ],
          [
            -122.446703,
            37.802859
          ],
          [
            -122.446793,
            37.802859
          ],
          [
            -122.446843,
            37.802859
          ],
          [
            -122.446903,
            37.802879
          ],
          [
            -122.446963,
            37.802899
          ],
          [
            -122.447013,
            37.802919
          ],
          [
            -122.447073,
            37.802939
          ],
          [
            -122.447133,
            37.802959
          ],
          [
            -122.447183,
            37.802899
          ],
          [
            -122.447163,
            37.802809
          ],
          [
            -122.447203,
            37.802799
          ],
          [
            -122.447263,
            37.802819
          ],
          [
            -122.447293,
            37.802839
          ],
          [
            -122.447363,
            37.802819
          ],
          [
            -122.447413,
            37.802849
          ],
          [
            -122.447453,
            37.802879
          ],
          [
            -122.447543,
            37.802869
          ],
          [
            -122.447593,
            37.802839
          ],
          [
            -122.447583,
            37.802789
          ],
          [
            -122.447513,
            37.802729
          ],
          [
            -122.447473,
            37.802689
          ],
          [
            -122.447443,
            37.802669
          ],
          [
            -122.447423,
            37.802649
          ],
          [
            -122.447363,
            37.802659
          ],
          [
            -122.447333,
            37.802679
          ],
          [
            -122.447283,
            37.802659
          ],
          [
            -122.447243,
            37.802619
          ],
          [
            -122.447203,
            37.802619
          ],
          [
            -122.447133,
            37.802619
          ],
          [
            -122.447093,
            37.802599
          ],
          [
            -122.447113,
            37.802549
          ],
          [
            -122.447163,
            37.802499
          ],
          [
            -122.447213,
            37.802459
          ],
          [
            -122.447293,
            37.802459
          ],
          [
            -122.447373,
            37.802429
          ],
          [
            -122.447413,
            37.802389
          ],
          [
            -122.447503,
            37.802359
          ],
          [
            -122.447683,
            37.802369
          ],
          [
            -122.447803,
            37.802379
          ],
          [
            -122.447893,
            37.802449
          ],
          [
            -122.447973,
            37.802549
          ],
          [
            -122.448003,
            37.802609
          ],
          [
            -122.448073,
            37.802659
          ],
          [
            -122.448113,
            37.802709
          ],
          [
            -122.448133,
            37.802779
          ],
          [
            -122.448153,
            37.802849
          ]
        ]
      }
    },
    {
      "type": "Feature",
      "properties": {
        "FEATURE_ID": 927768,
        "FEATURE": 20,
        "SOURCE_ID": "T00687",
        "DATA_SOURC": "P",
        "SRC_DATE": "18570101",
        "HOR_ACC": "0",
        "INFORM": "\u0000\u0000\u0000\u0000\u0000\u0000\u0000\u0000\u0000\u0000\u0000\u0000\u0000\u0000\u0000\u0000\u0000\u0000\u0000\u0000\u0000\u0000\u0000\u0000\u0000\u0000\u0000\u0000\u0000\u0000\u0000\u0000\u0000\u0000\u0000\u0000\u0000\u0000\u0000\u0000\u0000\u0000\u0000\u0000\u0000\u0000\u0000\u0000\u0000\u0000\u0000\u0000\u0000\u0000\u0000\u0000\u0000\u0000\u0000\u0000\u0000\u0000\u0000\u0000\u0000\u0000\u0000\u0000\u0000\u0000\u0000\u0000\u0000\u0000\u0000\u0000\u0000\u0000\u0000\u0000\u0000\u0000\u0000\u0000\u0000\u0000\u0000\u0000\u0000\u0000\u0000\u0000\u0000\u0000\u0000\u0000\u0000\u0000\u0000\u0000\u0000\u0000\u0000\u0000\u0000\u0000\u0000\u0000\u0000\u0000\u0000\u0000\u0000\u0000\u0000\u0000\u0000\u0000\u0000\u0000\u0000\u0000\u0000\u0000\u0000\u0000\u0000\u0000\u0000\u0000\u0000\u0000\u0000\u0000\u0000\u0000\u0000\u0000\u0000\u0000\u0000\u0000\u0000\u0000\u0000\u0000\u0000\u0000\u0000\u0000\u0000\u0000\u0000\u0000\u0000\u0000\u0000\u0000\u0000\u0000\u0000\u0000\u0000\u0000\u0000\u0000\u0000\u0000\u0000\u0000\u0000\u0000\u0000\u0000\u0000\u0000\u0000\u0000\u0000\u0000\u0000\u0000\u0000\u0000\u0000\u0000\u0000\u0000\u0000\u0000\u0000\u0000\u0000\u0000\u0000\u0000\u0000\u0000\u0000\u0000\u0000\u0000\u0000\u0000\u0000\u0000\u0000\u0000\u0000\u0000\u0000\u0000\u0000\u0000\u0000\u0000\u0000\u0000\u0000\u0000\u0000\u0000\u0000\u0000\u0000\u0000\u0000\u0000\u0000\u0000\u0000\u0000\u0000\u0000\u0000\u0000\u0000\u0000\u0000\u0000\u0000\u0000\u0000\u0000\u0000\u0000\u0000\u0000\u0000\u0000\u0000\u0000\u0000\u0000",
        "RESOLUTION": 0,
        "ATTRIBUTE": "Natural.Mean High Water",
        "CLASS": "SHORELINE",
        "F_CODE": null,
        "EX_METH": "M",
        "EXTRACT_TE": "P",
        "_selecter_format": "shapefile",
        "_selecter_sourcecrs": "EPSG:4269",
        "_selecter_source": "CA37B08 1857 SF",
        "_selecter_imported": "2026-08-03T23:06:12.543Z"
      },
      "geometry": {
        "type": "LineString",
        "coordinates": [
          [
            -122.448153,
            37.802849
          ],
          [
            -122.448193,
            37.802869
          ],
          [
            -122.448253,
            37.802899
          ],
          [
            -122.448323,
            37.802929
          ],
          [
            -122.448403,
            37.802959
          ],
          [
            -122.448453,
            37.802969
          ],
          [
            -122.448503,
            37.802989
          ],
          [
            -122.448563,
            37.803009
          ],
          [
            -122.448643,
            37.803019
          ],
          [
            -122.448703,
            37.803049
          ],
          [
            -122.448753,
            37.803069
          ],
          [
            -122.448833,
            37.803089
          ],
          [
            -122.448903,
            37.803109
          ],
          [
            -122.448953,
            37.803119
          ],
          [
            -122.449033,
            37.803169
          ],
          [
            -122.449083,
            37.803189
          ],
          [
            -122.449143,
            37.803219
          ],
          [
            -122.449203,
            37.803239
          ],
          [
            -122.449253,
            37.803249
          ],
          [
            -122.449323,
            37.803259
          ],
          [
            -122.449393,
            37.803259
          ],
          [
            -122.449483,
            37.803259
          ],
          [
            -122.449533,
            37.803249
          ],
          [
            -122.449613,
            37.803249
          ],
          [
            -122.449683,
            37.803259
          ],
          [
            -122.449753,
            37.803249
          ],
          [
            -122.449813,
            37.803239
          ],
          [
            -122.449853,
            37.803239
          ],
          [
            -122.449913,
            37.803219
          ],
          [
            -122.449943,
            37.803219
          ],
          [
            -122.449993,
            37.803169
          ],
          [
            -122.450033,
            37.803159
          ],
          [
            -122.450083,
            37.803179
          ],
          [
            -122.450123,
            37.803189
          ],
          [
            -122.450163,
            37.803159
          ],
          [
            -122.450173,
            37.803099
          ],
          [
            -122.450233,
            37.803049
          ],
          [
            -122.450263,
            37.802999
          ],
          [
            -122.450293,
            37.802949
          ],
          [
            -122.450263,
            37.802879
          ],
          [
            -122.450303,
            37.802839
          ],
          [
            -122.450363,
            37.802819
          ],
          [
            -122.450423,
            37.802769
          ],
          [
            -122.450453,
            37.802739
          ],
          [
            -122.450503,
            37.802799
          ],
          [
            -122.450523,
            37.802869
          ],
          [
            -122.450493,
            37.802919
          ],
          [
            -122.450473,
            37.802989
          ],
          [
            -122.450503,
            37.803049
          ],
          [
            -122.450483,
            37.803109
          ],
          [
            -122.450463,
            37.803149
          ],
          [
            -122.450473,
            37.803199
          ],
          [
            -122.450533,
            37.803279
          ],
          [
            -122.450543,
            37.803339
          ],
          [
            -122.450563,
            37.803389
          ],
          [
            -122.450583,
            37.803439
          ]
        ]
      }
    },
    {
      "type": "Feature",
      "properties": {
        "FEATURE_ID": 927769,
        "FEATURE": 20,
        "SOURCE_ID": "T00687",
        "DATA_SOURC": "P",
        "SRC_DATE": "18570101",
        "HOR_ACC": "0",
        "INFORM": "\u0000\u0000\u0000\u0000\u0000\u0000\u0000\u0000\u0000\u0000\u0000\u0000\u0000\u0000\u0000\u0000\u0000\u0000\u0000\u0000\u0000\u0000\u0000\u0000\u0000\u0000\u0000\u0000\u0000\u0000\u0000\u0000\u0000\u0000\u0000\u0000\u0000\u0000\u0000\u0000\u0000\u0000\u0000\u0000\u0000\u0000\u0000\u0000\u0000\u0000\u0000\u0000\u0000\u0000\u0000\u0000\u0000\u0000\u0000\u0000\u0000\u0000\u0000\u0000\u0000\u0000\u0000\u0000\u0000\u0000\u0000\u0000\u0000\u0000\u0000\u0000\u0000\u0000\u0000\u0000\u0000\u0000\u0000\u0000\u0000\u0000\u0000\u0000\u0000\u0000\u0000\u0000\u0000\u0000\u0000\u0000\u0000\u0000\u0000\u0000\u0000\u0000\u0000\u0000\u0000\u0000\u0000\u0000\u0000\u0000\u0000\u0000\u0000\u0000\u0000\u0000\u0000\u0000\u0000\u0000\u0000\u0000\u0000\u0000\u0000\u0000\u0000\u0000\u0000\u0000\u0000\u0000\u0000\u0000\u0000\u0000\u0000\u0000\u0000\u0000\u0000\u0000\u0000\u0000\u0000\u0000\u0000\u0000\u0000\u0000\u0000\u0000\u0000\u0000\u0000\u0000\u0000\u0000\u0000\u0000\u0000\u0000\u0000\u0000\u0000\u0000\u0000\u0000\u0000\u0000\u0000\u0000\u0000\u0000\u0000\u0000\u0000\u0000\u0000\u0000\u0000\u0000\u0000\u0000\u0000\u0000\u0000\u0000\u0000\u0000\u0000\u0000\u0000\u0000\u0000\u0000\u0000\u0000\u0000\u0000\u0000\u0000\u0000\u0000\u0000\u0000\u0000\u0000\u0000\u0000\u0000\u0000\u0000\u0000\u0000\u0000\u0000\u0000\u0000\u0000\u0000\u0000\u0000\u0000\u0000\u0000\u0000\u0000\u0000\u0000\u0000\u0000\u0000\u0000\u0000\u0000\u0000\u0000\u0000\u0000\u0000\u0000\u0000\u0000\u0000\u0000\u0000\u0000\u0000\u0000\u0000\u0000\u0000\u0000",
        "RESOLUTION": 0,
        "ATTRIBUTE": "Natural.Mean High Water",
        "CLASS": "SHORELINE",
        "F_CODE": null,
        "EX_METH": "M",
        "EXTRACT_TE": "P",
        "_selecter_format": "shapefile",
        "_selecter_sourcecrs": "EPSG:4269",
        "_selecter_source": "CA37B08 1857 SF",
        "_selecter_imported": "2026-08-03T23:06:12.543Z"
      },
      "geometry": {
        "type": "LineString",
        "coordinates": [
          [
            -122.450583,
            37.803439
          ],
          [
            -122.450633,
            37.803469
          ],
          [
            -122.450663,
            37.803499
          ],
          [
            -122.450703,
            37.803539
          ],
          [
            -122.450733,
            37.803579
          ],
          [
            -122.450773,
            37.803619
          ],
          [
            -122.450843,
            37.803659
          ],
          [
            -122.450883,
            37.803699
          ],
          [
            -122.450923,
            37.803739
          ],
          [
            -122.450953,
            37.803769
          ],
          [
            -122.450973,
            37.803789
          ],
          [
            -122.450993,
            37.803819
          ],
          [
            -122.451013,
            37.803869
          ],
          [
            -122.451023,
            37.803899
          ],
          [
            -122.451033,
            37.803949
          ],
          [
            -122.451043,
            37.803989
          ],
          [
            -122.451063,
            37.804019
          ],
          [
            -122.451083,
            37.804059
          ],
          [
            -122.451103,
            37.804099
          ]
        ]
      }
    },
    {
      "type": "Feature",
      "properties": {
        "FEATURE_ID": 929700,
        "FEATURE": 20,
        "SOURCE_ID": "T00687",
        "DATA_SOURC": "P",
        "SRC_DATE": "18570101",
        "HOR_ACC": "0",
        "INFORM": "\u0000\u0000\u0000\u0000\u0000\u0000\u0000\u0000\u0000\u0000\u0000\u0000\u0000\u0000\u0000\u0000\u0000\u0000\u0000\u0000\u0000\u0000\u0000\u0000\u0000\u0000\u0000\u0000\u0000\u0000\u0000\u0000\u0000\u0000\u0000\u0000\u0000\u0000\u0000\u0000\u0000\u0000\u0000\u0000\u0000\u0000\u0000\u0000\u0000\u0000\u0000\u0000\u0000\u0000\u0000\u0000\u0000\u0000\u0000\u0000\u0000\u0000\u0000\u0000\u0000\u0000\u0000\u0000\u0000\u0000\u0000\u0000\u0000\u0000\u0000\u0000\u0000\u0000\u0000\u0000\u0000\u0000\u0000\u0000\u0000\u0000\u0000\u0000\u0000\u0000\u0000\u0000\u0000\u0000\u0000\u0000\u0000\u0000\u0000\u0000\u0000\u0000\u0000\u0000\u0000\u0000\u0000\u0000\u0000\u0000\u0000\u0000\u0000\u0000\u0000\u0000\u0000\u0000\u0000\u0000\u0000\u0000\u0000\u0000\u0000\u0000\u0000\u0000\u0000\u0000\u0000\u0000\u0000\u0000\u0000\u0000\u0000\u0000\u0000\u0000\u0000\u0000\u0000\u0000\u0000\u0000\u0000\u0000\u0000\u0000\u0000\u0000\u0000\u0000\u0000\u0000\u0000\u0000\u0000\u0000\u0000\u0000\u0000\u0000\u0000\u0000\u0000\u0000\u0000\u0000\u0000\u0000\u0000\u0000\u0000\u0000\u0000\u0000\u0000\u0000\u0000\u0000\u0000\u0000\u0000\u0000\u0000\u0000\u0000\u0000\u0000\u0000\u0000\u0000\u0000\u0000\u0000\u0000\u0000\u0000\u0000\u0000\u0000\u0000\u0000\u0000\u0000\u0000\u0000\u0000\u0000\u0000\u0000\u0000\u0000\u0000\u0000\u0000\u0000\u0000\u0000\u0000\u0000\u0000\u0000\u0000\u0000\u0000\u0000\u0000\u0000\u0000\u0000\u0000\u0000\u0000\u0000\u0000\u0000\u0000\u0000\u0000\u0000\u0000\u0000\u0000\u0000\u0000\u0000\u0000\u0000\u0000\u0000\u0000",
        "RESOLUTION": 0,
        "ATTRIBUTE": "Natural.Mean High Water",
        "CLASS": "SHORELINE",
        "F_CODE": null,
        "EX_METH": "M",
        "EXTRACT_TE": "P",
        "_selecter_format": "shapefile",
        "_selecter_sourcecrs": "EPSG:4269",
        "_selecter_source": "CA37B08 1857 SF",
        "_selecter_imported": "2026-08-03T23:06:12.543Z"
      },
      "geometry": {
        "type": "LineString",
        "coordinates": [
          [
            -122.408432,
            37.737311
          ],
          [
            -122.408342,
            37.737301
          ],
          [
            -122.408272,
            37.737281
          ],
          [
            -122.408222,
            37.737231
          ],
          [
            -122.408152,
            37.737191
          ],
          [
            -122.408062,
            37.737151
          ],
          [
            -122.407982,
            37.737141
          ],
          [
            -122.407872,
            37.737121
          ],
          [
            -122.407772,
            37.737121
          ],
          [
            -122.407702,
            37.737141
          ],
          [
            -122.407652,
            37.737181
          ],
          [
            -122.407632,
            37.737251
          ],
          [
            -122.407632,
            37.737321
          ],
          [
            -122.407682,
            37.737371
          ],
          [
            -122.407772,
            37.737431
          ],
          [
            -122.407872,
            37.737521
          ],
          [
            -122.407932,
            37.737581
          ],
          [
            -122.407902,
            37.737671
          ],
          [
            -122.407872,
            37.737741
          ],
          [
            -122.407792,
            37.737801
          ],
          [
            -122.407732,
            37.737851
          ],
          [
            -122.407702,
            37.737891
          ],
          [
            -122.407792,
            37.737941
          ],
          [
            -122.407812,
            37.737991
          ],
          [
            -122.407582,
            37.738091
          ],
          [
            -122.407462,
            37.738171
          ],
          [
            -122.407362,
            37.738261
          ],
          [
            -122.407292,
            37.738351
          ],
          [
            -122.407242,
            37.738411
          ],
          [
            -122.407162,
            37.738481
          ],
          [
            -122.407062,
            37.738531
          ],
          [
            -122.406992,
            37.738521
          ],
          [
            -122.406942,
            37.738461
          ],
          [
            -122.406912,
            37.738401
          ],
          [
            -122.406902,
            37.738341
          ],
          [
            -122.406912,
            37.738251
          ],
          [
            -122.406942,
            37.738171
          ],
          [
            -122.406992,
            37.738121
          ],
          [
            -122.407012,
            37.738061
          ],
          [
            -122.406942,
            37.738051
          ],
          [
            -122.406912,
            37.738111
          ],
          [
            -122.406862,
            37.738151
          ],
          [
            -122.406792,
            37.738201
          ],
          [
            -122.406742,
            37.738191
          ],
          [
            -122.406702,
            37.738151
          ],
          [
            -122.406702,
            37.738101
          ],
          [
            -122.406762,
            37.738041
          ],
          [
            -122.406792,
            37.738001
          ],
          [
            -122.406822,
            37.737931
          ],
          [
            -122.406892,
            37.737851
          ],
          [
            -122.406952,
            37.737801
          ],
          [
            -122.406942,
            37.737751
          ],
          [
            -122.406882,
            37.737721
          ],
          [
            -122.406812,
            37.737701
          ],
          [
            -122.406782,
            37.737641
          ],
          [
            -122.406832,
            37.737621
          ],
          [
            -122.406882,
            37.737591
          ],
          [
            -122.406872,
            37.737481
          ],
          [
            -122.406812,
            37.737481
          ],
          [
            -122.406732,
            37.737491
          ],
          [
            -122.406602,
            37.737521
          ],
          [
            -122.406492,
            37.737541
          ],
          [
            -122.406412,
            37.737581
          ],
          [
            -122.406362,
            37.737661
          ],
          [
            -122.406292,
            37.737721
          ],
          [
            -122.406222,
            37.737771
          ],
          [
            -122.406122,
            37.737791
          ],
          [
            -122.406082,
            37.737811
          ],
          [
            -122.406022,
            37.737851
          ],
          [
            -122.405972,
            37.737901
          ],
          [
            -122.405912,
            37.737951
          ],
          [
            -122.405842,
            37.737971
          ],
          [
            -122.405762,
            37.738011
          ],
          [
            -122.405702,
            37.738041
          ],
          [
            -122.405622,
            37.738101
          ],
          [
            -122.405552,
            37.738211
          ],
          [
            -122.405502,
            37.738291
          ],
          [
            -122.405502,
            37.738401
          ],
          [
            -122.405392,
            37.738551
          ],
          [
            -122.405242,
            37.738731
          ],
          [
            -122.405042,
            37.738881
          ],
          [
            -122.404922,
            37.738971
          ],
          [
            -122.404762,
            37.739021
          ],
          [
            -122.404602,
            37.739061
          ],
          [
            -122.404522,
            37.739071
          ],
          [
            -122.404392,
            37.739061
          ],
          [
            -122.404212,
            37.739101
          ],
          [
            -122.404022,
            37.739131
          ],
          [
            -122.403862,
            37.739101
          ],
          [
            -122.403722,
            37.739091
          ],
          [
            -122.403612,
            37.739071
          ],
          [
            -122.403442,
            37.739061
          ],
          [
            -122.403312,
            37.739051
          ],
          [
            -122.403192,
            37.739051
          ],
          [
            -122.403102,
            37.739111
          ],
          [
            -122.403052,
            37.739171
          ],
          [
            -122.402972,
            37.739251
          ],
          [
            -122.402932,
            37.739291
          ],
          [
            -122.402862,
            37.739301
          ],
          [
            -122.402782,
            37.739381
          ],
          [
            -122.402692,
            37.739441
          ],
          [
            -122.402602,
            37.739471
          ],
          [
            -122.402602,
            37.739531
          ],
          [
            -122.402652,
            37.739571
          ],
          [
            -122.402732,
            37.739551
          ],
          [
            -122.402842,
            37.739521
          ],
          [
            -122.402952,
            37.739511
          ],
          [
            -122.403012,
            37.739531
          ],
          [
            -122.403002,
            37.739601
          ],
          [
            -122.403042,
            37.739681
          ],
          [
            -122.403092,
            37.739731
          ],
          [
            -122.403182,
            37.739831
          ],
          [
            -122.403162,
            37.739881
          ],
          [
            -122.403212,
            37.739931
          ],
          [
            -122.403182,
            37.740011
          ],
          [
            -122.403112,
            37.740021
          ],
          [
            -122.402992,
            37.739991
          ],
          [
            -122.402912,
            37.739981
          ],
          [
            -122.402822,
            37.740031
          ],
          [
            -122.402762,
            37.740111
          ],
          [
            -122.402802,
            37.740231
          ],
          [
            -122.402812,
            37.740301
          ],
          [
            -122.402722,
            37.740391
          ],
          [
            -122.402592,
            37.740421
          ],
          [
            -122.402472,
            37.740421
          ],
          [
            -122.402392,
            37.740421
          ],
          [
            -122.402292,
            37.740421
          ],
          [
            -122.402212,
            37.740381
          ],
          [
            -122.402292,
            37.740361
          ],
          [
            -122.402382,
            37.740351
          ],
          [
            -122.402492,
            37.740361
          ],
          [
            -122.402592,
            37.740361
          ],
          [
            -122.402672,
            37.740301
          ],
          [
            -122.402692,
            37.740231
          ],
          [
            -122.402642,
            37.740121
          ],
          [
            -122.402692,
            37.740041
          ],
          [
            -122.402722,
            37.739971
          ],
          [
            -122.402792,
            37.739931
          ],
          [
            -122.402882,
            37.739911
          ],
          [
            -122.402972,
            37.739911
          ],
          [
            -122.403012,
            37.739881
          ],
          [
            -122.402962,
            37.739841
          ],
          [
            -122.402882,
            37.739801
          ],
          [
            -122.402862,
            37.739731
          ],
          [
            -122.402842,
            37.739681
          ],
          [
            -122.402792,
            37.739661
          ],
          [
            -122.402702,
            37.739671
          ],
          [
            -122.402592,
            37.739721
          ],
          [
            -122.402522,
            37.739721
          ],
          [
            -122.402462,
            37.739701
          ],
          [
            -122.402392,
            37.739681
          ],
          [
            -122.402322,
            37.739701
          ],
          [
            -122.402222,
            37.739751
          ],
          [
            -122.402122,
            37.739761
          ],
          [
            -122.402002,
            37.739781
          ],
          [
            -122.401942,
            37.739821
          ],
          [
            -122.401842,
            37.739851
          ],
          [
            -122.401752,
            37.739901
          ],
          [
            -122.401642,
            37.739931
          ],
          [
            -122.401612,
            37.740001
          ],
          [
            -122.401572,
            37.740071
          ],
          [
            -122.401492,
            37.740091
          ],
          [
            -122.401392,
            37.740091
          ],
          [
            -122.401292,
            37.740101
          ],
          [
            -122.401212,
            37.740141
          ],
          [
            -122.401112,
            37.740181
          ],
          [
            -122.401052,
            37.740241
          ],
          [
            -122.401002,
            37.740311
          ],
          [
            -122.400912,
            37.740351
          ],
          [
            -122.400792,
            37.740361
          ],
          [
            -122.400702,
            37.740391
          ],
          [
            -122.400592,
            37.740421
          ],
          [
            -122.400482,
            37.740531
          ],
          [
            -122.400402,
            37.740591
          ],
          [
            -122.400362,
            37.740621
          ],
          [
            -122.400282,
            37.740641
          ],
          [
            -122.400202,
            37.740661
          ],
          [
            -122.400102,
            37.740701
          ],
          [
            -122.400042,
            37.740761
          ],
          [
            -122.399962,
            37.740791
          ],
          [
            -122.399912,
            37.740811
          ],
          [
            -122.399892,
            37.740871
          ],
          [
            -122.399882,
            37.740911
          ],
          [
            -122.399922,
            37.740951
          ],
          [
            -122.400062,
            37.741031
          ],
          [
            -122.400272,
            37.741031
          ],
          [
            -122.400332,
            37.740961
          ],
          [
            -122.400402,
            37.740941
          ],
          [
            -122.400472,
            37.740981
          ],
          [
            -122.400542,
            37.741021
          ],
          [
            -122.400582,
            37.741091
          ],
          [
            -122.400612,
            37.741231
          ],
          [
            -122.400512,
            37.741121
          ],
          [
            -122.400422,
            37.741041
          ],
          [
            -122.400362,
            37.741031
          ],
          [
            -122.400282,
            37.741091
          ],
          [
            -122.400172,
            37.741161
          ],
          [
            -122.400072,
            37.741181
          ],
          [
            -122.400002,
            37.741121
          ],
          [
            -122.399942,
            37.741081
          ]
        ]
      }
    },
    {
      "type": "Feature",
      "properties": {
        "FEATURE_ID": 929701,
        "FEATURE": 20,
        "SOURCE_ID": "T00687",
        "DATA_SOURC": "P",
        "SRC_DATE": "18570101",
        "HOR_ACC": "0",
        "INFORM": "\u0000\u0000\u0000\u0000\u0000\u0000\u0000\u0000\u0000\u0000\u0000\u0000\u0000\u0000\u0000\u0000\u0000\u0000\u0000\u0000\u0000\u0000\u0000\u0000\u0000\u0000\u0000\u0000\u0000\u0000\u0000\u0000\u0000\u0000\u0000\u0000\u0000\u0000\u0000\u0000\u0000\u0000\u0000\u0000\u0000\u0000\u0000\u0000\u0000\u0000\u0000\u0000\u0000\u0000\u0000\u0000\u0000\u0000\u0000\u0000\u0000\u0000\u0000\u0000\u0000\u0000\u0000\u0000\u0000\u0000\u0000\u0000\u0000\u0000\u0000\u0000\u0000\u0000\u0000\u0000\u0000\u0000\u0000\u0000\u0000\u0000\u0000\u0000\u0000\u0000\u0000\u0000\u0000\u0000\u0000\u0000\u0000\u0000\u0000\u0000\u0000\u0000\u0000\u0000\u0000\u0000\u0000\u0000\u0000\u0000\u0000\u0000\u0000\u0000\u0000\u0000\u0000\u0000\u0000\u0000\u0000\u0000\u0000\u0000\u0000\u0000\u0000\u0000\u0000\u0000\u0000\u0000\u0000\u0000\u0000\u0000\u0000\u0000\u0000\u0000\u0000\u0000\u0000\u0000\u0000\u0000\u0000\u0000\u0000\u0000\u0000\u0000\u0000\u0000\u0000\u0000\u0000\u0000\u0000\u0000\u0000\u0000\u0000\u0000\u0000\u0000\u0000\u0000\u0000\u0000\u0000\u0000\u0000\u0000\u0000\u0000\u0000\u0000\u0000\u0000\u0000\u0000\u0000\u0000\u0000\u0000\u0000\u0000\u0000\u0000\u0000\u0000\u0000\u0000\u0000\u0000\u0000\u0000\u0000\u0000\u0000\u0000\u0000\u0000\u0000\u0000\u0000\u0000\u0000\u0000\u0000\u0000\u0000\u0000\u0000\u0000\u0000\u0000\u0000\u0000\u0000\u0000\u0000\u0000\u0000\u0000\u0000\u0000\u0000\u0000\u0000\u0000\u0000\u0000\u0000\u0000\u0000\u0000\u0000\u0000\u0000\u0000\u0000\u0000\u0000\u0000\u0000\u0000\u0000\u0000\u0000\u0000\u0000\u0000",
        "RESOLUTION": 0,
        "ATTRIBUTE": "Natural.Mean High Water",
        "CLASS": "SHORELINE",
        "F_CODE": null,
        "EX_METH": "M",
        "EXTRACT_TE": "P",
        "_selecter_format": "shapefile",
        "_selecter_sourcecrs": "EPSG:4269",
        "_selecter_source": "CA37B08 1857 SF",
        "_selecter_imported": "2026-08-03T23:06:12.543Z"
      },
      "geometry": {
        "type": "LineString",
        "coordinates": [
          [
            -122.420863,
            37.826198
          ],
          [
            -122.420813,
            37.826148
          ],
          [
            -122.420723,
            37.826118
          ],
          [
            -122.420633,
            37.826078
          ],
          [
            -122.420583,
            37.826018
          ],
          [
            -122.420563,
            37.825958
          ],
          [
            -122.420583,
            37.825898
          ],
          [
            -122.420573,
            37.825848
          ],
          [
            -122.420583,
            37.825788
          ],
          [
            -122.420583,
            37.825688
          ],
          [
            -122.420543,
            37.825628
          ],
          [
            -122.420493,
            37.825628
          ],
          [
            -122.420523,
            37.825568
          ],
          [
            -122.420433,
            37.825478
          ],
          [
            -122.420383,
            37.825388
          ],
          [
            -122.420433,
            37.825348
          ],
          [
            -122.420453,
            37.825278
          ],
          [
            -122.420523,
            37.825248
          ],
          [
            -122.420533,
            37.825178
          ],
          [
            -122.420563,
            37.825118
          ],
          [
            -122.420623,
            37.825048
          ],
          [
            -122.420683,
            37.825018
          ],
          [
            -122.420773,
            37.824988
          ],
          [
            -122.420843,
            37.824988
          ],
          [
            -122.420903,
            37.824998
          ],
          [
            -122.421003,
            37.825038
          ],
          [
            -122.421083,
            37.825028
          ],
          [
            -122.421163,
            37.825028
          ],
          [
            -122.421253,
            37.825028
          ],
          [
            -122.421313,
            37.825038
          ],
          [
            -122.421373,
            37.825058
          ],
          [
            -122.421473,
            37.825108
          ],
          [
            -122.421533,
            37.825118
          ],
          [
            -122.421583,
            37.825118
          ],
          [
            -122.421713,
            37.825148
          ],
          [
            -122.421793,
            37.825148
          ],
          [
            -122.421903,
            37.825158
          ],
          [
            -122.421993,
            37.825178
          ],
          [
            -122.422043,
            37.825228
          ],
          [
            -122.422063,
            37.825298
          ],
          [
            -122.422123,
            37.825328
          ],
          [
            -122.422173,
            37.825268
          ],
          [
            -122.422263,
            37.825308
          ],
          [
            -122.422393,
            37.825338
          ],
          [
            -122.422473,
            37.825398
          ],
          [
            -122.422543,
            37.825478
          ],
          [
            -122.422653,
            37.825528
          ],
          [
            -122.422663,
            37.825608
          ],
          [
            -122.422713,
            37.825678
          ],
          [
            -122.422813,
            37.825708
          ],
          [
            -122.422893,
            37.825738
          ],
          [
            -122.422973,
            37.825758
          ],
          [
            -122.423083,
            37.825738
          ],
          [
            -122.423133,
            37.825788
          ],
          [
            -122.423113,
            37.825868
          ],
          [
            -122.423193,
            37.825948
          ],
          [
            -122.423293,
            37.826018
          ],
          [
            -122.423363,
            37.826108
          ],
          [
            -122.423433,
            37.826258
          ],
          [
            -122.423463,
            37.826338
          ],
          [
            -122.423523,
            37.826418
          ],
          [
            -122.423653,
            37.826478
          ],
          [
            -122.423703,
            37.826518
          ],
          [
            -122.423813,
            37.826538
          ],
          [
            -122.423883,
            37.826498
          ],
          [
            -122.423983,
            37.826538
          ],
          [
            -122.424083,
            37.826578
          ],
          [
            -122.424233,
            37.826518
          ],
          [
            -122.424323,
            37.826568
          ],
          [
            -122.424353,
            37.826678
          ],
          [
            -122.424403,
            37.826758
          ],
          [
            -122.424433,
            37.826878
          ],
          [
            -122.424433,
            37.826968
          ],
          [
            -122.424373,
            37.827048
          ],
          [
            -122.424293,
            37.827118
          ],
          [
            -122.424223,
            37.827178
          ],
          [
            -122.424193,
            37.827208
          ],
          [
            -122.424243,
            37.827268
          ],
          [
            -122.424323,
            37.827328
          ],
          [
            -122.424393,
            37.827388
          ],
          [
            -122.424453,
            37.827448
          ],
          [
            -122.424503,
            37.827508
          ],
          [
            -122.424583,
            37.827578
          ],
          [
            -122.424653,
            37.827578
          ],
          [
            -122.424753,
            37.827568
          ],
          [
            -122.424803,
            37.827628
          ],
          [
            -122.424873,
            37.827658
          ],
          [
            -122.424993,
            37.827678
          ],
          [
            -122.425133,
            37.827688
          ],
          [
            -122.425233,
            37.827748
          ],
          [
            -122.425283,
            37.827838
          ],
          [
            -122.425313,
            37.827908
          ],
          [
            -122.425353,
            37.828008
          ],
          [
            -122.425393,
            37.828108
          ],
          [
            -122.425403,
            37.828178
          ],
          [
            -122.425283,
            37.828258
          ],
          [
            -122.425143,
            37.828278
          ],
          [
            -122.424963,
            37.828278
          ],
          [
            -122.424823,
            37.828268
          ],
          [
            -122.424573,
            37.828238
          ],
          [
            -122.424463,
            37.828228
          ],
          [
            -122.424293,
            37.828208
          ],
          [
            -122.424123,
            37.828218
          ],
          [
            -122.424023,
            37.828218
          ],
          [
            -122.423963,
            37.828218
          ],
          [
            -122.423853,
            37.828188
          ]
        ]
      }
    },
    {
      "type": "Feature",
      "properties": {
        "FEATURE_ID": 929702,
        "FEATURE": 20,
        "SOURCE_ID": "T00687",
        "DATA_SOURC": "P",
        "SRC_DATE": "18570101",
        "HOR_ACC": "0",
        "INFORM": "\u0000\u0000\u0000\u0000\u0000\u0000\u0000\u0000\u0000\u0000\u0000\u0000\u0000\u0000\u0000\u0000\u0000\u0000\u0000\u0000\u0000\u0000\u0000\u0000\u0000\u0000\u0000\u0000\u0000\u0000\u0000\u0000\u0000\u0000\u0000\u0000\u0000\u0000\u0000\u0000\u0000\u0000\u0000\u0000\u0000\u0000\u0000\u0000\u0000\u0000\u0000\u0000\u0000\u0000\u0000\u0000\u0000\u0000\u0000\u0000\u0000\u0000\u0000\u0000\u0000\u0000\u0000\u0000\u0000\u0000\u0000\u0000\u0000\u0000\u0000\u0000\u0000\u0000\u0000\u0000\u0000\u0000\u0000\u0000\u0000\u0000\u0000\u0000\u0000\u0000\u0000\u0000\u0000\u0000\u0000\u0000\u0000\u0000\u0000\u0000\u0000\u0000\u0000\u0000\u0000\u0000\u0000\u0000\u0000\u0000\u0000\u0000\u0000\u0000\u0000\u0000\u0000\u0000\u0000\u0000\u0000\u0000\u0000\u0000\u0000\u0000\u0000\u0000\u0000\u0000\u0000\u0000\u0000\u0000\u0000\u0000\u0000\u0000\u0000\u0000\u0000\u0000\u0000\u0000\u0000\u0000\u0000\u0000\u0000\u0000\u0000\u0000\u0000\u0000\u0000\u0000\u0000\u0000\u0000\u0000\u0000\u0000\u0000\u0000\u0000\u0000\u0000\u0000\u0000\u0000\u0000\u0000\u0000\u0000\u0000\u0000\u0000\u0000\u0000\u0000\u0000\u0000\u0000\u0000\u0000\u0000\u0000\u0000\u0000\u0000\u0000\u0000\u0000\u0000\u0000\u0000\u0000\u0000\u0000\u0000\u0000\u0000\u0000\u0000\u0000\u0000\u0000\u0000\u0000\u0000\u0000\u0000\u0000\u0000\u0000\u0000\u0000\u0000\u0000\u0000\u0000\u0000\u0000\u0000\u0000\u0000\u0000\u0000\u0000\u0000\u0000\u0000\u0000\u0000\u0000\u0000\u0000\u0000\u0000\u0000\u0000\u0000\u0000\u0000\u0000\u0000\u0000\u0000\u0000\u0000\u0000\u0000\u0000\u0000",
        "RESOLUTION": 0,
        "ATTRIBUTE": "Natural.Mean High Water",
        "CLASS": "SHORELINE",
        "F_CODE": null,
        "EX_METH": "M",
        "EXTRACT_TE": "P",
        "_selecter_format": "shapefile",
        "_selecter_sourcecrs": "EPSG:4269",
        "_selecter_source": "CA37B08 1857 SF",
        "_selecter_imported": "2026-08-03T23:06:12.543Z"
      },
      "geometry": {
        "type": "LineString",
        "coordinates": [
          [
            -122.436733,
            37.802479
          ],
          [
            -122.436673,
            37.802509
          ],
          [
            -122.436603,
            37.802559
          ],
          [
            -122.436533,
            37.802589
          ],
          [
            -122.436493,
            37.802609
          ],
          [
            -122.436423,
            37.802649
          ],
          [
            -122.436343,
            37.802679
          ],
          [
            -122.436303,
            37.802699
          ],
          [
            -122.436273,
            37.802719
          ],
          [
            -122.436233,
            37.802749
          ],
          [
            -122.436173,
            37.802789
          ],
          [
            -122.436113,
            37.802819
          ],
          [
            -122.436073,
            37.802839
          ],
          [
            -122.436023,
            37.802859
          ],
          [
            -122.435983,
            37.802889
          ],
          [
            -122.435953,
            37.802909
          ],
          [
            -122.435903,
            37.802929
          ],
          [
            -122.435863,
            37.802949
          ],
          [
            -122.435803,
            37.802969
          ],
          [
            -122.435743,
            37.803009
          ],
          [
            -122.435683,
            37.803049
          ],
          [
            -122.435623,
            37.803079
          ],
          [
            -122.435583,
            37.803109
          ],
          [
            -122.435543,
            37.803139
          ],
          [
            -122.435503,
            37.803169
          ],
          [
            -122.435453,
            37.803199
          ],
          [
            -122.435393,
            37.803219
          ],
          [
            -122.435353,
            37.803259
          ],
          [
            -122.435293,
            37.803289
          ],
          [
            -122.435233,
            37.803329
          ],
          [
            -122.435193,
            37.803349
          ],
          [
            -122.435153,
            37.803379
          ],
          [
            -122.435103,
            37.803399
          ],
          [
            -122.435033,
            37.803439
          ],
          [
            -122.434973,
            37.803469
          ],
          [
            -122.434923,
            37.803489
          ],
          [
            -122.434883,
            37.803509
          ],
          [
            -122.434833,
            37.803539
          ],
          [
            -122.434783,
            37.803559
          ],
          [
            -122.434723,
            37.803599
          ],
          [
            -122.434673,
            37.803639
          ],
          [
            -122.434623,
            37.803659
          ],
          [
            -122.434573,
            37.803689
          ],
          [
            -122.434513,
            37.803709
          ],
          [
            -122.434463,
            37.803739
          ],
          [
            -122.434413,
            37.803769
          ],
          [
            -122.434353,
            37.803799
          ],
          [
            -122.434313,
            37.803839
          ],
          [
            -122.434283,
            37.803869
          ],
          [
            -122.434233,
            37.803889
          ],
          [
            -122.434193,
            37.803919
          ],
          [
            -122.434143,
            37.803939
          ],
          [
            -122.434093,
            37.803979
          ],
          [
            -122.433983,
            37.804039
          ],
          [
            -122.433883,
            37.804109
          ],
          [
            -122.433783,
            37.804169
          ],
          [
            -122.433673,
            37.804239
          ],
          [
            -122.433583,
            37.804299
          ],
          [
            -122.433523,
            37.804339
          ],
          [
            -122.433463,
            37.804379
          ],
          [
            -122.433413,
            37.804419
          ],
          [
            -122.433373,
            37.804439
          ],
          [
            -122.433243,
            37.804519
          ],
          [
            -122.433163,
            37.804579
          ],
          [
            -122.433093,
            37.804619
          ],
          [
            -122.433023,
            37.804659
          ],
          [
            -122.432963,
            37.804689
          ],
          [
            -122.432913,
            37.804719
          ],
          [
            -122.432863,
            37.804749
          ],
          [
            -122.432813,
            37.804779
          ],
          [
            -122.432773,
            37.804799
          ],
          [
            -122.432743,
            37.804829
          ],
          [
            -122.432703,
            37.804859
          ],
          [
            -122.432683,
            37.804889
          ],
          [
            -122.432663,
            37.804929
          ],
          [
            -122.432643,
            37.804959
          ],
          [
            -122.432623,
            37.804999
          ],
          [
            -122.432593,
            37.804969
          ],
          [
            -122.432483,
            37.805019
          ],
          [
            -122.432373,
            37.805119
          ],
          [
            -122.432313,
            37.805159
          ],
          [
            -122.432253,
            37.805199
          ],
          [
            -122.432203,
            37.805239
          ],
          [
            -122.432163,
            37.805269
          ],
          [
            -122.432093,
            37.805319
          ],
          [
            -122.432063,
            37.805359
          ],
          [
            -122.432033,
            37.805379
          ],
          [
            -122.431993,
            37.805409
          ],
          [
            -122.431953,
            37.805439
          ],
          [
            -122.431913,
            37.805479
          ],
          [
            -122.431853,
            37.805499
          ],
          [
            -122.431813,
            37.805529
          ],
          [
            -122.431743,
            37.805579
          ],
          [
            -122.431683,
            37.805619
          ],
          [
            -122.431633,
            37.805649
          ],
          [
            -122.431593,
            37.805689
          ],
          [
            -122.431523,
            37.805729
          ],
          [
            -122.431493,
            37.805789
          ],
          [
            -122.431433,
            37.805819
          ],
          [
            -122.431353,
            37.805869
          ],
          [
            -122.431283,
            37.805919
          ],
          [
            -122.431223,
            37.805969
          ],
          [
            -122.431163,
            37.806029
          ],
          [
            -122.431053,
            37.806109
          ],
          [
            -122.430933,
            37.806219
          ],
          [
            -122.430783,
            37.806339
          ],
          [
            -122.430633,
            37.806469
          ],
          [
            -122.430593,
            37.806489
          ],
          [
            -122.430553,
            37.806539
          ],
          [
            -122.430503,
            37.806569
          ],
          [
            -122.430473,
            37.806589
          ],
          [
            -122.430433,
            37.806629
          ],
          [
            -122.430403,
            37.806659
          ],
          [
            -122.430353,
            37.806669
          ],
          [
            -122.430283,
            37.806699
          ],
          [
            -122.430263,
            37.806739
          ],
          [
            -122.430223,
            37.806779
          ],
          [
            -122.430163,
            37.806839
          ],
          [
            -122.430103,
            37.806879
          ],
          [
            -122.430063,
            37.806939
          ],
          [
            -122.430033,
            37.806979
          ],
          [
            -122.429993,
            37.807019
          ],
          [
            -122.429973,
            37.807059
          ],
          [
            -122.429993,
            37.807089
          ],
          [
            -122.430053,
            37.807109
          ],
          [
            -122.430053,
            37.807149
          ],
          [
            -122.430013,
            37.807189
          ],
          [
            -122.429993,
            37.807229
          ],
          [
            -122.429943,
            37.807289
          ],
          [
            -122.429913,
            37.807279
          ],
          [
            -122.429883,
            37.807269
          ],
          [
            -122.429823,
            37.807279
          ],
          [
            -122.429823,
            37.807319
          ],
          [
            -122.429843,
            37.807349
          ],
          [
            -122.429833,
            37.807399
          ],
          [
            -122.429783,
            37.807409
          ],
          [
            -122.429743,
            37.807429
          ],
          [
            -122.429733,
            37.807469
          ],
          [
            -122.429753,
            37.807499
          ],
          [
            -122.429793,
            37.807529
          ],
          [
            -122.429823,
            37.807569
          ],
          [
            -122.429863,
            37.807599
          ],
          [
            -122.429853,
            37.807629
          ],
          [
            -122.429803,
            37.807669
          ],
          [
            -122.429763,
            37.807699
          ],
          [
            -122.429733,
            37.807759
          ],
          [
            -122.429703,
            37.807719
          ],
          [
            -122.429633,
            37.807679
          ],
          [
            -122.429553,
            37.807719
          ],
          [
            -122.429543,
            37.807759
          ],
          [
            -122.429493,
            37.807749
          ],
          [
            -122.429443,
            37.807739
          ],
          [
            -122.429403,
            37.807779
          ],
          [
            -122.429363,
            37.807829
          ],
          [
            -122.429293,
            37.807829
          ],
          [
            -122.429253,
            37.807869
          ],
          [
            -122.429293,
            37.807899
          ],
          [
            -122.429273,
            37.807929
          ],
          [
            -122.429213,
            37.807929
          ],
          [
            -122.429183,
            37.807899
          ],
          [
            -122.429103,
            37.807879
          ],
          [
            -122.429043,
            37.807889
          ],
          [
            -122.428983,
            37.807879
          ],
          [
            -122.428963,
            37.807909
          ],
          [
            -122.428913,
            37.807939
          ],
          [
            -122.428893,
            37.807979
          ],
          [
            -122.428853,
            37.808019
          ],
          [
            -122.428803,
            37.808059
          ],
          [
            -122.428773,
            37.808069
          ],
          [
            -122.428723,
            37.808039
          ],
          [
            -122.428673,
            37.808029
          ],
          [
            -122.428633,
            37.808019
          ],
          [
            -122.428603,
            37.808039
          ],
          [
            -122.428613,
            37.808079
          ],
          [
            -122.428633,
            37.808129
          ],
          [
            -122.428593,
            37.808159
          ],
          [
            -122.428563,
            37.808169
          ],
          [
            -122.428523,
            37.808149
          ],
          [
            -122.428453,
            37.808129
          ],
          [
            -122.428413,
            37.808149
          ],
          [
            -122.428423,
            37.808179
          ],
          [
            -122.428353,
            37.808169
          ],
          [
            -122.428323,
            37.808189
          ],
          [
            -122.428293,
            37.808179
          ],
          [
            -122.428273,
            37.808159
          ],
          [
            -122.428243,
            37.808179
          ],
          [
            -122.428253,
            37.808229
          ],
          [
            -122.428203,
            37.808229
          ],
          [
            -122.428153,
            37.808249
          ],
          [
            -122.428183,
            37.808279
          ],
          [
            -122.428163,
            37.808299
          ],
          [
            -122.428133,
            37.808289
          ],
          [
            -122.428093,
            37.808279
          ],
          [
            -122.428063,
            37.808299
          ],
          [
            -122.428043,
            37.808339
          ],
          [
            -122.428043,
            37.808369
          ],
          [
            -122.427973,
            37.808369
          ],
          [
            -122.427922,
            37.808359
          ],
          [
            -122.427883,
            37.808339
          ],
          [
            -122.427783,
            37.808329
          ],
          [
            -122.427722,
            37.808309
          ],
          [
            -122.427673,
            37.808299
          ],
          [
            -122.427622,
            37.808299
          ],
          [
            -122.427613,
            37.808329
          ],
          [
            -122.427552,
            37.808339
          ],
          [
            -122.427502,
            37.808349
          ],
          [
            -122.427462,
            37.808329
          ],
          [
            -122.427412,
            37.808319
          ],
          [
            -122.427352,
            37.808349
          ],
          [
            -122.427333,
            37.808369
          ],
          [
            -122.427292,
            37.808379
          ],
          [
            -122.427253,
            37.808359
          ],
          [
            -122.427202,
            37.808359
          ],
          [
            -122.427142,
            37.808359
          ],
          [
            -122.427093,
            37.808359
          ],
          [
            -122.427082,
            37.808329
          ],
          [
            -122.427012,
            37.808319
          ],
          [
            -122.426942,
            37.808319
          ],
          [
            -122.426893,
            37.808299
          ],
          [
            -122.426852,
            37.808259
          ],
          [
            -122.426803,
            37.808219
          ],
          [
            -122.426782,
            37.808189
          ],
          [
            -122.426702,
            37.808159
          ],
          [
            -122.426682,
            37.808119
          ],
          [
            -122.426643,
            37.808089
          ],
          [
            -122.426632,
            37.808039
          ],
          [
            -122.426562,
            37.808039
          ],
          [
            -122.426542,
            37.807999
          ],
          [
            -122.426542,
            37.807949
          ],
          [
            -122.426502,
            37.807919
          ],
          [
            -122.426442,
            37.807919
          ],
          [
            -122.426432,
            37.807869
          ],
          [
            -122.426422,
            37.807839
          ],
          [
            -122.426432,
            37.807789
          ],
          [
            -122.426382,
            37.807779
          ],
          [
            -122.426373,
            37.807749
          ],
          [
            -122.426362,
            37.807709
          ],
          [
            -122.426283,
            37.807699
          ],
          [
            -122.426252,
            37.807679
          ],
          [
            -122.426232,
            37.807649
          ],
          [
            -122.426202,
            37.807619
          ],
          [
            -122.426232,
            37.807569
          ],
          [
            -122.426252,
            37.807549
          ],
          [
            -122.426232,
            37.807509
          ],
          [
            -122.426272,
            37.807489
          ],
          [
            -122.426332,
            37.807469
          ],
          [
            -122.426362,
            37.807419
          ],
          [
            -122.426393,
            37.807379
          ],
          [
            -122.426403,
            37.807349
          ],
          [
            -122.426452,
            37.807359
          ],
          [
            -122.426512,
            37.807339
          ],
          [
            -122.426512,
            37.807289
          ],
          [
            -122.426463,
            37.807269
          ],
          [
            -122.426412,
            37.807259
          ],
          [
            -122.426373,
            37.807239
          ],
          [
            -122.426342,
            37.807209
          ],
          [
            -122.426342,
            37.807169
          ],
          [
            -122.426373,
            37.807119
          ],
          [
            -122.426373,
            37.807099
          ],
          [
            -122.426373,
            37.807069
          ],
          [
            -122.426362,
            37.807029
          ],
          [
            -122.426322,
            37.806999
          ],
          [
            -122.426283,
            37.806999
          ],
          [
            -122.426242,
            37.806989
          ],
          [
            -122.426213,
            37.806989
          ],
          [
            -122.426193,
            37.807019
          ],
          [
            -122.426142,
            37.807009
          ],
          [
            -122.426082,
            37.806989
          ],
          [
            -122.426033,
            37.806959
          ],
          [
            -122.426072,
            37.806909
          ],
          [
            -122.426033,
            37.806909
          ],
          [
            -122.425973,
            37.806909
          ],
          [
            -122.425902,
            37.806909
          ],
          [
            -122.425872,
            37.806909
          ],
          [
            -122.425842,
            37.806869
          ],
          [
            -122.425883,
            37.806819
          ],
          [
            -122.425892,
            37.806779
          ],
          [
            -122.425853,
            37.806749
          ],
          [
            -122.425822,
            37.806719
          ],
          [
            -122.425782,
            37.806699
          ],
          [
            -122.425732,
            37.806679
          ],
          [
            -122.425662,
            37.806679
          ],
          [
            -122.425572,
            37.806679
          ],
          [
            -122.425512,
            37.806669
          ],
          [
            -122.425512,
            37.806639
          ],
          [
            -122.425512,
            37.806599
          ],
          [
            -122.425512,
            37.806579
          ],
          [
            -122.425482,
            37.806539
          ],
          [
            -122.425433,
            37.806529
          ],
          [
            -122.425373,
            37.806529
          ],
          [
            -122.425332,
            37.806529
          ],
          [
            -122.425242,
            37.806529
          ],
          [
            -122.425202,
            37.806509
          ],
          [
            -122.425163,
            37.806479
          ],
          [
            -122.425132,
            37.806429
          ],
          [
            -122.425142,
            37.806379
          ],
          [
            -122.425142,
            37.806339
          ],
          [
            -122.425142,
            37.806299
          ],
          [
            -122.425112,
            37.806269
          ],
          [
            -122.425112,
            37.806219
          ],
          [
            -122.425112,
            37.806189
          ],
          [
            -122.425103,
            37.806159
          ],
          [
            -122.425062,
            37.806119
          ],
          [
            -122.425052,
            37.806079
          ],
          [
            -122.425062,
            37.806029
          ],
          [
            -122.425042,
            37.805959
          ],
          [
            -122.425003,
            37.805909
          ],
          [
            -122.424952,
            37.805879
          ],
          [
            -122.424853,
            37.805849
          ],
          [
            -122.424772,
            37.805859
          ],
          [
            -122.424712,
            37.805869
          ],
          [
            -122.424643,
            37.805859
          ],
          [
            -122.424563,
            37.805859
          ],
          [
            -122.424472,
            37.805869
          ],
          [
            -122.424422,
            37.805899
          ],
          [
            -122.424403,
            37.805939
          ],
          [
            -122.424373,
            37.805959
          ],
          [
            -122.424322,
            37.805949
          ],
          [
            -122.424322,
            37.805909
          ],
          [
            -122.424243,
            37.805909
          ],
          [
            -122.424172,
            37.805909
          ],
          [
            -122.424122,
            37.805939
          ],
          [
            -122.424172,
            37.805979
          ],
          [
            -122.424153,
            37.806019
          ],
          [
            -122.424092,
            37.806029
          ],
          [
            -122.424032,
            37.806029
          ],
          [
            -122.424052,
            37.805989
          ],
          [
            -122.424052,
            37.805929
          ],
          [
            -122.423973,
            37.805939
          ],
          [
            -122.423893,
            37.805989
          ],
          [
            -122.423803,
            37.805999
          ],
          [
            -122.423713,
            37.806009
          ],
          [
            -122.423602,
            37.806029
          ],
          [
            -122.423502,
            37.806049
          ],
          [
            -122.423422,
            37.806069
          ],
          [
            -122.423352,
            37.806069
          ],
          [
            -122.423272,
            37.806099
          ],
          [
            -122.423142,
            37.806129
          ],
          [
            -122.422983,
            37.806159
          ],
          [
            -122.422822,
            37.806189
          ],
          [
            -122.422673,
            37.806219
          ],
          [
            -122.422532,
            37.806249
          ],
          [
            -122.422372,
            37.806269
          ],
          [
            -122.422242,
            37.806299
          ],
          [
            -122.422182,
            37.806319
          ],
          [
            -122.421902,
            37.806379
          ],
          [
            -122.421812,
            37.806419
          ],
          [
            -122.421722,
            37.806449
          ],
          [
            -122.421652,
            37.806459
          ],
          [
            -122.421592,
            37.806459
          ],
          [
            -122.421542,
            37.806479
          ],
          [
            -122.421472,
            37.806499
          ],
          [
            -122.421402,
            37.806509
          ],
          [
            -122.421352,
            37.806529
          ],
          [
            -122.421282,
            37.806539
          ],
          [
            -122.421212,
            37.806559
          ],
          [
            -122.421172,
            37.806579
          ],
          [
            -122.421112,
            37.806589
          ],
          [
            -122.421042,
            37.806599
          ],
          [
            -122.420982,
            37.806609
          ],
          [
            -122.420912,
            37.806619
          ],
          [
            -122.420852,
            37.806629
          ],
          [
            -122.420792,
            37.806649
          ],
          [
            -122.420732,
            37.806659
          ],
          [
            -122.420672,
            37.806679
          ],
          [
            -122.420612,
            37.806699
          ],
          [
            -122.420542,
            37.806729
          ],
          [
            -122.420482,
            37.806759
          ],
          [
            -122.420442,
            37.806779
          ],
          [
            -122.420412,
            37.806809
          ],
          [
            -122.420382,
            37.806829
          ],
          [
            -122.420372,
            37.806869
          ],
          [
            -122.420372,
            37.806889
          ],
          [
            -122.420382,
            37.806919
          ],
          [
            -122.420392,
            37.806949
          ],
          [
            -122.420362,
            37.806979
          ],
          [
            -122.420292,
            37.806989
          ],
          [
            -122.420252,
            37.807009
          ],
          [
            -122.420212,
            37.807029
          ],
          [
            -122.420192,
            37.807029
          ],
          [
            -122.420162,
            37.807019
          ],
          [
            -122.420112,
            37.807019
          ],
          [
            -122.420062,
            37.807029
          ],
          [
            -122.420042,
            37.807059
          ],
          [
            -122.420002,
            37.807089
          ],
          [
            -122.419962,
            37.807119
          ],
          [
            -122.419922,
            37.807109
          ],
          [
            -122.419922,
            37.807079
          ],
          [
            -122.419922,
            37.807049
          ],
          [
            -122.419892,
            37.807029
          ],
          [
            -122.419832,
            37.807019
          ],
          [
            -122.419802,
            37.807059
          ],
          [
            -122.419762,
            37.807069
          ],
          [
            -122.419732,
            37.807039
          ],
          [
            -122.419682,
            37.807019
          ],
          [
            -122.419642,
            37.807009
          ],
          [
            -122.419632,
            37.806979
          ],
          [
            -122.419642,
            37.806939
          ],
          [
            -122.419552,
            37.806929
          ],
          [
            -122.419512,
            37.806939
          ],
          [
            -122.419482,
            37.806899
          ],
          [
            -122.419492,
            37.806869
          ],
          [
            -122.419512,
            37.806829
          ],
          [
            -122.419522,
            37.806799
          ],
          [
            -122.419482,
            37.806789
          ],
          [
            -122.419422,
            37.806799
          ],
          [
            -122.419372,
            37.806819
          ],
          [
            -122.419352,
            37.806779
          ],
          [
            -122.419322,
            37.806759
          ],
          [
            -122.419292,
            37.806729
          ],
          [
            -122.419262,
            37.806699
          ],
          [
            -122.419192,
            37.806669
          ],
          [
            -122.419152,
            37.806659
          ],
          [
            -122.419082,
            37.806659
          ],
          [
            -122.419032,
            37.806649
          ],
          [
            -122.418982,
            37.806639
          ],
          [
            -122.418942,
            37.806619
          ],
          [
            -122.418922,
            37.806589
          ],
          [
            -122.418942,
            37.806559
          ],
          [
            -122.418982,
            37.806539
          ],
          [
            -122.419022,
            37.806519
          ],
          [
            -122.419042,
            37.806469
          ],
          [
            -122.419032,
            37.806399
          ],
          [
            -122.419022,
            37.806339
          ],
          [
            -122.419002,
            37.806299
          ],
          [
            -122.418992,
            37.806249
          ],
          [
            -122.418962,
            37.806189
          ],
          [
            -122.418952,
            37.806159
          ],
          [
            -122.418942,
            37.806109
          ],
          [
            -122.418942,
            37.806069
          ],
          [
            -122.418942,
            37.806019
          ],
          [
            -122.418942,
            37.805989
          ],
          [
            -122.418932,
            37.805949
          ],
          [
            -122.418902,
            37.805919
          ],
          [
            -122.418872,
            37.805889
          ],
          [
            -122.418862,
            37.805849
          ],
          [
            -122.418842,
            37.805819
          ],
          [
            -122.418822,
            37.805779
          ],
          [
            -122.418802,
            37.805749
          ],
          [
            -122.418792,
            37.805709
          ],
          [
            -122.418762,
            37.805679
          ],
          [
            -122.418742,
            37.805649
          ],
          [
            -122.418722,
            37.805609
          ],
          [
            -122.418702,
            37.805579
          ],
          [
            -122.418662,
            37.805549
          ],
          [
            -122.418602,
            37.805539
          ],
          [
            -122.418562,
            37.805529
          ],
          [
            -122.418502,
            37.805519
          ],
          [
            -122.418442,
            37.805529
          ],
          [
            -122.418392,
            37.805529
          ],
          [
            -122.418352,
            37.805519
          ],
          [
            -122.418312,
            37.805489
          ],
          [
            -122.418242,
            37.805469
          ],
          [
            -122.418202,
            37.805439
          ],
          [
            -122.418142,
            37.805439
          ],
          [
            -122.418092,
            37.805449
          ],
          [
            -122.418062,
            37.805439
          ],
          [
            -122.418012,
            37.805409
          ],
          [
            -122.417962,
            37.805399
          ],
          [
            -122.417912,
            37.805399
          ],
          [
            -122.417872,
            37.805429
          ],
          [
            -122.417822,
            37.805399
          ],
          [
            -122.417742,
            37.805359
          ],
          [
            -122.417642,
            37.805359
          ],
          [
            -122.417582,
            37.805359
          ],
          [
            -122.417552,
            37.805339
          ],
          [
            -122.417492,
            37.805299
          ],
          [
            -122.417452,
            37.805269
          ],
          [
            -122.417422,
            37.805239
          ],
          [
            -122.417402,
            37.805189
          ],
          [
            -122.417382,
            37.805129
          ],
          [
            -122.417372,
            37.805089
          ],
          [
            -122.417362,
            37.805049
          ],
          [
            -122.417312,
            37.805059
          ],
          [
            -122.417252,
            37.805029
          ],
          [
            -122.417182,
            37.804979
          ],
          [
            -122.417132,
            37.804919
          ],
          [
            -122.417082,
            37.804839
          ],
          [
            -122.417062,
            37.804789
          ],
          [
            -122.417012,
            37.804719
          ],
          [
            -122.416992,
            37.804679
          ],
          [
            -122.416962,
            37.804639
          ],
          [
            -122.417002,
            37.804619
          ],
          [
            -122.417032,
            37.804569
          ],
          [
            -122.417022,
            37.804509
          ],
          [
            -122.417002,
            37.804479
          ],
          [
            -122.416972,
            37.804409
          ],
          [
            -122.416952,
            37.804369
          ],
          [
            -122.416922,
            37.804309
          ],
          [
            -122.416892,
            37.804289
          ],
          [
            -122.416852,
            37.804279
          ],
          [
            -122.416832,
            37.804249
          ],
          [
            -122.416772,
            37.804239
          ],
          [
            -122.416742,
            37.804249
          ],
          [
            -122.416702,
            37.804239
          ],
          [
            -122.416672,
            37.804199
          ],
          [
            -122.416642,
            37.804149
          ],
          [
            -122.416612,
            37.804119
          ],
          [
            -122.416562,
            37.804099
          ],
          [
            -122.416522,
            37.804079
          ],
          [
            -122.416442,
            37.804049
          ],
          [
            -122.416382,
            37.804019
          ],
          [
            -122.416322,
            37.803989
          ],
          [
            -122.416252,
            37.803969
          ],
          [
            -122.416172,
            37.803959
          ],
          [
            -122.416142,
            37.803949
          ],
          [
            -122.416082,
            37.803939
          ],
          [
            -122.416022,
            37.803939
          ],
          [
            -122.415932,
            37.803929
          ],
          [
            -122.415822,
            37.803929
          ],
          [
            -122.415682,
            37.803939
          ],
          [
            -122.415582,
            37.803959
          ],
          [
            -122.415472,
            37.803979
          ],
          [
            -122.415412,
            37.803989
          ],
          [
            -122.415322,
            37.803999
          ],
          [
            -122.415162,
            37.804019
          ],
          [
            -122.414972,
            37.804049
          ],
          [
            -122.414882,
            37.804059
          ],
          [
            -122.414832,
            37.804069
          ],
          [
            -122.414812,
            37.804089
          ]
        ]
      }
    },
    {
      "type": "Feature",
      "properties": {
        "FEATURE_ID": 929703,
        "FEATURE": 20,
        "SOURCE_ID": "T00687",
        "DATA_SOURC": "P",
        "SRC_DATE": "18570101",
        "HOR_ACC": "0",
        "INFORM": "\u0000\u0000\u0000\u0000\u0000\u0000\u0000\u0000\u0000\u0000\u0000\u0000\u0000\u0000\u0000\u0000\u0000\u0000\u0000\u0000\u0000\u0000\u0000\u0000\u0000\u0000\u0000\u0000\u0000\u0000\u0000\u0000\u0000\u0000\u0000\u0000\u0000\u0000\u0000\u0000\u0000\u0000\u0000\u0000\u0000\u0000\u0000\u0000\u0000\u0000\u0000\u0000\u0000\u0000\u0000\u0000\u0000\u0000\u0000\u0000\u0000\u0000\u0000\u0000\u0000\u0000\u0000\u0000\u0000\u0000\u0000\u0000\u0000\u0000\u0000\u0000\u0000\u0000\u0000\u0000\u0000\u0000\u0000\u0000\u0000\u0000\u0000\u0000\u0000\u0000\u0000\u0000\u0000\u0000\u0000\u0000\u0000\u0000\u0000\u0000\u0000\u0000\u0000\u0000\u0000\u0000\u0000\u0000\u0000\u0000\u0000\u0000\u0000\u0000\u0000\u0000\u0000\u0000\u0000\u0000\u0000\u0000\u0000\u0000\u0000\u0000\u0000\u0000\u0000\u0000\u0000\u0000\u0000\u0000\u0000\u0000\u0000\u0000\u0000\u0000\u0000\u0000\u0000\u0000\u0000\u0000\u0000\u0000\u0000\u0000\u0000\u0000\u0000\u0000\u0000\u0000\u0000\u0000\u0000\u0000\u0000\u0000\u0000\u0000\u0000\u0000\u0000\u0000\u0000\u0000\u0000\u0000\u0000\u0000\u0000\u0000\u0000\u0000\u0000\u0000\u0000\u0000\u0000\u0000\u0000\u0000\u0000\u0000\u0000\u0000\u0000\u0000\u0000\u0000\u0000\u0000\u0000\u0000\u0000\u0000\u0000\u0000\u0000\u0000\u0000\u0000\u0000\u0000\u0000\u0000\u0000\u0000\u0000\u0000\u0000\u0000\u0000\u0000\u0000\u0000\u0000\u0000\u0000\u0000\u0000\u0000\u0000\u0000\u0000\u0000\u0000\u0000\u0000\u0000\u0000\u0000\u0000\u0000\u0000\u0000\u0000\u0000\u0000\u0000\u0000\u0000\u0000\u0000\u0000\u0000\u0000\u0000\u0000\u0000",
        "RESOLUTION": 0,
        "ATTRIBUTE": "Natural.Mean High Water",
        "CLASS": "SHORELINE",
        "F_CODE": null,
        "EX_METH": "M",
        "EXTRACT_TE": "P",
        "_selecter_format": "shapefile",
        "_selecter_sourcecrs": "EPSG:4269",
        "_selecter_source": "CA37B08 1857 SF",
        "_selecter_imported": "2026-08-03T23:06:12.543Z"
      },
      "geometry": {
        "type": "LineString",
        "coordinates": [
          [
            -122.423853,
            37.828188
          ],
          [
            -122.423793,
            37.828158
          ],
          [
            -122.423633,
            37.828068
          ],
          [
            -122.423223,
            37.827858
          ],
          [
            -122.422853,
            37.827678
          ],
          [
            -122.422723,
            37.827588
          ],
          [
            -122.422613,
            37.827538
          ],
          [
            -122.422523,
            37.827498
          ],
          [
            -122.422453,
            37.827418
          ],
          [
            -122.422383,
            37.827428
          ],
          [
            -122.422323,
            37.827328
          ],
          [
            -122.422253,
            37.827298
          ],
          [
            -122.422183,
            37.827248
          ],
          [
            -122.422103,
            37.827248
          ],
          [
            -122.422023,
            37.827248
          ],
          [
            -122.421993,
            37.827158
          ],
          [
            -122.421943,
            37.827118
          ],
          [
            -122.421813,
            37.827118
          ],
          [
            -122.421743,
            37.827058
          ],
          [
            -122.421673,
            37.827068
          ],
          [
            -122.421603,
            37.826998
          ],
          [
            -122.421363,
            37.826868
          ],
          [
            -122.421283,
            37.826908
          ],
          [
            -122.420923,
            37.826688
          ],
          [
            -122.420993,
            37.826488
          ],
          [
            -122.420863,
            37.826198
          ]
        ]
      }
    },
    {
      "type": "Feature",
      "properties": {
        "FEATURE_ID": 929704,
        "FEATURE": 20,
        "SOURCE_ID": "T00687",
        "DATA_SOURC": "P",
        "SRC_DATE": "18570101",
        "HOR_ACC": "0",
        "INFORM": "\u0000\u0000\u0000\u0000\u0000\u0000\u0000\u0000\u0000\u0000\u0000\u0000\u0000\u0000\u0000\u0000\u0000\u0000\u0000\u0000\u0000\u0000\u0000\u0000\u0000\u0000\u0000\u0000\u0000\u0000\u0000\u0000\u0000\u0000\u0000\u0000\u0000\u0000\u0000\u0000\u0000\u0000\u0000\u0000\u0000\u0000\u0000\u0000\u0000\u0000\u0000\u0000\u0000\u0000\u0000\u0000\u0000\u0000\u0000\u0000\u0000\u0000\u0000\u0000\u0000\u0000\u0000\u0000\u0000\u0000\u0000\u0000\u0000\u0000\u0000\u0000\u0000\u0000\u0000\u0000\u0000\u0000\u0000\u0000\u0000\u0000\u0000\u0000\u0000\u0000\u0000\u0000\u0000\u0000\u0000\u0000\u0000\u0000\u0000\u0000\u0000\u0000\u0000\u0000\u0000\u0000\u0000\u0000\u0000\u0000\u0000\u0000\u0000\u0000\u0000\u0000\u0000\u0000\u0000\u0000\u0000\u0000\u0000\u0000\u0000\u0000\u0000\u0000\u0000\u0000\u0000\u0000\u0000\u0000\u0000\u0000\u0000\u0000\u0000\u0000\u0000\u0000\u0000\u0000\u0000\u0000\u0000\u0000\u0000\u0000\u0000\u0000\u0000\u0000\u0000\u0000\u0000\u0000\u0000\u0000\u0000\u0000\u0000\u0000\u0000\u0000\u0000\u0000\u0000\u0000\u0000\u0000\u0000\u0000\u0000\u0000\u0000\u0000\u0000\u0000\u0000\u0000\u0000\u0000\u0000\u0000\u0000\u0000\u0000\u0000\u0000\u0000\u0000\u0000\u0000\u0000\u0000\u0000\u0000\u0000\u0000\u0000\u0000\u0000\u0000\u0000\u0000\u0000\u0000\u0000\u0000\u0000\u0000\u0000\u0000\u0000\u0000\u0000\u0000\u0000\u0000\u0000\u0000\u0000\u0000\u0000\u0000\u0000\u0000\u0000\u0000\u0000\u0000\u0000\u0000\u0000\u0000\u0000\u0000\u0000\u0000\u0000\u0000\u0000\u0000\u0000\u0000\u0000\u0000\u0000\u0000\u0000\u0000\u0000",
        "RESOLUTION": 0,
        "ATTRIBUTE": "Natural.Mean High Water",
        "CLASS": "SHORELINE",
        "F_CODE": null,
        "EX_METH": "M",
        "EXTRACT_TE": "P",
        "_selecter_format": "shapefile",
        "_selecter_sourcecrs": "EPSG:4269",
        "_selecter_source": "CA37B08 1857 SF",
        "_selecter_imported": "2026-08-03T23:06:12.543Z"
      },
      "geometry": {
        "type": "LineString",
        "coordinates": [
          [
            -122.393492,
            37.777259
          ],
          [
            -122.393552,
            37.777339
          ],
          [
            -122.393562,
            37.777409
          ],
          [
            -122.393612,
            37.777489
          ],
          [
            -122.393682,
            37.777579
          ],
          [
            -122.393742,
            37.777749
          ],
          [
            -122.393862,
            37.777739
          ],
          [
            -122.394072,
            37.777759
          ]
        ]
      }
    },
    {
      "type": "Feature",
      "properties": {
        "FEATURE_ID": 929706,
        "FEATURE": 20,
        "SOURCE_ID": "T00687",
        "DATA_SOURC": "P",
        "SRC_DATE": "18570101",
        "HOR_ACC": "0",
        "INFORM": "\u0000\u0000\u0000\u0000\u0000\u0000\u0000\u0000\u0000\u0000\u0000\u0000\u0000\u0000\u0000\u0000\u0000\u0000\u0000\u0000\u0000\u0000\u0000\u0000\u0000\u0000\u0000\u0000\u0000\u0000\u0000\u0000\u0000\u0000\u0000\u0000\u0000\u0000\u0000\u0000\u0000\u0000\u0000\u0000\u0000\u0000\u0000\u0000\u0000\u0000\u0000\u0000\u0000\u0000\u0000\u0000\u0000\u0000\u0000\u0000\u0000\u0000\u0000\u0000\u0000\u0000\u0000\u0000\u0000\u0000\u0000\u0000\u0000\u0000\u0000\u0000\u0000\u0000\u0000\u0000\u0000\u0000\u0000\u0000\u0000\u0000\u0000\u0000\u0000\u0000\u0000\u0000\u0000\u0000\u0000\u0000\u0000\u0000\u0000\u0000\u0000\u0000\u0000\u0000\u0000\u0000\u0000\u0000\u0000\u0000\u0000\u0000\u0000\u0000\u0000\u0000\u0000\u0000\u0000\u0000\u0000\u0000\u0000\u0000\u0000\u0000\u0000\u0000\u0000\u0000\u0000\u0000\u0000\u0000\u0000\u0000\u0000\u0000\u0000\u0000\u0000\u0000\u0000\u0000\u0000\u0000\u0000\u0000\u0000\u0000\u0000\u0000\u0000\u0000\u0000\u0000\u0000\u0000\u0000\u0000\u0000\u0000\u0000\u0000\u0000\u0000\u0000\u0000\u0000\u0000\u0000\u0000\u0000\u0000\u0000\u0000\u0000\u0000\u0000\u0000\u0000\u0000\u0000\u0000\u0000\u0000\u0000\u0000\u0000\u0000\u0000\u0000\u0000\u0000\u0000\u0000\u0000\u0000\u0000\u0000\u0000\u0000\u0000\u0000\u0000\u0000\u0000\u0000\u0000\u0000\u0000\u0000\u0000\u0000\u0000\u0000\u0000\u0000\u0000\u0000\u0000\u0000\u0000\u0000\u0000\u0000\u0000\u0000\u0000\u0000\u0000\u0000\u0000\u0000\u0000\u0000\u0000\u0000\u0000\u0000\u0000\u0000\u0000\u0000\u0000\u0000\u0000\u0000\u0000\u0000\u0000\u0000\u0000\u0000",
        "RESOLUTION": 0,
        "ATTRIBUTE": "Natural.Mean High Water",
        "CLASS": "SHORELINE",
        "F_CODE": null,
        "EX_METH": "M",
        "EXTRACT_TE": "P",
        "_selecter_format": "shapefile",
        "_selecter_sourcecrs": "EPSG:4269",
        "_selecter_source": "CA37B08 1857 SF",
        "_selecter_imported": "2026-08-03T23:06:12.543Z"
      },
      "geometry": {
        "type": "LineString",
        "coordinates": [
          [
            -122.405862,
            37.741641
          ],
          [
            -122.405762,
            37.741621
          ],
          [
            -122.405672,
            37.741621
          ],
          [
            -122.405582,
            37.741661
          ],
          [
            -122.405532,
            37.741671
          ],
          [
            -122.405362,
            37.741671
          ],
          [
            -122.405312,
            37.741671
          ],
          [
            -122.405232,
            37.741651
          ],
          [
            -122.405182,
            37.741641
          ],
          [
            -122.405112,
            37.741681
          ],
          [
            -122.405032,
            37.741741
          ],
          [
            -122.404942,
            37.741771
          ],
          [
            -122.404922,
            37.741861
          ],
          [
            -122.405022,
            37.741881
          ],
          [
            -122.405092,
            37.741911
          ],
          [
            -122.405162,
            37.741961
          ],
          [
            -122.405272,
            37.741971
          ],
          [
            -122.405382,
            37.742041
          ],
          [
            -122.405442,
            37.742041
          ],
          [
            -122.405562,
            37.741991
          ],
          [
            -122.405682,
            37.741961
          ],
          [
            -122.405822,
            37.742021
          ]
        ]
      }
    },
    {
      "type": "Feature",
      "properties": {
        "FEATURE_ID": 928739,
        "FEATURE": 20,
        "SOURCE_ID": "T00687",
        "DATA_SOURC": "P",
        "SRC_DATE": "18570101",
        "HOR_ACC": "0",
        "INFORM": "\u0000\u0000\u0000\u0000\u0000\u0000\u0000\u0000\u0000\u0000\u0000\u0000\u0000\u0000\u0000\u0000\u0000\u0000\u0000\u0000\u0000\u0000\u0000\u0000\u0000\u0000\u0000\u0000\u0000\u0000\u0000\u0000\u0000\u0000\u0000\u0000\u0000\u0000\u0000\u0000\u0000\u0000\u0000\u0000\u0000\u0000\u0000\u0000\u0000\u0000\u0000\u0000\u0000\u0000\u0000\u0000\u0000\u0000\u0000\u0000\u0000\u0000\u0000\u0000\u0000\u0000\u0000\u0000\u0000\u0000\u0000\u0000\u0000\u0000\u0000\u0000\u0000\u0000\u0000\u0000\u0000\u0000\u0000\u0000\u0000\u0000\u0000\u0000\u0000\u0000\u0000\u0000\u0000\u0000\u0000\u0000\u0000\u0000\u0000\u0000\u0000\u0000\u0000\u0000\u0000\u0000\u0000\u0000\u0000\u0000\u0000\u0000\u0000\u0000\u0000\u0000\u0000\u0000\u0000\u0000\u0000\u0000\u0000\u0000\u0000\u0000\u0000\u0000\u0000\u0000\u0000\u0000\u0000\u0000\u0000\u0000\u0000\u0000\u0000\u0000\u0000\u0000\u0000\u0000\u0000\u0000\u0000\u0000\u0000\u0000\u0000\u0000\u0000\u0000\u0000\u0000\u0000\u0000\u0000\u0000\u0000\u0000\u0000\u0000\u0000\u0000\u0000\u0000\u0000\u0000\u0000\u0000\u0000\u0000\u0000\u0000\u0000\u0000\u0000\u0000\u0000\u0000\u0000\u0000\u0000\u0000\u0000\u0000\u0000\u0000\u0000\u0000\u0000\u0000\u0000\u0000\u0000\u0000\u0000\u0000\u0000\u0000\u0000\u0000\u0000\u0000\u0000\u0000\u0000\u0000\u0000\u0000\u0000\u0000\u0000\u0000\u0000\u0000\u0000\u0000\u0000\u0000\u0000\u0000\u0000\u0000\u0000\u0000\u0000\u0000\u0000\u0000\u0000\u0000\u0000\u0000\u0000\u0000\u0000\u0000\u0000\u0000\u0000\u0000\u0000\u0000\u0000\u0000\u0000\u0000\u0000\u0000\u0000\u0000",
        "RESOLUTION": 0,
        "ATTRIBUTE": "Natural.Mean High Water",
        "CLASS": "SHORELINE",
        "F_CODE": null,
        "EX_METH": "M",
        "EXTRACT_TE": "P",
        "_selecter_format": "shapefile",
        "_selecter_sourcecrs": "EPSG:4269",
        "_selecter_source": "CA37B08 1857 SF",
        "_selecter_imported": "2026-08-03T23:06:12.543Z"
      },
      "geometry": {
        "type": "LineString",
        "coordinates": [
          [
            -122.389372,
            37.788119
          ],
          [
            -122.389582,
            37.788089
          ],
          [
            -122.389822,
            37.787989
          ],
          [
            -122.389942,
            37.787889
          ],
          [
            -122.389982,
            37.787759
          ],
          [
            -122.390032,
            37.787659
          ],
          [
            -122.390042,
            37.787609
          ],
          [
            -122.390142,
            37.787559
          ],
          [
            -122.390222,
            37.787519
          ],
          [
            -122.390242,
            37.787409
          ],
          [
            -122.390242,
            37.787289
          ],
          [
            -122.390212,
            37.787199
          ],
          [
            -122.390192,
            37.787109
          ],
          [
            -122.390162,
            37.787029
          ],
          [
            -122.390182,
            37.786929
          ],
          [
            -122.390222,
            37.786829
          ],
          [
            -122.390202,
            37.786639
          ],
          [
            -122.390302,
            37.786559
          ],
          [
            -122.390412,
            37.786479
          ],
          [
            -122.390512,
            37.786399
          ],
          [
            -122.390652,
            37.786189
          ],
          [
            -122.390712,
            37.786069
          ],
          [
            -122.390762,
            37.785989
          ],
          [
            -122.390782,
            37.785899
          ],
          [
            -122.390802,
            37.785819
          ],
          [
            -122.390842,
            37.785709
          ],
          [
            -122.390822,
            37.785639
          ],
          [
            -122.390872,
            37.785539
          ],
          [
            -122.390852,
            37.785459
          ],
          [
            -122.390802,
            37.785369
          ],
          [
            -122.390872,
            37.785279
          ],
          [
            -122.390912,
            37.785179
          ],
          [
            -122.390932,
            37.785089
          ],
          [
            -122.390932,
            37.784989
          ],
          [
            -122.390932,
            37.784909
          ],
          [
            -122.390992,
            37.784839
          ],
          [
            -122.391052,
            37.784809
          ],
          [
            -122.391122,
            37.784779
          ],
          [
            -122.391152,
            37.784719
          ],
          [
            -122.391092,
            37.784619
          ],
          [
            -122.391102,
            37.784519
          ],
          [
            -122.391152,
            37.784419
          ],
          [
            -122.391202,
            37.784329
          ],
          [
            -122.391152,
            37.784219
          ],
          [
            -122.391172,
            37.784119
          ],
          [
            -122.391202,
            37.784039
          ],
          [
            -122.391222,
            37.783919
          ],
          [
            -122.391282,
            37.783819
          ],
          [
            -122.391302,
            37.783709
          ],
          [
            -122.391352,
            37.783589
          ],
          [
            -122.391422,
            37.783479
          ],
          [
            -122.391442,
            37.783359
          ],
          [
            -122.391442,
            37.783279
          ],
          [
            -122.391492,
            37.783159
          ],
          [
            -122.391512,
            37.783039
          ],
          [
            -122.391552,
            37.782899
          ],
          [
            -122.391562,
            37.782789
          ],
          [
            -122.391582,
            37.782689
          ],
          [
            -122.391602,
            37.782599
          ],
          [
            -122.391622,
            37.782499
          ],
          [
            -122.391582,
            37.782449
          ],
          [
            -122.391502,
            37.782329
          ],
          [
            -122.391472,
            37.782139
          ],
          [
            -122.391402,
            37.782059
          ],
          [
            -122.391412,
            37.781969
          ],
          [
            -122.391342,
            37.781909
          ],
          [
            -122.391242,
            37.781839
          ],
          [
            -122.391112,
            37.781859
          ],
          [
            -122.391032,
            37.781809
          ],
          [
            -122.390982,
            37.781729
          ],
          [
            -122.390932,
            37.781689
          ],
          [
            -122.390792,
            37.781649
          ],
          [
            -122.390792,
            37.781559
          ],
          [
            -122.390652,
            37.781479
          ],
          [
            -122.390522,
            37.781459
          ],
          [
            -122.390392,
            37.781429
          ],
          [
            -122.390282,
            37.781409
          ],
          [
            -122.390202,
            37.781409
          ],
          [
            -122.390112,
            37.781449
          ],
          [
            -122.390082,
            37.781529
          ],
          [
            -122.389992,
            37.781509
          ],
          [
            -122.389902,
            37.781459
          ],
          [
            -122.389802,
            37.781389
          ],
          [
            -122.389752,
            37.781289
          ],
          [
            -122.389742,
            37.781219
          ],
          [
            -122.389822,
            37.781169
          ],
          [
            -122.389882,
            37.781089
          ],
          [
            -122.389842,
            37.781049
          ],
          [
            -122.389782,
            37.781039
          ],
          [
            -122.389672,
            37.781069
          ],
          [
            -122.389602,
            37.781069
          ],
          [
            -122.389562,
            37.780909
          ]
        ]
      }
    },
    {
      "type": "Feature",
      "properties": {
        "FEATURE_ID": 928741,
        "FEATURE": 20,
        "SOURCE_ID": "T00687",
        "DATA_SOURC": "P",
        "SRC_DATE": "18570101",
        "HOR_ACC": "0",
        "INFORM": "\u0000\u0000\u0000\u0000\u0000\u0000\u0000\u0000\u0000\u0000\u0000\u0000\u0000\u0000\u0000\u0000\u0000\u0000\u0000\u0000\u0000\u0000\u0000\u0000\u0000\u0000\u0000\u0000\u0000\u0000\u0000\u0000\u0000\u0000\u0000\u0000\u0000\u0000\u0000\u0000\u0000\u0000\u0000\u0000\u0000\u0000\u0000\u0000\u0000\u0000\u0000\u0000\u0000\u0000\u0000\u0000\u0000\u0000\u0000\u0000\u0000\u0000\u0000\u0000\u0000\u0000\u0000\u0000\u0000\u0000\u0000\u0000\u0000\u0000\u0000\u0000\u0000\u0000\u0000\u0000\u0000\u0000\u0000\u0000\u0000\u0000\u0000\u0000\u0000\u0000\u0000\u0000\u0000\u0000\u0000\u0000\u0000\u0000\u0000\u0000\u0000\u0000\u0000\u0000\u0000\u0000\u0000\u0000\u0000\u0000\u0000\u0000\u0000\u0000\u0000\u0000\u0000\u0000\u0000\u0000\u0000\u0000\u0000\u0000\u0000\u0000\u0000\u0000\u0000\u0000\u0000\u0000\u0000\u0000\u0000\u0000\u0000\u0000\u0000\u0000\u0000\u0000\u0000\u0000\u0000\u0000\u0000\u0000\u0000\u0000\u0000\u0000\u0000\u0000\u0000\u0000\u0000\u0000\u0000\u0000\u0000\u0000\u0000\u0000\u0000\u0000\u0000\u0000\u0000\u0000\u0000\u0000\u0000\u0000\u0000\u0000\u0000\u0000\u0000\u0000\u0000\u0000\u0000\u0000\u0000\u0000\u0000\u0000\u0000\u0000\u0000\u0000\u0000\u0000\u0000\u0000\u0000\u0000\u0000\u0000\u0000\u0000\u0000\u0000\u0000\u0000\u0000\u0000\u0000\u0000\u0000\u0000\u0000\u0000\u0000\u0000\u0000\u0000\u0000\u0000\u0000\u0000\u0000\u0000\u0000\u0000\u0000\u0000\u0000\u0000\u0000\u0000\u0000\u0000\u0000\u0000\u0000\u0000\u0000\u0000\u0000\u0000\u0000\u0000\u0000\u0000\u0000\u0000\u0000\u0000\u0000\u0000\u0000\u0000",
        "RESOLUTION": 0,
        "ATTRIBUTE": "Natural.Mean High Water",
        "CLASS": "SHORELINE",
        "F_CODE": null,
        "EX_METH": "M",
        "EXTRACT_TE": "P",
        "_selecter_format": "shapefile",
        "_selecter_sourcecrs": "EPSG:4269",
        "_selecter_source": "CA37B08 1857 SF",
        "_selecter_imported": "2026-08-03T23:06:12.543Z"
      },
      "geometry": {
        "type": "LineString",
        "coordinates": [
          [
            -122.394182,
            37.777759
          ],
          [
            -122.394282,
            37.777759
          ],
          [
            -122.394362,
            37.777809
          ],
          [
            -122.394412,
            37.777879
          ],
          [
            -122.394552,
            37.777999
          ],
          [
            -122.394622,
            37.778079
          ],
          [
            -122.394742,
            37.778149
          ],
          [
            -122.394852,
            37.778179
          ],
          [
            -122.394912,
            37.778259
          ],
          [
            -122.394982,
            37.778299
          ],
          [
            -122.395042,
            37.778219
          ],
          [
            -122.395112,
            37.778169
          ],
          [
            -122.395212,
            37.778179
          ],
          [
            -122.395332,
            37.778189
          ],
          [
            -122.395442,
            37.778179
          ],
          [
            -122.395612,
            37.778179
          ],
          [
            -122.395702,
            37.778159
          ],
          [
            -122.395762,
            37.778119
          ],
          [
            -122.395872,
            37.778119
          ],
          [
            -122.396032,
            37.778039
          ],
          [
            -122.396122,
            37.778029
          ],
          [
            -122.396202,
            37.778059
          ],
          [
            -122.396292,
            37.778109
          ],
          [
            -122.396412,
            37.778059
          ],
          [
            -122.396682,
            37.777879
          ],
          [
            -122.397032,
            37.777569
          ],
          [
            -122.397372,
            37.777319
          ],
          [
            -122.397522,
            37.777229
          ],
          [
            -122.397812,
            37.777009
          ],
          [
            -122.398102,
            37.776789
          ],
          [
            -122.398292,
            37.776639
          ],
          [
            -122.398382,
            37.776529
          ],
          [
            -122.398472,
            37.776389
          ],
          [
            -122.398572,
            37.776139
          ],
          [
            -122.398682,
            37.775999
          ],
          [
            -122.398792,
            37.775899
          ],
          [
            -122.398932,
            37.775849
          ],
          [
            -122.399022,
            37.775779
          ],
          [
            -122.399092,
            37.775609
          ],
          [
            -122.399212,
            37.775509
          ],
          [
            -122.399272,
            37.775339
          ],
          [
            -122.399312,
            37.775229
          ],
          [
            -122.399352,
            37.775139
          ],
          [
            -122.399452,
            37.775039
          ],
          [
            -122.399472,
            37.774979
          ],
          [
            -122.399572,
            37.774939
          ],
          [
            -122.399692,
            37.774829
          ],
          [
            -122.399762,
            37.774659
          ],
          [
            -122.399792,
            37.774559
          ],
          [
            -122.399842,
            37.774499
          ],
          [
            -122.399812,
            37.774399
          ],
          [
            -122.399912,
            37.774349
          ],
          [
            -122.399962,
            37.774229
          ],
          [
            -122.400012,
            37.774089
          ],
          [
            -122.400052,
            37.774029
          ],
          [
            -122.400092,
            37.773909
          ],
          [
            -122.400212,
            37.773749
          ],
          [
            -122.400392,
            37.773489
          ],
          [
            -122.400592,
            37.773129
          ],
          [
            -122.400632,
            37.77296
          ],
          [
            -122.400682,
            37.77282
          ],
          [
            -122.400732,
            37.77272
          ],
          [
            -122.400742,
            37.77262
          ],
          [
            -122.400782,
            37.77255
          ],
          [
            -122.400842,
            37.77246
          ],
          [
            -122.400872,
            37.77237
          ],
          [
            -122.400912,
            37.77233
          ],
          [
            -122.400902,
            37.77228
          ],
          [
            -122.400892,
            37.77221
          ],
          [
            -122.400922,
            37.77209
          ],
          [
            -122.400972,
            37.77196
          ],
          [
            -122.401012,
            37.77181
          ],
          [
            -122.401032,
            37.77167
          ],
          [
            -122.401052,
            37.77152
          ],
          [
            -122.401082,
            37.77141
          ],
          [
            -122.401172,
            37.77135
          ],
          [
            -122.401272,
            37.77133
          ],
          [
            -122.401272,
            37.77143
          ],
          [
            -122.401292,
            37.7715
          ],
          [
            -122.401312,
            37.77156
          ],
          [
            -122.401402,
            37.7716
          ],
          [
            -122.401472,
            37.77164
          ],
          [
            -122.401532,
            37.77168
          ],
          [
            -122.401602,
            37.77172
          ],
          [
            -122.401622,
            37.77177
          ],
          [
            -122.401652,
            37.77183
          ],
          [
            -122.401732,
            37.77187
          ],
          [
            -122.401792,
            37.77183
          ],
          [
            -122.401732,
            37.7718
          ],
          [
            -122.401672,
            37.77176
          ],
          [
            -122.401702,
            37.7717
          ],
          [
            -122.401752,
            37.77166
          ],
          [
            -122.401792,
            37.7716
          ],
          [
            -122.401842,
            37.7716
          ],
          [
            -122.401942,
            37.77167
          ],
          [
            -122.402002,
            37.77166
          ],
          [
            -122.402072,
            37.77161
          ],
          [
            -122.402102,
            37.77154
          ],
          [
            -122.402052,
            37.77149
          ],
          [
            -122.402022,
            37.77143
          ],
          [
            -122.401982,
            37.77134
          ],
          [
            -122.401992,
            37.7713
          ]
        ]
      }
    },
    {
      "type": "Feature",
      "properties": {
        "FEATURE_ID": 929708,
        "FEATURE": 20,
        "SOURCE_ID": "T00687",
        "DATA_SOURC": "P",
        "SRC_DATE": "18570101",
        "HOR_ACC": "0",
        "INFORM": "\u0000\u0000\u0000\u0000\u0000\u0000\u0000\u0000\u0000\u0000\u0000\u0000\u0000\u0000\u0000\u0000\u0000\u0000\u0000\u0000\u0000\u0000\u0000\u0000\u0000\u0000\u0000\u0000\u0000\u0000\u0000\u0000\u0000\u0000\u0000\u0000\u0000\u0000\u0000\u0000\u0000\u0000\u0000\u0000\u0000\u0000\u0000\u0000\u0000\u0000\u0000\u0000\u0000\u0000\u0000\u0000\u0000\u0000\u0000\u0000\u0000\u0000\u0000\u0000\u0000\u0000\u0000\u0000\u0000\u0000\u0000\u0000\u0000\u0000\u0000\u0000\u0000\u0000\u0000\u0000\u0000\u0000\u0000\u0000\u0000\u0000\u0000\u0000\u0000\u0000\u0000\u0000\u0000\u0000\u0000\u0000\u0000\u0000\u0000\u0000\u0000\u0000\u0000\u0000\u0000\u0000\u0000\u0000\u0000\u0000\u0000\u0000\u0000\u0000\u0000\u0000\u0000\u0000\u0000\u0000\u0000\u0000\u0000\u0000\u0000\u0000\u0000\u0000\u0000\u0000\u0000\u0000\u0000\u0000\u0000\u0000\u0000\u0000\u0000\u0000\u0000\u0000\u0000\u0000\u0000\u0000\u0000\u0000\u0000\u0000\u0000\u0000\u0000\u0000\u0000\u0000\u0000\u0000\u0000\u0000\u0000\u0000\u0000\u0000\u0000\u0000\u0000\u0000\u0000\u0000\u0000\u0000\u0000\u0000\u0000\u0000\u0000\u0000\u0000\u0000\u0000\u0000\u0000\u0000\u0000\u0000\u0000\u0000\u0000\u0000\u0000\u0000\u0000\u0000\u0000\u0000\u0000\u0000\u0000\u0000\u0000\u0000\u0000\u0000\u0000\u0000\u0000\u0000\u0000\u0000\u0000\u0000\u0000\u0000\u0000\u0000\u0000\u0000\u0000\u0000\u0000\u0000\u0000\u0000\u0000\u0000\u0000\u0000\u0000\u0000\u0000\u0000\u0000\u0000\u0000\u0000\u0000\u0000\u0000\u0000\u0000\u0000\u0000\u0000\u0000\u0000\u0000\u0000\u0000\u0000\u0000\u0000\u0000\u0000",
        "RESOLUTION": 0,
        "ATTRIBUTE": "Natural.Mean High Water",
        "CLASS": "SHORELINE",
        "F_CODE": null,
        "EX_METH": "M",
        "EXTRACT_TE": "P",
        "_selecter_format": "shapefile",
        "_selecter_sourcecrs": "EPSG:4269",
        "_selecter_source": "CA37B08 1857 SF",
        "_selecter_imported": "2026-08-03T23:06:12.543Z"
      },
      "geometry": {
        "type": "LineString",
        "coordinates": [
          [
            -122.395812,
            37.74771
          ],
          [
            -122.395662,
            37.74769
          ],
          [
            -122.395582,
            37.74777
          ],
          [
            -122.395522,
            37.74783
          ],
          [
            -122.395442,
            37.74787
          ],
          [
            -122.395422,
            37.74795
          ],
          [
            -122.395382,
            37.74802
          ],
          [
            -122.395292,
            37.74803
          ],
          [
            -122.395232,
            37.74808
          ],
          [
            -122.395162,
            37.74816
          ],
          [
            -122.395162,
            37.74824
          ],
          [
            -122.395082,
            37.7483
          ],
          [
            -122.394982,
            37.74829
          ],
          [
            -122.394892,
            37.74833
          ],
          [
            -122.394782,
            37.74838
          ],
          [
            -122.394612,
            37.74838
          ],
          [
            -122.394512,
            37.74839
          ],
          [
            -122.394392,
            37.74841
          ],
          [
            -122.394262,
            37.74841
          ]
        ]
      }
    },
    {
      "type": "Feature",
      "properties": {
        "FEATURE_ID": 929709,
        "FEATURE": 20,
        "SOURCE_ID": "T00687",
        "DATA_SOURC": "P",
        "SRC_DATE": "18570101",
        "HOR_ACC": "0",
        "INFORM": "\u0000\u0000\u0000\u0000\u0000\u0000\u0000\u0000\u0000\u0000\u0000\u0000\u0000\u0000\u0000\u0000\u0000\u0000\u0000\u0000\u0000\u0000\u0000\u0000\u0000\u0000\u0000\u0000\u0000\u0000\u0000\u0000\u0000\u0000\u0000\u0000\u0000\u0000\u0000\u0000\u0000\u0000\u0000\u0000\u0000\u0000\u0000\u0000\u0000\u0000\u0000\u0000\u0000\u0000\u0000\u0000\u0000\u0000\u0000\u0000\u0000\u0000\u0000\u0000\u0000\u0000\u0000\u0000\u0000\u0000\u0000\u0000\u0000\u0000\u0000\u0000\u0000\u0000\u0000\u0000\u0000\u0000\u0000\u0000\u0000\u0000\u0000\u0000\u0000\u0000\u0000\u0000\u0000\u0000\u0000\u0000\u0000\u0000\u0000\u0000\u0000\u0000\u0000\u0000\u0000\u0000\u0000\u0000\u0000\u0000\u0000\u0000\u0000\u0000\u0000\u0000\u0000\u0000\u0000\u0000\u0000\u0000\u0000\u0000\u0000\u0000\u0000\u0000\u0000\u0000\u0000\u0000\u0000\u0000\u0000\u0000\u0000\u0000\u0000\u0000\u0000\u0000\u0000\u0000\u0000\u0000\u0000\u0000\u0000\u0000\u0000\u0000\u0000\u0000\u0000\u0000\u0000\u0000\u0000\u0000\u0000\u0000\u0000\u0000\u0000\u0000\u0000\u0000\u0000\u0000\u0000\u0000\u0000\u0000\u0000\u0000\u0000\u0000\u0000\u0000\u0000\u0000\u0000\u0000\u0000\u0000\u0000\u0000\u0000\u0000\u0000\u0000\u0000\u0000\u0000\u0000\u0000\u0000\u0000\u0000\u0000\u0000\u0000\u0000\u0000\u0000\u0000\u0000\u0000\u0000\u0000\u0000\u0000\u0000\u0000\u0000\u0000\u0000\u0000\u0000\u0000\u0000\u0000\u0000\u0000\u0000\u0000\u0000\u0000\u0000\u0000\u0000\u0000\u0000\u0000\u0000\u0000\u0000\u0000\u0000\u0000\u0000\u0000\u0000\u0000\u0000\u0000\u0000\u0000\u0000\u0000\u0000\u0000\u0000",
        "RESOLUTION": 0,
        "ATTRIBUTE": "Natural.Mean High Water",
        "CLASS": "SHORELINE",
        "F_CODE": null,
        "EX_METH": "M",
        "EXTRACT_TE": "P",
        "_selecter_format": "shapefile",
        "_selecter_sourcecrs": "EPSG:4269",
        "_selecter_source": "CA37B08 1857 SF",
        "_selecter_imported": "2026-08-03T23:06:12.543Z"
      },
      "geometry": {
        "type": "LineString",
        "coordinates": [
          [
            -122.401652,
            37.74778
          ],
          [
            -122.401852,
            37.74765
          ],
          [
            -122.401952,
            37.74748
          ],
          [
            -122.402002,
            37.74741
          ],
          [
            -122.402042,
            37.74722
          ],
          [
            -122.402052,
            37.7471
          ],
          [
            -122.402122,
            37.74691
          ],
          [
            -122.402142,
            37.74679
          ],
          [
            -122.402102,
            37.74675
          ],
          [
            -122.402062,
            37.74672
          ],
          [
            -122.402012,
            37.74675
          ],
          [
            -122.401962,
            37.74678
          ],
          [
            -122.401892,
            37.74678
          ],
          [
            -122.401872,
            37.74674
          ],
          [
            -122.401932,
            37.74673
          ],
          [
            -122.401972,
            37.74668
          ],
          [
            -122.402032,
            37.74664
          ],
          [
            -122.402082,
            37.74667
          ],
          [
            -122.402132,
            37.7467
          ],
          [
            -122.402172,
            37.74673
          ],
          [
            -122.402232,
            37.74672
          ],
          [
            -122.402332,
            37.7467
          ],
          [
            -122.402372,
            37.74666
          ],
          [
            -122.402412,
            37.74662
          ],
          [
            -122.402502,
            37.74657
          ],
          [
            -122.402602,
            37.74655
          ],
          [
            -122.402652,
            37.74652
          ],
          [
            -122.402722,
            37.74649
          ],
          [
            -122.402832,
            37.74647
          ],
          [
            -122.402912,
            37.74643
          ],
          [
            -122.403012,
            37.74645
          ],
          [
            -122.403132,
            37.74644
          ],
          [
            -122.403252,
            37.74646
          ],
          [
            -122.403342,
            37.74653
          ],
          [
            -122.403412,
            37.7466
          ],
          [
            -122.403512,
            37.74666
          ],
          [
            -122.403582,
            37.74666
          ],
          [
            -122.403592,
            37.74653
          ],
          [
            -122.403572,
            37.74646
          ],
          [
            -122.403572,
            37.74638
          ],
          [
            -122.403572,
            37.74631
          ],
          [
            -122.403562,
            37.74627
          ],
          [
            -122.403512,
            37.7462
          ],
          [
            -122.403532,
            37.74617
          ],
          [
            -122.403582,
            37.74621
          ],
          [
            -122.403612,
            37.74626
          ],
          [
            -122.403632,
            37.74631
          ],
          [
            -122.403652,
            37.74638
          ],
          [
            -122.403662,
            37.74644
          ],
          [
            -122.403662,
            37.74666
          ],
          [
            -122.403682,
            37.7467
          ],
          [
            -122.403742,
            37.74677
          ],
          [
            -122.403792,
            37.74683
          ],
          [
            -122.403822,
            37.74694
          ],
          [
            -122.403872,
            37.74706
          ],
          [
            -122.403882,
            37.74712
          ],
          [
            -122.403862,
            37.74725
          ],
          [
            -122.403852,
            37.74736
          ],
          [
            -122.403862,
            37.74751
          ],
          [
            -122.403812,
            37.74765
          ],
          [
            -122.403742,
            37.74781
          ],
          [
            -122.403682,
            37.74789
          ],
          [
            -122.403602,
            37.74796
          ],
          [
            -122.403532,
            37.748
          ],
          [
            -122.403462,
            37.74801
          ],
          [
            -122.403412,
            37.74805
          ],
          [
            -122.403362,
            37.7481
          ],
          [
            -122.403312,
            37.74815
          ],
          [
            -122.403252,
            37.74819
          ],
          [
            -122.403212,
            37.74824
          ],
          [
            -122.403132,
            37.7483
          ],
          [
            -122.403062,
            37.74835
          ],
          [
            -122.403032,
            37.74842
          ],
          [
            -122.402982,
            37.7485
          ],
          [
            -122.402892,
            37.74858
          ],
          [
            -122.402852,
            37.74867
          ],
          [
            -122.402842,
            37.74875
          ],
          [
            -122.402912,
            37.74885
          ],
          [
            -122.403002,
            37.74892
          ],
          [
            -122.403082,
            37.74898
          ],
          [
            -122.403192,
            37.74913
          ],
          [
            -122.403242,
            37.74921
          ],
          [
            -122.403302,
            37.74929
          ],
          [
            -122.403452,
            37.74947
          ],
          [
            -122.403512,
            37.74952
          ],
          [
            -122.403562,
            37.74958
          ],
          [
            -122.403602,
            37.74963
          ],
          [
            -122.403632,
            37.74967
          ],
          [
            -122.403712,
            37.74972
          ],
          [
            -122.403752,
            37.74975
          ],
          [
            -122.403832,
            37.74978
          ],
          [
            -122.403902,
            37.74979
          ],
          [
            -122.403972,
            37.74977
          ],
          [
            -122.404032,
            37.74975
          ],
          [
            -122.404062,
            37.74968
          ],
          [
            -122.404052,
            37.74963
          ],
          [
            -122.404032,
            37.7496
          ],
          [
            -122.403992,
            37.74957
          ],
          [
            -122.403872,
            37.74951
          ],
          [
            -122.403802,
            37.74947
          ],
          [
            -122.403732,
            37.74942
          ],
          [
            -122.403652,
            37.74933
          ],
          [
            -122.403602,
            37.74927
          ],
          [
            -122.403572,
            37.7492
          ],
          [
            -122.403502,
            37.74911
          ],
          [
            -122.403442,
            37.74894
          ],
          [
            -122.403442,
            37.74887
          ],
          [
            -122.403472,
            37.74879
          ],
          [
            -122.403522,
            37.74873
          ],
          [
            -122.403562,
            37.74871
          ],
          [
            -122.403592,
            37.74867
          ],
          [
            -122.403652,
            37.74863
          ],
          [
            -122.403712,
            37.74861
          ],
          [
            -122.403762,
            37.7486
          ],
          [
            -122.403812,
            37.74859
          ],
          [
            -122.403882,
            37.74861
          ],
          [
            -122.403922,
            37.74862
          ],
          [
            -122.403992,
            37.74868
          ],
          [
            -122.404022,
            37.74875
          ],
          [
            -122.404062,
            37.74882
          ],
          [
            -122.404092,
            37.7489
          ],
          [
            -122.404122,
            37.749
          ],
          [
            -122.404142,
            37.74906
          ],
          [
            -122.404172,
            37.74912
          ],
          [
            -122.404222,
            37.74918
          ],
          [
            -122.404292,
            37.74923
          ],
          [
            -122.404352,
            37.74926
          ],
          [
            -122.404472,
            37.74932
          ],
          [
            -122.404622,
            37.74936
          ],
          [
            -122.404852,
            37.74941
          ],
          [
            -122.404962,
            37.74938
          ],
          [
            -122.405082,
            37.7494
          ],
          [
            -122.405132,
            37.74939
          ],
          [
            -122.405232,
            37.74935
          ],
          [
            -122.405312,
            37.74931
          ],
          [
            -122.405382,
            37.74928
          ],
          [
            -122.405332,
            37.74937
          ],
          [
            -122.405182,
            37.74945
          ],
          [
            -122.405022,
            37.74946
          ],
          [
            -122.404882,
            37.74946
          ],
          [
            -122.404732,
            37.74943
          ],
          [
            -122.404582,
            37.74941
          ],
          [
            -122.404482,
            37.74938
          ],
          [
            -122.404372,
            37.74933
          ],
          [
            -122.404312,
            37.7493
          ],
          [
            -122.404172,
            37.74924
          ],
          [
            -122.404122,
            37.74915
          ],
          [
            -122.404062,
            37.74905
          ],
          [
            -122.404022,
            37.74891
          ],
          [
            -122.404022,
            37.74885
          ],
          [
            -122.403972,
            37.74877
          ],
          [
            -122.403912,
            37.74872
          ],
          [
            -122.403852,
            37.7487
          ],
          [
            -122.403802,
            37.74869
          ],
          [
            -122.403732,
            37.74871
          ],
          [
            -122.403662,
            37.74877
          ],
          [
            -122.403602,
            37.74887
          ],
          [
            -122.403602,
            37.74894
          ],
          [
            -122.403592,
            37.74907
          ],
          [
            -122.403682,
            37.7492
          ],
          [
            -122.403792,
            37.74929
          ],
          [
            -122.403972,
            37.74943
          ],
          [
            -122.404072,
            37.74952
          ],
          [
            -122.404172,
            37.7496
          ],
          [
            -122.404222,
            37.74964
          ],
          [
            -122.404242,
            37.7497
          ],
          [
            -122.404242,
            37.74975
          ],
          [
            -122.404202,
            37.74979
          ],
          [
            -122.404152,
            37.74982
          ],
          [
            -122.404092,
            37.74985
          ],
          [
            -122.404072,
            37.7499
          ],
          [
            -122.404082,
            37.74995
          ],
          [
            -122.404132,
            37.75
          ],
          [
            -122.404212,
            37.75003
          ],
          [
            -122.404282,
            37.75004
          ],
          [
            -122.404362,
            37.75002
          ],
          [
            -122.404442,
            37.75001
          ],
          [
            -122.404512,
            37.75004
          ],
          [
            -122.404582,
            37.75007
          ],
          [
            -122.404622,
            37.75005
          ],
          [
            -122.404692,
            37.75004
          ],
          [
            -122.404742,
            37.75004
          ],
          [
            -122.404802,
            37.75007
          ],
          [
            -122.404832,
            37.75012
          ],
          [
            -122.404782,
            37.75014
          ],
          [
            -122.404712,
            37.75018
          ],
          [
            -122.404662,
            37.75016
          ],
          [
            -122.404592,
            37.75015
          ],
          [
            -122.404512,
            37.75015
          ],
          [
            -122.404432,
            37.75017
          ],
          [
            -122.404362,
            37.75015
          ],
          [
            -122.404282,
            37.75013
          ],
          [
            -122.404212,
            37.75012
          ],
          [
            -122.404152,
            37.75009
          ],
          [
            -122.404102,
            37.75007
          ],
          [
            -122.404012,
            37.75003
          ],
          [
            -122.403932,
            37.74998
          ],
          [
            -122.403702,
            37.74988
          ],
          [
            -122.403522,
            37.7498
          ],
          [
            -122.403372,
            37.74965
          ],
          [
            -122.403262,
            37.74951
          ],
          [
            -122.403132,
            37.74939
          ],
          [
            -122.403092,
            37.7493
          ],
          [
            -122.403062,
            37.74925
          ]
        ]
      }
    },
    {
      "type": "Feature",
      "properties": {
        "FEATURE_ID": 928391,
        "FEATURE": 20,
        "SOURCE_ID": "T00687",
        "DATA_SOURC": "P",
        "SRC_DATE": "18570101",
        "HOR_ACC": "0",
        "INFORM": "\u0000\u0000\u0000\u0000\u0000\u0000\u0000\u0000\u0000\u0000\u0000\u0000\u0000\u0000\u0000\u0000\u0000\u0000\u0000\u0000\u0000\u0000\u0000\u0000\u0000\u0000\u0000\u0000\u0000\u0000\u0000\u0000\u0000\u0000\u0000\u0000\u0000\u0000\u0000\u0000\u0000\u0000\u0000\u0000\u0000\u0000\u0000\u0000\u0000\u0000\u0000\u0000\u0000\u0000\u0000\u0000\u0000\u0000\u0000\u0000\u0000\u0000\u0000\u0000\u0000\u0000\u0000\u0000\u0000\u0000\u0000\u0000\u0000\u0000\u0000\u0000\u0000\u0000\u0000\u0000\u0000\u0000\u0000\u0000\u0000\u0000\u0000\u0000\u0000\u0000\u0000\u0000\u0000\u0000\u0000\u0000\u0000\u0000\u0000\u0000\u0000\u0000\u0000\u0000\u0000\u0000\u0000\u0000\u0000\u0000\u0000\u0000\u0000\u0000\u0000\u0000\u0000\u0000\u0000\u0000\u0000\u0000\u0000\u0000\u0000\u0000\u0000\u0000\u0000\u0000\u0000\u0000\u0000\u0000\u0000\u0000\u0000\u0000\u0000\u0000\u0000\u0000\u0000\u0000\u0000\u0000\u0000\u0000\u0000\u0000\u0000\u0000\u0000\u0000\u0000\u0000\u0000\u0000\u0000\u0000\u0000\u0000\u0000\u0000\u0000\u0000\u0000\u0000\u0000\u0000\u0000\u0000\u0000\u0000\u0000\u0000\u0000\u0000\u0000\u0000\u0000\u0000\u0000\u0000\u0000\u0000\u0000\u0000\u0000\u0000\u0000\u0000\u0000\u0000\u0000\u0000\u0000\u0000\u0000\u0000\u0000\u0000\u0000\u0000\u0000\u0000\u0000\u0000\u0000\u0000\u0000\u0000\u0000\u0000\u0000\u0000\u0000\u0000\u0000\u0000\u0000\u0000\u0000\u0000\u0000\u0000\u0000\u0000\u0000\u0000\u0000\u0000\u0000\u0000\u0000\u0000\u0000\u0000\u0000\u0000\u0000\u0000\u0000\u0000\u0000\u0000\u0000\u0000\u0000\u0000\u0000\u0000\u0000\u0000",
        "RESOLUTION": 0,
        "ATTRIBUTE": "Natural.Mean High Water",
        "CLASS": "SHORELINE",
        "F_CODE": null,
        "EX_METH": "M",
        "EXTRACT_TE": "P",
        "_selecter_format": "shapefile",
        "_selecter_sourcecrs": "EPSG:4269",
        "_selecter_source": "CA37B08 1857 SF",
        "_selecter_imported": "2026-08-03T23:06:12.543Z"
      },
      "geometry": {
        "type": "LineString",
        "coordinates": [
          [
            -122.443883,
            37.800419
          ],
          [
            -122.443803,
            37.800399
          ],
          [
            -122.443743,
            37.800379
          ],
          [
            -122.443683,
            37.800369
          ],
          [
            -122.443603,
            37.800359
          ],
          [
            -122.443573,
            37.800309
          ],
          [
            -122.443623,
            37.800269
          ],
          [
            -122.443693,
            37.800219
          ],
          [
            -122.443783,
            37.800189
          ],
          [
            -122.443883,
            37.800149
          ],
          [
            -122.443933,
            37.800099
          ],
          [
            -122.443983,
            37.800139
          ],
          [
            -122.443983,
            37.800239
          ],
          [
            -122.443993,
            37.800339
          ],
          [
            -122.444053,
            37.800379
          ],
          [
            -122.444133,
            37.800409
          ],
          [
            -122.444253,
            37.800389
          ],
          [
            -122.444283,
            37.800349
          ],
          [
            -122.444283,
            37.800279
          ],
          [
            -122.444263,
            37.800169
          ],
          [
            -122.444303,
            37.800179
          ],
          [
            -122.444353,
            37.800209
          ],
          [
            -122.444403,
            37.800259
          ],
          [
            -122.444423,
            37.800329
          ],
          [
            -122.444413,
            37.800379
          ],
          [
            -122.444323,
            37.800389
          ],
          [
            -122.444233,
            37.800429
          ],
          [
            -122.444153,
            37.800509
          ],
          [
            -122.444103,
            37.800509
          ],
          [
            -122.444033,
            37.800489
          ],
          [
            -122.443983,
            37.800469
          ],
          [
            -122.443883,
            37.800419
          ]
        ]
      }
    },
    {
      "type": "Feature",
      "properties": {
        "FEATURE_ID": 928392,
        "FEATURE": 20,
        "SOURCE_ID": "T00687",
        "DATA_SOURC": "P",
        "SRC_DATE": "18570101",
        "HOR_ACC": "0",
        "INFORM": "\u0000\u0000\u0000\u0000\u0000\u0000\u0000\u0000\u0000\u0000\u0000\u0000\u0000\u0000\u0000\u0000\u0000\u0000\u0000\u0000\u0000\u0000\u0000\u0000\u0000\u0000\u0000\u0000\u0000\u0000\u0000\u0000\u0000\u0000\u0000\u0000\u0000\u0000\u0000\u0000\u0000\u0000\u0000\u0000\u0000\u0000\u0000\u0000\u0000\u0000\u0000\u0000\u0000\u0000\u0000\u0000\u0000\u0000\u0000\u0000\u0000\u0000\u0000\u0000\u0000\u0000\u0000\u0000\u0000\u0000\u0000\u0000\u0000\u0000\u0000\u0000\u0000\u0000\u0000\u0000\u0000\u0000\u0000\u0000\u0000\u0000\u0000\u0000\u0000\u0000\u0000\u0000\u0000\u0000\u0000\u0000\u0000\u0000\u0000\u0000\u0000\u0000\u0000\u0000\u0000\u0000\u0000\u0000\u0000\u0000\u0000\u0000\u0000\u0000\u0000\u0000\u0000\u0000\u0000\u0000\u0000\u0000\u0000\u0000\u0000\u0000\u0000\u0000\u0000\u0000\u0000\u0000\u0000\u0000\u0000\u0000\u0000\u0000\u0000\u0000\u0000\u0000\u0000\u0000\u0000\u0000\u0000\u0000\u0000\u0000\u0000\u0000\u0000\u0000\u0000\u0000\u0000\u0000\u0000\u0000\u0000\u0000\u0000\u0000\u0000\u0000\u0000\u0000\u0000\u0000\u0000\u0000\u0000\u0000\u0000\u0000\u0000\u0000\u0000\u0000\u0000\u0000\u0000\u0000\u0000\u0000\u0000\u0000\u0000\u0000\u0000\u0000\u0000\u0000\u0000\u0000\u0000\u0000\u0000\u0000\u0000\u0000\u0000\u0000\u0000\u0000\u0000\u0000\u0000\u0000\u0000\u0000\u0000\u0000\u0000\u0000\u0000\u0000\u0000\u0000\u0000\u0000\u0000\u0000\u0000\u0000\u0000\u0000\u0000\u0000\u0000\u0000\u0000\u0000\u0000\u0000\u0000\u0000\u0000\u0000\u0000\u0000\u0000\u0000\u0000\u0000\u0000\u0000\u0000\u0000\u0000\u0000\u0000\u0000",
        "RESOLUTION": 0,
        "ATTRIBUTE": "Natural.Mean High Water",
        "CLASS": "SHORELINE",
        "F_CODE": null,
        "EX_METH": "M",
        "EXTRACT_TE": "P",
        "_selecter_format": "shapefile",
        "_selecter_sourcecrs": "EPSG:4269",
        "_selecter_source": "CA37B08 1857 SF",
        "_selecter_imported": "2026-08-03T23:06:12.543Z"
      },
      "geometry": {
        "type": "LineString",
        "coordinates": [
          [
            -122.442933,
            37.800829
          ],
          [
            -122.442953,
            37.800749
          ],
          [
            -122.442993,
            37.800709
          ],
          [
            -122.443173,
            37.800709
          ],
          [
            -122.443283,
            37.800719
          ],
          [
            -122.443353,
            37.800699
          ],
          [
            -122.443443,
            37.800709
          ],
          [
            -122.443533,
            37.800719
          ],
          [
            -122.443623,
            37.800739
          ],
          [
            -122.443703,
            37.800789
          ],
          [
            -122.443593,
            37.800769
          ],
          [
            -122.443503,
            37.800789
          ],
          [
            -122.443453,
            37.800839
          ],
          [
            -122.443393,
            37.800849
          ],
          [
            -122.443363,
            37.800809
          ],
          [
            -122.443303,
            37.800799
          ],
          [
            -122.443243,
            37.800809
          ],
          [
            -122.443183,
            37.800839
          ],
          [
            -122.443123,
            37.800839
          ],
          [
            -122.443053,
            37.800839
          ],
          [
            -122.442963,
            37.800839
          ],
          [
            -122.442933,
            37.800829
          ]
        ]
      }
    },
    {
      "type": "Feature",
      "properties": {
        "FEATURE_ID": 928393,
        "FEATURE": 20,
        "SOURCE_ID": "T00687",
        "DATA_SOURC": "P",
        "SRC_DATE": "18570101",
        "HOR_ACC": "0",
        "INFORM": "\u0000\u0000\u0000\u0000\u0000\u0000\u0000\u0000\u0000\u0000\u0000\u0000\u0000\u0000\u0000\u0000\u0000\u0000\u0000\u0000\u0000\u0000\u0000\u0000\u0000\u0000\u0000\u0000\u0000\u0000\u0000\u0000\u0000\u0000\u0000\u0000\u0000\u0000\u0000\u0000\u0000\u0000\u0000\u0000\u0000\u0000\u0000\u0000\u0000\u0000\u0000\u0000\u0000\u0000\u0000\u0000\u0000\u0000\u0000\u0000\u0000\u0000\u0000\u0000\u0000\u0000\u0000\u0000\u0000\u0000\u0000\u0000\u0000\u0000\u0000\u0000\u0000\u0000\u0000\u0000\u0000\u0000\u0000\u0000\u0000\u0000\u0000\u0000\u0000\u0000\u0000\u0000\u0000\u0000\u0000\u0000\u0000\u0000\u0000\u0000\u0000\u0000\u0000\u0000\u0000\u0000\u0000\u0000\u0000\u0000\u0000\u0000\u0000\u0000\u0000\u0000\u0000\u0000\u0000\u0000\u0000\u0000\u0000\u0000\u0000\u0000\u0000\u0000\u0000\u0000\u0000\u0000\u0000\u0000\u0000\u0000\u0000\u0000\u0000\u0000\u0000\u0000\u0000\u0000\u0000\u0000\u0000\u0000\u0000\u0000\u0000\u0000\u0000\u0000\u0000\u0000\u0000\u0000\u0000\u0000\u0000\u0000\u0000\u0000\u0000\u0000\u0000\u0000\u0000\u0000\u0000\u0000\u0000\u0000\u0000\u0000\u0000\u0000\u0000\u0000\u0000\u0000\u0000\u0000\u0000\u0000\u0000\u0000\u0000\u0000\u0000\u0000\u0000\u0000\u0000\u0000\u0000\u0000\u0000\u0000\u0000\u0000\u0000\u0000\u0000\u0000\u0000\u0000\u0000\u0000\u0000\u0000\u0000\u0000\u0000\u0000\u0000\u0000\u0000\u0000\u0000\u0000\u0000\u0000\u0000\u0000\u0000\u0000\u0000\u0000\u0000\u0000\u0000\u0000\u0000\u0000\u0000\u0000\u0000\u0000\u0000\u0000\u0000\u0000\u0000\u0000\u0000\u0000\u0000\u0000\u0000\u0000\u0000\u0000",
        "RESOLUTION": 0,
        "ATTRIBUTE": "Natural.Mean High Water",
        "CLASS": "SHORELINE",
        "F_CODE": null,
        "EX_METH": "M",
        "EXTRACT_TE": "P",
        "_selecter_format": "shapefile",
        "_selecter_sourcecrs": "EPSG:4269",
        "_selecter_source": "CA37B08 1857 SF",
        "_selecter_imported": "2026-08-03T23:06:12.543Z"
      },
      "geometry": {
        "type": "LineString",
        "coordinates": [
          [
            -122.444863,
            37.801329
          ],
          [
            -122.444833,
            37.801289
          ],
          [
            -122.444803,
            37.801249
          ],
          [
            -122.444783,
            37.801199
          ],
          [
            -122.444763,
            37.801149
          ],
          [
            -122.444713,
            37.801119
          ],
          [
            -122.444673,
            37.801079
          ],
          [
            -122.444633,
            37.801049
          ],
          [
            -122.444583,
            37.801029
          ],
          [
            -122.444543,
            37.801009
          ],
          [
            -122.444513,
            37.800979
          ],
          [
            -122.444513,
            37.800949
          ],
          [
            -122.444553,
            37.800939
          ],
          [
            -122.444603,
            37.800949
          ],
          [
            -122.444683,
            37.800989
          ],
          [
            -122.444773,
            37.801009
          ],
          [
            -122.444853,
            37.801009
          ],
          [
            -122.444943,
            37.800989
          ],
          [
            -122.444983,
            37.800979
          ],
          [
            -122.445043,
            37.800969
          ],
          [
            -122.445093,
            37.800979
          ],
          [
            -122.445073,
            37.801079
          ],
          [
            -122.445043,
            37.801159
          ],
          [
            -122.445053,
            37.801229
          ],
          [
            -122.445033,
            37.801289
          ],
          [
            -122.445023,
            37.801319
          ],
          [
            -122.445023,
            37.801359
          ],
          [
            -122.444993,
            37.801399
          ],
          [
            -122.444963,
            37.801409
          ],
          [
            -122.444923,
            37.801389
          ],
          [
            -122.444893,
            37.801369
          ],
          [
            -122.444863,
            37.801329
          ]
        ]
      }
    },
    {
      "type": "Feature",
      "properties": {
        "FEATURE_ID": 928394,
        "FEATURE": 20,
        "SOURCE_ID": "T00687",
        "DATA_SOURC": "P",
        "SRC_DATE": "18570101",
        "HOR_ACC": "0",
        "INFORM": "\u0000\u0000\u0000\u0000\u0000\u0000\u0000\u0000\u0000\u0000\u0000\u0000\u0000\u0000\u0000\u0000\u0000\u0000\u0000\u0000\u0000\u0000\u0000\u0000\u0000\u0000\u0000\u0000\u0000\u0000\u0000\u0000\u0000\u0000\u0000\u0000\u0000\u0000\u0000\u0000\u0000\u0000\u0000\u0000\u0000\u0000\u0000\u0000\u0000\u0000\u0000\u0000\u0000\u0000\u0000\u0000\u0000\u0000\u0000\u0000\u0000\u0000\u0000\u0000\u0000\u0000\u0000\u0000\u0000\u0000\u0000\u0000\u0000\u0000\u0000\u0000\u0000\u0000\u0000\u0000\u0000\u0000\u0000\u0000\u0000\u0000\u0000\u0000\u0000\u0000\u0000\u0000\u0000\u0000\u0000\u0000\u0000\u0000\u0000\u0000\u0000\u0000\u0000\u0000\u0000\u0000\u0000\u0000\u0000\u0000\u0000\u0000\u0000\u0000\u0000\u0000\u0000\u0000\u0000\u0000\u0000\u0000\u0000\u0000\u0000\u0000\u0000\u0000\u0000\u0000\u0000\u0000\u0000\u0000\u0000\u0000\u0000\u0000\u0000\u0000\u0000\u0000\u0000\u0000\u0000\u0000\u0000\u0000\u0000\u0000\u0000\u0000\u0000\u0000\u0000\u0000\u0000\u0000\u0000\u0000\u0000\u0000\u0000\u0000\u0000\u0000\u0000\u0000\u0000\u0000\u0000\u0000\u0000\u0000\u0000\u0000\u0000\u0000\u0000\u0000\u0000\u0000\u0000\u0000\u0000\u0000\u0000\u0000\u0000\u0000\u0000\u0000\u0000\u0000\u0000\u0000\u0000\u0000\u0000\u0000\u0000\u0000\u0000\u0000\u0000\u0000\u0000\u0000\u0000\u0000\u0000\u0000\u0000\u0000\u0000\u0000\u0000\u0000\u0000\u0000\u0000\u0000\u0000\u0000\u0000\u0000\u0000\u0000\u0000\u0000\u0000\u0000\u0000\u0000\u0000\u0000\u0000\u0000\u0000\u0000\u0000\u0000\u0000\u0000\u0000\u0000\u0000\u0000\u0000\u0000\u0000\u0000\u0000\u0000",
        "RESOLUTION": 0,
        "ATTRIBUTE": "Natural.Mean High Water",
        "CLASS": "SHORELINE",
        "F_CODE": null,
        "EX_METH": "M",
        "EXTRACT_TE": "P",
        "_selecter_format": "shapefile",
        "_selecter_sourcecrs": "EPSG:4269",
        "_selecter_source": "CA37B08 1857 SF",
        "_selecter_imported": "2026-08-03T23:06:12.543Z"
      },
      "geometry": {
        "type": "LineString",
        "coordinates": [
          [
            -122.444743,
            37.801749
          ],
          [
            -122.444723,
            37.801669
          ],
          [
            -122.444713,
            37.801619
          ],
          [
            -122.444703,
            37.801579
          ],
          [
            -122.444683,
            37.801529
          ],
          [
            -122.444653,
            37.801479
          ],
          [
            -122.444653,
            37.801419
          ],
          [
            -122.444673,
            37.801389
          ],
          [
            -122.444713,
            37.801379
          ],
          [
            -122.444743,
            37.801429
          ],
          [
            -122.444773,
            37.801509
          ],
          [
            -122.444793,
            37.801559
          ],
          [
            -122.444823,
            37.801619
          ],
          [
            -122.444843,
            37.801689
          ],
          [
            -122.444863,
            37.801749
          ],
          [
            -122.444853,
            37.801789
          ],
          [
            -122.444763,
            37.801779
          ],
          [
            -122.444743,
            37.801749
          ]
        ]
      }
    },
    {
      "type": "Feature",
      "properties": {
        "FEATURE_ID": 928395,
        "FEATURE": 20,
        "SOURCE_ID": "T00687",
        "DATA_SOURC": "P",
        "SRC_DATE": "18570101",
        "HOR_ACC": "0",
        "INFORM": "\u0000\u0000\u0000\u0000\u0000\u0000\u0000\u0000\u0000\u0000\u0000\u0000\u0000\u0000\u0000\u0000\u0000\u0000\u0000\u0000\u0000\u0000\u0000\u0000\u0000\u0000\u0000\u0000\u0000\u0000\u0000\u0000\u0000\u0000\u0000\u0000\u0000\u0000\u0000\u0000\u0000\u0000\u0000\u0000\u0000\u0000\u0000\u0000\u0000\u0000\u0000\u0000\u0000\u0000\u0000\u0000\u0000\u0000\u0000\u0000\u0000\u0000\u0000\u0000\u0000\u0000\u0000\u0000\u0000\u0000\u0000\u0000\u0000\u0000\u0000\u0000\u0000\u0000\u0000\u0000\u0000\u0000\u0000\u0000\u0000\u0000\u0000\u0000\u0000\u0000\u0000\u0000\u0000\u0000\u0000\u0000\u0000\u0000\u0000\u0000\u0000\u0000\u0000\u0000\u0000\u0000\u0000\u0000\u0000\u0000\u0000\u0000\u0000\u0000\u0000\u0000\u0000\u0000\u0000\u0000\u0000\u0000\u0000\u0000\u0000\u0000\u0000\u0000\u0000\u0000\u0000\u0000\u0000\u0000\u0000\u0000\u0000\u0000\u0000\u0000\u0000\u0000\u0000\u0000\u0000\u0000\u0000\u0000\u0000\u0000\u0000\u0000\u0000\u0000\u0000\u0000\u0000\u0000\u0000\u0000\u0000\u0000\u0000\u0000\u0000\u0000\u0000\u0000\u0000\u0000\u0000\u0000\u0000\u0000\u0000\u0000\u0000\u0000\u0000\u0000\u0000\u0000\u0000\u0000\u0000\u0000\u0000\u0000\u0000\u0000\u0000\u0000\u0000\u0000\u0000\u0000\u0000\u0000\u0000\u0000\u0000\u0000\u0000\u0000\u0000\u0000\u0000\u0000\u0000\u0000\u0000\u0000\u0000\u0000\u0000\u0000\u0000\u0000\u0000\u0000\u0000\u0000\u0000\u0000\u0000\u0000\u0000\u0000\u0000\u0000\u0000\u0000\u0000\u0000\u0000\u0000\u0000\u0000\u0000\u0000\u0000\u0000\u0000\u0000\u0000\u0000\u0000\u0000\u0000\u0000\u0000\u0000\u0000\u0000",
        "RESOLUTION": 0,
        "ATTRIBUTE": "Natural.Mean High Water",
        "CLASS": "SHORELINE",
        "F_CODE": null,
        "EX_METH": "M",
        "EXTRACT_TE": "P",
        "_selecter_format": "shapefile",
        "_selecter_sourcecrs": "EPSG:4269",
        "_selecter_source": "CA37B08 1857 SF",
        "_selecter_imported": "2026-08-03T23:06:12.543Z"
      },
      "geometry": {
        "type": "LineString",
        "coordinates": [
          [
            -122.444713,
            37.802069
          ],
          [
            -122.444683,
            37.801999
          ],
          [
            -122.444673,
            37.801969
          ],
          [
            -122.444643,
            37.801919
          ],
          [
            -122.444633,
            37.801869
          ],
          [
            -122.444653,
            37.801809
          ],
          [
            -122.444693,
            37.801839
          ],
          [
            -122.444713,
            37.801879
          ],
          [
            -122.444713,
            37.801929
          ],
          [
            -122.444753,
            37.801989
          ],
          [
            -122.444773,
            37.802039
          ],
          [
            -122.444823,
            37.802069
          ],
          [
            -122.444863,
            37.802109
          ],
          [
            -122.444893,
            37.802159
          ],
          [
            -122.444923,
            37.802189
          ],
          [
            -122.444983,
            37.802179
          ],
          [
            -122.444933,
            37.802109
          ],
          [
            -122.444923,
            37.802039
          ],
          [
            -122.444893,
            37.801989
          ],
          [
            -122.444853,
            37.801929
          ],
          [
            -122.444843,
            37.801879
          ],
          [
            -122.444873,
            37.801819
          ],
          [
            -122.444903,
            37.801809
          ],
          [
            -122.444943,
            37.801819
          ],
          [
            -122.444983,
            37.801799
          ],
          [
            -122.444993,
            37.801729
          ],
          [
            -122.444973,
            37.801669
          ],
          [
            -122.444963,
            37.801619
          ],
          [
            -122.445013,
            37.801579
          ],
          [
            -122.445053,
            37.801599
          ],
          [
            -122.445153,
            37.801609
          ],
          [
            -122.445193,
            37.801569
          ],
          [
            -122.445233,
            37.801529
          ],
          [
            -122.445263,
            37.801499
          ],
          [
            -122.445313,
            37.801529
          ],
          [
            -122.445333,
            37.801569
          ],
          [
            -122.445393,
            37.801609
          ],
          [
            -122.445443,
            37.801619
          ],
          [
            -122.445483,
            37.801669
          ],
          [
            -122.445533,
            37.801609
          ],
          [
            -122.445593,
            37.801599
          ],
          [
            -122.445733,
            37.801589
          ],
          [
            -122.445803,
            37.801579
          ],
          [
            -122.445933,
            37.801559
          ],
          [
            -122.446063,
            37.801499
          ],
          [
            -122.446133,
            37.801479
          ],
          [
            -122.446173,
            37.801469
          ],
          [
            -122.446233,
            37.801499
          ],
          [
            -122.446263,
            37.801539
          ],
          [
            -122.446363,
            37.801559
          ],
          [
            -122.446443,
            37.801579
          ],
          [
            -122.446483,
            37.801619
          ],
          [
            -122.446453,
            37.801639
          ],
          [
            -122.446483,
            37.801699
          ],
          [
            -122.446503,
            37.801749
          ],
          [
            -122.446583,
            37.801769
          ],
          [
            -122.446683,
            37.801789
          ],
          [
            -122.446743,
            37.801809
          ],
          [
            -122.446773,
            37.801829
          ],
          [
            -122.446793,
            37.801869
          ],
          [
            -122.446803,
            37.801929
          ],
          [
            -122.446793,
            37.802019
          ],
          [
            -122.446823,
            37.802059
          ],
          [
            -122.446863,
            37.802099
          ],
          [
            -122.446903,
            37.802119
          ],
          [
            -122.447003,
            37.802099
          ],
          [
            -122.447093,
            37.802069
          ],
          [
            -122.447133,
            37.802029
          ],
          [
            -122.447153,
            37.801999
          ],
          [
            -122.447253,
            37.802059
          ],
          [
            -122.447353,
            37.802079
          ],
          [
            -122.447423,
            37.802109
          ],
          [
            -122.447403,
            37.802129
          ],
          [
            -122.447173,
            37.802179
          ],
          [
            -122.446893,
            37.802229
          ],
          [
            -122.446743,
            37.802289
          ],
          [
            -122.446653,
            37.802359
          ],
          [
            -122.446563,
            37.802429
          ],
          [
            -122.446303,
            37.802519
          ],
          [
            -122.446153,
            37.802629
          ],
          [
            -122.445943,
            37.802679
          ],
          [
            -122.445783,
            37.802709
          ],
          [
            -122.445683,
            37.802719
          ],
          [
            -122.445543,
            37.802699
          ],
          [
            -122.445463,
            37.802679
          ],
          [
            -122.445393,
            37.802659
          ],
          [
            -122.445203,
            37.802599
          ],
          [
            -122.445123,
            37.802549
          ],
          [
            -122.445053,
            37.802509
          ],
          [
            -122.445003,
            37.802469
          ],
          [
            -122.444983,
            37.802419
          ],
          [
            -122.444943,
            37.802389
          ],
          [
            -122.444913,
            37.802379
          ],
          [
            -122.444873,
            37.802319
          ],
          [
            -122.444823,
            37.802219
          ],
          [
            -122.444823,
            37.802159
          ],
          [
            -122.444773,
            37.802099
          ],
          [
            -122.444713,
            37.802069
          ]
        ]
      }
    },
    {
      "type": "Feature",
      "properties": {
        "FEATURE_ID": 928396,
        "FEATURE": 20,
        "SOURCE_ID": "T00687",
        "DATA_SOURC": "P",
        "SRC_DATE": "18570101",
        "HOR_ACC": "0",
        "INFORM": "\u0000\u0000\u0000\u0000\u0000\u0000\u0000\u0000\u0000\u0000\u0000\u0000\u0000\u0000\u0000\u0000\u0000\u0000\u0000\u0000\u0000\u0000\u0000\u0000\u0000\u0000\u0000\u0000\u0000\u0000\u0000\u0000\u0000\u0000\u0000\u0000\u0000\u0000\u0000\u0000\u0000\u0000\u0000\u0000\u0000\u0000\u0000\u0000\u0000\u0000\u0000\u0000\u0000\u0000\u0000\u0000\u0000\u0000\u0000\u0000\u0000\u0000\u0000\u0000\u0000\u0000\u0000\u0000\u0000\u0000\u0000\u0000\u0000\u0000\u0000\u0000\u0000\u0000\u0000\u0000\u0000\u0000\u0000\u0000\u0000\u0000\u0000\u0000\u0000\u0000\u0000\u0000\u0000\u0000\u0000\u0000\u0000\u0000\u0000\u0000\u0000\u0000\u0000\u0000\u0000\u0000\u0000\u0000\u0000\u0000\u0000\u0000\u0000\u0000\u0000\u0000\u0000\u0000\u0000\u0000\u0000\u0000\u0000\u0000\u0000\u0000\u0000\u0000\u0000\u0000\u0000\u0000\u0000\u0000\u0000\u0000\u0000\u0000\u0000\u0000\u0000\u0000\u0000\u0000\u0000\u0000\u0000\u0000\u0000\u0000\u0000\u0000\u0000\u0000\u0000\u0000\u0000\u0000\u0000\u0000\u0000\u0000\u0000\u0000\u0000\u0000\u0000\u0000\u0000\u0000\u0000\u0000\u0000\u0000\u0000\u0000\u0000\u0000\u0000\u0000\u0000\u0000\u0000\u0000\u0000\u0000\u0000\u0000\u0000\u0000\u0000\u0000\u0000\u0000\u0000\u0000\u0000\u0000\u0000\u0000\u0000\u0000\u0000\u0000\u0000\u0000\u0000\u0000\u0000\u0000\u0000\u0000\u0000\u0000\u0000\u0000\u0000\u0000\u0000\u0000\u0000\u0000\u0000\u0000\u0000\u0000\u0000\u0000\u0000\u0000\u0000\u0000\u0000\u0000\u0000\u0000\u0000\u0000\u0000\u0000\u0000\u0000\u0000\u0000\u0000\u0000\u0000\u0000\u0000\u0000\u0000\u0000\u0000\u0000",
        "RESOLUTION": 0,
        "ATTRIBUTE": "Natural.Mean High Water",
        "CLASS": "SHORELINE",
        "F_CODE": null,
        "EX_METH": "M",
        "EXTRACT_TE": "P",
        "_selecter_format": "shapefile",
        "_selecter_sourcecrs": "EPSG:4269",
        "_selecter_source": "CA37B08 1857 SF",
        "_selecter_imported": "2026-08-03T23:06:12.543Z"
      },
      "geometry": {
        "type": "LineString",
        "coordinates": [
          [
            -122.448093,
            37.802389
          ],
          [
            -122.448043,
            37.802339
          ],
          [
            -122.448033,
            37.802299
          ],
          [
            -122.448023,
            37.802259
          ],
          [
            -122.447973,
            37.802259
          ],
          [
            -122.447973,
            37.802219
          ],
          [
            -122.448003,
            37.802179
          ],
          [
            -122.448043,
            37.802179
          ],
          [
            -122.448113,
            37.802209
          ],
          [
            -122.448183,
            37.802239
          ],
          [
            -122.448233,
            37.802269
          ],
          [
            -122.448303,
            37.802299
          ],
          [
            -122.448383,
            37.802339
          ],
          [
            -122.448453,
            37.802379
          ],
          [
            -122.448433,
            37.802469
          ],
          [
            -122.448443,
            37.802569
          ],
          [
            -122.448473,
            37.802639
          ],
          [
            -122.448523,
            37.802699
          ],
          [
            -122.448583,
            37.802759
          ],
          [
            -122.448603,
            37.802809
          ],
          [
            -122.448593,
            37.802849
          ],
          [
            -122.448543,
            37.802889
          ],
          [
            -122.448473,
            37.802869
          ],
          [
            -122.448393,
            37.802829
          ],
          [
            -122.448333,
            37.802779
          ],
          [
            -122.448253,
            37.802699
          ],
          [
            -122.448213,
            37.802639
          ],
          [
            -122.448193,
            37.802589
          ],
          [
            -122.448173,
            37.802549
          ],
          [
            -122.448123,
            37.802509
          ],
          [
            -122.448093,
            37.802489
          ],
          [
            -122.448083,
            37.802459
          ],
          [
            -122.448093,
            37.802389
          ]
        ]
      }
    },
    {
      "type": "Feature",
      "properties": {
        "FEATURE_ID": 928397,
        "FEATURE": 20,
        "SOURCE_ID": "T00687",
        "DATA_SOURC": "P",
        "SRC_DATE": "18570101",
        "HOR_ACC": "0",
        "INFORM": "\u0000\u0000\u0000\u0000\u0000\u0000\u0000\u0000\u0000\u0000\u0000\u0000\u0000\u0000\u0000\u0000\u0000\u0000\u0000\u0000\u0000\u0000\u0000\u0000\u0000\u0000\u0000\u0000\u0000\u0000\u0000\u0000\u0000\u0000\u0000\u0000\u0000\u0000\u0000\u0000\u0000\u0000\u0000\u0000\u0000\u0000\u0000\u0000\u0000\u0000\u0000\u0000\u0000\u0000\u0000\u0000\u0000\u0000\u0000\u0000\u0000\u0000\u0000\u0000\u0000\u0000\u0000\u0000\u0000\u0000\u0000\u0000\u0000\u0000\u0000\u0000\u0000\u0000\u0000\u0000\u0000\u0000\u0000\u0000\u0000\u0000\u0000\u0000\u0000\u0000\u0000\u0000\u0000\u0000\u0000\u0000\u0000\u0000\u0000\u0000\u0000\u0000\u0000\u0000\u0000\u0000\u0000\u0000\u0000\u0000\u0000\u0000\u0000\u0000\u0000\u0000\u0000\u0000\u0000\u0000\u0000\u0000\u0000\u0000\u0000\u0000\u0000\u0000\u0000\u0000\u0000\u0000\u0000\u0000\u0000\u0000\u0000\u0000\u0000\u0000\u0000\u0000\u0000\u0000\u0000\u0000\u0000\u0000\u0000\u0000\u0000\u0000\u0000\u0000\u0000\u0000\u0000\u0000\u0000\u0000\u0000\u0000\u0000\u0000\u0000\u0000\u0000\u0000\u0000\u0000\u0000\u0000\u0000\u0000\u0000\u0000\u0000\u0000\u0000\u0000\u0000\u0000\u0000\u0000\u0000\u0000\u0000\u0000\u0000\u0000\u0000\u0000\u0000\u0000\u0000\u0000\u0000\u0000\u0000\u0000\u0000\u0000\u0000\u0000\u0000\u0000\u0000\u0000\u0000\u0000\u0000\u0000\u0000\u0000\u0000\u0000\u0000\u0000\u0000\u0000\u0000\u0000\u0000\u0000\u0000\u0000\u0000\u0000\u0000\u0000\u0000\u0000\u0000\u0000\u0000\u0000\u0000\u0000\u0000\u0000\u0000\u0000\u0000\u0000\u0000\u0000\u0000\u0000\u0000\u0000\u0000\u0000\u0000\u0000",
        "RESOLUTION": 0,
        "ATTRIBUTE": "Natural.Mean High Water",
        "CLASS": "SHORELINE",
        "F_CODE": null,
        "EX_METH": "M",
        "EXTRACT_TE": "P",
        "_selecter_format": "shapefile",
        "_selecter_sourcecrs": "EPSG:4269",
        "_selecter_source": "CA37B08 1857 SF",
        "_selecter_imported": "2026-08-03T23:06:12.543Z"
      },
      "geometry": {
        "type": "LineString",
        "coordinates": [
          [
            -122.448783,
            37.802619
          ],
          [
            -122.448733,
            37.802639
          ],
          [
            -122.448703,
            37.802579
          ],
          [
            -122.448723,
            37.802559
          ],
          [
            -122.448783,
            37.802569
          ],
          [
            -122.448783,
            37.802619
          ]
        ]
      }
    },
    {
      "type": "Feature",
      "properties": {
        "FEATURE_ID": 928398,
        "FEATURE": 20,
        "SOURCE_ID": "T00687",
        "DATA_SOURC": "P",
        "SRC_DATE": "18570101",
        "HOR_ACC": "0",
        "INFORM": "\u0000\u0000\u0000\u0000\u0000\u0000\u0000\u0000\u0000\u0000\u0000\u0000\u0000\u0000\u0000\u0000\u0000\u0000\u0000\u0000\u0000\u0000\u0000\u0000\u0000\u0000\u0000\u0000\u0000\u0000\u0000\u0000\u0000\u0000\u0000\u0000\u0000\u0000\u0000\u0000\u0000\u0000\u0000\u0000\u0000\u0000\u0000\u0000\u0000\u0000\u0000\u0000\u0000\u0000\u0000\u0000\u0000\u0000\u0000\u0000\u0000\u0000\u0000\u0000\u0000\u0000\u0000\u0000\u0000\u0000\u0000\u0000\u0000\u0000\u0000\u0000\u0000\u0000\u0000\u0000\u0000\u0000\u0000\u0000\u0000\u0000\u0000\u0000\u0000\u0000\u0000\u0000\u0000\u0000\u0000\u0000\u0000\u0000\u0000\u0000\u0000\u0000\u0000\u0000\u0000\u0000\u0000\u0000\u0000\u0000\u0000\u0000\u0000\u0000\u0000\u0000\u0000\u0000\u0000\u0000\u0000\u0000\u0000\u0000\u0000\u0000\u0000\u0000\u0000\u0000\u0000\u0000\u0000\u0000\u0000\u0000\u0000\u0000\u0000\u0000\u0000\u0000\u0000\u0000\u0000\u0000\u0000\u0000\u0000\u0000\u0000\u0000\u0000\u0000\u0000\u0000\u0000\u0000\u0000\u0000\u0000\u0000\u0000\u0000\u0000\u0000\u0000\u0000\u0000\u0000\u0000\u0000\u0000\u0000\u0000\u0000\u0000\u0000\u0000\u0000\u0000\u0000\u0000\u0000\u0000\u0000\u0000\u0000\u0000\u0000\u0000\u0000\u0000\u0000\u0000\u0000\u0000\u0000\u0000\u0000\u0000\u0000\u0000\u0000\u0000\u0000\u0000\u0000\u0000\u0000\u0000\u0000\u0000\u0000\u0000\u0000\u0000\u0000\u0000\u0000\u0000\u0000\u0000\u0000\u0000\u0000\u0000\u0000\u0000\u0000\u0000\u0000\u0000\u0000\u0000\u0000\u0000\u0000\u0000\u0000\u0000\u0000\u0000\u0000\u0000\u0000\u0000\u0000\u0000\u0000\u0000\u0000\u0000\u0000",
        "RESOLUTION": 0,
        "ATTRIBUTE": "Natural.Mean High Water",
        "CLASS": "SHORELINE",
        "F_CODE": null,
        "EX_METH": "M",
        "EXTRACT_TE": "P",
        "_selecter_format": "shapefile",
        "_selecter_sourcecrs": "EPSG:4269",
        "_selecter_source": "CA37B08 1857 SF",
        "_selecter_imported": "2026-08-03T23:06:12.543Z"
      },
      "geometry": {
        "type": "LineString",
        "coordinates": [
          [
            -122.448863,
            37.802729
          ],
          [
            -122.448863,
            37.802769
          ],
          [
            -122.448833,
            37.802799
          ],
          [
            -122.448773,
            37.802789
          ],
          [
            -122.448723,
            37.802739
          ],
          [
            -122.448713,
            37.802699
          ],
          [
            -122.448733,
            37.802679
          ],
          [
            -122.448793,
            37.802669
          ],
          [
            -122.448833,
            37.802699
          ],
          [
            -122.448863,
            37.802729
          ]
        ]
      }
    },
    {
      "type": "Feature",
      "properties": {
        "FEATURE_ID": 928399,
        "FEATURE": 20,
        "SOURCE_ID": "T00687",
        "DATA_SOURC": "P",
        "SRC_DATE": "18570101",
        "HOR_ACC": "0",
        "INFORM": "\u0000\u0000\u0000\u0000\u0000\u0000\u0000\u0000\u0000\u0000\u0000\u0000\u0000\u0000\u0000\u0000\u0000\u0000\u0000\u0000\u0000\u0000\u0000\u0000\u0000\u0000\u0000\u0000\u0000\u0000\u0000\u0000\u0000\u0000\u0000\u0000\u0000\u0000\u0000\u0000\u0000\u0000\u0000\u0000\u0000\u0000\u0000\u0000\u0000\u0000\u0000\u0000\u0000\u0000\u0000\u0000\u0000\u0000\u0000\u0000\u0000\u0000\u0000\u0000\u0000\u0000\u0000\u0000\u0000\u0000\u0000\u0000\u0000\u0000\u0000\u0000\u0000\u0000\u0000\u0000\u0000\u0000\u0000\u0000\u0000\u0000\u0000\u0000\u0000\u0000\u0000\u0000\u0000\u0000\u0000\u0000\u0000\u0000\u0000\u0000\u0000\u0000\u0000\u0000\u0000\u0000\u0000\u0000\u0000\u0000\u0000\u0000\u0000\u0000\u0000\u0000\u0000\u0000\u0000\u0000\u0000\u0000\u0000\u0000\u0000\u0000\u0000\u0000\u0000\u0000\u0000\u0000\u0000\u0000\u0000\u0000\u0000\u0000\u0000\u0000\u0000\u0000\u0000\u0000\u0000\u0000\u0000\u0000\u0000\u0000\u0000\u0000\u0000\u0000\u0000\u0000\u0000\u0000\u0000\u0000\u0000\u0000\u0000\u0000\u0000\u0000\u0000\u0000\u0000\u0000\u0000\u0000\u0000\u0000\u0000\u0000\u0000\u0000\u0000\u0000\u0000\u0000\u0000\u0000\u0000\u0000\u0000\u0000\u0000\u0000\u0000\u0000\u0000\u0000\u0000\u0000\u0000\u0000\u0000\u0000\u0000\u0000\u0000\u0000\u0000\u0000\u0000\u0000\u0000\u0000\u0000\u0000\u0000\u0000\u0000\u0000\u0000\u0000\u0000\u0000\u0000\u0000\u0000\u0000\u0000\u0000\u0000\u0000\u0000\u0000\u0000\u0000\u0000\u0000\u0000\u0000\u0000\u0000\u0000\u0000\u0000\u0000\u0000\u0000\u0000\u0000\u0000\u0000\u0000\u0000\u0000\u0000\u0000\u0000",
        "RESOLUTION": 0,
        "ATTRIBUTE": "Natural.Mean High Water",
        "CLASS": "SHORELINE",
        "F_CODE": null,
        "EX_METH": "M",
        "EXTRACT_TE": "P",
        "_selecter_format": "shapefile",
        "_selecter_sourcecrs": "EPSG:4269",
        "_selecter_source": "CA37B08 1857 SF",
        "_selecter_imported": "2026-08-03T23:06:12.543Z"
      },
      "geometry": {
        "type": "LineString",
        "coordinates": [
          [
            -122.449453,
            37.803139
          ],
          [
            -122.449413,
            37.803139
          ],
          [
            -122.449363,
            37.803129
          ],
          [
            -122.449313,
            37.803129
          ],
          [
            -122.449313,
            37.803089
          ],
          [
            -122.449333,
            37.803039
          ],
          [
            -122.449373,
            37.803029
          ],
          [
            -122.449443,
            37.803039
          ],
          [
            -122.449523,
            37.803069
          ],
          [
            -122.449583,
            37.803089
          ],
          [
            -122.449543,
            37.803119
          ],
          [
            -122.449493,
            37.803119
          ],
          [
            -122.449453,
            37.803139
          ]
        ]
      }
    },
    {
      "type": "Feature",
      "properties": {
        "FEATURE_ID": 928752,
        "FEATURE": 20,
        "SOURCE_ID": "T00687",
        "DATA_SOURC": "P",
        "SRC_DATE": "18570101",
        "HOR_ACC": "0",
        "INFORM": "\u0000\u0000\u0000\u0000\u0000\u0000\u0000\u0000\u0000\u0000\u0000\u0000\u0000\u0000\u0000\u0000\u0000\u0000\u0000\u0000\u0000\u0000\u0000\u0000\u0000\u0000\u0000\u0000\u0000\u0000\u0000\u0000\u0000\u0000\u0000\u0000\u0000\u0000\u0000\u0000\u0000\u0000\u0000\u0000\u0000\u0000\u0000\u0000\u0000\u0000\u0000\u0000\u0000\u0000\u0000\u0000\u0000\u0000\u0000\u0000\u0000\u0000\u0000\u0000\u0000\u0000\u0000\u0000\u0000\u0000\u0000\u0000\u0000\u0000\u0000\u0000\u0000\u0000\u0000\u0000\u0000\u0000\u0000\u0000\u0000\u0000\u0000\u0000\u0000\u0000\u0000\u0000\u0000\u0000\u0000\u0000\u0000\u0000\u0000\u0000\u0000\u0000\u0000\u0000\u0000\u0000\u0000\u0000\u0000\u0000\u0000\u0000\u0000\u0000\u0000\u0000\u0000\u0000\u0000\u0000\u0000\u0000\u0000\u0000\u0000\u0000\u0000\u0000\u0000\u0000\u0000\u0000\u0000\u0000\u0000\u0000\u0000\u0000\u0000\u0000\u0000\u0000\u0000\u0000\u0000\u0000\u0000\u0000\u0000\u0000\u0000\u0000\u0000\u0000\u0000\u0000\u0000\u0000\u0000\u0000\u0000\u0000\u0000\u0000\u0000\u0000\u0000\u0000\u0000\u0000\u0000\u0000\u0000\u0000\u0000\u0000\u0000\u0000\u0000\u0000\u0000\u0000\u0000\u0000\u0000\u0000\u0000\u0000\u0000\u0000\u0000\u0000\u0000\u0000\u0000\u0000\u0000\u0000\u0000\u0000\u0000\u0000\u0000\u0000\u0000\u0000\u0000\u0000\u0000\u0000\u0000\u0000\u0000\u0000\u0000\u0000\u0000\u0000\u0000\u0000\u0000\u0000\u0000\u0000\u0000\u0000\u0000\u0000\u0000\u0000\u0000\u0000\u0000\u0000\u0000\u0000\u0000\u0000\u0000\u0000\u0000\u0000\u0000\u0000\u0000\u0000\u0000\u0000\u0000\u0000\u0000\u0000\u0000\u0000",
        "RESOLUTION": 0,
        "ATTRIBUTE": "Natural.Mean High Water",
        "CLASS": "SHORELINE",
        "F_CODE": null,
        "EX_METH": "M",
        "EXTRACT_TE": "P",
        "_selecter_format": "shapefile",
        "_selecter_sourcecrs": "EPSG:4269",
        "_selecter_source": "CA37B08 1857 SF",
        "_selecter_imported": "2026-08-03T23:06:12.543Z"
      },
      "geometry": {
        "type": "LineString",
        "coordinates": [
          [
            -122.453473,
            37.804319
          ],
          [
            -122.453453,
            37.804299
          ],
          [
            -122.453443,
            37.804259
          ],
          [
            -122.453463,
            37.804219
          ],
          [
            -122.453453,
            37.804179
          ],
          [
            -122.453403,
            37.804169
          ],
          [
            -122.453363,
            37.804179
          ],
          [
            -122.453353,
            37.804209
          ],
          [
            -122.453333,
            37.804259
          ],
          [
            -122.453343,
            37.804309
          ],
          [
            -122.453353,
            37.804369
          ],
          [
            -122.453363,
            37.804419
          ],
          [
            -122.453363,
            37.804479
          ],
          [
            -122.453373,
            37.804539
          ],
          [
            -122.453433,
            37.804529
          ],
          [
            -122.453473,
            37.804509
          ],
          [
            -122.453513,
            37.804509
          ],
          [
            -122.453513,
            37.804479
          ],
          [
            -122.453483,
            37.804449
          ],
          [
            -122.453463,
            37.804409
          ],
          [
            -122.453493,
            37.804369
          ],
          [
            -122.453473,
            37.804319
          ]
        ]
      }
    },
    {
      "type": "Feature",
      "properties": {
        "FEATURE_ID": 928753,
        "FEATURE": 20,
        "SOURCE_ID": "T00687",
        "DATA_SOURC": "P",
        "SRC_DATE": "18570101",
        "HOR_ACC": "0",
        "INFORM": "\u0000\u0000\u0000\u0000\u0000\u0000\u0000\u0000\u0000\u0000\u0000\u0000\u0000\u0000\u0000\u0000\u0000\u0000\u0000\u0000\u0000\u0000\u0000\u0000\u0000\u0000\u0000\u0000\u0000\u0000\u0000\u0000\u0000\u0000\u0000\u0000\u0000\u0000\u0000\u0000\u0000\u0000\u0000\u0000\u0000\u0000\u0000\u0000\u0000\u0000\u0000\u0000\u0000\u0000\u0000\u0000\u0000\u0000\u0000\u0000\u0000\u0000\u0000\u0000\u0000\u0000\u0000\u0000\u0000\u0000\u0000\u0000\u0000\u0000\u0000\u0000\u0000\u0000\u0000\u0000\u0000\u0000\u0000\u0000\u0000\u0000\u0000\u0000\u0000\u0000\u0000\u0000\u0000\u0000\u0000\u0000\u0000\u0000\u0000\u0000\u0000\u0000\u0000\u0000\u0000\u0000\u0000\u0000\u0000\u0000\u0000\u0000\u0000\u0000\u0000\u0000\u0000\u0000\u0000\u0000\u0000\u0000\u0000\u0000\u0000\u0000\u0000\u0000\u0000\u0000\u0000\u0000\u0000\u0000\u0000\u0000\u0000\u0000\u0000\u0000\u0000\u0000\u0000\u0000\u0000\u0000\u0000\u0000\u0000\u0000\u0000\u0000\u0000\u0000\u0000\u0000\u0000\u0000\u0000\u0000\u0000\u0000\u0000\u0000\u0000\u0000\u0000\u0000\u0000\u0000\u0000\u0000\u0000\u0000\u0000\u0000\u0000\u0000\u0000\u0000\u0000\u0000\u0000\u0000\u0000\u0000\u0000\u0000\u0000\u0000\u0000\u0000\u0000\u0000\u0000\u0000\u0000\u0000\u0000\u0000\u0000\u0000\u0000\u0000\u0000\u0000\u0000\u0000\u0000\u0000\u0000\u0000\u0000\u0000\u0000\u0000\u0000\u0000\u0000\u0000\u0000\u0000\u0000\u0000\u0000\u0000\u0000\u0000\u0000\u0000\u0000\u0000\u0000\u0000\u0000\u0000\u0000\u0000\u0000\u0000\u0000\u0000\u0000\u0000\u0000\u0000\u0000\u0000\u0000\u0000\u0000\u0000\u0000\u0000",
        "RESOLUTION": 0,
        "ATTRIBUTE": "Natural.Mean High Water",
        "CLASS": "SHORELINE",
        "F_CODE": null,
        "EX_METH": "M",
        "EXTRACT_TE": "P",
        "_selecter_format": "shapefile",
        "_selecter_sourcecrs": "EPSG:4269",
        "_selecter_source": "CA37B08 1857 SF",
        "_selecter_imported": "2026-08-03T23:06:12.543Z"
      },
      "geometry": {
        "type": "LineString",
        "coordinates": [
          [
            -122.453603,
            37.804289
          ],
          [
            -122.453593,
            37.804229
          ],
          [
            -122.453553,
            37.804209
          ],
          [
            -122.453533,
            37.804169
          ],
          [
            -122.453503,
            37.804119
          ],
          [
            -122.453513,
            37.804069
          ],
          [
            -122.453553,
            37.804089
          ],
          [
            -122.453613,
            37.804119
          ],
          [
            -122.453673,
            37.804109
          ],
          [
            -122.453733,
            37.804099
          ],
          [
            -122.453783,
            37.804129
          ],
          [
            -122.453893,
            37.804179
          ],
          [
            -122.453993,
            37.804199
          ],
          [
            -122.454013,
            37.804259
          ],
          [
            -122.453973,
            37.804299
          ],
          [
            -122.453923,
            37.804279
          ],
          [
            -122.453843,
            37.804269
          ],
          [
            -122.453853,
            37.804329
          ],
          [
            -122.453833,
            37.804369
          ],
          [
            -122.453773,
            37.804389
          ],
          [
            -122.453763,
            37.804429
          ],
          [
            -122.453713,
            37.804469
          ],
          [
            -122.453653,
            37.804479
          ],
          [
            -122.453613,
            37.804439
          ],
          [
            -122.453633,
            37.804379
          ],
          [
            -122.453643,
            37.804329
          ],
          [
            -122.453603,
            37.804289
          ]
        ]
      }
    },
    {
      "type": "Feature",
      "properties": {
        "FEATURE_ID": 928754,
        "FEATURE": 20,
        "SOURCE_ID": "T00687",
        "DATA_SOURC": "P",
        "SRC_DATE": "18570101",
        "HOR_ACC": "0",
        "INFORM": "\u0000\u0000\u0000\u0000\u0000\u0000\u0000\u0000\u0000\u0000\u0000\u0000\u0000\u0000\u0000\u0000\u0000\u0000\u0000\u0000\u0000\u0000\u0000\u0000\u0000\u0000\u0000\u0000\u0000\u0000\u0000\u0000\u0000\u0000\u0000\u0000\u0000\u0000\u0000\u0000\u0000\u0000\u0000\u0000\u0000\u0000\u0000\u0000\u0000\u0000\u0000\u0000\u0000\u0000\u0000\u0000\u0000\u0000\u0000\u0000\u0000\u0000\u0000\u0000\u0000\u0000\u0000\u0000\u0000\u0000\u0000\u0000\u0000\u0000\u0000\u0000\u0000\u0000\u0000\u0000\u0000\u0000\u0000\u0000\u0000\u0000\u0000\u0000\u0000\u0000\u0000\u0000\u0000\u0000\u0000\u0000\u0000\u0000\u0000\u0000\u0000\u0000\u0000\u0000\u0000\u0000\u0000\u0000\u0000\u0000\u0000\u0000\u0000\u0000\u0000\u0000\u0000\u0000\u0000\u0000\u0000\u0000\u0000\u0000\u0000\u0000\u0000\u0000\u0000\u0000\u0000\u0000\u0000\u0000\u0000\u0000\u0000\u0000\u0000\u0000\u0000\u0000\u0000\u0000\u0000\u0000\u0000\u0000\u0000\u0000\u0000\u0000\u0000\u0000\u0000\u0000\u0000\u0000\u0000\u0000\u0000\u0000\u0000\u0000\u0000\u0000\u0000\u0000\u0000\u0000\u0000\u0000\u0000\u0000\u0000\u0000\u0000\u0000\u0000\u0000\u0000\u0000\u0000\u0000\u0000\u0000\u0000\u0000\u0000\u0000\u0000\u0000\u0000\u0000\u0000\u0000\u0000\u0000\u0000\u0000\u0000\u0000\u0000\u0000\u0000\u0000\u0000\u0000\u0000\u0000\u0000\u0000\u0000\u0000\u0000\u0000\u0000\u0000\u0000\u0000\u0000\u0000\u0000\u0000\u0000\u0000\u0000\u0000\u0000\u0000\u0000\u0000\u0000\u0000\u0000\u0000\u0000\u0000\u0000\u0000\u0000\u0000\u0000\u0000\u0000\u0000\u0000\u0000\u0000\u0000\u0000\u0000\u0000\u0000",
        "RESOLUTION": 0,
        "ATTRIBUTE": "Natural.Mean High Water",
        "CLASS": "SHORELINE",
        "F_CODE": null,
        "EX_METH": "M",
        "EXTRACT_TE": "P",
        "_selecter_format": "shapefile",
        "_selecter_sourcecrs": "EPSG:4269",
        "_selecter_source": "CA37B08 1857 SF",
        "_selecter_imported": "2026-08-03T23:06:12.543Z"
      },
      "geometry": {
        "type": "LineString",
        "coordinates": [
          [
            -122.455273,
            37.804319
          ],
          [
            -122.455273,
            37.804259
          ],
          [
            -122.455333,
            37.804229
          ],
          [
            -122.455463,
            37.804209
          ],
          [
            -122.455503,
            37.804159
          ],
          [
            -122.455613,
            37.804139
          ],
          [
            -122.455683,
            37.804079
          ],
          [
            -122.455733,
            37.804029
          ],
          [
            -122.455793,
            37.803979
          ],
          [
            -122.455843,
            37.803989
          ],
          [
            -122.455893,
            37.804039
          ],
          [
            -122.455943,
            37.804059
          ],
          [
            -122.456003,
            37.804069
          ],
          [
            -122.456083,
            37.804019
          ],
          [
            -122.456123,
            37.803979
          ],
          [
            -122.456153,
            37.803929
          ],
          [
            -122.456123,
            37.803909
          ],
          [
            -122.456063,
            37.803959
          ],
          [
            -122.456023,
            37.804019
          ],
          [
            -122.455983,
            37.804009
          ],
          [
            -122.455973,
            37.803979
          ],
          [
            -122.456003,
            37.803909
          ],
          [
            -122.456003,
            37.803879
          ],
          [
            -122.455953,
            37.803849
          ],
          [
            -122.455863,
            37.803899
          ],
          [
            -122.455853,
            37.803849
          ],
          [
            -122.455913,
            37.803789
          ],
          [
            -122.456013,
            37.803759
          ],
          [
            -122.456093,
            37.803749
          ],
          [
            -122.456153,
            37.803679
          ],
          [
            -122.456183,
            37.803609
          ],
          [
            -122.456223,
            37.803589
          ],
          [
            -122.456323,
            37.803579
          ],
          [
            -122.456513,
            37.803589
          ],
          [
            -122.456663,
            37.803629
          ],
          [
            -122.456803,
            37.803649
          ],
          [
            -122.456913,
            37.803699
          ],
          [
            -122.456933,
            37.803739
          ],
          [
            -122.457013,
            37.803749
          ],
          [
            -122.457173,
            37.803899
          ],
          [
            -122.457203,
            37.803949
          ],
          [
            -122.457233,
            37.804009
          ],
          [
            -122.457253,
            37.804099
          ],
          [
            -122.457263,
            37.804169
          ],
          [
            -122.457313,
            37.804249
          ],
          [
            -122.457373,
            37.804309
          ],
          [
            -122.457373,
            37.804349
          ],
          [
            -122.457293,
            37.804339
          ],
          [
            -122.457193,
            37.804309
          ],
          [
            -122.457123,
            37.804309
          ],
          [
            -122.457043,
            37.804329
          ],
          [
            -122.456963,
            37.804329
          ],
          [
            -122.456903,
            37.804299
          ],
          [
            -122.456843,
            37.804279
          ],
          [
            -122.456773,
            37.804319
          ],
          [
            -122.456683,
            37.804349
          ],
          [
            -122.456623,
            37.804329
          ],
          [
            -122.456513,
            37.804329
          ],
          [
            -122.456413,
            37.804339
          ],
          [
            -122.456273,
            37.804299
          ],
          [
            -122.456163,
            37.804269
          ],
          [
            -122.456053,
            37.804229
          ],
          [
            -122.455963,
            37.804219
          ],
          [
            -122.455883,
            37.804239
          ],
          [
            -122.455823,
            37.804269
          ],
          [
            -122.455693,
            37.804259
          ],
          [
            -122.455573,
            37.804269
          ],
          [
            -122.455413,
            37.804299
          ],
          [
            -122.455303,
            37.804339
          ],
          [
            -122.455273,
            37.804319
          ]
        ]
      }
    },
    {
      "type": "Feature",
      "properties": {
        "FEATURE_ID": 928757,
        "FEATURE": 20,
        "SOURCE_ID": "T00687",
        "DATA_SOURC": "P",
        "SRC_DATE": "18570101",
        "HOR_ACC": "0",
        "INFORM": "\u0000\u0000\u0000\u0000\u0000\u0000\u0000\u0000\u0000\u0000\u0000\u0000\u0000\u0000\u0000\u0000\u0000\u0000\u0000\u0000\u0000\u0000\u0000\u0000\u0000\u0000\u0000\u0000\u0000\u0000\u0000\u0000\u0000\u0000\u0000\u0000\u0000\u0000\u0000\u0000\u0000\u0000\u0000\u0000\u0000\u0000\u0000\u0000\u0000\u0000\u0000\u0000\u0000\u0000\u0000\u0000\u0000\u0000\u0000\u0000\u0000\u0000\u0000\u0000\u0000\u0000\u0000\u0000\u0000\u0000\u0000\u0000\u0000\u0000\u0000\u0000\u0000\u0000\u0000\u0000\u0000\u0000\u0000\u0000\u0000\u0000\u0000\u0000\u0000\u0000\u0000\u0000\u0000\u0000\u0000\u0000\u0000\u0000\u0000\u0000\u0000\u0000\u0000\u0000\u0000\u0000\u0000\u0000\u0000\u0000\u0000\u0000\u0000\u0000\u0000\u0000\u0000\u0000\u0000\u0000\u0000\u0000\u0000\u0000\u0000\u0000\u0000\u0000\u0000\u0000\u0000\u0000\u0000\u0000\u0000\u0000\u0000\u0000\u0000\u0000\u0000\u0000\u0000\u0000\u0000\u0000\u0000\u0000\u0000\u0000\u0000\u0000\u0000\u0000\u0000\u0000\u0000\u0000\u0000\u0000\u0000\u0000\u0000\u0000\u0000\u0000\u0000\u0000\u0000\u0000\u0000\u0000\u0000\u0000\u0000\u0000\u0000\u0000\u0000\u0000\u0000\u0000\u0000\u0000\u0000\u0000\u0000\u0000\u0000\u0000\u0000\u0000\u0000\u0000\u0000\u0000\u0000\u0000\u0000\u0000\u0000\u0000\u0000\u0000\u0000\u0000\u0000\u0000\u0000\u0000\u0000\u0000\u0000\u0000\u0000\u0000\u0000\u0000\u0000\u0000\u0000\u0000\u0000\u0000\u0000\u0000\u0000\u0000\u0000\u0000\u0000\u0000\u0000\u0000\u0000\u0000\u0000\u0000\u0000\u0000\u0000\u0000\u0000\u0000\u0000\u0000\u0000\u0000\u0000\u0000\u0000\u0000\u0000\u0000",
        "RESOLUTION": 0,
        "ATTRIBUTE": "Natural.Mean High Water",
        "CLASS": "SHORELINE",
        "F_CODE": null,
        "EX_METH": "M",
        "EXTRACT_TE": "P",
        "_selecter_format": "shapefile",
        "_selecter_sourcecrs": "EPSG:4269",
        "_selecter_source": "CA37B08 1857 SF",
        "_selecter_imported": "2026-08-03T23:06:12.543Z"
      },
      "geometry": {
        "type": "LineString",
        "coordinates": [
          [
            -122.401952,
            37.77127
          ],
          [
            -122.401922,
            37.77131
          ],
          [
            -122.401902,
            37.77135
          ],
          [
            -122.401922,
            37.77141
          ],
          [
            -122.401972,
            37.77147
          ],
          [
            -122.402012,
            37.77153
          ],
          [
            -122.401932,
            37.77156
          ],
          [
            -122.401872,
            37.77151
          ],
          [
            -122.401822,
            37.77151
          ],
          [
            -122.401732,
            37.77154
          ],
          [
            -122.401682,
            37.77157
          ],
          [
            -122.401662,
            37.77162
          ],
          [
            -122.401612,
            37.77163
          ],
          [
            -122.401562,
            37.77156
          ],
          [
            -122.401482,
            37.77155
          ],
          [
            -122.401422,
            37.77153
          ],
          [
            -122.401392,
            37.77149
          ],
          [
            -122.401382,
            37.77144
          ],
          [
            -122.401392,
            37.77139
          ],
          [
            -122.401382,
            37.77134
          ],
          [
            -122.401362,
            37.77129
          ],
          [
            -122.401322,
            37.77125
          ],
          [
            -122.401242,
            37.77125
          ],
          [
            -122.401132,
            37.77128
          ],
          [
            -122.401092,
            37.77124
          ],
          [
            -122.401142,
            37.77113
          ],
          [
            -122.401202,
            37.77106
          ],
          [
            -122.401242,
            37.77096
          ],
          [
            -122.401332,
            37.77086
          ],
          [
            -122.401432,
            37.77073
          ],
          [
            -122.401532,
            37.77063
          ],
          [
            -122.401592,
            37.77053
          ],
          [
            -122.401642,
            37.77041
          ],
          [
            -122.401722,
            37.77037
          ],
          [
            -122.401822,
            37.77035
          ],
          [
            -122.401932,
            37.77036
          ],
          [
            -122.402042,
            37.77037
          ],
          [
            -122.402152,
            37.77034
          ],
          [
            -122.402232,
            37.77033
          ],
          [
            -122.402362,
            37.77032
          ],
          [
            -122.402412,
            37.77032
          ],
          [
            -122.402502,
            37.77029
          ],
          [
            -122.402682,
            37.77029
          ],
          [
            -122.402842,
            37.7703
          ],
          [
            -122.402962,
            37.77036
          ],
          [
            -122.403032,
            37.77042
          ],
          [
            -122.403112,
            37.77051
          ],
          [
            -122.403192,
            37.77061
          ],
          [
            -122.403242,
            37.77068
          ],
          [
            -122.403322,
            37.7708
          ],
          [
            -122.403442,
            37.77093
          ],
          [
            -122.403632,
            37.77109
          ],
          [
            -122.403782,
            37.77116
          ],
          [
            -122.403972,
            37.77119
          ],
          [
            -122.404162,
            37.77119
          ],
          [
            -122.404352,
            37.77114
          ],
          [
            -122.404562,
            37.77109
          ],
          [
            -122.404762,
            37.771
          ],
          [
            -122.404832,
            37.77097
          ],
          [
            -122.404892,
            37.77094
          ],
          [
            -122.404912,
            37.77088
          ],
          [
            -122.404922,
            37.77079
          ],
          [
            -122.404912,
            37.77066
          ],
          [
            -122.405012,
            37.77064
          ],
          [
            -122.405092,
            37.7706
          ],
          [
            -122.405252,
            37.7703
          ],
          [
            -122.405332,
            37.7702
          ],
          [
            -122.405402,
            37.77009
          ],
          [
            -122.405502,
            37.77002
          ],
          [
            -122.405622,
            37.76999
          ],
          [
            -122.405812,
            37.76991
          ],
          [
            -122.405942,
            37.76987
          ],
          [
            -122.406032,
            37.76984
          ],
          [
            -122.406112,
            37.76979
          ],
          [
            -122.406162,
            37.76974
          ],
          [
            -122.406122,
            37.76965
          ],
          [
            -122.406212,
            37.76968
          ],
          [
            -122.406342,
            37.76975
          ],
          [
            -122.406442,
            37.76976
          ],
          [
            -122.406462,
            37.76968
          ],
          [
            -122.406502,
            37.76961
          ],
          [
            -122.406622,
            37.76962
          ],
          [
            -122.406872,
            37.76968
          ],
          [
            -122.407132,
            37.76983
          ]
        ]
      }
    },
    {
      "type": "Feature",
      "properties": {
        "FEATURE_ID": 928760,
        "FEATURE": 20,
        "SOURCE_ID": "T00687",
        "DATA_SOURC": "P",
        "SRC_DATE": "18570101",
        "HOR_ACC": "0",
        "INFORM": "\u0000\u0000\u0000\u0000\u0000\u0000\u0000\u0000\u0000\u0000\u0000\u0000\u0000\u0000\u0000\u0000\u0000\u0000\u0000\u0000\u0000\u0000\u0000\u0000\u0000\u0000\u0000\u0000\u0000\u0000\u0000\u0000\u0000\u0000\u0000\u0000\u0000\u0000\u0000\u0000\u0000\u0000\u0000\u0000\u0000\u0000\u0000\u0000\u0000\u0000\u0000\u0000\u0000\u0000\u0000\u0000\u0000\u0000\u0000\u0000\u0000\u0000\u0000\u0000\u0000\u0000\u0000\u0000\u0000\u0000\u0000\u0000\u0000\u0000\u0000\u0000\u0000\u0000\u0000\u0000\u0000\u0000\u0000\u0000\u0000\u0000\u0000\u0000\u0000\u0000\u0000\u0000\u0000\u0000\u0000\u0000\u0000\u0000\u0000\u0000\u0000\u0000\u0000\u0000\u0000\u0000\u0000\u0000\u0000\u0000\u0000\u0000\u0000\u0000\u0000\u0000\u0000\u0000\u0000\u0000\u0000\u0000\u0000\u0000\u0000\u0000\u0000\u0000\u0000\u0000\u0000\u0000\u0000\u0000\u0000\u0000\u0000\u0000\u0000\u0000\u0000\u0000\u0000\u0000\u0000\u0000\u0000\u0000\u0000\u0000\u0000\u0000\u0000\u0000\u0000\u0000\u0000\u0000\u0000\u0000\u0000\u0000\u0000\u0000\u0000\u0000\u0000\u0000\u0000\u0000\u0000\u0000\u0000\u0000\u0000\u0000\u0000\u0000\u0000\u0000\u0000\u0000\u0000\u0000\u0000\u0000\u0000\u0000\u0000\u0000\u0000\u0000\u0000\u0000\u0000\u0000\u0000\u0000\u0000\u0000\u0000\u0000\u0000\u0000\u0000\u0000\u0000\u0000\u0000\u0000\u0000\u0000\u0000\u0000\u0000\u0000\u0000\u0000\u0000\u0000\u0000\u0000\u0000\u0000\u0000\u0000\u0000\u0000\u0000\u0000\u0000\u0000\u0000\u0000\u0000\u0000\u0000\u0000\u0000\u0000\u0000\u0000\u0000\u0000\u0000\u0000\u0000\u0000\u0000\u0000\u0000\u0000\u0000\u0000",
        "RESOLUTION": 0,
        "ATTRIBUTE": "Natural.Mean High Water",
        "CLASS": "SHORELINE",
        "F_CODE": null,
        "EX_METH": "M",
        "EXTRACT_TE": "P",
        "_selecter_format": "shapefile",
        "_selecter_sourcecrs": "EPSG:4269",
        "_selecter_source": "CA37B08 1857 SF",
        "_selecter_imported": "2026-08-03T23:06:12.543Z"
      },
      "geometry": {
        "type": "LineString",
        "coordinates": [
          [
            -122.404542,
            37.77038
          ],
          [
            -122.404582,
            37.77028
          ],
          [
            -122.404702,
            37.77017
          ],
          [
            -122.404622,
            37.77012
          ],
          [
            -122.404462,
            37.77009
          ],
          [
            -122.404332,
            37.77005
          ],
          [
            -122.404242,
            37.77
          ],
          [
            -122.404212,
            37.76995
          ],
          [
            -122.404192,
            37.76985
          ],
          [
            -122.404122,
            37.7698
          ],
          [
            -122.404012,
            37.76985
          ],
          [
            -122.403982,
            37.76994
          ],
          [
            -122.403922,
            37.77003
          ],
          [
            -122.403842,
            37.77007
          ],
          [
            -122.403722,
            37.77011
          ],
          [
            -122.403562,
            37.77013
          ],
          [
            -122.403462,
            37.77013
          ],
          [
            -122.403392,
            37.77016
          ],
          [
            -122.403492,
            37.77029
          ],
          [
            -122.403602,
            37.77043
          ],
          [
            -122.403682,
            37.77053
          ],
          [
            -122.403802,
            37.77066
          ],
          [
            -122.403952,
            37.77075
          ],
          [
            -122.404082,
            37.77074
          ],
          [
            -122.404242,
            37.77067
          ],
          [
            -122.404322,
            37.77059
          ],
          [
            -122.404432,
            37.77049
          ],
          [
            -122.404542,
            37.77038
          ]
        ]
      }
    },
    {
      "type": "Feature",
      "properties": {
        "FEATURE_ID": 928400,
        "FEATURE": 20,
        "SOURCE_ID": "T00687",
        "DATA_SOURC": "P",
        "SRC_DATE": "18570101",
        "HOR_ACC": "0",
        "INFORM": "\u0000\u0000\u0000\u0000\u0000\u0000\u0000\u0000\u0000\u0000\u0000\u0000\u0000\u0000\u0000\u0000\u0000\u0000\u0000\u0000\u0000\u0000\u0000\u0000\u0000\u0000\u0000\u0000\u0000\u0000\u0000\u0000\u0000\u0000\u0000\u0000\u0000\u0000\u0000\u0000\u0000\u0000\u0000\u0000\u0000\u0000\u0000\u0000\u0000\u0000\u0000\u0000\u0000\u0000\u0000\u0000\u0000\u0000\u0000\u0000\u0000\u0000\u0000\u0000\u0000\u0000\u0000\u0000\u0000\u0000\u0000\u0000\u0000\u0000\u0000\u0000\u0000\u0000\u0000\u0000\u0000\u0000\u0000\u0000\u0000\u0000\u0000\u0000\u0000\u0000\u0000\u0000\u0000\u0000\u0000\u0000\u0000\u0000\u0000\u0000\u0000\u0000\u0000\u0000\u0000\u0000\u0000\u0000\u0000\u0000\u0000\u0000\u0000\u0000\u0000\u0000\u0000\u0000\u0000\u0000\u0000\u0000\u0000\u0000\u0000\u0000\u0000\u0000\u0000\u0000\u0000\u0000\u0000\u0000\u0000\u0000\u0000\u0000\u0000\u0000\u0000\u0000\u0000\u0000\u0000\u0000\u0000\u0000\u0000\u0000\u0000\u0000\u0000\u0000\u0000\u0000\u0000\u0000\u0000\u0000\u0000\u0000\u0000\u0000\u0000\u0000\u0000\u0000\u0000\u0000\u0000\u0000\u0000\u0000\u0000\u0000\u0000\u0000\u0000\u0000\u0000\u0000\u0000\u0000\u0000\u0000\u0000\u0000\u0000\u0000\u0000\u0000\u0000\u0000\u0000\u0000\u0000\u0000\u0000\u0000\u0000\u0000\u0000\u0000\u0000\u0000\u0000\u0000\u0000\u0000\u0000\u0000\u0000\u0000\u0000\u0000\u0000\u0000\u0000\u0000\u0000\u0000\u0000\u0000\u0000\u0000\u0000\u0000\u0000\u0000\u0000\u0000\u0000\u0000\u0000\u0000\u0000\u0000\u0000\u0000\u0000\u0000\u0000\u0000\u0000\u0000\u0000\u0000\u0000\u0000\u0000\u0000\u0000\u0000",
        "RESOLUTION": 0,
        "ATTRIBUTE": "Natural.Mean High Water",
        "CLASS": "SHORELINE",
        "F_CODE": null,
        "EX_METH": "M",
        "EXTRACT_TE": "P",
        "_selecter_format": "shapefile",
        "_selecter_sourcecrs": "EPSG:4269",
        "_selecter_source": "CA37B08 1857 SF",
        "_selecter_imported": "2026-08-03T23:06:12.543Z"
      },
      "geometry": {
        "type": "LineString",
        "coordinates": [
          [
            -122.449703,
            37.803009
          ],
          [
            -122.449633,
            37.802999
          ],
          [
            -122.449553,
            37.802999
          ],
          [
            -122.449573,
            37.802939
          ],
          [
            -122.449633,
            37.802889
          ],
          [
            -122.449703,
            37.802849
          ],
          [
            -122.449773,
            37.802789
          ],
          [
            -122.449833,
            37.802719
          ],
          [
            -122.449883,
            37.802689
          ],
          [
            -122.449973,
            37.802669
          ],
          [
            -122.450053,
            37.802649
          ],
          [
            -122.450173,
            37.802639
          ],
          [
            -122.450243,
            37.802629
          ],
          [
            -122.450313,
            37.802639
          ],
          [
            -122.450353,
            37.802659
          ],
          [
            -122.450363,
            37.802709
          ],
          [
            -122.450283,
            37.802739
          ],
          [
            -122.450213,
            37.802719
          ],
          [
            -122.450123,
            37.802709
          ],
          [
            -122.450023,
            37.802729
          ],
          [
            -122.450003,
            37.802789
          ],
          [
            -122.449993,
            37.802839
          ],
          [
            -122.449943,
            37.802859
          ],
          [
            -122.449873,
            37.802879
          ],
          [
            -122.449823,
            37.802919
          ],
          [
            -122.449803,
            37.802979
          ],
          [
            -122.449783,
            37.803029
          ],
          [
            -122.449733,
            37.803029
          ],
          [
            -122.449703,
            37.803009
          ]
        ]
      }
    },
    {
      "type": "Feature",
      "properties": {
        "FEATURE_ID": 928401,
        "FEATURE": 20,
        "SOURCE_ID": "T00687",
        "DATA_SOURC": "P",
        "SRC_DATE": "18570101",
        "HOR_ACC": "0",
        "INFORM": "\u0000\u0000\u0000\u0000\u0000\u0000\u0000\u0000\u0000\u0000\u0000\u0000\u0000\u0000\u0000\u0000\u0000\u0000\u0000\u0000\u0000\u0000\u0000\u0000\u0000\u0000\u0000\u0000\u0000\u0000\u0000\u0000\u0000\u0000\u0000\u0000\u0000\u0000\u0000\u0000\u0000\u0000\u0000\u0000\u0000\u0000\u0000\u0000\u0000\u0000\u0000\u0000\u0000\u0000\u0000\u0000\u0000\u0000\u0000\u0000\u0000\u0000\u0000\u0000\u0000\u0000\u0000\u0000\u0000\u0000\u0000\u0000\u0000\u0000\u0000\u0000\u0000\u0000\u0000\u0000\u0000\u0000\u0000\u0000\u0000\u0000\u0000\u0000\u0000\u0000\u0000\u0000\u0000\u0000\u0000\u0000\u0000\u0000\u0000\u0000\u0000\u0000\u0000\u0000\u0000\u0000\u0000\u0000\u0000\u0000\u0000\u0000\u0000\u0000\u0000\u0000\u0000\u0000\u0000\u0000\u0000\u0000\u0000\u0000\u0000\u0000\u0000\u0000\u0000\u0000\u0000\u0000\u0000\u0000\u0000\u0000\u0000\u0000\u0000\u0000\u0000\u0000\u0000\u0000\u0000\u0000\u0000\u0000\u0000\u0000\u0000\u0000\u0000\u0000\u0000\u0000\u0000\u0000\u0000\u0000\u0000\u0000\u0000\u0000\u0000\u0000\u0000\u0000\u0000\u0000\u0000\u0000\u0000\u0000\u0000\u0000\u0000\u0000\u0000\u0000\u0000\u0000\u0000\u0000\u0000\u0000\u0000\u0000\u0000\u0000\u0000\u0000\u0000\u0000\u0000\u0000\u0000\u0000\u0000\u0000\u0000\u0000\u0000\u0000\u0000\u0000\u0000\u0000\u0000\u0000\u0000\u0000\u0000\u0000\u0000\u0000\u0000\u0000\u0000\u0000\u0000\u0000\u0000\u0000\u0000\u0000\u0000\u0000\u0000\u0000\u0000\u0000\u0000\u0000\u0000\u0000\u0000\u0000\u0000\u0000\u0000\u0000\u0000\u0000\u0000\u0000\u0000\u0000\u0000\u0000\u0000\u0000\u0000\u0000",
        "RESOLUTION": 0,
        "ATTRIBUTE": "Natural.Mean High Water",
        "CLASS": "SHORELINE",
        "F_CODE": null,
        "EX_METH": "M",
        "EXTRACT_TE": "P",
        "_selecter_format": "shapefile",
        "_selecter_sourcecrs": "EPSG:4269",
        "_selecter_source": "CA37B08 1857 SF",
        "_selecter_imported": "2026-08-03T23:06:12.543Z"
      },
      "geometry": {
        "type": "LineString",
        "coordinates": [
          [
            -122.450683,
            37.803329
          ],
          [
            -122.450653,
            37.803269
          ],
          [
            -122.450633,
            37.803219
          ],
          [
            -122.450643,
            37.803159
          ],
          [
            -122.450623,
            37.803089
          ],
          [
            -122.450623,
            37.803029
          ],
          [
            -122.450653,
            37.802979
          ],
          [
            -122.450663,
            37.802919
          ],
          [
            -122.450663,
            37.802869
          ],
          [
            -122.450663,
            37.802809
          ],
          [
            -122.450703,
            37.802759
          ],
          [
            -122.450743,
            37.802819
          ],
          [
            -122.450753,
            37.802889
          ],
          [
            -122.450753,
            37.802949
          ],
          [
            -122.450743,
            37.803019
          ],
          [
            -122.450743,
            37.803089
          ],
          [
            -122.450743,
            37.803159
          ],
          [
            -122.450753,
            37.803219
          ],
          [
            -122.450783,
            37.803279
          ],
          [
            -122.450823,
            37.803339
          ],
          [
            -122.450863,
            37.803409
          ],
          [
            -122.450883,
            37.803449
          ],
          [
            -122.450873,
            37.803489
          ],
          [
            -122.450853,
            37.803509
          ],
          [
            -122.450793,
            37.803459
          ],
          [
            -122.450733,
            37.803399
          ],
          [
            -122.450683,
            37.803329
          ]
        ]
      }
    },
    {
      "type": "Feature",
      "properties": {
        "FEATURE_ID": 928402,
        "FEATURE": 20,
        "SOURCE_ID": "T00687",
        "DATA_SOURC": "P",
        "SRC_DATE": "18570101",
        "HOR_ACC": "0",
        "INFORM": "\u0000\u0000\u0000\u0000\u0000\u0000\u0000\u0000\u0000\u0000\u0000\u0000\u0000\u0000\u0000\u0000\u0000\u0000\u0000\u0000\u0000\u0000\u0000\u0000\u0000\u0000\u0000\u0000\u0000\u0000\u0000\u0000\u0000\u0000\u0000\u0000\u0000\u0000\u0000\u0000\u0000\u0000\u0000\u0000\u0000\u0000\u0000\u0000\u0000\u0000\u0000\u0000\u0000\u0000\u0000\u0000\u0000\u0000\u0000\u0000\u0000\u0000\u0000\u0000\u0000\u0000\u0000\u0000\u0000\u0000\u0000\u0000\u0000\u0000\u0000\u0000\u0000\u0000\u0000\u0000\u0000\u0000\u0000\u0000\u0000\u0000\u0000\u0000\u0000\u0000\u0000\u0000\u0000\u0000\u0000\u0000\u0000\u0000\u0000\u0000\u0000\u0000\u0000\u0000\u0000\u0000\u0000\u0000\u0000\u0000\u0000\u0000\u0000\u0000\u0000\u0000\u0000\u0000\u0000\u0000\u0000\u0000\u0000\u0000\u0000\u0000\u0000\u0000\u0000\u0000\u0000\u0000\u0000\u0000\u0000\u0000\u0000\u0000\u0000\u0000\u0000\u0000\u0000\u0000\u0000\u0000\u0000\u0000\u0000\u0000\u0000\u0000\u0000\u0000\u0000\u0000\u0000\u0000\u0000\u0000\u0000\u0000\u0000\u0000\u0000\u0000\u0000\u0000\u0000\u0000\u0000\u0000\u0000\u0000\u0000\u0000\u0000\u0000\u0000\u0000\u0000\u0000\u0000\u0000\u0000\u0000\u0000\u0000\u0000\u0000\u0000\u0000\u0000\u0000\u0000\u0000\u0000\u0000\u0000\u0000\u0000\u0000\u0000\u0000\u0000\u0000\u0000\u0000\u0000\u0000\u0000\u0000\u0000\u0000\u0000\u0000\u0000\u0000\u0000\u0000\u0000\u0000\u0000\u0000\u0000\u0000\u0000\u0000\u0000\u0000\u0000\u0000\u0000\u0000\u0000\u0000\u0000\u0000\u0000\u0000\u0000\u0000\u0000\u0000\u0000\u0000\u0000\u0000\u0000\u0000\u0000\u0000\u0000\u0000",
        "RESOLUTION": 0,
        "ATTRIBUTE": "Natural.Mean High Water",
        "CLASS": "SHORELINE",
        "F_CODE": null,
        "EX_METH": "M",
        "EXTRACT_TE": "P",
        "_selecter_format": "shapefile",
        "_selecter_sourcecrs": "EPSG:4269",
        "_selecter_source": "CA37B08 1857 SF",
        "_selecter_imported": "2026-08-03T23:06:12.543Z"
      },
      "geometry": {
        "type": "LineString",
        "coordinates": [
          [
            -122.451533,
            37.803879
          ],
          [
            -122.451483,
            37.803869
          ],
          [
            -122.451453,
            37.803839
          ],
          [
            -122.451413,
            37.803829
          ],
          [
            -122.451363,
            37.803819
          ],
          [
            -122.451313,
            37.803809
          ],
          [
            -122.451283,
            37.803769
          ],
          [
            -122.451303,
            37.803739
          ],
          [
            -122.451343,
            37.803739
          ],
          [
            -122.451433,
            37.803759
          ],
          [
            -122.451543,
            37.803759
          ],
          [
            -122.451583,
            37.803769
          ],
          [
            -122.451653,
            37.803799
          ],
          [
            -122.451673,
            37.803839
          ],
          [
            -122.451643,
            37.803869
          ],
          [
            -122.451613,
            37.803879
          ],
          [
            -122.451533,
            37.803879
          ]
        ]
      }
    },
    {
      "type": "Feature",
      "properties": {
        "FEATURE_ID": 928403,
        "FEATURE": 20,
        "SOURCE_ID": "T00687",
        "DATA_SOURC": "P",
        "SRC_DATE": "18570101",
        "HOR_ACC": "0",
        "INFORM": "\u0000\u0000\u0000\u0000\u0000\u0000\u0000\u0000\u0000\u0000\u0000\u0000\u0000\u0000\u0000\u0000\u0000\u0000\u0000\u0000\u0000\u0000\u0000\u0000\u0000\u0000\u0000\u0000\u0000\u0000\u0000\u0000\u0000\u0000\u0000\u0000\u0000\u0000\u0000\u0000\u0000\u0000\u0000\u0000\u0000\u0000\u0000\u0000\u0000\u0000\u0000\u0000\u0000\u0000\u0000\u0000\u0000\u0000\u0000\u0000\u0000\u0000\u0000\u0000\u0000\u0000\u0000\u0000\u0000\u0000\u0000\u0000\u0000\u0000\u0000\u0000\u0000\u0000\u0000\u0000\u0000\u0000\u0000\u0000\u0000\u0000\u0000\u0000\u0000\u0000\u0000\u0000\u0000\u0000\u0000\u0000\u0000\u0000\u0000\u0000\u0000\u0000\u0000\u0000\u0000\u0000\u0000\u0000\u0000\u0000\u0000\u0000\u0000\u0000\u0000\u0000\u0000\u0000\u0000\u0000\u0000\u0000\u0000\u0000\u0000\u0000\u0000\u0000\u0000\u0000\u0000\u0000\u0000\u0000\u0000\u0000\u0000\u0000\u0000\u0000\u0000\u0000\u0000\u0000\u0000\u0000\u0000\u0000\u0000\u0000\u0000\u0000\u0000\u0000\u0000\u0000\u0000\u0000\u0000\u0000\u0000\u0000\u0000\u0000\u0000\u0000\u0000\u0000\u0000\u0000\u0000\u0000\u0000\u0000\u0000\u0000\u0000\u0000\u0000\u0000\u0000\u0000\u0000\u0000\u0000\u0000\u0000\u0000\u0000\u0000\u0000\u0000\u0000\u0000\u0000\u0000\u0000\u0000\u0000\u0000\u0000\u0000\u0000\u0000\u0000\u0000\u0000\u0000\u0000\u0000\u0000\u0000\u0000\u0000\u0000\u0000\u0000\u0000\u0000\u0000\u0000\u0000\u0000\u0000\u0000\u0000\u0000\u0000\u0000\u0000\u0000\u0000\u0000\u0000\u0000\u0000\u0000\u0000\u0000\u0000\u0000\u0000\u0000\u0000\u0000\u0000\u0000\u0000\u0000\u0000\u0000\u0000\u0000\u0000",
        "RESOLUTION": 0,
        "ATTRIBUTE": "Natural.Mean High Water",
        "CLASS": "SHORELINE",
        "F_CODE": null,
        "EX_METH": "M",
        "EXTRACT_TE": "P",
        "_selecter_format": "shapefile",
        "_selecter_sourcecrs": "EPSG:4269",
        "_selecter_source": "CA37B08 1857 SF",
        "_selecter_imported": "2026-08-03T23:06:12.543Z"
      },
      "geometry": {
        "type": "LineString",
        "coordinates": [
          [
            -122.451103,
            37.804099
          ],
          [
            -122.451193,
            37.804109
          ],
          [
            -122.451233,
            37.804069
          ],
          [
            -122.451263,
            37.804049
          ],
          [
            -122.451313,
            37.804029
          ],
          [
            -122.451373,
            37.804029
          ],
          [
            -122.451413,
            37.804059
          ],
          [
            -122.451443,
            37.804099
          ],
          [
            -122.451473,
            37.804149
          ],
          [
            -122.451523,
            37.804189
          ],
          [
            -122.451553,
            37.804229
          ],
          [
            -122.451583,
            37.804279
          ],
          [
            -122.451643,
            37.804289
          ],
          [
            -122.451673,
            37.804219
          ],
          [
            -122.451683,
            37.804189
          ],
          [
            -122.451773,
            37.804229
          ],
          [
            -122.451813,
            37.804209
          ],
          [
            -122.451913,
            37.804209
          ],
          [
            -122.451943,
            37.804259
          ],
          [
            -122.451963,
            37.804319
          ],
          [
            -122.452043,
            37.804339
          ],
          [
            -122.452093,
            37.804379
          ],
          [
            -122.452133,
            37.804409
          ],
          [
            -122.452183,
            37.804469
          ],
          [
            -122.452203,
            37.804529
          ],
          [
            -122.452183,
            37.804579
          ],
          [
            -122.452143,
            37.804619
          ],
          [
            -122.452123,
            37.804659
          ],
          [
            -122.452093,
            37.804699
          ],
          [
            -122.452053,
            37.804739
          ],
          [
            -122.452043,
            37.804789
          ],
          [
            -122.452093,
            37.804779
          ],
          [
            -122.452193,
            37.804719
          ],
          [
            -122.452223,
            37.804749
          ],
          [
            -122.452223,
            37.804799
          ],
          [
            -122.452223,
            37.804849
          ],
          [
            -122.452233,
            37.804909
          ],
          [
            -122.452223,
            37.804959
          ],
          [
            -122.452153,
            37.804989
          ],
          [
            -122.452073,
            37.805009
          ],
          [
            -122.452013,
            37.805059
          ],
          [
            -122.451993,
            37.805109
          ],
          [
            -122.452013,
            37.805149
          ],
          [
            -122.452083,
            37.805149
          ],
          [
            -122.452153,
            37.805119
          ],
          [
            -122.452233,
            37.805069
          ],
          [
            -122.452313,
            37.805049
          ],
          [
            -122.452363,
            37.805019
          ],
          [
            -122.452403,
            37.804969
          ],
          [
            -122.452453,
            37.804919
          ],
          [
            -122.452493,
            37.804889
          ],
          [
            -122.452503,
            37.804829
          ],
          [
            -122.452473,
            37.804789
          ],
          [
            -122.452413,
            37.804819
          ],
          [
            -122.452373,
            37.804879
          ],
          [
            -122.452323,
            37.804809
          ],
          [
            -122.452313,
            37.804719
          ],
          [
            -122.452293,
            37.804589
          ],
          [
            -122.452303,
            37.804509
          ],
          [
            -122.452323,
            37.804469
          ],
          [
            -122.452333,
            37.804409
          ],
          [
            -122.452303,
            37.804329
          ],
          [
            -122.452323,
            37.804269
          ],
          [
            -122.452353,
            37.804239
          ],
          [
            -122.452423,
            37.804249
          ],
          [
            -122.452503,
            37.804259
          ],
          [
            -122.452593,
            37.804279
          ],
          [
            -122.452593,
            37.804349
          ],
          [
            -122.452653,
            37.804399
          ],
          [
            -122.452713,
            37.804349
          ],
          [
            -122.452763,
            37.804329
          ],
          [
            -122.452853,
            37.804339
          ],
          [
            -122.452893,
            37.804329
          ],
          [
            -122.452943,
            37.804359
          ],
          [
            -122.453013,
            37.804409
          ],
          [
            -122.453093,
            37.804399
          ],
          [
            -122.453133,
            37.804399
          ],
          [
            -122.453153,
            37.804329
          ],
          [
            -122.453213,
            37.804319
          ],
          [
            -122.453263,
            37.804399
          ],
          [
            -122.453263,
            37.804449
          ],
          [
            -122.453253,
            37.804489
          ],
          [
            -122.453223,
            37.804519
          ],
          [
            -122.453183,
            37.804569
          ],
          [
            -122.453153,
            37.804569
          ],
          [
            -122.453073,
            37.804569
          ],
          [
            -122.452993,
            37.804599
          ],
          [
            -122.452903,
            37.804629
          ],
          [
            -122.452783,
            37.804659
          ],
          [
            -122.452703,
            37.804709
          ],
          [
            -122.452713,
            37.804749
          ]
        ]
      }
    },
    {
      "type": "Feature",
      "properties": {
        "FEATURE_ID": 928762,
        "FEATURE": 20,
        "SOURCE_ID": "T00687",
        "DATA_SOURC": "P",
        "SRC_DATE": "18570101",
        "HOR_ACC": "0",
        "INFORM": "\u0000\u0000\u0000\u0000\u0000\u0000\u0000\u0000\u0000\u0000\u0000\u0000\u0000\u0000\u0000\u0000\u0000\u0000\u0000\u0000\u0000\u0000\u0000\u0000\u0000\u0000\u0000\u0000\u0000\u0000\u0000\u0000\u0000\u0000\u0000\u0000\u0000\u0000\u0000\u0000\u0000\u0000\u0000\u0000\u0000\u0000\u0000\u0000\u0000\u0000\u0000\u0000\u0000\u0000\u0000\u0000\u0000\u0000\u0000\u0000\u0000\u0000\u0000\u0000\u0000\u0000\u0000\u0000\u0000\u0000\u0000\u0000\u0000\u0000\u0000\u0000\u0000\u0000\u0000\u0000\u0000\u0000\u0000\u0000\u0000\u0000\u0000\u0000\u0000\u0000\u0000\u0000\u0000\u0000\u0000\u0000\u0000\u0000\u0000\u0000\u0000\u0000\u0000\u0000\u0000\u0000\u0000\u0000\u0000\u0000\u0000\u0000\u0000\u0000\u0000\u0000\u0000\u0000\u0000\u0000\u0000\u0000\u0000\u0000\u0000\u0000\u0000\u0000\u0000\u0000\u0000\u0000\u0000\u0000\u0000\u0000\u0000\u0000\u0000\u0000\u0000\u0000\u0000\u0000\u0000\u0000\u0000\u0000\u0000\u0000\u0000\u0000\u0000\u0000\u0000\u0000\u0000\u0000\u0000\u0000\u0000\u0000\u0000\u0000\u0000\u0000\u0000\u0000\u0000\u0000\u0000\u0000\u0000\u0000\u0000\u0000\u0000\u0000\u0000\u0000\u0000\u0000\u0000\u0000\u0000\u0000\u0000\u0000\u0000\u0000\u0000\u0000\u0000\u0000\u0000\u0000\u0000\u0000\u0000\u0000\u0000\u0000\u0000\u0000\u0000\u0000\u0000\u0000\u0000\u0000\u0000\u0000\u0000\u0000\u0000\u0000\u0000\u0000\u0000\u0000\u0000\u0000\u0000\u0000\u0000\u0000\u0000\u0000\u0000\u0000\u0000\u0000\u0000\u0000\u0000\u0000\u0000\u0000\u0000\u0000\u0000\u0000\u0000\u0000\u0000\u0000\u0000\u0000\u0000\u0000\u0000\u0000\u0000\u0000",
        "RESOLUTION": 0,
        "ATTRIBUTE": "Natural.Mean High Water",
        "CLASS": "SHORELINE",
        "F_CODE": null,
        "EX_METH": "M",
        "EXTRACT_TE": "P",
        "_selecter_format": "shapefile",
        "_selecter_sourcecrs": "EPSG:4269",
        "_selecter_source": "CA37B08 1857 SF",
        "_selecter_imported": "2026-08-03T23:06:12.543Z"
      },
      "geometry": {
        "type": "LineString",
        "coordinates": [
          [
            -122.387972,
            37.74272
          ],
          [
            -122.388322,
            37.74295
          ],
          [
            -122.388642,
            37.74315
          ],
          [
            -122.388822,
            37.74326
          ],
          [
            -122.388982,
            37.74337
          ],
          [
            -122.389242,
            37.74351
          ],
          [
            -122.389562,
            37.74368
          ],
          [
            -122.389712,
            37.74377
          ],
          [
            -122.389832,
            37.74386
          ],
          [
            -122.390012,
            37.74396
          ],
          [
            -122.390252,
            37.74412
          ],
          [
            -122.390552,
            37.74431
          ],
          [
            -122.390752,
            37.74441
          ],
          [
            -122.390932,
            37.74453
          ],
          [
            -122.391062,
            37.7446
          ],
          [
            -122.391272,
            37.74474
          ],
          [
            -122.391502,
            37.74488
          ],
          [
            -122.391672,
            37.74494
          ],
          [
            -122.391792,
            37.745
          ],
          [
            -122.391912,
            37.745
          ],
          [
            -122.391982,
            37.74504
          ],
          [
            -122.392052,
            37.74503
          ],
          [
            -122.392102,
            37.74508
          ],
          [
            -122.392202,
            37.74506
          ],
          [
            -122.392272,
            37.74511
          ],
          [
            -122.392382,
            37.74513
          ],
          [
            -122.392452,
            37.74516
          ],
          [
            -122.392522,
            37.74515
          ],
          [
            -122.392612,
            37.74517
          ],
          [
            -122.392712,
            37.74517
          ],
          [
            -122.392782,
            37.74522
          ],
          [
            -122.392822,
            37.74522
          ]
        ]
      }
    },
    {
      "type": "Feature",
      "properties": {
        "FEATURE_ID": 928764,
        "FEATURE": 20,
        "SOURCE_ID": "T00687",
        "DATA_SOURC": "P",
        "SRC_DATE": "18570101",
        "HOR_ACC": "0",
        "INFORM": "\u0000\u0000\u0000\u0000\u0000\u0000\u0000\u0000\u0000\u0000\u0000\u0000\u0000\u0000\u0000\u0000\u0000\u0000\u0000\u0000\u0000\u0000\u0000\u0000\u0000\u0000\u0000\u0000\u0000\u0000\u0000\u0000\u0000\u0000\u0000\u0000\u0000\u0000\u0000\u0000\u0000\u0000\u0000\u0000\u0000\u0000\u0000\u0000\u0000\u0000\u0000\u0000\u0000\u0000\u0000\u0000\u0000\u0000\u0000\u0000\u0000\u0000\u0000\u0000\u0000\u0000\u0000\u0000\u0000\u0000\u0000\u0000\u0000\u0000\u0000\u0000\u0000\u0000\u0000\u0000\u0000\u0000\u0000\u0000\u0000\u0000\u0000\u0000\u0000\u0000\u0000\u0000\u0000\u0000\u0000\u0000\u0000\u0000\u0000\u0000\u0000\u0000\u0000\u0000\u0000\u0000\u0000\u0000\u0000\u0000\u0000\u0000\u0000\u0000\u0000\u0000\u0000\u0000\u0000\u0000\u0000\u0000\u0000\u0000\u0000\u0000\u0000\u0000\u0000\u0000\u0000\u0000\u0000\u0000\u0000\u0000\u0000\u0000\u0000\u0000\u0000\u0000\u0000\u0000\u0000\u0000\u0000\u0000\u0000\u0000\u0000\u0000\u0000\u0000\u0000\u0000\u0000\u0000\u0000\u0000\u0000\u0000\u0000\u0000\u0000\u0000\u0000\u0000\u0000\u0000\u0000\u0000\u0000\u0000\u0000\u0000\u0000\u0000\u0000\u0000\u0000\u0000\u0000\u0000\u0000\u0000\u0000\u0000\u0000\u0000\u0000\u0000\u0000\u0000\u0000\u0000\u0000\u0000\u0000\u0000\u0000\u0000\u0000\u0000\u0000\u0000\u0000\u0000\u0000\u0000\u0000\u0000\u0000\u0000\u0000\u0000\u0000\u0000\u0000\u0000\u0000\u0000\u0000\u0000\u0000\u0000\u0000\u0000\u0000\u0000\u0000\u0000\u0000\u0000\u0000\u0000\u0000\u0000\u0000\u0000\u0000\u0000\u0000\u0000\u0000\u0000\u0000\u0000\u0000\u0000\u0000\u0000\u0000\u0000",
        "RESOLUTION": 0,
        "ATTRIBUTE": "Natural.Mean High Water",
        "CLASS": "SHORELINE",
        "F_CODE": null,
        "EX_METH": "M",
        "EXTRACT_TE": "P",
        "_selecter_format": "shapefile",
        "_selecter_sourcecrs": "EPSG:4269",
        "_selecter_source": "CA37B08 1857 SF",
        "_selecter_imported": "2026-08-03T23:06:12.543Z"
      },
      "geometry": {
        "type": "LineString",
        "coordinates": [
          [
            -122.392932,
            37.74521
          ],
          [
            -122.392962,
            37.74511
          ],
          [
            -122.393022,
            37.74507
          ],
          [
            -122.393142,
            37.74504
          ],
          [
            -122.393212,
            37.74498
          ],
          [
            -122.393292,
            37.74492
          ],
          [
            -122.393342,
            37.74489
          ],
          [
            -122.393432,
            37.74487
          ],
          [
            -122.393472,
            37.74483
          ],
          [
            -122.393502,
            37.74478
          ],
          [
            -122.393562,
            37.74474
          ],
          [
            -122.393642,
            37.74471
          ],
          [
            -122.393672,
            37.74463
          ],
          [
            -122.393722,
            37.74455
          ],
          [
            -122.393752,
            37.74444
          ],
          [
            -122.393732,
            37.7443
          ],
          [
            -122.393702,
            37.74423
          ],
          [
            -122.393682,
            37.74416
          ],
          [
            -122.393722,
            37.74411
          ],
          [
            -122.393732,
            37.74417
          ],
          [
            -122.393762,
            37.74425
          ],
          [
            -122.393812,
            37.7443
          ],
          [
            -122.393902,
            37.74427
          ],
          [
            -122.393972,
            37.74422
          ],
          [
            -122.394042,
            37.74417
          ],
          [
            -122.394102,
            37.74411
          ],
          [
            -122.394212,
            37.74404
          ],
          [
            -122.394302,
            37.74401
          ],
          [
            -122.394412,
            37.74401
          ],
          [
            -122.394502,
            37.74399
          ],
          [
            -122.394582,
            37.744
          ],
          [
            -122.394692,
            37.744
          ],
          [
            -122.394892,
            37.74403
          ],
          [
            -122.395022,
            37.74406
          ],
          [
            -122.395142,
            37.74407
          ],
          [
            -122.395322,
            37.74409
          ],
          [
            -122.395462,
            37.74409
          ],
          [
            -122.395562,
            37.74407
          ],
          [
            -122.395622,
            37.74401
          ],
          [
            -122.395632,
            37.74393
          ],
          [
            -122.395612,
            37.74383
          ],
          [
            -122.395622,
            37.74374
          ],
          [
            -122.395612,
            37.74367
          ],
          [
            -122.395592,
            37.7436
          ],
          [
            -122.395572,
            37.74355
          ],
          [
            -122.395522,
            37.74349
          ],
          [
            -122.395452,
            37.74345
          ],
          [
            -122.395402,
            37.74341
          ],
          [
            -122.395342,
            37.74335
          ],
          [
            -122.395282,
            37.74334
          ],
          [
            -122.395212,
            37.74338
          ],
          [
            -122.395162,
            37.74343
          ],
          [
            -122.395112,
            37.7435
          ],
          [
            -122.395062,
            37.74352
          ],
          [
            -122.395012,
            37.74352
          ],
          [
            -122.394942,
            37.7435
          ],
          [
            -122.394892,
            37.74348
          ],
          [
            -122.394832,
            37.74342
          ],
          [
            -122.394812,
            37.74338
          ],
          [
            -122.394802,
            37.7433
          ],
          [
            -122.394772,
            37.74322
          ],
          [
            -122.394752,
            37.74315
          ],
          [
            -122.394732,
            37.74309
          ],
          [
            -122.394702,
            37.74305
          ],
          [
            -122.394662,
            37.74299
          ],
          [
            -122.394622,
            37.74295
          ],
          [
            -122.394582,
            37.7429
          ],
          [
            -122.394552,
            37.74286
          ],
          [
            -122.394512,
            37.74282
          ],
          [
            -122.394472,
            37.74279
          ],
          [
            -122.394412,
            37.74275
          ],
          [
            -122.394402,
            37.7427
          ],
          [
            -122.394332,
            37.74263
          ],
          [
            -122.394292,
            37.74258
          ],
          [
            -122.394312,
            37.7425
          ],
          [
            -122.394342,
            37.74244
          ],
          [
            -122.394422,
            37.74243
          ],
          [
            -122.394512,
            37.74243
          ],
          [
            -122.394632,
            37.74243
          ],
          [
            -122.394642,
            37.74237
          ],
          [
            -122.394602,
            37.7423
          ],
          [
            -122.394552,
            37.74226
          ],
          [
            -122.394492,
            37.74223
          ],
          [
            -122.394402,
            37.74219
          ],
          [
            -122.394332,
            37.74216
          ],
          [
            -122.394282,
            37.74211
          ],
          [
            -122.394272,
            37.74205
          ],
          [
            -122.394252,
            37.74198
          ],
          [
            -122.394202,
            37.74196
          ],
          [
            -122.394122,
            37.74196
          ],
          [
            -122.394052,
            37.74195
          ],
          [
            -122.394002,
            37.74193
          ],
          [
            -122.393962,
            37.74191
          ],
          [
            -122.393942,
            37.74187
          ],
          [
            -122.393902,
            37.74185
          ],
          [
            -122.393862,
            37.74183
          ],
          [
            -122.393802,
            37.7418
          ],
          [
            -122.393872,
            37.74179
          ],
          [
            -122.393962,
            37.74181
          ],
          [
            -122.394042,
            37.74187
          ],
          [
            -122.394112,
            37.74188
          ],
          [
            -122.394202,
            37.74189
          ],
          [
            -122.394272,
            37.74191
          ],
          [
            -122.394302,
            37.74194
          ],
          [
            -122.394332,
            37.742
          ],
          [
            -122.394372,
            37.74209
          ],
          [
            -122.394532,
            37.74216
          ],
          [
            -122.394682,
            37.74219
          ],
          [
            -122.394842,
            37.74214
          ],
          [
            -122.394992,
            37.7421
          ],
          [
            -122.395112,
            37.74209
          ],
          [
            -122.395242,
            37.74201
          ],
          [
            -122.395372,
            37.74199
          ],
          [
            -122.395452,
            37.74195
          ],
          [
            -122.395512,
            37.7419
          ],
          [
            -122.395592,
            37.74188
          ],
          [
            -122.395682,
            37.74188
          ],
          [
            -122.395842,
            37.74191
          ],
          [
            -122.395942,
            37.74192
          ],
          [
            -122.396012,
            37.74192
          ],
          [
            -122.396092,
            37.7419
          ],
          [
            -122.396122,
            37.74184
          ],
          [
            -122.396142,
            37.74179
          ],
          [
            -122.396192,
            37.74175
          ],
          [
            -122.396232,
            37.7417
          ],
          [
            -122.396172,
            37.74161
          ],
          [
            -122.396082,
            37.74153
          ],
          [
            -122.395922,
            37.74149
          ],
          [
            -122.395852,
            37.741451
          ],
          [
            -122.395822,
            37.741401
          ],
          [
            -122.395772,
            37.741371
          ],
          [
            -122.395772,
            37.741321
          ],
          [
            -122.395782,
            37.741251
          ],
          [
            -122.395832,
            37.741171
          ],
          [
            -122.395872,
            37.741111
          ],
          [
            -122.395882,
            37.741041
          ],
          [
            -122.395722,
            37.740961
          ],
          [
            -122.395812,
            37.740971
          ],
          [
            -122.395932,
            37.741031
          ],
          [
            -122.395962,
            37.741101
          ],
          [
            -122.395932,
            37.741181
          ],
          [
            -122.395892,
            37.741241
          ],
          [
            -122.395872,
            37.741291
          ],
          [
            -122.395862,
            37.741341
          ],
          [
            -122.395892,
            37.741391
          ],
          [
            -122.395962,
            37.741451
          ],
          [
            -122.396092,
            37.741471
          ],
          [
            -122.396172,
            37.741511
          ],
          [
            -122.396232,
            37.74155
          ],
          [
            -122.396282,
            37.7416
          ],
          [
            -122.396312,
            37.74165
          ],
          [
            -122.396322,
            37.7417
          ],
          [
            -122.396332,
            37.74175
          ],
          [
            -122.396312,
            37.74178
          ],
          [
            -122.396282,
            37.74184
          ],
          [
            -122.396262,
            37.74189
          ],
          [
            -122.396242,
            37.74194
          ],
          [
            -122.396222,
            37.74201
          ],
          [
            -122.396112,
            37.74204
          ],
          [
            -122.395982,
            37.74208
          ],
          [
            -122.395902,
            37.7421
          ],
          [
            -122.395812,
            37.74212
          ],
          [
            -122.395732,
            37.74217
          ],
          [
            -122.395702,
            37.74225
          ],
          [
            -122.395722,
            37.74231
          ],
          [
            -122.395802,
            37.74238
          ],
          [
            -122.395702,
            37.74238
          ],
          [
            -122.395652,
            37.74233
          ],
          [
            -122.395622,
            37.74227
          ],
          [
            -122.395622,
            37.74221
          ],
          [
            -122.395662,
            37.74216
          ],
          [
            -122.395712,
            37.74211
          ],
          [
            -122.395792,
            37.74205
          ],
          [
            -122.395802,
            37.74201
          ],
          [
            -122.395752,
            37.74199
          ],
          [
            -122.395682,
            37.74197
          ],
          [
            -122.395572,
            37.74199
          ],
          [
            -122.395482,
            37.74202
          ],
          [
            -122.395392,
            37.74206
          ],
          [
            -122.395322,
            37.7421
          ],
          [
            -122.395232,
            37.74214
          ],
          [
            -122.395132,
            37.74217
          ],
          [
            -122.395002,
            37.74232
          ],
          [
            -122.394982,
            37.74239
          ],
          [
            -122.394972,
            37.74244
          ],
          [
            -122.394882,
            37.74249
          ],
          [
            -122.394932,
            37.74262
          ],
          [
            -122.394922,
            37.74282
          ],
          [
            -122.394962,
            37.74297
          ],
          [
            -122.395072,
            37.7431
          ],
          [
            -122.395162,
            37.74313
          ],
          [
            -122.395232,
            37.74318
          ],
          [
            -122.395312,
            37.74323
          ],
          [
            -122.395452,
            37.7432
          ]
        ]
      }
    },
    {
      "type": "Feature",
      "properties": {
        "FEATURE_ID": 928420,
        "FEATURE": 20,
        "SOURCE_ID": "T00687",
        "DATA_SOURC": "P",
        "SRC_DATE": "18570101",
        "HOR_ACC": "0",
        "INFORM": "\u0000\u0000\u0000\u0000\u0000\u0000\u0000\u0000\u0000\u0000\u0000\u0000\u0000\u0000\u0000\u0000\u0000\u0000\u0000\u0000\u0000\u0000\u0000\u0000\u0000\u0000\u0000\u0000\u0000\u0000\u0000\u0000\u0000\u0000\u0000\u0000\u0000\u0000\u0000\u0000\u0000\u0000\u0000\u0000\u0000\u0000\u0000\u0000\u0000\u0000\u0000\u0000\u0000\u0000\u0000\u0000\u0000\u0000\u0000\u0000\u0000\u0000\u0000\u0000\u0000\u0000\u0000\u0000\u0000\u0000\u0000\u0000\u0000\u0000\u0000\u0000\u0000\u0000\u0000\u0000\u0000\u0000\u0000\u0000\u0000\u0000\u0000\u0000\u0000\u0000\u0000\u0000\u0000\u0000\u0000\u0000\u0000\u0000\u0000\u0000\u0000\u0000\u0000\u0000\u0000\u0000\u0000\u0000\u0000\u0000\u0000\u0000\u0000\u0000\u0000\u0000\u0000\u0000\u0000\u0000\u0000\u0000\u0000\u0000\u0000\u0000\u0000\u0000\u0000\u0000\u0000\u0000\u0000\u0000\u0000\u0000\u0000\u0000\u0000\u0000\u0000\u0000\u0000\u0000\u0000\u0000\u0000\u0000\u0000\u0000\u0000\u0000\u0000\u0000\u0000\u0000\u0000\u0000\u0000\u0000\u0000\u0000\u0000\u0000\u0000\u0000\u0000\u0000\u0000\u0000\u0000\u0000\u0000\u0000\u0000\u0000\u0000\u0000\u0000\u0000\u0000\u0000\u0000\u0000\u0000\u0000\u0000\u0000\u0000\u0000\u0000\u0000\u0000\u0000\u0000\u0000\u0000\u0000\u0000\u0000\u0000\u0000\u0000\u0000\u0000\u0000\u0000\u0000\u0000\u0000\u0000\u0000\u0000\u0000\u0000\u0000\u0000\u0000\u0000\u0000\u0000\u0000\u0000\u0000\u0000\u0000\u0000\u0000\u0000\u0000\u0000\u0000\u0000\u0000\u0000\u0000\u0000\u0000\u0000\u0000\u0000\u0000\u0000\u0000\u0000\u0000\u0000\u0000\u0000\u0000\u0000\u0000\u0000\u0000",
        "RESOLUTION": 0,
        "ATTRIBUTE": "Natural.Mean High Water",
        "CLASS": "SHORELINE",
        "F_CODE": null,
        "EX_METH": "M",
        "EXTRACT_TE": "P",
        "_selecter_format": "shapefile",
        "_selecter_sourcecrs": "EPSG:4269",
        "_selecter_source": "CA37B08 1857 SF",
        "_selecter_imported": "2026-08-03T23:06:12.543Z"
      },
      "geometry": {
        "type": "LineString",
        "coordinates": [
          [
            -122.389562,
            37.789569
          ],
          [
            -122.389272,
            37.789269
          ],
          [
            -122.389042,
            37.788989
          ],
          [
            -122.388962,
            37.788839
          ],
          [
            -122.388892,
            37.788719
          ],
          [
            -122.388912,
            37.788559
          ]
        ]
      }
    },
    {
      "type": "Feature",
      "properties": {
        "FEATURE_ID": 929387,
        "FEATURE": 20,
        "SOURCE_ID": "T00687",
        "DATA_SOURC": "P",
        "SRC_DATE": "18570101",
        "HOR_ACC": "0",
        "INFORM": "\u0000\u0000\u0000\u0000\u0000\u0000\u0000\u0000\u0000\u0000\u0000\u0000\u0000\u0000\u0000\u0000\u0000\u0000\u0000\u0000\u0000\u0000\u0000\u0000\u0000\u0000\u0000\u0000\u0000\u0000\u0000\u0000\u0000\u0000\u0000\u0000\u0000\u0000\u0000\u0000\u0000\u0000\u0000\u0000\u0000\u0000\u0000\u0000\u0000\u0000\u0000\u0000\u0000\u0000\u0000\u0000\u0000\u0000\u0000\u0000\u0000\u0000\u0000\u0000\u0000\u0000\u0000\u0000\u0000\u0000\u0000\u0000\u0000\u0000\u0000\u0000\u0000\u0000\u0000\u0000\u0000\u0000\u0000\u0000\u0000\u0000\u0000\u0000\u0000\u0000\u0000\u0000\u0000\u0000\u0000\u0000\u0000\u0000\u0000\u0000\u0000\u0000\u0000\u0000\u0000\u0000\u0000\u0000\u0000\u0000\u0000\u0000\u0000\u0000\u0000\u0000\u0000\u0000\u0000\u0000\u0000\u0000\u0000\u0000\u0000\u0000\u0000\u0000\u0000\u0000\u0000\u0000\u0000\u0000\u0000\u0000\u0000\u0000\u0000\u0000\u0000\u0000\u0000\u0000\u0000\u0000\u0000\u0000\u0000\u0000\u0000\u0000\u0000\u0000\u0000\u0000\u0000\u0000\u0000\u0000\u0000\u0000\u0000\u0000\u0000\u0000\u0000\u0000\u0000\u0000\u0000\u0000\u0000\u0000\u0000\u0000\u0000\u0000\u0000\u0000\u0000\u0000\u0000\u0000\u0000\u0000\u0000\u0000\u0000\u0000\u0000\u0000\u0000\u0000\u0000\u0000\u0000\u0000\u0000\u0000\u0000\u0000\u0000\u0000\u0000\u0000\u0000\u0000\u0000\u0000\u0000\u0000\u0000\u0000\u0000\u0000\u0000\u0000\u0000\u0000\u0000\u0000\u0000\u0000\u0000\u0000\u0000\u0000\u0000\u0000\u0000\u0000\u0000\u0000\u0000\u0000\u0000\u0000\u0000\u0000\u0000\u0000\u0000\u0000\u0000\u0000\u0000\u0000\u0000\u0000\u0000\u0000\u0000\u0000",
        "RESOLUTION": 0,
        "ATTRIBUTE": "Natural.Mean High Water",
        "CLASS": "SHORELINE",
        "F_CODE": null,
        "EX_METH": "M",
        "EXTRACT_TE": "P",
        "_selecter_format": "shapefile",
        "_selecter_sourcecrs": "EPSG:4269",
        "_selecter_source": "CA37B08 1857 SF",
        "_selecter_imported": "2026-08-03T23:06:12.543Z"
      },
      "geometry": {
        "type": "LineString",
        "coordinates": [
          [
            -122.397072,
            37.74179
          ],
          [
            -122.397032,
            37.74182
          ],
          [
            -122.396992,
            37.74184
          ],
          [
            -122.396992,
            37.74189
          ],
          [
            -122.397042,
            37.74192
          ],
          [
            -122.397092,
            37.7419
          ],
          [
            -122.397142,
            37.74186
          ],
          [
            -122.397182,
            37.74182
          ],
          [
            -122.397242,
            37.74175
          ],
          [
            -122.397292,
            37.741711
          ],
          [
            -122.397352,
            37.741701
          ],
          [
            -122.397412,
            37.741701
          ],
          [
            -122.397442,
            37.741691
          ],
          [
            -122.397512,
            37.741661
          ],
          [
            -122.397532,
            37.741611
          ],
          [
            -122.397562,
            37.741561
          ],
          [
            -122.397592,
            37.741501
          ],
          [
            -122.397642,
            37.741451
          ],
          [
            -122.397692,
            37.741411
          ],
          [
            -122.397712,
            37.741371
          ],
          [
            -122.397742,
            37.741351
          ],
          [
            -122.397772,
            37.741331
          ],
          [
            -122.397782,
            37.741321
          ],
          [
            -122.397882,
            37.741251
          ],
          [
            -122.397942,
            37.741221
          ],
          [
            -122.398002,
            37.741181
          ],
          [
            -122.398082,
            37.741151
          ],
          [
            -122.398142,
            37.741141
          ],
          [
            -122.398212,
            37.741101
          ],
          [
            -122.398272,
            37.741071
          ],
          [
            -122.398332,
            37.741011
          ],
          [
            -122.398402,
            37.740981
          ],
          [
            -122.398492,
            37.740961
          ],
          [
            -122.398582,
            37.740921
          ],
          [
            -122.398622,
            37.740881
          ],
          [
            -122.398642,
            37.740851
          ],
          [
            -122.398722,
            37.740821
          ],
          [
            -122.398902,
            37.740751
          ],
          [
            -122.399052,
            37.740701
          ],
          [
            -122.399332,
            37.740571
          ],
          [
            -122.399412,
            37.740541
          ],
          [
            -122.399472,
            37.740521
          ],
          [
            -122.399532,
            37.740501
          ],
          [
            -122.399522,
            37.740461
          ],
          [
            -122.399492,
            37.740431
          ],
          [
            -122.399452,
            37.740421
          ],
          [
            -122.399402,
            37.740401
          ],
          [
            -122.399352,
            37.740391
          ],
          [
            -122.399302,
            37.740361
          ],
          [
            -122.399262,
            37.740341
          ],
          [
            -122.399222,
            37.740361
          ],
          [
            -122.399182,
            37.740391
          ],
          [
            -122.399122,
            37.740411
          ],
          [
            -122.399032,
            37.740411
          ],
          [
            -122.398992,
            37.740381
          ],
          [
            -122.398982,
            37.740341
          ],
          [
            -122.398982,
            37.740301
          ],
          [
            -122.398972,
            37.740281
          ],
          [
            -122.398932,
            37.740291
          ],
          [
            -122.398902,
            37.740321
          ],
          [
            -122.398842,
            37.740361
          ],
          [
            -122.398782,
            37.740371
          ],
          [
            -122.398752,
            37.740341
          ],
          [
            -122.398712,
            37.740321
          ],
          [
            -122.398682,
            37.740331
          ],
          [
            -122.398642,
            37.740361
          ],
          [
            -122.398582,
            37.740361
          ],
          [
            -122.398512,
            37.740361
          ],
          [
            -122.398472,
            37.740341
          ],
          [
            -122.398432,
            37.740361
          ],
          [
            -122.398432,
            37.740381
          ],
          [
            -122.398432,
            37.740401
          ],
          [
            -122.398452,
            37.740431
          ],
          [
            -122.398462,
            37.740471
          ],
          [
            -122.398452,
            37.740521
          ],
          [
            -122.398432,
            37.740561
          ],
          [
            -122.398382,
            37.740611
          ],
          [
            -122.398332,
            37.740651
          ],
          [
            -122.398282,
            37.740661
          ],
          [
            -122.398222,
            37.740651
          ],
          [
            -122.398202,
            37.740621
          ],
          [
            -122.398192,
            37.740591
          ],
          [
            -122.398182,
            37.740551
          ],
          [
            -122.398142,
            37.740571
          ],
          [
            -122.398112,
            37.740611
          ],
          [
            -122.398072,
            37.740631
          ],
          [
            -122.398032,
            37.740621
          ],
          [
            -122.397972,
            37.740631
          ],
          [
            -122.397972,
            37.740661
          ],
          [
            -122.398012,
            37.740681
          ],
          [
            -122.398042,
            37.740721
          ],
          [
            -122.398032,
            37.740751
          ],
          [
            -122.398002,
            37.740791
          ],
          [
            -122.397972,
            37.740801
          ],
          [
            -122.397922,
            37.740801
          ],
          [
            -122.397922,
            37.740841
          ],
          [
            -122.397922,
            37.740891
          ],
          [
            -122.397882,
            37.740921
          ],
          [
            -122.397822,
            37.740931
          ],
          [
            -122.397762,
            37.740971
          ],
          [
            -122.397712,
            37.741001
          ],
          [
            -122.397692,
            37.741051
          ],
          [
            -122.397692,
            37.741091
          ],
          [
            -122.397652,
            37.741121
          ],
          [
            -122.397612,
            37.741191
          ],
          [
            -122.397612,
            37.741251
          ],
          [
            -122.397612,
            37.741291
          ],
          [
            -122.397602,
            37.741311
          ],
          [
            -122.397582,
            37.741341
          ],
          [
            -122.397532,
            37.741371
          ],
          [
            -122.397472,
            37.741391
          ],
          [
            -122.397422,
            37.741411
          ],
          [
            -122.397382,
            37.741461
          ],
          [
            -122.397362,
            37.741511
          ],
          [
            -122.397362,
            37.741551
          ],
          [
            -122.397332,
            37.741571
          ],
          [
            -122.397282,
            37.741591
          ],
          [
            -122.397242,
            37.741621
          ],
          [
            -122.397222,
            37.741651
          ],
          [
            -122.397192,
            37.741691
          ],
          [
            -122.397132,
            37.74176
          ],
          [
            -122.397072,
            37.74179
          ]
        ]
      }
    },
    {
      "type": "Feature",
      "properties": {
        "FEATURE_ID": 929388,
        "FEATURE": 20,
        "SOURCE_ID": "T00687",
        "DATA_SOURC": "P",
        "SRC_DATE": "18570101",
        "HOR_ACC": "0",
        "INFORM": "\u0000\u0000\u0000\u0000\u0000\u0000\u0000\u0000\u0000\u0000\u0000\u0000\u0000\u0000\u0000\u0000\u0000\u0000\u0000\u0000\u0000\u0000\u0000\u0000\u0000\u0000\u0000\u0000\u0000\u0000\u0000\u0000\u0000\u0000\u0000\u0000\u0000\u0000\u0000\u0000\u0000\u0000\u0000\u0000\u0000\u0000\u0000\u0000\u0000\u0000\u0000\u0000\u0000\u0000\u0000\u0000\u0000\u0000\u0000\u0000\u0000\u0000\u0000\u0000\u0000\u0000\u0000\u0000\u0000\u0000\u0000\u0000\u0000\u0000\u0000\u0000\u0000\u0000\u0000\u0000\u0000\u0000\u0000\u0000\u0000\u0000\u0000\u0000\u0000\u0000\u0000\u0000\u0000\u0000\u0000\u0000\u0000\u0000\u0000\u0000\u0000\u0000\u0000\u0000\u0000\u0000\u0000\u0000\u0000\u0000\u0000\u0000\u0000\u0000\u0000\u0000\u0000\u0000\u0000\u0000\u0000\u0000\u0000\u0000\u0000\u0000\u0000\u0000\u0000\u0000\u0000\u0000\u0000\u0000\u0000\u0000\u0000\u0000\u0000\u0000\u0000\u0000\u0000\u0000\u0000\u0000\u0000\u0000\u0000\u0000\u0000\u0000\u0000\u0000\u0000\u0000\u0000\u0000\u0000\u0000\u0000\u0000\u0000\u0000\u0000\u0000\u0000\u0000\u0000\u0000\u0000\u0000\u0000\u0000\u0000\u0000\u0000\u0000\u0000\u0000\u0000\u0000\u0000\u0000\u0000\u0000\u0000\u0000\u0000\u0000\u0000\u0000\u0000\u0000\u0000\u0000\u0000\u0000\u0000\u0000\u0000\u0000\u0000\u0000\u0000\u0000\u0000\u0000\u0000\u0000\u0000\u0000\u0000\u0000\u0000\u0000\u0000\u0000\u0000\u0000\u0000\u0000\u0000\u0000\u0000\u0000\u0000\u0000\u0000\u0000\u0000\u0000\u0000\u0000\u0000\u0000\u0000\u0000\u0000\u0000\u0000\u0000\u0000\u0000\u0000\u0000\u0000\u0000\u0000\u0000\u0000\u0000\u0000\u0000",
        "RESOLUTION": 0,
        "ATTRIBUTE": "Natural.Mean High Water",
        "CLASS": "SHORELINE",
        "F_CODE": null,
        "EX_METH": "M",
        "EXTRACT_TE": "P",
        "_selecter_format": "shapefile",
        "_selecter_sourcecrs": "EPSG:4269",
        "_selecter_source": "CA37B08 1857 SF",
        "_selecter_imported": "2026-08-03T23:06:12.543Z"
      },
      "geometry": {
        "type": "LineString",
        "coordinates": [
          [
            -122.402572,
            37.738681
          ],
          [
            -122.402682,
            37.738641
          ],
          [
            -122.402972,
            37.738661
          ],
          [
            -122.403292,
            37.738641
          ],
          [
            -122.403572,
            37.738671
          ],
          [
            -122.403702,
            37.738681
          ],
          [
            -122.403932,
            37.738681
          ],
          [
            -122.404042,
            37.738701
          ],
          [
            -122.404182,
            37.738711
          ],
          [
            -122.404352,
            37.738671
          ],
          [
            -122.404472,
            37.738671
          ],
          [
            -122.404612,
            37.738641
          ],
          [
            -122.404772,
            37.738591
          ],
          [
            -122.404912,
            37.738531
          ],
          [
            -122.404972,
            37.738451
          ],
          [
            -122.404962,
            37.738391
          ],
          [
            -122.404892,
            37.738301
          ],
          [
            -122.404892,
            37.738231
          ],
          [
            -122.404812,
            37.738141
          ],
          [
            -122.404712,
            37.738021
          ],
          [
            -122.404682,
            37.737931
          ],
          [
            -122.404652,
            37.737851
          ],
          [
            -122.404652,
            37.737761
          ],
          [
            -122.404622,
            37.737701
          ],
          [
            -122.404582,
            37.737651
          ],
          [
            -122.404572,
            37.737591
          ],
          [
            -122.404572,
            37.737501
          ],
          [
            -122.404552,
            37.737441
          ],
          [
            -122.404512,
            37.737381
          ],
          [
            -122.404522,
            37.737331
          ],
          [
            -122.404622,
            37.737271
          ],
          [
            -122.404682,
            37.737191
          ],
          [
            -122.404782,
            37.737131
          ],
          [
            -122.404842,
            37.737091
          ],
          [
            -122.404932,
            37.737081
          ],
          [
            -122.405042,
            37.737071
          ],
          [
            -122.405112,
            37.737061
          ],
          [
            -122.405212,
            37.737021
          ],
          [
            -122.405272,
            37.736991
          ],
          [
            -122.405372,
            37.736971
          ],
          [
            -122.405472,
            37.736971
          ],
          [
            -122.405652,
            37.737031
          ],
          [
            -122.405722,
            37.736981
          ],
          [
            -122.405892,
            37.736951
          ],
          [
            -122.405982,
            37.736931
          ],
          [
            -122.406052,
            37.736861
          ],
          [
            -122.406142,
            37.736801
          ],
          [
            -122.406192,
            37.736731
          ],
          [
            -122.406202,
            37.736651
          ],
          [
            -122.406202,
            37.736571
          ],
          [
            -122.406092,
            37.736551
          ],
          [
            -122.405992,
            37.736561
          ],
          [
            -122.405932,
            37.736601
          ],
          [
            -122.405842,
            37.736661
          ],
          [
            -122.405782,
            37.736661
          ],
          [
            -122.405702,
            37.736681
          ],
          [
            -122.405642,
            37.736701
          ],
          [
            -122.405552,
            37.736701
          ],
          [
            -122.405612,
            37.736601
          ],
          [
            -122.405742,
            37.736541
          ],
          [
            -122.405822,
            37.736501
          ],
          [
            -122.405862,
            37.736441
          ],
          [
            -122.405942,
            37.736331
          ],
          [
            -122.406012,
            37.736271
          ],
          [
            -122.406082,
            37.736241
          ],
          [
            -122.406242,
            37.736171
          ],
          [
            -122.406302,
            37.736131
          ],
          [
            -122.406372,
            37.736071
          ],
          [
            -122.406412,
            37.736021
          ],
          [
            -122.406462,
            37.735961
          ],
          [
            -122.406552,
            37.735911
          ],
          [
            -122.406622,
            37.735891
          ],
          [
            -122.406662,
            37.735791
          ],
          [
            -122.406702,
            37.735721
          ],
          [
            -122.406752,
            37.735661
          ],
          [
            -122.406852,
            37.735611
          ],
          [
            -122.406972,
            37.735541
          ],
          [
            -122.407052,
            37.735431
          ],
          [
            -122.407092,
            37.735341
          ],
          [
            -122.407142,
            37.735251
          ],
          [
            -122.407152,
            37.735151
          ],
          [
            -122.407172,
            37.735021
          ]
        ]
      }
    },
    {
      "type": "Feature",
      "properties": {
        "FEATURE_ID": 929390,
        "FEATURE": 20,
        "SOURCE_ID": "T00687",
        "DATA_SOURC": "P",
        "SRC_DATE": "18570101",
        "HOR_ACC": "0",
        "INFORM": "\u0000\u0000\u0000\u0000\u0000\u0000\u0000\u0000\u0000\u0000\u0000\u0000\u0000\u0000\u0000\u0000\u0000\u0000\u0000\u0000\u0000\u0000\u0000\u0000\u0000\u0000\u0000\u0000\u0000\u0000\u0000\u0000\u0000\u0000\u0000\u0000\u0000\u0000\u0000\u0000\u0000\u0000\u0000\u0000\u0000\u0000\u0000\u0000\u0000\u0000\u0000\u0000\u0000\u0000\u0000\u0000\u0000\u0000\u0000\u0000\u0000\u0000\u0000\u0000\u0000\u0000\u0000\u0000\u0000\u0000\u0000\u0000\u0000\u0000\u0000\u0000\u0000\u0000\u0000\u0000\u0000\u0000\u0000\u0000\u0000\u0000\u0000\u0000\u0000\u0000\u0000\u0000\u0000\u0000\u0000\u0000\u0000\u0000\u0000\u0000\u0000\u0000\u0000\u0000\u0000\u0000\u0000\u0000\u0000\u0000\u0000\u0000\u0000\u0000\u0000\u0000\u0000\u0000\u0000\u0000\u0000\u0000\u0000\u0000\u0000\u0000\u0000\u0000\u0000\u0000\u0000\u0000\u0000\u0000\u0000\u0000\u0000\u0000\u0000\u0000\u0000\u0000\u0000\u0000\u0000\u0000\u0000\u0000\u0000\u0000\u0000\u0000\u0000\u0000\u0000\u0000\u0000\u0000\u0000\u0000\u0000\u0000\u0000\u0000\u0000\u0000\u0000\u0000\u0000\u0000\u0000\u0000\u0000\u0000\u0000\u0000\u0000\u0000\u0000\u0000\u0000\u0000\u0000\u0000\u0000\u0000\u0000\u0000\u0000\u0000\u0000\u0000\u0000\u0000\u0000\u0000\u0000\u0000\u0000\u0000\u0000\u0000\u0000\u0000\u0000\u0000\u0000\u0000\u0000\u0000\u0000\u0000\u0000\u0000\u0000\u0000\u0000\u0000\u0000\u0000\u0000\u0000\u0000\u0000\u0000\u0000\u0000\u0000\u0000\u0000\u0000\u0000\u0000\u0000\u0000\u0000\u0000\u0000\u0000\u0000\u0000\u0000\u0000\u0000\u0000\u0000\u0000\u0000\u0000\u0000\u0000\u0000\u0000\u0000",
        "RESOLUTION": 0,
        "ATTRIBUTE": "Natural.Mean High Water",
        "CLASS": "SHORELINE",
        "F_CODE": null,
        "EX_METH": "M",
        "EXTRACT_TE": "P",
        "_selecter_format": "shapefile",
        "_selecter_sourcecrs": "EPSG:4269",
        "_selecter_source": "CA37B08 1857 SF",
        "_selecter_imported": "2026-08-03T23:06:12.543Z"
      },
      "geometry": {
        "type": "LineString",
        "coordinates": [
          [
            -122.408422,
            37.733961
          ],
          [
            -122.408522,
            37.733881
          ],
          [
            -122.408612,
            37.733821
          ],
          [
            -122.408722,
            37.733771
          ],
          [
            -122.408832,
            37.733771
          ],
          [
            -122.408892,
            37.733831
          ],
          [
            -122.408992,
            37.733831
          ],
          [
            -122.409102,
            37.733841
          ],
          [
            -122.409182,
            37.733851
          ],
          [
            -122.409292,
            37.733861
          ],
          [
            -122.409352,
            37.733801
          ],
          [
            -122.409342,
            37.733741
          ],
          [
            -122.409242,
            37.733691
          ],
          [
            -122.409172,
            37.733611
          ],
          [
            -122.409212,
            37.733541
          ],
          [
            -122.409312,
            37.733491
          ],
          [
            -122.409452,
            37.733501
          ],
          [
            -122.409622,
            37.733481
          ],
          [
            -122.409802,
            37.733381
          ],
          [
            -122.409952,
            37.733411
          ],
          [
            -122.410042,
            37.733441
          ],
          [
            -122.410152,
            37.733441
          ],
          [
            -122.410232,
            37.733451
          ],
          [
            -122.410302,
            37.733421
          ],
          [
            -122.410382,
            37.733341
          ],
          [
            -122.410432,
            37.733291
          ],
          [
            -122.410462,
            37.733221
          ],
          [
            -122.410482,
            37.733131
          ],
          [
            -122.410532,
            37.733101
          ],
          [
            -122.410642,
            37.733091
          ],
          [
            -122.410692,
            37.733051
          ],
          [
            -122.410732,
            37.733011
          ],
          [
            -122.410782,
            37.732971
          ],
          [
            -122.410882,
            37.732921
          ],
          [
            -122.410972,
            37.732881
          ],
          [
            -122.411142,
            37.732881
          ],
          [
            -122.411242,
            37.733001
          ],
          [
            -122.411302,
            37.733051
          ],
          [
            -122.411332,
            37.733131
          ],
          [
            -122.411362,
            37.733211
          ],
          [
            -122.411412,
            37.733261
          ],
          [
            -122.411452,
            37.733331
          ],
          [
            -122.411602,
            37.733371
          ],
          [
            -122.411712,
            37.733351
          ]
        ]
      }
    },
    {
      "type": "Feature",
      "properties": {
        "FEATURE_ID": 929391,
        "FEATURE": 20,
        "SOURCE_ID": "T00687",
        "DATA_SOURC": "P",
        "SRC_DATE": "18570101",
        "HOR_ACC": "0",
        "INFORM": "\u0000\u0000\u0000\u0000\u0000\u0000\u0000\u0000\u0000\u0000\u0000\u0000\u0000\u0000\u0000\u0000\u0000\u0000\u0000\u0000\u0000\u0000\u0000\u0000\u0000\u0000\u0000\u0000\u0000\u0000\u0000\u0000\u0000\u0000\u0000\u0000\u0000\u0000\u0000\u0000\u0000\u0000\u0000\u0000\u0000\u0000\u0000\u0000\u0000\u0000\u0000\u0000\u0000\u0000\u0000\u0000\u0000\u0000\u0000\u0000\u0000\u0000\u0000\u0000\u0000\u0000\u0000\u0000\u0000\u0000\u0000\u0000\u0000\u0000\u0000\u0000\u0000\u0000\u0000\u0000\u0000\u0000\u0000\u0000\u0000\u0000\u0000\u0000\u0000\u0000\u0000\u0000\u0000\u0000\u0000\u0000\u0000\u0000\u0000\u0000\u0000\u0000\u0000\u0000\u0000\u0000\u0000\u0000\u0000\u0000\u0000\u0000\u0000\u0000\u0000\u0000\u0000\u0000\u0000\u0000\u0000\u0000\u0000\u0000\u0000\u0000\u0000\u0000\u0000\u0000\u0000\u0000\u0000\u0000\u0000\u0000\u0000\u0000\u0000\u0000\u0000\u0000\u0000\u0000\u0000\u0000\u0000\u0000\u0000\u0000\u0000\u0000\u0000\u0000\u0000\u0000\u0000\u0000\u0000\u0000\u0000\u0000\u0000\u0000\u0000\u0000\u0000\u0000\u0000\u0000\u0000\u0000\u0000\u0000\u0000\u0000\u0000\u0000\u0000\u0000\u0000\u0000\u0000\u0000\u0000\u0000\u0000\u0000\u0000\u0000\u0000\u0000\u0000\u0000\u0000\u0000\u0000\u0000\u0000\u0000\u0000\u0000\u0000\u0000\u0000\u0000\u0000\u0000\u0000\u0000\u0000\u0000\u0000\u0000\u0000\u0000\u0000\u0000\u0000\u0000\u0000\u0000\u0000\u0000\u0000\u0000\u0000\u0000\u0000\u0000\u0000\u0000\u0000\u0000\u0000\u0000\u0000\u0000\u0000\u0000\u0000\u0000\u0000\u0000\u0000\u0000\u0000\u0000\u0000\u0000\u0000\u0000\u0000\u0000",
        "RESOLUTION": 0,
        "ATTRIBUTE": "Natural.Mean High Water",
        "CLASS": "SHORELINE",
        "F_CODE": null,
        "EX_METH": "M",
        "EXTRACT_TE": "P",
        "_selecter_format": "shapefile",
        "_selecter_sourcecrs": "EPSG:4269",
        "_selecter_source": "CA37B08 1857 SF",
        "_selecter_imported": "2026-08-03T23:06:12.543Z"
      },
      "geometry": {
        "type": "LineString",
        "coordinates": [
          [
            -122.404862,
            37.742711
          ],
          [
            -122.404782,
            37.742741
          ],
          [
            -122.404682,
            37.742761
          ],
          [
            -122.404502,
            37.742741
          ],
          [
            -122.404362,
            37.742731
          ],
          [
            -122.404282,
            37.742701
          ],
          [
            -122.404182,
            37.742651
          ],
          [
            -122.404102,
            37.742571
          ],
          [
            -122.404082,
            37.742481
          ],
          [
            -122.404072,
            37.742361
          ],
          [
            -122.404092,
            37.742251
          ],
          [
            -122.404122,
            37.742121
          ],
          [
            -122.404142,
            37.741991
          ],
          [
            -122.404142,
            37.741861
          ],
          [
            -122.404092,
            37.741751
          ],
          [
            -122.403992,
            37.741631
          ],
          [
            -122.403932,
            37.741591
          ],
          [
            -122.403852,
            37.741561
          ],
          [
            -122.403772,
            37.741561
          ]
        ]
      }
    },
    {
      "type": "Feature",
      "properties": {
        "FEATURE_ID": 929393,
        "FEATURE": 20,
        "SOURCE_ID": "T00687",
        "DATA_SOURC": "P",
        "SRC_DATE": "18570101",
        "HOR_ACC": "0",
        "INFORM": "\u0000\u0000\u0000\u0000\u0000\u0000\u0000\u0000\u0000\u0000\u0000\u0000\u0000\u0000\u0000\u0000\u0000\u0000\u0000\u0000\u0000\u0000\u0000\u0000\u0000\u0000\u0000\u0000\u0000\u0000\u0000\u0000\u0000\u0000\u0000\u0000\u0000\u0000\u0000\u0000\u0000\u0000\u0000\u0000\u0000\u0000\u0000\u0000\u0000\u0000\u0000\u0000\u0000\u0000\u0000\u0000\u0000\u0000\u0000\u0000\u0000\u0000\u0000\u0000\u0000\u0000\u0000\u0000\u0000\u0000\u0000\u0000\u0000\u0000\u0000\u0000\u0000\u0000\u0000\u0000\u0000\u0000\u0000\u0000\u0000\u0000\u0000\u0000\u0000\u0000\u0000\u0000\u0000\u0000\u0000\u0000\u0000\u0000\u0000\u0000\u0000\u0000\u0000\u0000\u0000\u0000\u0000\u0000\u0000\u0000\u0000\u0000\u0000\u0000\u0000\u0000\u0000\u0000\u0000\u0000\u0000\u0000\u0000\u0000\u0000\u0000\u0000\u0000\u0000\u0000\u0000\u0000\u0000\u0000\u0000\u0000\u0000\u0000\u0000\u0000\u0000\u0000\u0000\u0000\u0000\u0000\u0000\u0000\u0000\u0000\u0000\u0000\u0000\u0000\u0000\u0000\u0000\u0000\u0000\u0000\u0000\u0000\u0000\u0000\u0000\u0000\u0000\u0000\u0000\u0000\u0000\u0000\u0000\u0000\u0000\u0000\u0000\u0000\u0000\u0000\u0000\u0000\u0000\u0000\u0000\u0000\u0000\u0000\u0000\u0000\u0000\u0000\u0000\u0000\u0000\u0000\u0000\u0000\u0000\u0000\u0000\u0000\u0000\u0000\u0000\u0000\u0000\u0000\u0000\u0000\u0000\u0000\u0000\u0000\u0000\u0000\u0000\u0000\u0000\u0000\u0000\u0000\u0000\u0000\u0000\u0000\u0000\u0000\u0000\u0000\u0000\u0000\u0000\u0000\u0000\u0000\u0000\u0000\u0000\u0000\u0000\u0000\u0000\u0000\u0000\u0000\u0000\u0000\u0000\u0000\u0000\u0000\u0000\u0000",
        "RESOLUTION": 0,
        "ATTRIBUTE": "Natural.Mean High Water",
        "CLASS": "SHORELINE",
        "F_CODE": null,
        "EX_METH": "M",
        "EXTRACT_TE": "P",
        "_selecter_format": "shapefile",
        "_selecter_sourcecrs": "EPSG:4269",
        "_selecter_source": "CA37B08 1857 SF",
        "_selecter_imported": "2026-08-03T23:06:12.543Z"
      },
      "geometry": {
        "type": "LineString",
        "coordinates": [
          [
            -122.403632,
            37.741571
          ],
          [
            -122.403572,
            37.741591
          ],
          [
            -122.403472,
            37.741591
          ],
          [
            -122.403262,
            37.741691
          ],
          [
            -122.403072,
            37.741791
          ],
          [
            -122.402932,
            37.741881
          ],
          [
            -122.402772,
            37.742001
          ],
          [
            -122.402582,
            37.742171
          ],
          [
            -122.402362,
            37.742351
          ],
          [
            -122.402142,
            37.742471
          ],
          [
            -122.402042,
            37.742541
          ],
          [
            -122.401872,
            37.742571
          ],
          [
            -122.401772,
            37.74264
          ],
          [
            -122.401712,
            37.74269
          ],
          [
            -122.401692,
            37.74276
          ],
          [
            -122.401732,
            37.74286
          ],
          [
            -122.401842,
            37.74294
          ],
          [
            -122.401842,
            37.74304
          ],
          [
            -122.401882,
            37.74312
          ],
          [
            -122.401922,
            37.74318
          ],
          [
            -122.401982,
            37.74321
          ],
          [
            -122.402032,
            37.74321
          ],
          [
            -122.402082,
            37.74321
          ],
          [
            -122.402132,
            37.7432
          ],
          [
            -122.402182,
            37.74315
          ],
          [
            -122.402232,
            37.74311
          ],
          [
            -122.402342,
            37.74311
          ],
          [
            -122.402402,
            37.74311
          ],
          [
            -122.402462,
            37.74302
          ],
          [
            -122.402502,
            37.74297
          ],
          [
            -122.402572,
            37.74296
          ],
          [
            -122.402572,
            37.74286
          ],
          [
            -122.402622,
            37.74273
          ],
          [
            -122.402712,
            37.742701
          ],
          [
            -122.402792,
            37.742731
          ],
          [
            -122.402882,
            37.74277
          ],
          [
            -122.402972,
            37.742761
          ],
          [
            -122.403122,
            37.742711
          ],
          [
            -122.403122,
            37.742761
          ],
          [
            -122.403062,
            37.74281
          ],
          [
            -122.402982,
            37.74288
          ],
          [
            -122.402912,
            37.74286
          ],
          [
            -122.402812,
            37.74281
          ],
          [
            -122.402742,
            37.74278
          ],
          [
            -122.402672,
            37.74277
          ],
          [
            -122.402642,
            37.74284
          ],
          [
            -122.402652,
            37.74296
          ],
          [
            -122.402642,
            37.74303
          ],
          [
            -122.402562,
            37.74309
          ],
          [
            -122.402572,
            37.74315
          ],
          [
            -122.402512,
            37.74322
          ],
          [
            -122.402392,
            37.74321
          ],
          [
            -122.402272,
            37.74318
          ],
          [
            -122.402222,
            37.74325
          ],
          [
            -122.402222,
            37.74333
          ],
          [
            -122.402212,
            37.74342
          ],
          [
            -122.402232,
            37.74348
          ],
          [
            -122.402272,
            37.74353
          ],
          [
            -122.402292,
            37.74361
          ],
          [
            -122.402282,
            37.7437
          ],
          [
            -122.402312,
            37.74378
          ],
          [
            -122.402432,
            37.74384
          ],
          [
            -122.402502,
            37.7439
          ],
          [
            -122.402632,
            37.74383
          ],
          [
            -122.402652,
            37.74375
          ],
          [
            -122.402702,
            37.74364
          ],
          [
            -122.402772,
            37.74363
          ],
          [
            -122.402902,
            37.74368
          ],
          [
            -122.402992,
            37.74369
          ],
          [
            -122.403102,
            37.74369
          ],
          [
            -122.403172,
            37.74373
          ],
          [
            -122.403232,
            37.7438
          ],
          [
            -122.403312,
            37.74381
          ],
          [
            -122.403452,
            37.74379
          ],
          [
            -122.403442,
            37.74386
          ],
          [
            -122.403322,
            37.74391
          ],
          [
            -122.403222,
            37.74388
          ],
          [
            -122.403152,
            37.74383
          ],
          [
            -122.403082,
            37.74378
          ],
          [
            -122.402982,
            37.74376
          ],
          [
            -122.402882,
            37.74376
          ],
          [
            -122.402802,
            37.74372
          ],
          [
            -122.402742,
            37.74375
          ],
          [
            -122.402722,
            37.74391
          ],
          [
            -122.402692,
            37.74399
          ],
          [
            -122.402752,
            37.74407
          ],
          [
            -122.402852,
            37.74418
          ],
          [
            -122.402882,
            37.74428
          ],
          [
            -122.402892,
            37.7444
          ],
          [
            -122.402862,
            37.74448
          ],
          [
            -122.402812,
            37.74455
          ],
          [
            -122.402862,
            37.74461
          ],
          [
            -122.402972,
            37.74462
          ],
          [
            -122.403102,
            37.74465
          ],
          [
            -122.403152,
            37.7447
          ],
          [
            -122.403232,
            37.74475
          ],
          [
            -122.403262,
            37.74485
          ],
          [
            -122.403202,
            37.74485
          ],
          [
            -122.403112,
            37.74479
          ],
          [
            -122.402992,
            37.74471
          ],
          [
            -122.402902,
            37.74469
          ],
          [
            -122.402812,
            37.74475
          ],
          [
            -122.402722,
            37.74484
          ],
          [
            -122.402582,
            37.7451
          ],
          [
            -122.402512,
            37.74517
          ],
          [
            -122.402392,
            37.74525
          ],
          [
            -122.402282,
            37.7453
          ],
          [
            -122.402172,
            37.74531
          ],
          [
            -122.402092,
            37.74531
          ],
          [
            -122.402092,
            37.74537
          ],
          [
            -122.402072,
            37.74544
          ],
          [
            -122.402062,
            37.7455
          ],
          [
            -122.402042,
            37.7456
          ],
          [
            -122.402012,
            37.74567
          ],
          [
            -122.401962,
            37.74573
          ],
          [
            -122.401882,
            37.74578
          ],
          [
            -122.401852,
            37.74575
          ],
          [
            -122.401912,
            37.74568
          ],
          [
            -122.401962,
            37.74563
          ],
          [
            -122.401912,
            37.74557
          ],
          [
            -122.401902,
            37.74551
          ],
          [
            -122.401912,
            37.74543
          ],
          [
            -122.401832,
            37.74539
          ],
          [
            -122.401752,
            37.74541
          ],
          [
            -122.401692,
            37.74546
          ],
          [
            -122.401592,
            37.74553
          ],
          [
            -122.401512,
            37.74546
          ],
          [
            -122.401392,
            37.7455
          ],
          [
            -122.401202,
            37.7456
          ],
          [
            -122.401082,
            37.7457
          ],
          [
            -122.400882,
            37.74577
          ],
          [
            -122.400752,
            37.74579
          ],
          [
            -122.400662,
            37.74585
          ],
          [
            -122.400562,
            37.74592
          ],
          [
            -122.400432,
            37.74601
          ],
          [
            -122.400352,
            37.74603
          ],
          [
            -122.400282,
            37.74602
          ],
          [
            -122.400132,
            37.74605
          ],
          [
            -122.400052,
            37.7461
          ],
          [
            -122.399962,
            37.74614
          ],
          [
            -122.399852,
            37.74619
          ],
          [
            -122.399732,
            37.74622
          ],
          [
            -122.399502,
            37.74628
          ],
          [
            -122.399252,
            37.74632
          ],
          [
            -122.399132,
            37.74631
          ],
          [
            -122.399002,
            37.74634
          ],
          [
            -122.398882,
            37.74634
          ],
          [
            -122.398832,
            37.74642
          ],
          [
            -122.398682,
            37.74647
          ],
          [
            -122.398562,
            37.74651
          ],
          [
            -122.398372,
            37.74656
          ],
          [
            -122.398022,
            37.74667
          ],
          [
            -122.397772,
            37.74677
          ],
          [
            -122.397582,
            37.7468
          ],
          [
            -122.397492,
            37.74687
          ],
          [
            -122.397362,
            37.74687
          ],
          [
            -122.397232,
            37.74694
          ],
          [
            -122.397082,
            37.74698
          ],
          [
            -122.396972,
            37.74704
          ],
          [
            -122.396912,
            37.74711
          ],
          [
            -122.396942,
            37.74716
          ],
          [
            -122.397122,
            37.74718
          ],
          [
            -122.397332,
            37.74723
          ],
          [
            -122.397422,
            37.74725
          ],
          [
            -122.397512,
            37.74731
          ],
          [
            -122.397612,
            37.74736
          ],
          [
            -122.397672,
            37.74742
          ],
          [
            -122.397852,
            37.74743
          ],
          [
            -122.397942,
            37.74741
          ],
          [
            -122.398082,
            37.7473
          ],
          [
            -122.398212,
            37.74711
          ],
          [
            -122.398262,
            37.74702
          ],
          [
            -122.398332,
            37.74696
          ],
          [
            -122.398582,
            37.74682
          ],
          [
            -122.398672,
            37.74679
          ],
          [
            -122.398782,
            37.74676
          ],
          [
            -122.398892,
            37.74673
          ],
          [
            -122.398982,
            37.74673
          ],
          [
            -122.399122,
            37.74674
          ],
          [
            -122.399332,
            37.74678
          ],
          [
            -122.399382,
            37.74685
          ],
          [
            -122.399502,
            37.74686
          ],
          [
            -122.399612,
            37.74692
          ],
          [
            -122.399692,
            37.747
          ],
          [
            -122.399762,
            37.74702
          ],
          [
            -122.399802,
            37.74694
          ],
          [
            -122.399882,
            37.74691
          ],
          [
            -122.399932,
            37.74695
          ],
          [
            -122.399992,
            37.74688
          ],
          [
            -122.400072,
            37.74684
          ],
          [
            -122.400092,
            37.74691
          ],
          [
            -122.400002,
            37.74697
          ],
          [
            -122.399892,
            37.74704
          ],
          [
            -122.399952,
            37.7471
          ],
          [
            -122.400032,
            37.74713
          ],
          [
            -122.400172,
            37.7472
          ],
          [
            -122.400362,
            37.74723
          ],
          [
            -122.400382,
            37.74729
          ],
          [
            -122.400512,
            37.74732
          ],
          [
            -122.400632,
            37.74734
          ],
          [
            -122.400732,
            37.74738
          ],
          [
            -122.400832,
            37.7475
          ],
          [
            -122.400912,
            37.74755
          ],
          [
            -122.401022,
            37.74771
          ],
          [
            -122.401162,
            37.74782
          ],
          [
            -122.401332,
            37.74783
          ],
          [
            -122.401462,
            37.74783
          ],
          [
            -122.401652,
            37.74778
          ]
        ]
      }
    },
    {
      "type": "Feature",
      "properties": {
        "FEATURE_ID": 929394,
        "FEATURE": 20,
        "SOURCE_ID": "T00687",
        "DATA_SOURC": "P",
        "SRC_DATE": "18570101",
        "HOR_ACC": "0",
        "INFORM": "\u0000\u0000\u0000\u0000\u0000\u0000\u0000\u0000\u0000\u0000\u0000\u0000\u0000\u0000\u0000\u0000\u0000\u0000\u0000\u0000\u0000\u0000\u0000\u0000\u0000\u0000\u0000\u0000\u0000\u0000\u0000\u0000\u0000\u0000\u0000\u0000\u0000\u0000\u0000\u0000\u0000\u0000\u0000\u0000\u0000\u0000\u0000\u0000\u0000\u0000\u0000\u0000\u0000\u0000\u0000\u0000\u0000\u0000\u0000\u0000\u0000\u0000\u0000\u0000\u0000\u0000\u0000\u0000\u0000\u0000\u0000\u0000\u0000\u0000\u0000\u0000\u0000\u0000\u0000\u0000\u0000\u0000\u0000\u0000\u0000\u0000\u0000\u0000\u0000\u0000\u0000\u0000\u0000\u0000\u0000\u0000\u0000\u0000\u0000\u0000\u0000\u0000\u0000\u0000\u0000\u0000\u0000\u0000\u0000\u0000\u0000\u0000\u0000\u0000\u0000\u0000\u0000\u0000\u0000\u0000\u0000\u0000\u0000\u0000\u0000\u0000\u0000\u0000\u0000\u0000\u0000\u0000\u0000\u0000\u0000\u0000\u0000\u0000\u0000\u0000\u0000\u0000\u0000\u0000\u0000\u0000\u0000\u0000\u0000\u0000\u0000\u0000\u0000\u0000\u0000\u0000\u0000\u0000\u0000\u0000\u0000\u0000\u0000\u0000\u0000\u0000\u0000\u0000\u0000\u0000\u0000\u0000\u0000\u0000\u0000\u0000\u0000\u0000\u0000\u0000\u0000\u0000\u0000\u0000\u0000\u0000\u0000\u0000\u0000\u0000\u0000\u0000\u0000\u0000\u0000\u0000\u0000\u0000\u0000\u0000\u0000\u0000\u0000\u0000\u0000\u0000\u0000\u0000\u0000\u0000\u0000\u0000\u0000\u0000\u0000\u0000\u0000\u0000\u0000\u0000\u0000\u0000\u0000\u0000\u0000\u0000\u0000\u0000\u0000\u0000\u0000\u0000\u0000\u0000\u0000\u0000\u0000\u0000\u0000\u0000\u0000\u0000\u0000\u0000\u0000\u0000\u0000\u0000\u0000\u0000\u0000\u0000\u0000\u0000",
        "RESOLUTION": 0,
        "ATTRIBUTE": "Natural.Mean High Water",
        "CLASS": "SHORELINE",
        "F_CODE": null,
        "EX_METH": "M",
        "EXTRACT_TE": "P",
        "_selecter_format": "shapefile",
        "_selecter_sourcecrs": "EPSG:4269",
        "_selecter_source": "CA37B08 1857 SF",
        "_selecter_imported": "2026-08-03T23:06:12.543Z"
      },
      "geometry": {
        "type": "LineString",
        "coordinates": [
          [
            -122.400252,
            37.739791
          ],
          [
            -122.400362,
            37.739701
          ],
          [
            -122.400492,
            37.739631
          ],
          [
            -122.400592,
            37.739571
          ],
          [
            -122.400682,
            37.739521
          ],
          [
            -122.400792,
            37.739481
          ],
          [
            -122.400882,
            37.739431
          ],
          [
            -122.401182,
            37.739311
          ],
          [
            -122.401322,
            37.739291
          ]
        ]
      }
    },
    {
      "type": "Feature",
      "properties": {
        "FEATURE_ID": 929396,
        "FEATURE": 20,
        "SOURCE_ID": "T00687",
        "DATA_SOURC": "P",
        "SRC_DATE": "18570101",
        "HOR_ACC": "0",
        "INFORM": "\u0000\u0000\u0000\u0000\u0000\u0000\u0000\u0000\u0000\u0000\u0000\u0000\u0000\u0000\u0000\u0000\u0000\u0000\u0000\u0000\u0000\u0000\u0000\u0000\u0000\u0000\u0000\u0000\u0000\u0000\u0000\u0000\u0000\u0000\u0000\u0000\u0000\u0000\u0000\u0000\u0000\u0000\u0000\u0000\u0000\u0000\u0000\u0000\u0000\u0000\u0000\u0000\u0000\u0000\u0000\u0000\u0000\u0000\u0000\u0000\u0000\u0000\u0000\u0000\u0000\u0000\u0000\u0000\u0000\u0000\u0000\u0000\u0000\u0000\u0000\u0000\u0000\u0000\u0000\u0000\u0000\u0000\u0000\u0000\u0000\u0000\u0000\u0000\u0000\u0000\u0000\u0000\u0000\u0000\u0000\u0000\u0000\u0000\u0000\u0000\u0000\u0000\u0000\u0000\u0000\u0000\u0000\u0000\u0000\u0000\u0000\u0000\u0000\u0000\u0000\u0000\u0000\u0000\u0000\u0000\u0000\u0000\u0000\u0000\u0000\u0000\u0000\u0000\u0000\u0000\u0000\u0000\u0000\u0000\u0000\u0000\u0000\u0000\u0000\u0000\u0000\u0000\u0000\u0000\u0000\u0000\u0000\u0000\u0000\u0000\u0000\u0000\u0000\u0000\u0000\u0000\u0000\u0000\u0000\u0000\u0000\u0000\u0000\u0000\u0000\u0000\u0000\u0000\u0000\u0000\u0000\u0000\u0000\u0000\u0000\u0000\u0000\u0000\u0000\u0000\u0000\u0000\u0000\u0000\u0000\u0000\u0000\u0000\u0000\u0000\u0000\u0000\u0000\u0000\u0000\u0000\u0000\u0000\u0000\u0000\u0000\u0000\u0000\u0000\u0000\u0000\u0000\u0000\u0000\u0000\u0000\u0000\u0000\u0000\u0000\u0000\u0000\u0000\u0000\u0000\u0000\u0000\u0000\u0000\u0000\u0000\u0000\u0000\u0000\u0000\u0000\u0000\u0000\u0000\u0000\u0000\u0000\u0000\u0000\u0000\u0000\u0000\u0000\u0000\u0000\u0000\u0000\u0000\u0000\u0000\u0000\u0000\u0000\u0000",
        "RESOLUTION": 0,
        "ATTRIBUTE": "Natural.Mean High Water",
        "CLASS": "SHORELINE",
        "F_CODE": null,
        "EX_METH": "M",
        "EXTRACT_TE": "P",
        "_selecter_format": "shapefile",
        "_selecter_sourcecrs": "EPSG:4269",
        "_selecter_source": "CA37B08 1857 SF",
        "_selecter_imported": "2026-08-03T23:06:12.543Z"
      },
      "geometry": {
        "type": "LineString",
        "coordinates": [
          [
            -122.403712,
            37.741421
          ],
          [
            -122.403872,
            37.741421
          ],
          [
            -122.404022,
            37.741461
          ],
          [
            -122.404122,
            37.741541
          ],
          [
            -122.404222,
            37.741631
          ],
          [
            -122.404302,
            37.741921
          ],
          [
            -122.404302,
            37.742041
          ],
          [
            -122.404282,
            37.742131
          ],
          [
            -122.404242,
            37.742241
          ],
          [
            -122.404202,
            37.742321
          ],
          [
            -122.404222,
            37.742381
          ],
          [
            -122.404262,
            37.742451
          ],
          [
            -122.404342,
            37.742541
          ],
          [
            -122.404422,
            37.742581
          ],
          [
            -122.404582,
            37.742581
          ],
          [
            -122.404752,
            37.742531
          ],
          [
            -122.404862,
            37.742461
          ],
          [
            -122.404942,
            37.742441
          ],
          [
            -122.405042,
            37.742431
          ],
          [
            -122.405112,
            37.742391
          ],
          [
            -122.405222,
            37.742381
          ],
          [
            -122.405332,
            37.742381
          ],
          [
            -122.405442,
            37.742361
          ],
          [
            -122.405482,
            37.742311
          ],
          [
            -122.405582,
            37.742311
          ],
          [
            -122.405672,
            37.742311
          ],
          [
            -122.405732,
            37.742291
          ],
          [
            -122.405762,
            37.742231
          ],
          [
            -122.405732,
            37.742181
          ],
          [
            -122.405682,
            37.742131
          ],
          [
            -122.405652,
            37.742081
          ],
          [
            -122.405552,
            37.742091
          ],
          [
            -122.405462,
            37.742141
          ],
          [
            -122.405392,
            37.742151
          ],
          [
            -122.405282,
            37.742151
          ],
          [
            -122.405262,
            37.742081
          ],
          [
            -122.405142,
            37.742071
          ],
          [
            -122.405032,
            37.742061
          ],
          [
            -122.404962,
            37.741991
          ],
          [
            -122.404902,
            37.741951
          ],
          [
            -122.404782,
            37.741911
          ],
          [
            -122.404712,
            37.741861
          ],
          [
            -122.404712,
            37.741801
          ],
          [
            -122.404742,
            37.741751
          ],
          [
            -122.404802,
            37.741721
          ],
          [
            -122.404952,
            37.741691
          ],
          [
            -122.405032,
            37.741601
          ],
          [
            -122.405142,
            37.741571
          ],
          [
            -122.405382,
            37.741581
          ],
          [
            -122.405512,
            37.741591
          ],
          [
            -122.405592,
            37.741521
          ],
          [
            -122.405712,
            37.741501
          ],
          [
            -122.405832,
            37.741501
          ],
          [
            -122.405862,
            37.741431
          ],
          [
            -122.405852,
            37.741351
          ],
          [
            -122.405842,
            37.741321
          ],
          [
            -122.405842,
            37.741231
          ],
          [
            -122.405862,
            37.741151
          ],
          [
            -122.405942,
            37.741031
          ],
          [
            -122.406082,
            37.740931
          ],
          [
            -122.406162,
            37.740861
          ],
          [
            -122.406222,
            37.740751
          ],
          [
            -122.406172,
            37.740671
          ],
          [
            -122.406102,
            37.740651
          ],
          [
            -122.406042,
            37.740591
          ],
          [
            -122.406012,
            37.740551
          ],
          [
            -122.405932,
            37.740491
          ],
          [
            -122.405872,
            37.740421
          ],
          [
            -122.405862,
            37.740351
          ],
          [
            -122.405902,
            37.740271
          ],
          [
            -122.405952,
            37.740361
          ],
          [
            -122.406042,
            37.740411
          ],
          [
            -122.406082,
            37.740471
          ],
          [
            -122.406132,
            37.740571
          ],
          [
            -122.406262,
            37.740601
          ],
          [
            -122.406322,
            37.740671
          ],
          [
            -122.406372,
            37.740741
          ],
          [
            -122.406362,
            37.740801
          ]
        ]
      }
    },
    {
      "type": "Feature",
      "properties": {
        "FEATURE_ID": 929397,
        "FEATURE": 20,
        "SOURCE_ID": "T00687",
        "DATA_SOURC": "P",
        "SRC_DATE": "18570101",
        "HOR_ACC": "0",
        "INFORM": "\u0000\u0000\u0000\u0000\u0000\u0000\u0000\u0000\u0000\u0000\u0000\u0000\u0000\u0000\u0000\u0000\u0000\u0000\u0000\u0000\u0000\u0000\u0000\u0000\u0000\u0000\u0000\u0000\u0000\u0000\u0000\u0000\u0000\u0000\u0000\u0000\u0000\u0000\u0000\u0000\u0000\u0000\u0000\u0000\u0000\u0000\u0000\u0000\u0000\u0000\u0000\u0000\u0000\u0000\u0000\u0000\u0000\u0000\u0000\u0000\u0000\u0000\u0000\u0000\u0000\u0000\u0000\u0000\u0000\u0000\u0000\u0000\u0000\u0000\u0000\u0000\u0000\u0000\u0000\u0000\u0000\u0000\u0000\u0000\u0000\u0000\u0000\u0000\u0000\u0000\u0000\u0000\u0000\u0000\u0000\u0000\u0000\u0000\u0000\u0000\u0000\u0000\u0000\u0000\u0000\u0000\u0000\u0000\u0000\u0000\u0000\u0000\u0000\u0000\u0000\u0000\u0000\u0000\u0000\u0000\u0000\u0000\u0000\u0000\u0000\u0000\u0000\u0000\u0000\u0000\u0000\u0000\u0000\u0000\u0000\u0000\u0000\u0000\u0000\u0000\u0000\u0000\u0000\u0000\u0000\u0000\u0000\u0000\u0000\u0000\u0000\u0000\u0000\u0000\u0000\u0000\u0000\u0000\u0000\u0000\u0000\u0000\u0000\u0000\u0000\u0000\u0000\u0000\u0000\u0000\u0000\u0000\u0000\u0000\u0000\u0000\u0000\u0000\u0000\u0000\u0000\u0000\u0000\u0000\u0000\u0000\u0000\u0000\u0000\u0000\u0000\u0000\u0000\u0000\u0000\u0000\u0000\u0000\u0000\u0000\u0000\u0000\u0000\u0000\u0000\u0000\u0000\u0000\u0000\u0000\u0000\u0000\u0000\u0000\u0000\u0000\u0000\u0000\u0000\u0000\u0000\u0000\u0000\u0000\u0000\u0000\u0000\u0000\u0000\u0000\u0000\u0000\u0000\u0000\u0000\u0000\u0000\u0000\u0000\u0000\u0000\u0000\u0000\u0000\u0000\u0000\u0000\u0000\u0000\u0000\u0000\u0000\u0000\u0000",
        "RESOLUTION": 0,
        "ATTRIBUTE": "Natural.Mean High Water",
        "CLASS": "SHORELINE",
        "F_CODE": null,
        "EX_METH": "M",
        "EXTRACT_TE": "P",
        "_selecter_format": "shapefile",
        "_selecter_sourcecrs": "EPSG:4269",
        "_selecter_source": "CA37B08 1857 SF",
        "_selecter_imported": "2026-08-03T23:06:12.543Z"
      },
      "geometry": {
        "type": "LineString",
        "coordinates": [
          [
            -122.415442,
            37.732381
          ],
          [
            -122.415322,
            37.732361
          ],
          [
            -122.415232,
            37.732361
          ],
          [
            -122.415182,
            37.732361
          ],
          [
            -122.415102,
            37.732351
          ],
          [
            -122.415052,
            37.732341
          ],
          [
            -122.414992,
            37.732331
          ],
          [
            -122.414882,
            37.732321
          ],
          [
            -122.414822,
            37.732331
          ],
          [
            -122.414742,
            37.732351
          ],
          [
            -122.414682,
            37.732401
          ],
          [
            -122.414622,
            37.732401
          ],
          [
            -122.414532,
            37.732401
          ],
          [
            -122.414472,
            37.732431
          ],
          [
            -122.414412,
            37.732481
          ],
          [
            -122.414342,
            37.732481
          ],
          [
            -122.414282,
            37.732521
          ],
          [
            -122.414262,
            37.732601
          ],
          [
            -122.414222,
            37.732651
          ],
          [
            -122.414162,
            37.732711
          ],
          [
            -122.414152,
            37.732771
          ],
          [
            -122.414082,
            37.732841
          ],
          [
            -122.414052,
            37.732921
          ],
          [
            -122.414052,
            37.733011
          ],
          [
            -122.414032,
            37.733071
          ]
        ]
      }
    },
    {
      "type": "Feature",
      "properties": {
        "FEATURE_ID": 929399,
        "FEATURE": 20,
        "SOURCE_ID": "T00687",
        "DATA_SOURC": "P",
        "SRC_DATE": "18570101",
        "HOR_ACC": "0",
        "INFORM": "\u0000\u0000\u0000\u0000\u0000\u0000\u0000\u0000\u0000\u0000\u0000\u0000\u0000\u0000\u0000\u0000\u0000\u0000\u0000\u0000\u0000\u0000\u0000\u0000\u0000\u0000\u0000\u0000\u0000\u0000\u0000\u0000\u0000\u0000\u0000\u0000\u0000\u0000\u0000\u0000\u0000\u0000\u0000\u0000\u0000\u0000\u0000\u0000\u0000\u0000\u0000\u0000\u0000\u0000\u0000\u0000\u0000\u0000\u0000\u0000\u0000\u0000\u0000\u0000\u0000\u0000\u0000\u0000\u0000\u0000\u0000\u0000\u0000\u0000\u0000\u0000\u0000\u0000\u0000\u0000\u0000\u0000\u0000\u0000\u0000\u0000\u0000\u0000\u0000\u0000\u0000\u0000\u0000\u0000\u0000\u0000\u0000\u0000\u0000\u0000\u0000\u0000\u0000\u0000\u0000\u0000\u0000\u0000\u0000\u0000\u0000\u0000\u0000\u0000\u0000\u0000\u0000\u0000\u0000\u0000\u0000\u0000\u0000\u0000\u0000\u0000\u0000\u0000\u0000\u0000\u0000\u0000\u0000\u0000\u0000\u0000\u0000\u0000\u0000\u0000\u0000\u0000\u0000\u0000\u0000\u0000\u0000\u0000\u0000\u0000\u0000\u0000\u0000\u0000\u0000\u0000\u0000\u0000\u0000\u0000\u0000\u0000\u0000\u0000\u0000\u0000\u0000\u0000\u0000\u0000\u0000\u0000\u0000\u0000\u0000\u0000\u0000\u0000\u0000\u0000\u0000\u0000\u0000\u0000\u0000\u0000\u0000\u0000\u0000\u0000\u0000\u0000\u0000\u0000\u0000\u0000\u0000\u0000\u0000\u0000\u0000\u0000\u0000\u0000\u0000\u0000\u0000\u0000\u0000\u0000\u0000\u0000\u0000\u0000\u0000\u0000\u0000\u0000\u0000\u0000\u0000\u0000\u0000\u0000\u0000\u0000\u0000\u0000\u0000\u0000\u0000\u0000\u0000\u0000\u0000\u0000\u0000\u0000\u0000\u0000\u0000\u0000\u0000\u0000\u0000\u0000\u0000\u0000\u0000\u0000\u0000\u0000\u0000\u0000",
        "RESOLUTION": 0,
        "ATTRIBUTE": "Natural.Mean High Water",
        "CLASS": "SHORELINE",
        "F_CODE": null,
        "EX_METH": "M",
        "EXTRACT_TE": "P",
        "_selecter_format": "shapefile",
        "_selecter_sourcecrs": "EPSG:4269",
        "_selecter_source": "CA37B08 1857 SF",
        "_selecter_imported": "2026-08-03T23:06:12.543Z"
      },
      "geometry": {
        "type": "LineString",
        "coordinates": [
          [
            -122.413102,
            37.733661
          ],
          [
            -122.413062,
            37.733601
          ],
          [
            -122.413002,
            37.733541
          ],
          [
            -122.412932,
            37.733531
          ],
          [
            -122.412782,
            37.733561
          ],
          [
            -122.412642,
            37.733611
          ],
          [
            -122.412562,
            37.733601
          ],
          [
            -122.412502,
            37.733571
          ],
          [
            -122.412362,
            37.733571
          ],
          [
            -122.412312,
            37.733611
          ],
          [
            -122.412212,
            37.733691
          ],
          [
            -122.412062,
            37.733741
          ],
          [
            -122.411972,
            37.733791
          ],
          [
            -122.411872,
            37.733871
          ],
          [
            -122.411792,
            37.733911
          ],
          [
            -122.411712,
            37.733941
          ],
          [
            -122.411622,
            37.733961
          ],
          [
            -122.411472,
            37.733941
          ],
          [
            -122.411392,
            37.733911
          ],
          [
            -122.411302,
            37.733851
          ],
          [
            -122.411272,
            37.733781
          ],
          [
            -122.411172,
            37.733751
          ],
          [
            -122.411102,
            37.733741
          ],
          [
            -122.411032,
            37.733691
          ],
          [
            -122.411002,
            37.733651
          ],
          [
            -122.411002,
            37.733601
          ],
          [
            -122.410992,
            37.733551
          ],
          [
            -122.410952,
            37.733481
          ],
          [
            -122.410942,
            37.733411
          ],
          [
            -122.411012,
            37.733361
          ],
          [
            -122.411042,
            37.733281
          ],
          [
            -122.411042,
            37.733211
          ],
          [
            -122.410992,
            37.733151
          ],
          [
            -122.410922,
            37.733131
          ],
          [
            -122.410842,
            37.733121
          ],
          [
            -122.410782,
            37.733161
          ],
          [
            -122.410742,
            37.733211
          ],
          [
            -122.410732,
            37.733311
          ],
          [
            -122.410712,
            37.733361
          ],
          [
            -122.410652,
            37.733401
          ],
          [
            -122.410552,
            37.733421
          ],
          [
            -122.410502,
            37.733461
          ],
          [
            -122.410502,
            37.733601
          ],
          [
            -122.410492,
            37.733651
          ],
          [
            -122.410502,
            37.733701
          ],
          [
            -122.410442,
            37.733721
          ],
          [
            -122.410352,
            37.733761
          ],
          [
            -122.410282,
            37.733771
          ],
          [
            -122.410152,
            37.733751
          ],
          [
            -122.410042,
            37.733741
          ],
          [
            -122.409982,
            37.733781
          ],
          [
            -122.409912,
            37.733861
          ],
          [
            -122.409862,
            37.733921
          ],
          [
            -122.409732,
            37.733941
          ],
          [
            -122.409642,
            37.733981
          ],
          [
            -122.409562,
            37.734041
          ],
          [
            -122.409502,
            37.734051
          ],
          [
            -122.409432,
            37.734071
          ],
          [
            -122.409362,
            37.734101
          ],
          [
            -122.409342,
            37.734161
          ],
          [
            -122.409432,
            37.734161
          ],
          [
            -122.409472,
            37.734201
          ],
          [
            -122.409382,
            37.734221
          ],
          [
            -122.409292,
            37.734221
          ],
          [
            -122.409252,
            37.734201
          ],
          [
            -122.409212,
            37.734141
          ],
          [
            -122.409112,
            37.734081
          ],
          [
            -122.409062,
            37.734061
          ],
          [
            -122.408992,
            37.734121
          ],
          [
            -122.408942,
            37.734161
          ],
          [
            -122.408852,
            37.734151
          ],
          [
            -122.408772,
            37.734151
          ],
          [
            -122.408702,
            37.734191
          ],
          [
            -122.408662,
            37.734251
          ],
          [
            -122.408532,
            37.734281
          ],
          [
            -122.408432,
            37.734341
          ],
          [
            -122.408382,
            37.734471
          ],
          [
            -122.408272,
            37.734511
          ],
          [
            -122.408242,
            37.734571
          ],
          [
            -122.408202,
            37.734641
          ],
          [
            -122.408152,
            37.734691
          ],
          [
            -122.408232,
            37.734731
          ],
          [
            -122.408282,
            37.734761
          ],
          [
            -122.408292,
            37.734811
          ],
          [
            -122.408422,
            37.734831
          ],
          [
            -122.408512,
            37.734831
          ],
          [
            -122.408352,
            37.734881
          ],
          [
            -122.408282,
            37.734871
          ],
          [
            -122.408232,
            37.734831
          ],
          [
            -122.408212,
            37.734801
          ],
          [
            -122.408102,
            37.734831
          ],
          [
            -122.408032,
            37.734801
          ],
          [
            -122.407952,
            37.734781
          ],
          [
            -122.407862,
            37.734801
          ],
          [
            -122.407822,
            37.734831
          ],
          [
            -122.407762,
            37.734841
          ],
          [
            -122.407672,
            37.734891
          ],
          [
            -122.407602,
            37.734901
          ],
          [
            -122.407542,
            37.734881
          ],
          [
            -122.407462,
            37.734871
          ],
          [
            -122.407422,
            37.734941
          ],
          [
            -122.407462,
            37.735011
          ],
          [
            -122.407422,
            37.735071
          ],
          [
            -122.407362,
            37.735121
          ],
          [
            -122.407322,
            37.735161
          ],
          [
            -122.407302,
            37.735211
          ],
          [
            -122.407372,
            37.735251
          ],
          [
            -122.407372,
            37.735301
          ],
          [
            -122.407372,
            37.735381
          ],
          [
            -122.407362,
            37.735461
          ],
          [
            -122.407422,
            37.735491
          ],
          [
            -122.407502,
            37.735461
          ],
          [
            -122.407552,
            37.735421
          ],
          [
            -122.407622,
            37.735371
          ],
          [
            -122.407652,
            37.735301
          ],
          [
            -122.407682,
            37.735251
          ],
          [
            -122.407732,
            37.735221
          ],
          [
            -122.407812,
            37.735201
          ],
          [
            -122.407912,
            37.735171
          ],
          [
            -122.408002,
            37.735151
          ],
          [
            -122.408062,
            37.735161
          ],
          [
            -122.408072,
            37.735221
          ],
          [
            -122.408072,
            37.735291
          ],
          [
            -122.408062,
            37.735351
          ],
          [
            -122.408102,
            37.735411
          ],
          [
            -122.408192,
            37.735411
          ],
          [
            -122.408262,
            37.735351
          ],
          [
            -122.408342,
            37.735311
          ],
          [
            -122.408412,
            37.735301
          ],
          [
            -122.408402,
            37.735361
          ],
          [
            -122.408312,
            37.735421
          ],
          [
            -122.408242,
            37.735451
          ],
          [
            -122.408122,
            37.735481
          ],
          [
            -122.408032,
            37.735441
          ],
          [
            -122.408012,
            37.735371
          ],
          [
            -122.407992,
            37.735271
          ],
          [
            -122.407892,
            37.735261
          ],
          [
            -122.407762,
            37.735281
          ],
          [
            -122.407802,
            37.735351
          ],
          [
            -122.407802,
            37.735431
          ],
          [
            -122.407722,
            37.735471
          ],
          [
            -122.407702,
            37.735551
          ],
          [
            -122.407672,
            37.735631
          ],
          [
            -122.407612,
            37.735701
          ],
          [
            -122.407512,
            37.735661
          ],
          [
            -122.407412,
            37.735611
          ],
          [
            -122.407312,
            37.735611
          ],
          [
            -122.407292,
            37.735681
          ],
          [
            -122.407282,
            37.735761
          ],
          [
            -122.407242,
            37.735831
          ],
          [
            -122.407192,
            37.735891
          ],
          [
            -122.407132,
            37.735961
          ],
          [
            -122.407132,
            37.736041
          ],
          [
            -122.407082,
            37.736111
          ],
          [
            -122.406972,
            37.736181
          ],
          [
            -122.406882,
            37.736241
          ],
          [
            -122.406762,
            37.736321
          ],
          [
            -122.406682,
            37.736391
          ],
          [
            -122.406582,
            37.736461
          ],
          [
            -122.406482,
            37.736491
          ],
          [
            -122.406432,
            37.736551
          ],
          [
            -122.406422,
            37.736611
          ],
          [
            -122.406482,
            37.736641
          ],
          [
            -122.406452,
            37.736691
          ],
          [
            -122.406372,
            37.736791
          ],
          [
            -122.406332,
            37.736881
          ],
          [
            -122.406302,
            37.736961
          ],
          [
            -122.406192,
            37.737011
          ],
          [
            -122.406112,
            37.737101
          ],
          [
            -122.406062,
            37.737171
          ],
          [
            -122.405992,
            37.737201
          ],
          [
            -122.405932,
            37.737211
          ],
          [
            -122.405862,
            37.737231
          ],
          [
            -122.405812,
            37.737281
          ],
          [
            -122.405762,
            37.737341
          ],
          [
            -122.405682,
            37.737351
          ],
          [
            -122.405582,
            37.737331
          ],
          [
            -122.405482,
            37.737341
          ],
          [
            -122.405422,
            37.737371
          ],
          [
            -122.405342,
            37.737401
          ],
          [
            -122.405242,
            37.737421
          ],
          [
            -122.405182,
            37.737471
          ],
          [
            -122.405192,
            37.737571
          ],
          [
            -122.405212,
            37.737641
          ],
          [
            -122.405162,
            37.737701
          ],
          [
            -122.405152,
            37.737791
          ],
          [
            -122.405182,
            37.737851
          ],
          [
            -122.405142,
            37.737941
          ],
          [
            -122.405202,
            37.738031
          ],
          [
            -122.405222,
            37.738121
          ],
          [
            -122.405292,
            37.738141
          ],
          [
            -122.405322,
            37.738061
          ],
          [
            -122.405372,
            37.737971
          ],
          [
            -122.405402,
            37.737841
          ],
          [
            -122.405502,
            37.737801
          ],
          [
            -122.405582,
            37.737801
          ],
          [
            -122.405722,
            37.737751
          ],
          [
            -122.405872,
            37.737681
          ],
          [
            -122.405982,
            37.737631
          ],
          [
            -122.406062,
            37.737571
          ],
          [
            -122.406162,
            37.737481
          ],
          [
            -122.406282,
            37.737441
          ],
          [
            -122.406382,
            37.737381
          ],
          [
            -122.406442,
            37.737321
          ],
          [
            -122.406532,
            37.737271
          ],
          [
            -122.406572,
            37.737221
          ],
          [
            -122.406602,
            37.737171
          ],
          [
            -122.406622,
            37.737101
          ],
          [
            -122.406662,
            37.737051
          ],
          [
            -122.406692,
            37.736971
          ],
          [
            -122.406772,
            37.736941
          ],
          [
            -122.406792,
            37.737011
          ],
          [
            -122.406762,
            37.737081
          ],
          [
            -122.406722,
            37.737151
          ],
          [
            -122.406752,
            37.737191
          ],
          [
            -122.406812,
            37.737181
          ],
          [
            -122.406882,
            37.737221
          ],
          [
            -122.407032,
            37.737221
          ],
          [
            -122.407142,
            37.737281
          ],
          [
            -122.407202,
            37.737351
          ],
          [
            -122.407172,
            37.737441
          ],
          [
            -122.407162,
            37.737501
          ],
          [
            -122.407142,
            37.737551
          ],
          [
            -122.407092,
            37.737591
          ],
          [
            -122.407072,
            37.737661
          ],
          [
            -122.407112,
            37.737741
          ],
          [
            -122.407102,
            37.737821
          ],
          [
            -122.407072,
            37.737921
          ],
          [
            -122.407102,
            37.737981
          ],
          [
            -122.407182,
            37.737981
          ],
          [
            -122.407262,
            37.737981
          ],
          [
            -122.407302,
            37.737941
          ],
          [
            -122.407372,
            37.737941
          ],
          [
            -122.407462,
            37.737941
          ],
          [
            -122.407532,
            37.737921
          ],
          [
            -122.407562,
            37.737861
          ],
          [
            -122.407602,
            37.737771
          ],
          [
            -122.407612,
            37.737701
          ],
          [
            -122.407682,
            37.737621
          ],
          [
            -122.407632,
            37.737491
          ],
          [
            -122.407482,
            37.737311
          ],
          [
            -122.407452,
            37.737241
          ],
          [
            -122.407442,
            37.737191
          ],
          [
            -122.407442,
            37.737141
          ],
          [
            -122.407452,
            37.737081
          ],
          [
            -122.407532,
            37.737051
          ],
          [
            -122.407622,
            37.737011
          ],
          [
            -122.407732,
            37.737011
          ],
          [
            -122.407862,
            37.737021
          ],
          [
            -122.407982,
            37.737061
          ],
          [
            -122.408102,
            37.737051
          ],
          [
            -122.408202,
            37.737091
          ],
          [
            -122.408292,
            37.737091
          ],
          [
            -122.408372,
            37.737071
          ],
          [
            -122.408402,
            37.737021
          ],
          [
            -122.408392,
            37.736961
          ],
          [
            -122.408372,
            37.736901
          ],
          [
            -122.408372,
            37.736811
          ],
          [
            -122.408402,
            37.736721
          ],
          [
            -122.408382,
            37.736681
          ],
          [
            -122.408302,
            37.736611
          ],
          [
            -122.408222,
            37.736571
          ],
          [
            -122.408122,
            37.736501
          ],
          [
            -122.408062,
            37.736441
          ],
          [
            -122.408022,
            37.736401
          ],
          [
            -122.408002,
            37.736341
          ],
          [
            -122.408042,
            37.736241
          ],
          [
            -122.408092,
            37.736201
          ],
          [
            -122.408162,
            37.736191
          ],
          [
            -122.408232,
            37.736191
          ],
          [
            -122.408292,
            37.736201
          ],
          [
            -122.408412,
            37.736271
          ],
          [
            -122.408492,
            37.736331
          ],
          [
            -122.408552,
            37.736351
          ],
          [
            -122.408632,
            37.736351
          ],
          [
            -122.408702,
            37.736331
          ],
          [
            -122.408782,
            37.736291
          ],
          [
            -122.408832,
            37.736231
          ],
          [
            -122.408852,
            37.736151
          ],
          [
            -122.408892,
            37.736081
          ],
          [
            -122.408912,
            37.736001
          ],
          [
            -122.408952,
            37.735971
          ],
          [
            -122.409072,
            37.735931
          ],
          [
            -122.409182,
            37.735941
          ],
          [
            -122.409052,
            37.735991
          ],
          [
            -122.408962,
            37.736071
          ],
          [
            -122.408932,
            37.736201
          ],
          [
            -122.408872,
            37.736331
          ],
          [
            -122.408722,
            37.736431
          ],
          [
            -122.408632,
            37.736461
          ],
          [
            -122.408562,
            37.736451
          ],
          [
            -122.408482,
            37.736431
          ],
          [
            -122.408422,
            37.736401
          ],
          [
            -122.408362,
            37.736371
          ],
          [
            -122.408322,
            37.736331
          ],
          [
            -122.408262,
            37.736311
          ],
          [
            -122.408192,
            37.736311
          ],
          [
            -122.408172,
            37.736361
          ],
          [
            -122.408192,
            37.736421
          ],
          [
            -122.408332,
            37.736481
          ],
          [
            -122.408452,
            37.736551
          ],
          [
            -122.408512,
            37.736641
          ],
          [
            -122.408512,
            37.736711
          ],
          [
            -122.408512,
            37.736771
          ],
          [
            -122.408562,
            37.736881
          ],
          [
            -122.408592,
            37.736991
          ]
        ]
      }
    },
    {
      "type": "Feature",
      "properties": {
        "FEATURE_ID": 928094,
        "FEATURE": 26,
        "SOURCE_ID": "T00687",
        "DATA_SOURC": "P",
        "SRC_DATE": "18570101",
        "HOR_ACC": "0",
        "INFORM": "\u0000\u0000\u0000\u0000\u0000\u0000\u0000\u0000\u0000\u0000\u0000\u0000\u0000\u0000\u0000\u0000\u0000\u0000\u0000\u0000\u0000\u0000\u0000\u0000\u0000\u0000\u0000\u0000\u0000\u0000\u0000\u0000\u0000\u0000\u0000\u0000\u0000\u0000\u0000\u0000\u0000\u0000\u0000\u0000\u0000\u0000\u0000\u0000\u0000\u0000\u0000\u0000\u0000\u0000\u0000\u0000\u0000\u0000\u0000\u0000\u0000\u0000\u0000\u0000\u0000\u0000\u0000\u0000\u0000\u0000\u0000\u0000\u0000\u0000\u0000\u0000\u0000\u0000\u0000\u0000\u0000\u0000\u0000\u0000\u0000\u0000\u0000\u0000\u0000\u0000\u0000\u0000\u0000\u0000\u0000\u0000\u0000\u0000\u0000\u0000\u0000\u0000\u0000\u0000\u0000\u0000\u0000\u0000\u0000\u0000\u0000\u0000\u0000\u0000\u0000\u0000\u0000\u0000\u0000\u0000\u0000\u0000\u0000\u0000\u0000\u0000\u0000\u0000\u0000\u0000\u0000\u0000\u0000\u0000\u0000\u0000\u0000\u0000\u0000\u0000\u0000\u0000\u0000\u0000\u0000\u0000\u0000\u0000\u0000\u0000\u0000\u0000\u0000\u0000\u0000\u0000\u0000\u0000\u0000\u0000\u0000\u0000\u0000\u0000\u0000\u0000\u0000\u0000\u0000\u0000\u0000\u0000\u0000\u0000\u0000\u0000\u0000\u0000\u0000\u0000\u0000\u0000\u0000\u0000\u0000\u0000\u0000\u0000\u0000\u0000\u0000\u0000\u0000\u0000\u0000\u0000\u0000\u0000\u0000\u0000\u0000\u0000\u0000\u0000\u0000\u0000\u0000\u0000\u0000\u0000\u0000\u0000\u0000\u0000\u0000\u0000\u0000\u0000\u0000\u0000\u0000\u0000\u0000\u0000\u0000\u0000\u0000\u0000\u0000\u0000\u0000\u0000\u0000\u0000\u0000\u0000\u0000\u0000\u0000\u0000\u0000\u0000\u0000\u0000\u0000\u0000\u0000\u0000\u0000\u0000\u0000\u0000\u0000\u0000",
        "RESOLUTION": 0,
        "ATTRIBUTE": "Undetermined.Approximate",
        "CLASS": "SHORELINE",
        "F_CODE": null,
        "EX_METH": "M",
        "EXTRACT_TE": "P",
        "_selecter_format": "shapefile",
        "_selecter_sourcecrs": "EPSG:4269",
        "_selecter_source": "CA37B08 1857 SF",
        "_selecter_imported": "2026-08-03T23:06:12.543Z"
      },
      "geometry": {
        "type": "LineString",
        "coordinates": [
          [
            -122.405912,
            37.805729
          ],
          [
            -122.405842,
            37.805749
          ],
          [
            -122.405752,
            37.805749
          ],
          [
            -122.405672,
            37.805719
          ],
          [
            -122.405572,
            37.805639
          ],
          [
            -122.405542,
            37.805579
          ],
          [
            -122.405552,
            37.805509
          ],
          [
            -122.405652,
            37.805559
          ],
          [
            -122.405742,
            37.805589
          ],
          [
            -122.405872,
            37.805559
          ]
        ]
      }
    },
    {
      "type": "Feature",
      "properties": {
        "FEATURE_ID": 929065,
        "FEATURE": 26,
        "SOURCE_ID": "T00687",
        "DATA_SOURC": "P",
        "SRC_DATE": "18570101",
        "HOR_ACC": "0",
        "INFORM": "\u0000\u0000\u0000\u0000\u0000\u0000\u0000\u0000\u0000\u0000\u0000\u0000\u0000\u0000\u0000\u0000\u0000\u0000\u0000\u0000\u0000\u0000\u0000\u0000\u0000\u0000\u0000\u0000\u0000\u0000\u0000\u0000\u0000\u0000\u0000\u0000\u0000\u0000\u0000\u0000\u0000\u0000\u0000\u0000\u0000\u0000\u0000\u0000\u0000\u0000\u0000\u0000\u0000\u0000\u0000\u0000\u0000\u0000\u0000\u0000\u0000\u0000\u0000\u0000\u0000\u0000\u0000\u0000\u0000\u0000\u0000\u0000\u0000\u0000\u0000\u0000\u0000\u0000\u0000\u0000\u0000\u0000\u0000\u0000\u0000\u0000\u0000\u0000\u0000\u0000\u0000\u0000\u0000\u0000\u0000\u0000\u0000\u0000\u0000\u0000\u0000\u0000\u0000\u0000\u0000\u0000\u0000\u0000\u0000\u0000\u0000\u0000\u0000\u0000\u0000\u0000\u0000\u0000\u0000\u0000\u0000\u0000\u0000\u0000\u0000\u0000\u0000\u0000\u0000\u0000\u0000\u0000\u0000\u0000\u0000\u0000\u0000\u0000\u0000\u0000\u0000\u0000\u0000\u0000\u0000\u0000\u0000\u0000\u0000\u0000\u0000\u0000\u0000\u0000\u0000\u0000\u0000\u0000\u0000\u0000\u0000\u0000\u0000\u0000\u0000\u0000\u0000\u0000\u0000\u0000\u0000\u0000\u0000\u0000\u0000\u0000\u0000\u0000\u0000\u0000\u0000\u0000\u0000\u0000\u0000\u0000\u0000\u0000\u0000\u0000\u0000\u0000\u0000\u0000\u0000\u0000\u0000\u0000\u0000\u0000\u0000\u0000\u0000\u0000\u0000\u0000\u0000\u0000\u0000\u0000\u0000\u0000\u0000\u0000\u0000\u0000\u0000\u0000\u0000\u0000\u0000\u0000\u0000\u0000\u0000\u0000\u0000\u0000\u0000\u0000\u0000\u0000\u0000\u0000\u0000\u0000\u0000\u0000\u0000\u0000\u0000\u0000\u0000\u0000\u0000\u0000\u0000\u0000\u0000\u0000\u0000\u0000\u0000\u0000",
        "RESOLUTION": 0,
        "ATTRIBUTE": "Undetermined.Approximate",
        "CLASS": "SHORELINE",
        "F_CODE": null,
        "EX_METH": "M",
        "EXTRACT_TE": "P",
        "_selecter_format": "shapefile",
        "_selecter_sourcecrs": "EPSG:4269",
        "_selecter_source": "CA37B08 1857 SF",
        "_selecter_imported": "2026-08-03T23:06:12.543Z"
      },
      "geometry": {
        "type": "LineString",
        "coordinates": [
          [
            -122.398432,
            37.74575
          ],
          [
            -122.398572,
            37.7457
          ]
        ]
      }
    },
    {
      "type": "Feature",
      "properties": {
        "FEATURE_ID": 929067,
        "FEATURE": 26,
        "SOURCE_ID": "T00687",
        "DATA_SOURC": "P",
        "SRC_DATE": "18570101",
        "HOR_ACC": "0",
        "INFORM": "\u0000\u0000\u0000\u0000\u0000\u0000\u0000\u0000\u0000\u0000\u0000\u0000\u0000\u0000\u0000\u0000\u0000\u0000\u0000\u0000\u0000\u0000\u0000\u0000\u0000\u0000\u0000\u0000\u0000\u0000\u0000\u0000\u0000\u0000\u0000\u0000\u0000\u0000\u0000\u0000\u0000\u0000\u0000\u0000\u0000\u0000\u0000\u0000\u0000\u0000\u0000\u0000\u0000\u0000\u0000\u0000\u0000\u0000\u0000\u0000\u0000\u0000\u0000\u0000\u0000\u0000\u0000\u0000\u0000\u0000\u0000\u0000\u0000\u0000\u0000\u0000\u0000\u0000\u0000\u0000\u0000\u0000\u0000\u0000\u0000\u0000\u0000\u0000\u0000\u0000\u0000\u0000\u0000\u0000\u0000\u0000\u0000\u0000\u0000\u0000\u0000\u0000\u0000\u0000\u0000\u0000\u0000\u0000\u0000\u0000\u0000\u0000\u0000\u0000\u0000\u0000\u0000\u0000\u0000\u0000\u0000\u0000\u0000\u0000\u0000\u0000\u0000\u0000\u0000\u0000\u0000\u0000\u0000\u0000\u0000\u0000\u0000\u0000\u0000\u0000\u0000\u0000\u0000\u0000\u0000\u0000\u0000\u0000\u0000\u0000\u0000\u0000\u0000\u0000\u0000\u0000\u0000\u0000\u0000\u0000\u0000\u0000\u0000\u0000\u0000\u0000\u0000\u0000\u0000\u0000\u0000\u0000\u0000\u0000\u0000\u0000\u0000\u0000\u0000\u0000\u0000\u0000\u0000\u0000\u0000\u0000\u0000\u0000\u0000\u0000\u0000\u0000\u0000\u0000\u0000\u0000\u0000\u0000\u0000\u0000\u0000\u0000\u0000\u0000\u0000\u0000\u0000\u0000\u0000\u0000\u0000\u0000\u0000\u0000\u0000\u0000\u0000\u0000\u0000\u0000\u0000\u0000\u0000\u0000\u0000\u0000\u0000\u0000\u0000\u0000\u0000\u0000\u0000\u0000\u0000\u0000\u0000\u0000\u0000\u0000\u0000\u0000\u0000\u0000\u0000\u0000\u0000\u0000\u0000\u0000\u0000\u0000\u0000\u0000",
        "RESOLUTION": 0,
        "ATTRIBUTE": "Undetermined.Approximate",
        "CLASS": "SHORELINE",
        "F_CODE": null,
        "EX_METH": "M",
        "EXTRACT_TE": "P",
        "_selecter_format": "shapefile",
        "_selecter_sourcecrs": "EPSG:4269",
        "_selecter_source": "CA37B08 1857 SF",
        "_selecter_imported": "2026-08-03T23:06:12.543Z"
      },
      "geometry": {
        "type": "LineString",
        "coordinates": [
          [
            -122.398302,
            37.74378
          ],
          [
            -122.398232,
            37.74373
          ],
          [
            -122.398202,
            37.74368
          ],
          [
            -122.398132,
            37.7436
          ],
          [
            -122.398082,
            37.74355
          ]
        ]
      }
    },
    {
      "type": "Feature",
      "properties": {
        "FEATURE_ID": 929072,
        "FEATURE": 26,
        "SOURCE_ID": "T00687",
        "DATA_SOURC": "P",
        "SRC_DATE": "18570101",
        "HOR_ACC": "0",
        "INFORM": "\u0000\u0000\u0000\u0000\u0000\u0000\u0000\u0000\u0000\u0000\u0000\u0000\u0000\u0000\u0000\u0000\u0000\u0000\u0000\u0000\u0000\u0000\u0000\u0000\u0000\u0000\u0000\u0000\u0000\u0000\u0000\u0000\u0000\u0000\u0000\u0000\u0000\u0000\u0000\u0000\u0000\u0000\u0000\u0000\u0000\u0000\u0000\u0000\u0000\u0000\u0000\u0000\u0000\u0000\u0000\u0000\u0000\u0000\u0000\u0000\u0000\u0000\u0000\u0000\u0000\u0000\u0000\u0000\u0000\u0000\u0000\u0000\u0000\u0000\u0000\u0000\u0000\u0000\u0000\u0000\u0000\u0000\u0000\u0000\u0000\u0000\u0000\u0000\u0000\u0000\u0000\u0000\u0000\u0000\u0000\u0000\u0000\u0000\u0000\u0000\u0000\u0000\u0000\u0000\u0000\u0000\u0000\u0000\u0000\u0000\u0000\u0000\u0000\u0000\u0000\u0000\u0000\u0000\u0000\u0000\u0000\u0000\u0000\u0000\u0000\u0000\u0000\u0000\u0000\u0000\u0000\u0000\u0000\u0000\u0000\u0000\u0000\u0000\u0000\u0000\u0000\u0000\u0000\u0000\u0000\u0000\u0000\u0000\u0000\u0000\u0000\u0000\u0000\u0000\u0000\u0000\u0000\u0000\u0000\u0000\u0000\u0000\u0000\u0000\u0000\u0000\u0000\u0000\u0000\u0000\u0000\u0000\u0000\u0000\u0000\u0000\u0000\u0000\u0000\u0000\u0000\u0000\u0000\u0000\u0000\u0000\u0000\u0000\u0000\u0000\u0000\u0000\u0000\u0000\u0000\u0000\u0000\u0000\u0000\u0000\u0000\u0000\u0000\u0000\u0000\u0000\u0000\u0000\u0000\u0000\u0000\u0000\u0000\u0000\u0000\u0000\u0000\u0000\u0000\u0000\u0000\u0000\u0000\u0000\u0000\u0000\u0000\u0000\u0000\u0000\u0000\u0000\u0000\u0000\u0000\u0000\u0000\u0000\u0000\u0000\u0000\u0000\u0000\u0000\u0000\u0000\u0000\u0000\u0000\u0000\u0000\u0000\u0000\u0000",
        "RESOLUTION": 0,
        "ATTRIBUTE": "Undetermined.Approximate",
        "CLASS": "SHORELINE",
        "F_CODE": null,
        "EX_METH": "M",
        "EXTRACT_TE": "P",
        "_selecter_format": "shapefile",
        "_selecter_sourcecrs": "EPSG:4269",
        "_selecter_source": "CA37B08 1857 SF",
        "_selecter_imported": "2026-08-03T23:06:12.543Z"
      },
      "geometry": {
        "type": "LineString",
        "coordinates": [
          [
            -122.399942,
            37.741081
          ],
          [
            -122.399892,
            37.741161
          ],
          [
            -122.399802,
            37.741191
          ],
          [
            -122.399692,
            37.741231
          ],
          [
            -122.399622,
            37.741221
          ]
        ]
      }
    },
    {
      "type": "Feature",
      "properties": {
        "FEATURE_ID": 929074,
        "FEATURE": 26,
        "SOURCE_ID": "T00687",
        "DATA_SOURC": "P",
        "SRC_DATE": "18570101",
        "HOR_ACC": "0",
        "INFORM": "\u0000\u0000\u0000\u0000\u0000\u0000\u0000\u0000\u0000\u0000\u0000\u0000\u0000\u0000\u0000\u0000\u0000\u0000\u0000\u0000\u0000\u0000\u0000\u0000\u0000\u0000\u0000\u0000\u0000\u0000\u0000\u0000\u0000\u0000\u0000\u0000\u0000\u0000\u0000\u0000\u0000\u0000\u0000\u0000\u0000\u0000\u0000\u0000\u0000\u0000\u0000\u0000\u0000\u0000\u0000\u0000\u0000\u0000\u0000\u0000\u0000\u0000\u0000\u0000\u0000\u0000\u0000\u0000\u0000\u0000\u0000\u0000\u0000\u0000\u0000\u0000\u0000\u0000\u0000\u0000\u0000\u0000\u0000\u0000\u0000\u0000\u0000\u0000\u0000\u0000\u0000\u0000\u0000\u0000\u0000\u0000\u0000\u0000\u0000\u0000\u0000\u0000\u0000\u0000\u0000\u0000\u0000\u0000\u0000\u0000\u0000\u0000\u0000\u0000\u0000\u0000\u0000\u0000\u0000\u0000\u0000\u0000\u0000\u0000\u0000\u0000\u0000\u0000\u0000\u0000\u0000\u0000\u0000\u0000\u0000\u0000\u0000\u0000\u0000\u0000\u0000\u0000\u0000\u0000\u0000\u0000\u0000\u0000\u0000\u0000\u0000\u0000\u0000\u0000\u0000\u0000\u0000\u0000\u0000\u0000\u0000\u0000\u0000\u0000\u0000\u0000\u0000\u0000\u0000\u0000\u0000\u0000\u0000\u0000\u0000\u0000\u0000\u0000\u0000\u0000\u0000\u0000\u0000\u0000\u0000\u0000\u0000\u0000\u0000\u0000\u0000\u0000\u0000\u0000\u0000\u0000\u0000\u0000\u0000\u0000\u0000\u0000\u0000\u0000\u0000\u0000\u0000\u0000\u0000\u0000\u0000\u0000\u0000\u0000\u0000\u0000\u0000\u0000\u0000\u0000\u0000\u0000\u0000\u0000\u0000\u0000\u0000\u0000\u0000\u0000\u0000\u0000\u0000\u0000\u0000\u0000\u0000\u0000\u0000\u0000\u0000\u0000\u0000\u0000\u0000\u0000\u0000\u0000\u0000\u0000\u0000\u0000\u0000\u0000",
        "RESOLUTION": 0,
        "ATTRIBUTE": "Undetermined.Approximate",
        "CLASS": "SHORELINE",
        "F_CODE": null,
        "EX_METH": "M",
        "EXTRACT_TE": "P",
        "_selecter_format": "shapefile",
        "_selecter_sourcecrs": "EPSG:4269",
        "_selecter_source": "CA37B08 1857 SF",
        "_selecter_imported": "2026-08-03T23:06:12.543Z"
      },
      "geometry": {
        "type": "LineString",
        "coordinates": [
          [
            -122.403552,
            37.741431
          ],
          [
            -122.403712,
            37.741421
          ]
        ]
      }
    },
    {
      "type": "Feature",
      "properties": {
        "FEATURE_ID": 929076,
        "FEATURE": 26,
        "SOURCE_ID": "T00687",
        "DATA_SOURC": "P",
        "SRC_DATE": "18570101",
        "HOR_ACC": "0",
        "INFORM": "\u0000\u0000\u0000\u0000\u0000\u0000\u0000\u0000\u0000\u0000\u0000\u0000\u0000\u0000\u0000\u0000\u0000\u0000\u0000\u0000\u0000\u0000\u0000\u0000\u0000\u0000\u0000\u0000\u0000\u0000\u0000\u0000\u0000\u0000\u0000\u0000\u0000\u0000\u0000\u0000\u0000\u0000\u0000\u0000\u0000\u0000\u0000\u0000\u0000\u0000\u0000\u0000\u0000\u0000\u0000\u0000\u0000\u0000\u0000\u0000\u0000\u0000\u0000\u0000\u0000\u0000\u0000\u0000\u0000\u0000\u0000\u0000\u0000\u0000\u0000\u0000\u0000\u0000\u0000\u0000\u0000\u0000\u0000\u0000\u0000\u0000\u0000\u0000\u0000\u0000\u0000\u0000\u0000\u0000\u0000\u0000\u0000\u0000\u0000\u0000\u0000\u0000\u0000\u0000\u0000\u0000\u0000\u0000\u0000\u0000\u0000\u0000\u0000\u0000\u0000\u0000\u0000\u0000\u0000\u0000\u0000\u0000\u0000\u0000\u0000\u0000\u0000\u0000\u0000\u0000\u0000\u0000\u0000\u0000\u0000\u0000\u0000\u0000\u0000\u0000\u0000\u0000\u0000\u0000\u0000\u0000\u0000\u0000\u0000\u0000\u0000\u0000\u0000\u0000\u0000\u0000\u0000\u0000\u0000\u0000\u0000\u0000\u0000\u0000\u0000\u0000\u0000\u0000\u0000\u0000\u0000\u0000\u0000\u0000\u0000\u0000\u0000\u0000\u0000\u0000\u0000\u0000\u0000\u0000\u0000\u0000\u0000\u0000\u0000\u0000\u0000\u0000\u0000\u0000\u0000\u0000\u0000\u0000\u0000\u0000\u0000\u0000\u0000\u0000\u0000\u0000\u0000\u0000\u0000\u0000\u0000\u0000\u0000\u0000\u0000\u0000\u0000\u0000\u0000\u0000\u0000\u0000\u0000\u0000\u0000\u0000\u0000\u0000\u0000\u0000\u0000\u0000\u0000\u0000\u0000\u0000\u0000\u0000\u0000\u0000\u0000\u0000\u0000\u0000\u0000\u0000\u0000\u0000\u0000\u0000\u0000\u0000\u0000\u0000",
        "RESOLUTION": 0,
        "ATTRIBUTE": "Undetermined.Approximate",
        "CLASS": "SHORELINE",
        "F_CODE": null,
        "EX_METH": "M",
        "EXTRACT_TE": "P",
        "_selecter_format": "shapefile",
        "_selecter_sourcecrs": "EPSG:4269",
        "_selecter_source": "CA37B08 1857 SF",
        "_selecter_imported": "2026-08-03T23:06:12.543Z"
      },
      "geometry": {
        "type": "LineString",
        "coordinates": [
          [
            -122.403772,
            37.741561
          ],
          [
            -122.403632,
            37.741571
          ]
        ]
      }
    },
    {
      "type": "Feature",
      "properties": {
        "FEATURE_ID": 928742,
        "FEATURE": 26,
        "SOURCE_ID": "T00687",
        "DATA_SOURC": "P",
        "SRC_DATE": "18570101",
        "HOR_ACC": "0",
        "INFORM": "\u0000\u0000\u0000\u0000\u0000\u0000\u0000\u0000\u0000\u0000\u0000\u0000\u0000\u0000\u0000\u0000\u0000\u0000\u0000\u0000\u0000\u0000\u0000\u0000\u0000\u0000\u0000\u0000\u0000\u0000\u0000\u0000\u0000\u0000\u0000\u0000\u0000\u0000\u0000\u0000\u0000\u0000\u0000\u0000\u0000\u0000\u0000\u0000\u0000\u0000\u0000\u0000\u0000\u0000\u0000\u0000\u0000\u0000\u0000\u0000\u0000\u0000\u0000\u0000\u0000\u0000\u0000\u0000\u0000\u0000\u0000\u0000\u0000\u0000\u0000\u0000\u0000\u0000\u0000\u0000\u0000\u0000\u0000\u0000\u0000\u0000\u0000\u0000\u0000\u0000\u0000\u0000\u0000\u0000\u0000\u0000\u0000\u0000\u0000\u0000\u0000\u0000\u0000\u0000\u0000\u0000\u0000\u0000\u0000\u0000\u0000\u0000\u0000\u0000\u0000\u0000\u0000\u0000\u0000\u0000\u0000\u0000\u0000\u0000\u0000\u0000\u0000\u0000\u0000\u0000\u0000\u0000\u0000\u0000\u0000\u0000\u0000\u0000\u0000\u0000\u0000\u0000\u0000\u0000\u0000\u0000\u0000\u0000\u0000\u0000\u0000\u0000\u0000\u0000\u0000\u0000\u0000\u0000\u0000\u0000\u0000\u0000\u0000\u0000\u0000\u0000\u0000\u0000\u0000\u0000\u0000\u0000\u0000\u0000\u0000\u0000\u0000\u0000\u0000\u0000\u0000\u0000\u0000\u0000\u0000\u0000\u0000\u0000\u0000\u0000\u0000\u0000\u0000\u0000\u0000\u0000\u0000\u0000\u0000\u0000\u0000\u0000\u0000\u0000\u0000\u0000\u0000\u0000\u0000\u0000\u0000\u0000\u0000\u0000\u0000\u0000\u0000\u0000\u0000\u0000\u0000\u0000\u0000\u0000\u0000\u0000\u0000\u0000\u0000\u0000\u0000\u0000\u0000\u0000\u0000\u0000\u0000\u0000\u0000\u0000\u0000\u0000\u0000\u0000\u0000\u0000\u0000\u0000\u0000\u0000\u0000\u0000\u0000\u0000",
        "RESOLUTION": 0,
        "ATTRIBUTE": "Undetermined.Approximate",
        "CLASS": "SHORELINE",
        "F_CODE": null,
        "EX_METH": "M",
        "EXTRACT_TE": "P",
        "_selecter_format": "shapefile",
        "_selecter_sourcecrs": "EPSG:4269",
        "_selecter_source": "CA37B08 1857 SF",
        "_selecter_imported": "2026-08-03T23:06:12.543Z"
      },
      "geometry": {
        "type": "LineString",
        "coordinates": [
          [
            -122.388972,
            37.76342
          ],
          [
            -122.388952,
            37.76326
          ]
        ]
      }
    },
    {
      "type": "Feature",
      "properties": {
        "FEATURE_ID": 928744,
        "FEATURE": 26,
        "SOURCE_ID": "T00687",
        "DATA_SOURC": "P",
        "SRC_DATE": "18570101",
        "HOR_ACC": "0",
        "INFORM": "\u0000\u0000\u0000\u0000\u0000\u0000\u0000\u0000\u0000\u0000\u0000\u0000\u0000\u0000\u0000\u0000\u0000\u0000\u0000\u0000\u0000\u0000\u0000\u0000\u0000\u0000\u0000\u0000\u0000\u0000\u0000\u0000\u0000\u0000\u0000\u0000\u0000\u0000\u0000\u0000\u0000\u0000\u0000\u0000\u0000\u0000\u0000\u0000\u0000\u0000\u0000\u0000\u0000\u0000\u0000\u0000\u0000\u0000\u0000\u0000\u0000\u0000\u0000\u0000\u0000\u0000\u0000\u0000\u0000\u0000\u0000\u0000\u0000\u0000\u0000\u0000\u0000\u0000\u0000\u0000\u0000\u0000\u0000\u0000\u0000\u0000\u0000\u0000\u0000\u0000\u0000\u0000\u0000\u0000\u0000\u0000\u0000\u0000\u0000\u0000\u0000\u0000\u0000\u0000\u0000\u0000\u0000\u0000\u0000\u0000\u0000\u0000\u0000\u0000\u0000\u0000\u0000\u0000\u0000\u0000\u0000\u0000\u0000\u0000\u0000\u0000\u0000\u0000\u0000\u0000\u0000\u0000\u0000\u0000\u0000\u0000\u0000\u0000\u0000\u0000\u0000\u0000\u0000\u0000\u0000\u0000\u0000\u0000\u0000\u0000\u0000\u0000\u0000\u0000\u0000\u0000\u0000\u0000\u0000\u0000\u0000\u0000\u0000\u0000\u0000\u0000\u0000\u0000\u0000\u0000\u0000\u0000\u0000\u0000\u0000\u0000\u0000\u0000\u0000\u0000\u0000\u0000\u0000\u0000\u0000\u0000\u0000\u0000\u0000\u0000\u0000\u0000\u0000\u0000\u0000\u0000\u0000\u0000\u0000\u0000\u0000\u0000\u0000\u0000\u0000\u0000\u0000\u0000\u0000\u0000\u0000\u0000\u0000\u0000\u0000\u0000\u0000\u0000\u0000\u0000\u0000\u0000\u0000\u0000\u0000\u0000\u0000\u0000\u0000\u0000\u0000\u0000\u0000\u0000\u0000\u0000\u0000\u0000\u0000\u0000\u0000\u0000\u0000\u0000\u0000\u0000\u0000\u0000\u0000\u0000\u0000\u0000\u0000\u0000",
        "RESOLUTION": 0,
        "ATTRIBUTE": "Undetermined.Approximate",
        "CLASS": "SHORELINE",
        "F_CODE": null,
        "EX_METH": "M",
        "EXTRACT_TE": "P",
        "_selecter_format": "shapefile",
        "_selecter_sourcecrs": "EPSG:4269",
        "_selecter_source": "CA37B08 1857 SF",
        "_selecter_imported": "2026-08-03T23:06:12.543Z"
      },
      "geometry": {
        "type": "LineString",
        "coordinates": [
          [
            -122.388952,
            37.76308
          ],
          [
            -122.388972,
            37.76267
          ]
        ]
      }
    },
    {
      "type": "Feature",
      "properties": {
        "FEATURE_ID": 928749,
        "FEATURE": 26,
        "SOURCE_ID": "T00687",
        "DATA_SOURC": "P",
        "SRC_DATE": "18570101",
        "HOR_ACC": "0",
        "INFORM": "\u0000\u0000\u0000\u0000\u0000\u0000\u0000\u0000\u0000\u0000\u0000\u0000\u0000\u0000\u0000\u0000\u0000\u0000\u0000\u0000\u0000\u0000\u0000\u0000\u0000\u0000\u0000\u0000\u0000\u0000\u0000\u0000\u0000\u0000\u0000\u0000\u0000\u0000\u0000\u0000\u0000\u0000\u0000\u0000\u0000\u0000\u0000\u0000\u0000\u0000\u0000\u0000\u0000\u0000\u0000\u0000\u0000\u0000\u0000\u0000\u0000\u0000\u0000\u0000\u0000\u0000\u0000\u0000\u0000\u0000\u0000\u0000\u0000\u0000\u0000\u0000\u0000\u0000\u0000\u0000\u0000\u0000\u0000\u0000\u0000\u0000\u0000\u0000\u0000\u0000\u0000\u0000\u0000\u0000\u0000\u0000\u0000\u0000\u0000\u0000\u0000\u0000\u0000\u0000\u0000\u0000\u0000\u0000\u0000\u0000\u0000\u0000\u0000\u0000\u0000\u0000\u0000\u0000\u0000\u0000\u0000\u0000\u0000\u0000\u0000\u0000\u0000\u0000\u0000\u0000\u0000\u0000\u0000\u0000\u0000\u0000\u0000\u0000\u0000\u0000\u0000\u0000\u0000\u0000\u0000\u0000\u0000\u0000\u0000\u0000\u0000\u0000\u0000\u0000\u0000\u0000\u0000\u0000\u0000\u0000\u0000\u0000\u0000\u0000\u0000\u0000\u0000\u0000\u0000\u0000\u0000\u0000\u0000\u0000\u0000\u0000\u0000\u0000\u0000\u0000\u0000\u0000\u0000\u0000\u0000\u0000\u0000\u0000\u0000\u0000\u0000\u0000\u0000\u0000\u0000\u0000\u0000\u0000\u0000\u0000\u0000\u0000\u0000\u0000\u0000\u0000\u0000\u0000\u0000\u0000\u0000\u0000\u0000\u0000\u0000\u0000\u0000\u0000\u0000\u0000\u0000\u0000\u0000\u0000\u0000\u0000\u0000\u0000\u0000\u0000\u0000\u0000\u0000\u0000\u0000\u0000\u0000\u0000\u0000\u0000\u0000\u0000\u0000\u0000\u0000\u0000\u0000\u0000\u0000\u0000\u0000\u0000\u0000\u0000",
        "RESOLUTION": 0,
        "ATTRIBUTE": "Undetermined.Approximate",
        "CLASS": "SHORELINE",
        "F_CODE": null,
        "EX_METH": "M",
        "EXTRACT_TE": "P",
        "_selecter_format": "shapefile",
        "_selecter_sourcecrs": "EPSG:4269",
        "_selecter_source": "CA37B08 1857 SF",
        "_selecter_imported": "2026-08-03T23:06:12.543Z"
      },
      "geometry": {
        "type": "LineString",
        "coordinates": [
          [
            -122.388042,
            37.75594
          ],
          [
            -122.388092,
            37.75587
          ]
        ]
      }
    },
    {
      "type": "Feature",
      "properties": {
        "FEATURE_ID": 928761,
        "FEATURE": 26,
        "SOURCE_ID": "T00687",
        "DATA_SOURC": "P",
        "SRC_DATE": "18570101",
        "HOR_ACC": "0",
        "INFORM": "\u0000\u0000\u0000\u0000\u0000\u0000\u0000\u0000\u0000\u0000\u0000\u0000\u0000\u0000\u0000\u0000\u0000\u0000\u0000\u0000\u0000\u0000\u0000\u0000\u0000\u0000\u0000\u0000\u0000\u0000\u0000\u0000\u0000\u0000\u0000\u0000\u0000\u0000\u0000\u0000\u0000\u0000\u0000\u0000\u0000\u0000\u0000\u0000\u0000\u0000\u0000\u0000\u0000\u0000\u0000\u0000\u0000\u0000\u0000\u0000\u0000\u0000\u0000\u0000\u0000\u0000\u0000\u0000\u0000\u0000\u0000\u0000\u0000\u0000\u0000\u0000\u0000\u0000\u0000\u0000\u0000\u0000\u0000\u0000\u0000\u0000\u0000\u0000\u0000\u0000\u0000\u0000\u0000\u0000\u0000\u0000\u0000\u0000\u0000\u0000\u0000\u0000\u0000\u0000\u0000\u0000\u0000\u0000\u0000\u0000\u0000\u0000\u0000\u0000\u0000\u0000\u0000\u0000\u0000\u0000\u0000\u0000\u0000\u0000\u0000\u0000\u0000\u0000\u0000\u0000\u0000\u0000\u0000\u0000\u0000\u0000\u0000\u0000\u0000\u0000\u0000\u0000\u0000\u0000\u0000\u0000\u0000\u0000\u0000\u0000\u0000\u0000\u0000\u0000\u0000\u0000\u0000\u0000\u0000\u0000\u0000\u0000\u0000\u0000\u0000\u0000\u0000\u0000\u0000\u0000\u0000\u0000\u0000\u0000\u0000\u0000\u0000\u0000\u0000\u0000\u0000\u0000\u0000\u0000\u0000\u0000\u0000\u0000\u0000\u0000\u0000\u0000\u0000\u0000\u0000\u0000\u0000\u0000\u0000\u0000\u0000\u0000\u0000\u0000\u0000\u0000\u0000\u0000\u0000\u0000\u0000\u0000\u0000\u0000\u0000\u0000\u0000\u0000\u0000\u0000\u0000\u0000\u0000\u0000\u0000\u0000\u0000\u0000\u0000\u0000\u0000\u0000\u0000\u0000\u0000\u0000\u0000\u0000\u0000\u0000\u0000\u0000\u0000\u0000\u0000\u0000\u0000\u0000\u0000\u0000\u0000\u0000\u0000\u0000",
        "RESOLUTION": 0,
        "ATTRIBUTE": "Undetermined.Approximate",
        "CLASS": "SHORELINE",
        "F_CODE": null,
        "EX_METH": "M",
        "EXTRACT_TE": "P",
        "_selecter_format": "shapefile",
        "_selecter_sourcecrs": "EPSG:4269",
        "_selecter_source": "CA37B08 1857 SF",
        "_selecter_imported": "2026-08-03T23:06:12.543Z"
      },
      "geometry": {
        "type": "LineString",
        "coordinates": [
          [
            -122.401302,
            37.76737
          ],
          [
            -122.401142,
            37.76748
          ]
        ]
      }
    },
    {
      "type": "Feature",
      "properties": {
        "FEATURE_ID": 928413,
        "FEATURE": 26,
        "SOURCE_ID": "T00687",
        "DATA_SOURC": "P",
        "SRC_DATE": "18570101",
        "HOR_ACC": "0",
        "INFORM": "\u0000\u0000\u0000\u0000\u0000\u0000\u0000\u0000\u0000\u0000\u0000\u0000\u0000\u0000\u0000\u0000\u0000\u0000\u0000\u0000\u0000\u0000\u0000\u0000\u0000\u0000\u0000\u0000\u0000\u0000\u0000\u0000\u0000\u0000\u0000\u0000\u0000\u0000\u0000\u0000\u0000\u0000\u0000\u0000\u0000\u0000\u0000\u0000\u0000\u0000\u0000\u0000\u0000\u0000\u0000\u0000\u0000\u0000\u0000\u0000\u0000\u0000\u0000\u0000\u0000\u0000\u0000\u0000\u0000\u0000\u0000\u0000\u0000\u0000\u0000\u0000\u0000\u0000\u0000\u0000\u0000\u0000\u0000\u0000\u0000\u0000\u0000\u0000\u0000\u0000\u0000\u0000\u0000\u0000\u0000\u0000\u0000\u0000\u0000\u0000\u0000\u0000\u0000\u0000\u0000\u0000\u0000\u0000\u0000\u0000\u0000\u0000\u0000\u0000\u0000\u0000\u0000\u0000\u0000\u0000\u0000\u0000\u0000\u0000\u0000\u0000\u0000\u0000\u0000\u0000\u0000\u0000\u0000\u0000\u0000\u0000\u0000\u0000\u0000\u0000\u0000\u0000\u0000\u0000\u0000\u0000\u0000\u0000\u0000\u0000\u0000\u0000\u0000\u0000\u0000\u0000\u0000\u0000\u0000\u0000\u0000\u0000\u0000\u0000\u0000\u0000\u0000\u0000\u0000\u0000\u0000\u0000\u0000\u0000\u0000\u0000\u0000\u0000\u0000\u0000\u0000\u0000\u0000\u0000\u0000\u0000\u0000\u0000\u0000\u0000\u0000\u0000\u0000\u0000\u0000\u0000\u0000\u0000\u0000\u0000\u0000\u0000\u0000\u0000\u0000\u0000\u0000\u0000\u0000\u0000\u0000\u0000\u0000\u0000\u0000\u0000\u0000\u0000\u0000\u0000\u0000\u0000\u0000\u0000\u0000\u0000\u0000\u0000\u0000\u0000\u0000\u0000\u0000\u0000\u0000\u0000\u0000\u0000\u0000\u0000\u0000\u0000\u0000\u0000\u0000\u0000\u0000\u0000\u0000\u0000\u0000\u0000\u0000\u0000",
        "RESOLUTION": 0,
        "ATTRIBUTE": "Undetermined.Approximate",
        "CLASS": "SHORELINE",
        "F_CODE": null,
        "EX_METH": "M",
        "EXTRACT_TE": "P",
        "_selecter_format": "shapefile",
        "_selecter_sourcecrs": "EPSG:4269",
        "_selecter_source": "CA37B08 1857 SF",
        "_selecter_imported": "2026-08-03T23:06:12.543Z"
      },
      "geometry": {
        "type": "LineString",
        "coordinates": [
          [
            -122.395152,
            37.796329
          ],
          [
            -122.394672,
            37.795959
          ]
        ]
      }
    },
    {
      "type": "Feature",
      "properties": {
        "FEATURE_ID": 928417,
        "FEATURE": 26,
        "SOURCE_ID": "T00687",
        "DATA_SOURC": "P",
        "SRC_DATE": "18570101",
        "HOR_ACC": "0",
        "INFORM": "\u0000\u0000\u0000\u0000\u0000\u0000\u0000\u0000\u0000\u0000\u0000\u0000\u0000\u0000\u0000\u0000\u0000\u0000\u0000\u0000\u0000\u0000\u0000\u0000\u0000\u0000\u0000\u0000\u0000\u0000\u0000\u0000\u0000\u0000\u0000\u0000\u0000\u0000\u0000\u0000\u0000\u0000\u0000\u0000\u0000\u0000\u0000\u0000\u0000\u0000\u0000\u0000\u0000\u0000\u0000\u0000\u0000\u0000\u0000\u0000\u0000\u0000\u0000\u0000\u0000\u0000\u0000\u0000\u0000\u0000\u0000\u0000\u0000\u0000\u0000\u0000\u0000\u0000\u0000\u0000\u0000\u0000\u0000\u0000\u0000\u0000\u0000\u0000\u0000\u0000\u0000\u0000\u0000\u0000\u0000\u0000\u0000\u0000\u0000\u0000\u0000\u0000\u0000\u0000\u0000\u0000\u0000\u0000\u0000\u0000\u0000\u0000\u0000\u0000\u0000\u0000\u0000\u0000\u0000\u0000\u0000\u0000\u0000\u0000\u0000\u0000\u0000\u0000\u0000\u0000\u0000\u0000\u0000\u0000\u0000\u0000\u0000\u0000\u0000\u0000\u0000\u0000\u0000\u0000\u0000\u0000\u0000\u0000\u0000\u0000\u0000\u0000\u0000\u0000\u0000\u0000\u0000\u0000\u0000\u0000\u0000\u0000\u0000\u0000\u0000\u0000\u0000\u0000\u0000\u0000\u0000\u0000\u0000\u0000\u0000\u0000\u0000\u0000\u0000\u0000\u0000\u0000\u0000\u0000\u0000\u0000\u0000\u0000\u0000\u0000\u0000\u0000\u0000\u0000\u0000\u0000\u0000\u0000\u0000\u0000\u0000\u0000\u0000\u0000\u0000\u0000\u0000\u0000\u0000\u0000\u0000\u0000\u0000\u0000\u0000\u0000\u0000\u0000\u0000\u0000\u0000\u0000\u0000\u0000\u0000\u0000\u0000\u0000\u0000\u0000\u0000\u0000\u0000\u0000\u0000\u0000\u0000\u0000\u0000\u0000\u0000\u0000\u0000\u0000\u0000\u0000\u0000\u0000\u0000\u0000\u0000\u0000\u0000\u0000",
        "RESOLUTION": 0,
        "ATTRIBUTE": "Undetermined.Approximate",
        "CLASS": "SHORELINE",
        "F_CODE": null,
        "EX_METH": "M",
        "EXTRACT_TE": "P",
        "_selecter_format": "shapefile",
        "_selecter_sourcecrs": "EPSG:4269",
        "_selecter_source": "CA37B08 1857 SF",
        "_selecter_imported": "2026-08-03T23:06:12.543Z"
      },
      "geometry": {
        "type": "LineString",
        "coordinates": [
          [
            -122.390542,
            37.791929
          ],
          [
            -122.390202,
            37.791659
          ],
          [
            -122.389992,
            37.791459
          ],
          [
            -122.389892,
            37.791409
          ]
        ]
      }
    },
    {
      "type": "Feature",
      "properties": {
        "FEATURE_ID": 928419,
        "FEATURE": 26,
        "SOURCE_ID": "T00687",
        "DATA_SOURC": "P",
        "SRC_DATE": "18570101",
        "HOR_ACC": "0",
        "INFORM": "\u0000\u0000\u0000\u0000\u0000\u0000\u0000\u0000\u0000\u0000\u0000\u0000\u0000\u0000\u0000\u0000\u0000\u0000\u0000\u0000\u0000\u0000\u0000\u0000\u0000\u0000\u0000\u0000\u0000\u0000\u0000\u0000\u0000\u0000\u0000\u0000\u0000\u0000\u0000\u0000\u0000\u0000\u0000\u0000\u0000\u0000\u0000\u0000\u0000\u0000\u0000\u0000\u0000\u0000\u0000\u0000\u0000\u0000\u0000\u0000\u0000\u0000\u0000\u0000\u0000\u0000\u0000\u0000\u0000\u0000\u0000\u0000\u0000\u0000\u0000\u0000\u0000\u0000\u0000\u0000\u0000\u0000\u0000\u0000\u0000\u0000\u0000\u0000\u0000\u0000\u0000\u0000\u0000\u0000\u0000\u0000\u0000\u0000\u0000\u0000\u0000\u0000\u0000\u0000\u0000\u0000\u0000\u0000\u0000\u0000\u0000\u0000\u0000\u0000\u0000\u0000\u0000\u0000\u0000\u0000\u0000\u0000\u0000\u0000\u0000\u0000\u0000\u0000\u0000\u0000\u0000\u0000\u0000\u0000\u0000\u0000\u0000\u0000\u0000\u0000\u0000\u0000\u0000\u0000\u0000\u0000\u0000\u0000\u0000\u0000\u0000\u0000\u0000\u0000\u0000\u0000\u0000\u0000\u0000\u0000\u0000\u0000\u0000\u0000\u0000\u0000\u0000\u0000\u0000\u0000\u0000\u0000\u0000\u0000\u0000\u0000\u0000\u0000\u0000\u0000\u0000\u0000\u0000\u0000\u0000\u0000\u0000\u0000\u0000\u0000\u0000\u0000\u0000\u0000\u0000\u0000\u0000\u0000\u0000\u0000\u0000\u0000\u0000\u0000\u0000\u0000\u0000\u0000\u0000\u0000\u0000\u0000\u0000\u0000\u0000\u0000\u0000\u0000\u0000\u0000\u0000\u0000\u0000\u0000\u0000\u0000\u0000\u0000\u0000\u0000\u0000\u0000\u0000\u0000\u0000\u0000\u0000\u0000\u0000\u0000\u0000\u0000\u0000\u0000\u0000\u0000\u0000\u0000\u0000\u0000\u0000\u0000\u0000\u0000",
        "RESOLUTION": 0,
        "ATTRIBUTE": "Undetermined.Approximate",
        "CLASS": "SHORELINE",
        "F_CODE": null,
        "EX_METH": "M",
        "EXTRACT_TE": "P",
        "_selecter_format": "shapefile",
        "_selecter_sourcecrs": "EPSG:4269",
        "_selecter_source": "CA37B08 1857 SF",
        "_selecter_imported": "2026-08-03T23:06:12.543Z"
      },
      "geometry": {
        "type": "LineString",
        "coordinates": [
          [
            -122.389372,
            37.789639
          ],
          [
            -122.389562,
            37.789569
          ]
        ]
      }
    },
    {
      "type": "Feature",
      "properties": {
        "FEATURE_ID": 930003,
        "FEATURE": 28,
        "SOURCE_ID": "T00687",
        "DATA_SOURC": "P",
        "SRC_DATE": "18570101",
        "HOR_ACC": "0",
        "INFORM": "\u0000\u0000\u0000\u0000\u0000\u0000\u0000\u0000\u0000\u0000\u0000\u0000\u0000\u0000\u0000\u0000\u0000\u0000\u0000\u0000\u0000\u0000\u0000\u0000\u0000\u0000\u0000\u0000\u0000\u0000\u0000\u0000\u0000\u0000\u0000\u0000\u0000\u0000\u0000\u0000\u0000\u0000\u0000\u0000\u0000\u0000\u0000\u0000\u0000\u0000\u0000\u0000\u0000\u0000\u0000\u0000\u0000\u0000\u0000\u0000\u0000\u0000\u0000\u0000\u0000\u0000\u0000\u0000\u0000\u0000\u0000\u0000\u0000\u0000\u0000\u0000\u0000\u0000\u0000\u0000\u0000\u0000\u0000\u0000\u0000\u0000\u0000\u0000\u0000\u0000\u0000\u0000\u0000\u0000\u0000\u0000\u0000\u0000\u0000\u0000\u0000\u0000\u0000\u0000\u0000\u0000\u0000\u0000\u0000\u0000\u0000\u0000\u0000\u0000\u0000\u0000\u0000\u0000\u0000\u0000\u0000\u0000\u0000\u0000\u0000\u0000\u0000\u0000\u0000\u0000\u0000\u0000\u0000\u0000\u0000\u0000\u0000\u0000\u0000\u0000\u0000\u0000\u0000\u0000\u0000\u0000\u0000\u0000\u0000\u0000\u0000\u0000\u0000\u0000\u0000\u0000\u0000\u0000\u0000\u0000\u0000\u0000\u0000\u0000\u0000\u0000\u0000\u0000\u0000\u0000\u0000\u0000\u0000\u0000\u0000\u0000\u0000\u0000\u0000\u0000\u0000\u0000\u0000\u0000\u0000\u0000\u0000\u0000\u0000\u0000\u0000\u0000\u0000\u0000\u0000\u0000\u0000\u0000\u0000\u0000\u0000\u0000\u0000\u0000\u0000\u0000\u0000\u0000\u0000\u0000\u0000\u0000\u0000\u0000\u0000\u0000\u0000\u0000\u0000\u0000\u0000\u0000\u0000\u0000\u0000\u0000\u0000\u0000\u0000\u0000\u0000\u0000\u0000\u0000\u0000\u0000\u0000\u0000\u0000\u0000\u0000\u0000\u0000\u0000\u0000\u0000\u0000\u0000\u0000\u0000\u0000\u0000\u0000\u0000",
        "RESOLUTION": 0,
        "ATTRIBUTE": "Shoreline/Alongshore Feature Boundary",
        "CLASS": "SHORELINE",
        "F_CODE": null,
        "EX_METH": "M",
        "EXTRACT_TE": "P",
        "_selecter_format": "shapefile",
        "_selecter_sourcecrs": "EPSG:4269",
        "_selecter_source": "CA37B08 1857 SF",
        "_selecter_imported": "2026-08-03T23:06:12.543Z"
      },
      "geometry": {
        "type": "LineString",
        "coordinates": [
          [
            -122.393442,
            37.777179
          ],
          [
            -122.393492,
            37.777259
          ]
        ]
      }
    },
    {
      "type": "Feature",
      "properties": {
        "FEATURE_ID": 930007,
        "FEATURE": 28,
        "SOURCE_ID": "T00687",
        "DATA_SOURC": "P",
        "SRC_DATE": "18570101",
        "HOR_ACC": "0",
        "INFORM": "\u0000\u0000\u0000\u0000\u0000\u0000\u0000\u0000\u0000\u0000\u0000\u0000\u0000\u0000\u0000\u0000\u0000\u0000\u0000\u0000\u0000\u0000\u0000\u0000\u0000\u0000\u0000\u0000\u0000\u0000\u0000\u0000\u0000\u0000\u0000\u0000\u0000\u0000\u0000\u0000\u0000\u0000\u0000\u0000\u0000\u0000\u0000\u0000\u0000\u0000\u0000\u0000\u0000\u0000\u0000\u0000\u0000\u0000\u0000\u0000\u0000\u0000\u0000\u0000\u0000\u0000\u0000\u0000\u0000\u0000\u0000\u0000\u0000\u0000\u0000\u0000\u0000\u0000\u0000\u0000\u0000\u0000\u0000\u0000\u0000\u0000\u0000\u0000\u0000\u0000\u0000\u0000\u0000\u0000\u0000\u0000\u0000\u0000\u0000\u0000\u0000\u0000\u0000\u0000\u0000\u0000\u0000\u0000\u0000\u0000\u0000\u0000\u0000\u0000\u0000\u0000\u0000\u0000\u0000\u0000\u0000\u0000\u0000\u0000\u0000\u0000\u0000\u0000\u0000\u0000\u0000\u0000\u0000\u0000\u0000\u0000\u0000\u0000\u0000\u0000\u0000\u0000\u0000\u0000\u0000\u0000\u0000\u0000\u0000\u0000\u0000\u0000\u0000\u0000\u0000\u0000\u0000\u0000\u0000\u0000\u0000\u0000\u0000\u0000\u0000\u0000\u0000\u0000\u0000\u0000\u0000\u0000\u0000\u0000\u0000\u0000\u0000\u0000\u0000\u0000\u0000\u0000\u0000\u0000\u0000\u0000\u0000\u0000\u0000\u0000\u0000\u0000\u0000\u0000\u0000\u0000\u0000\u0000\u0000\u0000\u0000\u0000\u0000\u0000\u0000\u0000\u0000\u0000\u0000\u0000\u0000\u0000\u0000\u0000\u0000\u0000\u0000\u0000\u0000\u0000\u0000\u0000\u0000\u0000\u0000\u0000\u0000\u0000\u0000\u0000\u0000\u0000\u0000\u0000\u0000\u0000\u0000\u0000\u0000\u0000\u0000\u0000\u0000\u0000\u0000\u0000\u0000\u0000\u0000\u0000\u0000\u0000\u0000\u0000",
        "RESOLUTION": 0,
        "ATTRIBUTE": "Shoreline/Alongshore Feature Boundary",
        "CLASS": "SHORELINE",
        "F_CODE": null,
        "EX_METH": "M",
        "EXTRACT_TE": "P",
        "_selecter_format": "shapefile",
        "_selecter_sourcecrs": "EPSG:4269",
        "_selecter_source": "CA37B08 1857 SF",
        "_selecter_imported": "2026-08-03T23:06:12.543Z"
      },
      "geometry": {
        "type": "LineString",
        "coordinates": [
          [
            -122.394072,
            37.777759
          ],
          [
            -122.394182,
            37.777759
          ]
        ]
      }
    },
    {
      "type": "Feature",
      "properties": {
        "FEATURE_ID": 928075,
        "FEATURE": 28,
        "SOURCE_ID": "T00687",
        "DATA_SOURC": "P",
        "SRC_DATE": "18570101",
        "HOR_ACC": "0",
        "INFORM": "\u0000\u0000\u0000\u0000\u0000\u0000\u0000\u0000\u0000\u0000\u0000\u0000\u0000\u0000\u0000\u0000\u0000\u0000\u0000\u0000\u0000\u0000\u0000\u0000\u0000\u0000\u0000\u0000\u0000\u0000\u0000\u0000\u0000\u0000\u0000\u0000\u0000\u0000\u0000\u0000\u0000\u0000\u0000\u0000\u0000\u0000\u0000\u0000\u0000\u0000\u0000\u0000\u0000\u0000\u0000\u0000\u0000\u0000\u0000\u0000\u0000\u0000\u0000\u0000\u0000\u0000\u0000\u0000\u0000\u0000\u0000\u0000\u0000\u0000\u0000\u0000\u0000\u0000\u0000\u0000\u0000\u0000\u0000\u0000\u0000\u0000\u0000\u0000\u0000\u0000\u0000\u0000\u0000\u0000\u0000\u0000\u0000\u0000\u0000\u0000\u0000\u0000\u0000\u0000\u0000\u0000\u0000\u0000\u0000\u0000\u0000\u0000\u0000\u0000\u0000\u0000\u0000\u0000\u0000\u0000\u0000\u0000\u0000\u0000\u0000\u0000\u0000\u0000\u0000\u0000\u0000\u0000\u0000\u0000\u0000\u0000\u0000\u0000\u0000\u0000\u0000\u0000\u0000\u0000\u0000\u0000\u0000\u0000\u0000\u0000\u0000\u0000\u0000\u0000\u0000\u0000\u0000\u0000\u0000\u0000\u0000\u0000\u0000\u0000\u0000\u0000\u0000\u0000\u0000\u0000\u0000\u0000\u0000\u0000\u0000\u0000\u0000\u0000\u0000\u0000\u0000\u0000\u0000\u0000\u0000\u0000\u0000\u0000\u0000\u0000\u0000\u0000\u0000\u0000\u0000\u0000\u0000\u0000\u0000\u0000\u0000\u0000\u0000\u0000\u0000\u0000\u0000\u0000\u0000\u0000\u0000\u0000\u0000\u0000\u0000\u0000\u0000\u0000\u0000\u0000\u0000\u0000\u0000\u0000\u0000\u0000\u0000\u0000\u0000\u0000\u0000\u0000\u0000\u0000\u0000\u0000\u0000\u0000\u0000\u0000\u0000\u0000\u0000\u0000\u0000\u0000\u0000\u0000\u0000\u0000\u0000\u0000\u0000\u0000",
        "RESOLUTION": 0,
        "ATTRIBUTE": "Shoreline/Alongshore Feature Boundary",
        "CLASS": "SHORELINE",
        "F_CODE": null,
        "EX_METH": "M",
        "EXTRACT_TE": "P",
        "_selecter_format": "shapefile",
        "_selecter_sourcecrs": "EPSG:4269",
        "_selecter_source": "CA37B08 1857 SF",
        "_selecter_imported": "2026-08-03T23:06:12.543Z"
      },
      "geometry": {
        "type": "LineString",
        "coordinates": [
          [
            -122.414632,
            37.804109
          ],
          [
            -122.414812,
            37.804089
          ]
        ]
      }
    },
    {
      "type": "Feature",
      "properties": {
        "FEATURE_ID": 928078,
        "FEATURE": 28,
        "SOURCE_ID": "T00687",
        "DATA_SOURC": "P",
        "SRC_DATE": "18570101",
        "HOR_ACC": "0",
        "INFORM": "\u0000\u0000\u0000\u0000\u0000\u0000\u0000\u0000\u0000\u0000\u0000\u0000\u0000\u0000\u0000\u0000\u0000\u0000\u0000\u0000\u0000\u0000\u0000\u0000\u0000\u0000\u0000\u0000\u0000\u0000\u0000\u0000\u0000\u0000\u0000\u0000\u0000\u0000\u0000\u0000\u0000\u0000\u0000\u0000\u0000\u0000\u0000\u0000\u0000\u0000\u0000\u0000\u0000\u0000\u0000\u0000\u0000\u0000\u0000\u0000\u0000\u0000\u0000\u0000\u0000\u0000\u0000\u0000\u0000\u0000\u0000\u0000\u0000\u0000\u0000\u0000\u0000\u0000\u0000\u0000\u0000\u0000\u0000\u0000\u0000\u0000\u0000\u0000\u0000\u0000\u0000\u0000\u0000\u0000\u0000\u0000\u0000\u0000\u0000\u0000\u0000\u0000\u0000\u0000\u0000\u0000\u0000\u0000\u0000\u0000\u0000\u0000\u0000\u0000\u0000\u0000\u0000\u0000\u0000\u0000\u0000\u0000\u0000\u0000\u0000\u0000\u0000\u0000\u0000\u0000\u0000\u0000\u0000\u0000\u0000\u0000\u0000\u0000\u0000\u0000\u0000\u0000\u0000\u0000\u0000\u0000\u0000\u0000\u0000\u0000\u0000\u0000\u0000\u0000\u0000\u0000\u0000\u0000\u0000\u0000\u0000\u0000\u0000\u0000\u0000\u0000\u0000\u0000\u0000\u0000\u0000\u0000\u0000\u0000\u0000\u0000\u0000\u0000\u0000\u0000\u0000\u0000\u0000\u0000\u0000\u0000\u0000\u0000\u0000\u0000\u0000\u0000\u0000\u0000\u0000\u0000\u0000\u0000\u0000\u0000\u0000\u0000\u0000\u0000\u0000\u0000\u0000\u0000\u0000\u0000\u0000\u0000\u0000\u0000\u0000\u0000\u0000\u0000\u0000\u0000\u0000\u0000\u0000\u0000\u0000\u0000\u0000\u0000\u0000\u0000\u0000\u0000\u0000\u0000\u0000\u0000\u0000\u0000\u0000\u0000\u0000\u0000\u0000\u0000\u0000\u0000\u0000\u0000\u0000\u0000\u0000\u0000\u0000\u0000",
        "RESOLUTION": 0,
        "ATTRIBUTE": "Shoreline/Alongshore Feature Boundary",
        "CLASS": "SHORELINE",
        "F_CODE": null,
        "EX_METH": "M",
        "EXTRACT_TE": "P",
        "_selecter_format": "shapefile",
        "_selecter_sourcecrs": "EPSG:4269",
        "_selecter_source": "CA37B08 1857 SF",
        "_selecter_imported": "2026-08-03T23:06:12.543Z"
      },
      "geometry": {
        "type": "LineString",
        "coordinates": [
          [
            -122.413812,
            37.804439
          ],
          [
            -122.413922,
            37.804409
          ]
        ]
      }
    },
    {
      "type": "Feature",
      "properties": {
        "FEATURE_ID": 928082,
        "FEATURE": 28,
        "SOURCE_ID": "T00687",
        "DATA_SOURC": "P",
        "SRC_DATE": "18570101",
        "HOR_ACC": "0",
        "INFORM": "\u0000\u0000\u0000\u0000\u0000\u0000\u0000\u0000\u0000\u0000\u0000\u0000\u0000\u0000\u0000\u0000\u0000\u0000\u0000\u0000\u0000\u0000\u0000\u0000\u0000\u0000\u0000\u0000\u0000\u0000\u0000\u0000\u0000\u0000\u0000\u0000\u0000\u0000\u0000\u0000\u0000\u0000\u0000\u0000\u0000\u0000\u0000\u0000\u0000\u0000\u0000\u0000\u0000\u0000\u0000\u0000\u0000\u0000\u0000\u0000\u0000\u0000\u0000\u0000\u0000\u0000\u0000\u0000\u0000\u0000\u0000\u0000\u0000\u0000\u0000\u0000\u0000\u0000\u0000\u0000\u0000\u0000\u0000\u0000\u0000\u0000\u0000\u0000\u0000\u0000\u0000\u0000\u0000\u0000\u0000\u0000\u0000\u0000\u0000\u0000\u0000\u0000\u0000\u0000\u0000\u0000\u0000\u0000\u0000\u0000\u0000\u0000\u0000\u0000\u0000\u0000\u0000\u0000\u0000\u0000\u0000\u0000\u0000\u0000\u0000\u0000\u0000\u0000\u0000\u0000\u0000\u0000\u0000\u0000\u0000\u0000\u0000\u0000\u0000\u0000\u0000\u0000\u0000\u0000\u0000\u0000\u0000\u0000\u0000\u0000\u0000\u0000\u0000\u0000\u0000\u0000\u0000\u0000\u0000\u0000\u0000\u0000\u0000\u0000\u0000\u0000\u0000\u0000\u0000\u0000\u0000\u0000\u0000\u0000\u0000\u0000\u0000\u0000\u0000\u0000\u0000\u0000\u0000\u0000\u0000\u0000\u0000\u0000\u0000\u0000\u0000\u0000\u0000\u0000\u0000\u0000\u0000\u0000\u0000\u0000\u0000\u0000\u0000\u0000\u0000\u0000\u0000\u0000\u0000\u0000\u0000\u0000\u0000\u0000\u0000\u0000\u0000\u0000\u0000\u0000\u0000\u0000\u0000\u0000\u0000\u0000\u0000\u0000\u0000\u0000\u0000\u0000\u0000\u0000\u0000\u0000\u0000\u0000\u0000\u0000\u0000\u0000\u0000\u0000\u0000\u0000\u0000\u0000\u0000\u0000\u0000\u0000\u0000\u0000",
        "RESOLUTION": 0,
        "ATTRIBUTE": "Shoreline/Alongshore Feature Boundary",
        "CLASS": "SHORELINE",
        "F_CODE": null,
        "EX_METH": "M",
        "EXTRACT_TE": "P",
        "_selecter_format": "shapefile",
        "_selecter_sourcecrs": "EPSG:4269",
        "_selecter_source": "CA37B08 1857 SF",
        "_selecter_imported": "2026-08-03T23:06:12.543Z"
      },
      "geometry": {
        "type": "LineString",
        "coordinates": [
          [
            -122.412282,
            37.805009
          ],
          [
            -122.412652,
            37.804959
          ]
        ]
      }
    },
    {
      "type": "Feature",
      "properties": {
        "FEATURE_ID": 928084,
        "FEATURE": 28,
        "SOURCE_ID": "T00687",
        "DATA_SOURC": "P",
        "SRC_DATE": "18570101",
        "HOR_ACC": "0",
        "INFORM": "\u0000\u0000\u0000\u0000\u0000\u0000\u0000\u0000\u0000\u0000\u0000\u0000\u0000\u0000\u0000\u0000\u0000\u0000\u0000\u0000\u0000\u0000\u0000\u0000\u0000\u0000\u0000\u0000\u0000\u0000\u0000\u0000\u0000\u0000\u0000\u0000\u0000\u0000\u0000\u0000\u0000\u0000\u0000\u0000\u0000\u0000\u0000\u0000\u0000\u0000\u0000\u0000\u0000\u0000\u0000\u0000\u0000\u0000\u0000\u0000\u0000\u0000\u0000\u0000\u0000\u0000\u0000\u0000\u0000\u0000\u0000\u0000\u0000\u0000\u0000\u0000\u0000\u0000\u0000\u0000\u0000\u0000\u0000\u0000\u0000\u0000\u0000\u0000\u0000\u0000\u0000\u0000\u0000\u0000\u0000\u0000\u0000\u0000\u0000\u0000\u0000\u0000\u0000\u0000\u0000\u0000\u0000\u0000\u0000\u0000\u0000\u0000\u0000\u0000\u0000\u0000\u0000\u0000\u0000\u0000\u0000\u0000\u0000\u0000\u0000\u0000\u0000\u0000\u0000\u0000\u0000\u0000\u0000\u0000\u0000\u0000\u0000\u0000\u0000\u0000\u0000\u0000\u0000\u0000\u0000\u0000\u0000\u0000\u0000\u0000\u0000\u0000\u0000\u0000\u0000\u0000\u0000\u0000\u0000\u0000\u0000\u0000\u0000\u0000\u0000\u0000\u0000\u0000\u0000\u0000\u0000\u0000\u0000\u0000\u0000\u0000\u0000\u0000\u0000\u0000\u0000\u0000\u0000\u0000\u0000\u0000\u0000\u0000\u0000\u0000\u0000\u0000\u0000\u0000\u0000\u0000\u0000\u0000\u0000\u0000\u0000\u0000\u0000\u0000\u0000\u0000\u0000\u0000\u0000\u0000\u0000\u0000\u0000\u0000\u0000\u0000\u0000\u0000\u0000\u0000\u0000\u0000\u0000\u0000\u0000\u0000\u0000\u0000\u0000\u0000\u0000\u0000\u0000\u0000\u0000\u0000\u0000\u0000\u0000\u0000\u0000\u0000\u0000\u0000\u0000\u0000\u0000\u0000\u0000\u0000\u0000\u0000\u0000\u0000",
        "RESOLUTION": 0,
        "ATTRIBUTE": "Shoreline/Alongshore Feature Boundary",
        "CLASS": "SHORELINE",
        "F_CODE": null,
        "EX_METH": "M",
        "EXTRACT_TE": "P",
        "_selecter_format": "shapefile",
        "_selecter_sourcecrs": "EPSG:4269",
        "_selecter_source": "CA37B08 1857 SF",
        "_selecter_imported": "2026-08-03T23:06:12.543Z"
      },
      "geometry": {
        "type": "LineString",
        "coordinates": [
          [
            -122.411552,
            37.805209
          ],
          [
            -122.411362,
            37.805269
          ]
        ]
      }
    },
    {
      "type": "Feature",
      "properties": {
        "FEATURE_ID": 928086,
        "FEATURE": 28,
        "SOURCE_ID": "T00687",
        "DATA_SOURC": "P",
        "SRC_DATE": "18570101",
        "HOR_ACC": "0",
        "INFORM": "\u0000\u0000\u0000\u0000\u0000\u0000\u0000\u0000\u0000\u0000\u0000\u0000\u0000\u0000\u0000\u0000\u0000\u0000\u0000\u0000\u0000\u0000\u0000\u0000\u0000\u0000\u0000\u0000\u0000\u0000\u0000\u0000\u0000\u0000\u0000\u0000\u0000\u0000\u0000\u0000\u0000\u0000\u0000\u0000\u0000\u0000\u0000\u0000\u0000\u0000\u0000\u0000\u0000\u0000\u0000\u0000\u0000\u0000\u0000\u0000\u0000\u0000\u0000\u0000\u0000\u0000\u0000\u0000\u0000\u0000\u0000\u0000\u0000\u0000\u0000\u0000\u0000\u0000\u0000\u0000\u0000\u0000\u0000\u0000\u0000\u0000\u0000\u0000\u0000\u0000\u0000\u0000\u0000\u0000\u0000\u0000\u0000\u0000\u0000\u0000\u0000\u0000\u0000\u0000\u0000\u0000\u0000\u0000\u0000\u0000\u0000\u0000\u0000\u0000\u0000\u0000\u0000\u0000\u0000\u0000\u0000\u0000\u0000\u0000\u0000\u0000\u0000\u0000\u0000\u0000\u0000\u0000\u0000\u0000\u0000\u0000\u0000\u0000\u0000\u0000\u0000\u0000\u0000\u0000\u0000\u0000\u0000\u0000\u0000\u0000\u0000\u0000\u0000\u0000\u0000\u0000\u0000\u0000\u0000\u0000\u0000\u0000\u0000\u0000\u0000\u0000\u0000\u0000\u0000\u0000\u0000\u0000\u0000\u0000\u0000\u0000\u0000\u0000\u0000\u0000\u0000\u0000\u0000\u0000\u0000\u0000\u0000\u0000\u0000\u0000\u0000\u0000\u0000\u0000\u0000\u0000\u0000\u0000\u0000\u0000\u0000\u0000\u0000\u0000\u0000\u0000\u0000\u0000\u0000\u0000\u0000\u0000\u0000\u0000\u0000\u0000\u0000\u0000\u0000\u0000\u0000\u0000\u0000\u0000\u0000\u0000\u0000\u0000\u0000\u0000\u0000\u0000\u0000\u0000\u0000\u0000\u0000\u0000\u0000\u0000\u0000\u0000\u0000\u0000\u0000\u0000\u0000\u0000\u0000\u0000\u0000\u0000\u0000\u0000",
        "RESOLUTION": 0,
        "ATTRIBUTE": "Shoreline/Alongshore Feature Boundary",
        "CLASS": "SHORELINE",
        "F_CODE": null,
        "EX_METH": "M",
        "EXTRACT_TE": "P",
        "_selecter_format": "shapefile",
        "_selecter_sourcecrs": "EPSG:4269",
        "_selecter_source": "CA37B08 1857 SF",
        "_selecter_imported": "2026-08-03T23:06:12.543Z"
      },
      "geometry": {
        "type": "LineString",
        "coordinates": [
          [
            -122.410012,
            37.805669
          ],
          [
            -122.410132,
            37.805619
          ]
        ]
      }
    },
    {
      "type": "Feature",
      "properties": {
        "FEATURE_ID": 928092,
        "FEATURE": 28,
        "SOURCE_ID": "T00687",
        "DATA_SOURC": "P",
        "SRC_DATE": "18570101",
        "HOR_ACC": "0",
        "INFORM": "\u0000\u0000\u0000\u0000\u0000\u0000\u0000\u0000\u0000\u0000\u0000\u0000\u0000\u0000\u0000\u0000\u0000\u0000\u0000\u0000\u0000\u0000\u0000\u0000\u0000\u0000\u0000\u0000\u0000\u0000\u0000\u0000\u0000\u0000\u0000\u0000\u0000\u0000\u0000\u0000\u0000\u0000\u0000\u0000\u0000\u0000\u0000\u0000\u0000\u0000\u0000\u0000\u0000\u0000\u0000\u0000\u0000\u0000\u0000\u0000\u0000\u0000\u0000\u0000\u0000\u0000\u0000\u0000\u0000\u0000\u0000\u0000\u0000\u0000\u0000\u0000\u0000\u0000\u0000\u0000\u0000\u0000\u0000\u0000\u0000\u0000\u0000\u0000\u0000\u0000\u0000\u0000\u0000\u0000\u0000\u0000\u0000\u0000\u0000\u0000\u0000\u0000\u0000\u0000\u0000\u0000\u0000\u0000\u0000\u0000\u0000\u0000\u0000\u0000\u0000\u0000\u0000\u0000\u0000\u0000\u0000\u0000\u0000\u0000\u0000\u0000\u0000\u0000\u0000\u0000\u0000\u0000\u0000\u0000\u0000\u0000\u0000\u0000\u0000\u0000\u0000\u0000\u0000\u0000\u0000\u0000\u0000\u0000\u0000\u0000\u0000\u0000\u0000\u0000\u0000\u0000\u0000\u0000\u0000\u0000\u0000\u0000\u0000\u0000\u0000\u0000\u0000\u0000\u0000\u0000\u0000\u0000\u0000\u0000\u0000\u0000\u0000\u0000\u0000\u0000\u0000\u0000\u0000\u0000\u0000\u0000\u0000\u0000\u0000\u0000\u0000\u0000\u0000\u0000\u0000\u0000\u0000\u0000\u0000\u0000\u0000\u0000\u0000\u0000\u0000\u0000\u0000\u0000\u0000\u0000\u0000\u0000\u0000\u0000\u0000\u0000\u0000\u0000\u0000\u0000\u0000\u0000\u0000\u0000\u0000\u0000\u0000\u0000\u0000\u0000\u0000\u0000\u0000\u0000\u0000\u0000\u0000\u0000\u0000\u0000\u0000\u0000\u0000\u0000\u0000\u0000\u0000\u0000\u0000\u0000\u0000\u0000\u0000\u0000",
        "RESOLUTION": 0,
        "ATTRIBUTE": "Shoreline/Alongshore Feature Boundary",
        "CLASS": "SHORELINE",
        "F_CODE": null,
        "EX_METH": "M",
        "EXTRACT_TE": "P",
        "_selecter_format": "shapefile",
        "_selecter_sourcecrs": "EPSG:4269",
        "_selecter_source": "CA37B08 1857 SF",
        "_selecter_imported": "2026-08-03T23:06:12.543Z"
      },
      "geometry": {
        "type": "LineString",
        "coordinates": [
          [
            -122.408942,
            37.806209
          ],
          [
            -122.409042,
            37.806089
          ]
        ]
      }
    },
    {
      "type": "Feature",
      "properties": {
        "FEATURE_ID": 928098,
        "FEATURE": 28,
        "SOURCE_ID": "T00687",
        "DATA_SOURC": "P",
        "SRC_DATE": "18570101",
        "HOR_ACC": "0",
        "INFORM": "\u0000\u0000\u0000\u0000\u0000\u0000\u0000\u0000\u0000\u0000\u0000\u0000\u0000\u0000\u0000\u0000\u0000\u0000\u0000\u0000\u0000\u0000\u0000\u0000\u0000\u0000\u0000\u0000\u0000\u0000\u0000\u0000\u0000\u0000\u0000\u0000\u0000\u0000\u0000\u0000\u0000\u0000\u0000\u0000\u0000\u0000\u0000\u0000\u0000\u0000\u0000\u0000\u0000\u0000\u0000\u0000\u0000\u0000\u0000\u0000\u0000\u0000\u0000\u0000\u0000\u0000\u0000\u0000\u0000\u0000\u0000\u0000\u0000\u0000\u0000\u0000\u0000\u0000\u0000\u0000\u0000\u0000\u0000\u0000\u0000\u0000\u0000\u0000\u0000\u0000\u0000\u0000\u0000\u0000\u0000\u0000\u0000\u0000\u0000\u0000\u0000\u0000\u0000\u0000\u0000\u0000\u0000\u0000\u0000\u0000\u0000\u0000\u0000\u0000\u0000\u0000\u0000\u0000\u0000\u0000\u0000\u0000\u0000\u0000\u0000\u0000\u0000\u0000\u0000\u0000\u0000\u0000\u0000\u0000\u0000\u0000\u0000\u0000\u0000\u0000\u0000\u0000\u0000\u0000\u0000\u0000\u0000\u0000\u0000\u0000\u0000\u0000\u0000\u0000\u0000\u0000\u0000\u0000\u0000\u0000\u0000\u0000\u0000\u0000\u0000\u0000\u0000\u0000\u0000\u0000\u0000\u0000\u0000\u0000\u0000\u0000\u0000\u0000\u0000\u0000\u0000\u0000\u0000\u0000\u0000\u0000\u0000\u0000\u0000\u0000\u0000\u0000\u0000\u0000\u0000\u0000\u0000\u0000\u0000\u0000\u0000\u0000\u0000\u0000\u0000\u0000\u0000\u0000\u0000\u0000\u0000\u0000\u0000\u0000\u0000\u0000\u0000\u0000\u0000\u0000\u0000\u0000\u0000\u0000\u0000\u0000\u0000\u0000\u0000\u0000\u0000\u0000\u0000\u0000\u0000\u0000\u0000\u0000\u0000\u0000\u0000\u0000\u0000\u0000\u0000\u0000\u0000\u0000\u0000\u0000\u0000\u0000\u0000\u0000",
        "RESOLUTION": 0,
        "ATTRIBUTE": "Shoreline/Alongshore Feature Boundary",
        "CLASS": "SHORELINE",
        "F_CODE": null,
        "EX_METH": "M",
        "EXTRACT_TE": "P",
        "_selecter_format": "shapefile",
        "_selecter_sourcecrs": "EPSG:4269",
        "_selecter_source": "CA37B08 1857 SF",
        "_selecter_imported": "2026-08-03T23:06:12.543Z"
      },
      "geometry": {
        "type": "LineString",
        "coordinates": [
          [
            -122.403372,
            37.804639
          ],
          [
            -122.403112,
            37.804119
          ]
        ]
      }
    },
    {
      "type": "Feature",
      "properties": {
        "FEATURE_ID": 928746,
        "FEATURE": 28,
        "SOURCE_ID": "T00687",
        "DATA_SOURC": "P",
        "SRC_DATE": "18570101",
        "HOR_ACC": "0",
        "INFORM": "\u0000\u0000\u0000\u0000\u0000\u0000\u0000\u0000\u0000\u0000\u0000\u0000\u0000\u0000\u0000\u0000\u0000\u0000\u0000\u0000\u0000\u0000\u0000\u0000\u0000\u0000\u0000\u0000\u0000\u0000\u0000\u0000\u0000\u0000\u0000\u0000\u0000\u0000\u0000\u0000\u0000\u0000\u0000\u0000\u0000\u0000\u0000\u0000\u0000\u0000\u0000\u0000\u0000\u0000\u0000\u0000\u0000\u0000\u0000\u0000\u0000\u0000\u0000\u0000\u0000\u0000\u0000\u0000\u0000\u0000\u0000\u0000\u0000\u0000\u0000\u0000\u0000\u0000\u0000\u0000\u0000\u0000\u0000\u0000\u0000\u0000\u0000\u0000\u0000\u0000\u0000\u0000\u0000\u0000\u0000\u0000\u0000\u0000\u0000\u0000\u0000\u0000\u0000\u0000\u0000\u0000\u0000\u0000\u0000\u0000\u0000\u0000\u0000\u0000\u0000\u0000\u0000\u0000\u0000\u0000\u0000\u0000\u0000\u0000\u0000\u0000\u0000\u0000\u0000\u0000\u0000\u0000\u0000\u0000\u0000\u0000\u0000\u0000\u0000\u0000\u0000\u0000\u0000\u0000\u0000\u0000\u0000\u0000\u0000\u0000\u0000\u0000\u0000\u0000\u0000\u0000\u0000\u0000\u0000\u0000\u0000\u0000\u0000\u0000\u0000\u0000\u0000\u0000\u0000\u0000\u0000\u0000\u0000\u0000\u0000\u0000\u0000\u0000\u0000\u0000\u0000\u0000\u0000\u0000\u0000\u0000\u0000\u0000\u0000\u0000\u0000\u0000\u0000\u0000\u0000\u0000\u0000\u0000\u0000\u0000\u0000\u0000\u0000\u0000\u0000\u0000\u0000\u0000\u0000\u0000\u0000\u0000\u0000\u0000\u0000\u0000\u0000\u0000\u0000\u0000\u0000\u0000\u0000\u0000\u0000\u0000\u0000\u0000\u0000\u0000\u0000\u0000\u0000\u0000\u0000\u0000\u0000\u0000\u0000\u0000\u0000\u0000\u0000\u0000\u0000\u0000\u0000\u0000\u0000\u0000\u0000\u0000\u0000\u0000",
        "RESOLUTION": 0,
        "ATTRIBUTE": "Shoreline/Alongshore Feature Boundary",
        "CLASS": "SHORELINE",
        "F_CODE": null,
        "EX_METH": "M",
        "EXTRACT_TE": "P",
        "_selecter_format": "shapefile",
        "_selecter_sourcecrs": "EPSG:4269",
        "_selecter_source": "CA37B08 1857 SF",
        "_selecter_imported": "2026-08-03T23:06:12.543Z"
      },
      "geometry": {
        "type": "LineString",
        "coordinates": [
          [
            -122.383502,
            37.75527
          ],
          [
            -122.383552,
            37.75523
          ]
        ]
      }
    },
    {
      "type": "Feature",
      "properties": {
        "FEATURE_ID": 928750,
        "FEATURE": 28,
        "SOURCE_ID": "T00687",
        "DATA_SOURC": "P",
        "SRC_DATE": "18570101",
        "HOR_ACC": "0",
        "INFORM": "\u0000\u0000\u0000\u0000\u0000\u0000\u0000\u0000\u0000\u0000\u0000\u0000\u0000\u0000\u0000\u0000\u0000\u0000\u0000\u0000\u0000\u0000\u0000\u0000\u0000\u0000\u0000\u0000\u0000\u0000\u0000\u0000\u0000\u0000\u0000\u0000\u0000\u0000\u0000\u0000\u0000\u0000\u0000\u0000\u0000\u0000\u0000\u0000\u0000\u0000\u0000\u0000\u0000\u0000\u0000\u0000\u0000\u0000\u0000\u0000\u0000\u0000\u0000\u0000\u0000\u0000\u0000\u0000\u0000\u0000\u0000\u0000\u0000\u0000\u0000\u0000\u0000\u0000\u0000\u0000\u0000\u0000\u0000\u0000\u0000\u0000\u0000\u0000\u0000\u0000\u0000\u0000\u0000\u0000\u0000\u0000\u0000\u0000\u0000\u0000\u0000\u0000\u0000\u0000\u0000\u0000\u0000\u0000\u0000\u0000\u0000\u0000\u0000\u0000\u0000\u0000\u0000\u0000\u0000\u0000\u0000\u0000\u0000\u0000\u0000\u0000\u0000\u0000\u0000\u0000\u0000\u0000\u0000\u0000\u0000\u0000\u0000\u0000\u0000\u0000\u0000\u0000\u0000\u0000\u0000\u0000\u0000\u0000\u0000\u0000\u0000\u0000\u0000\u0000\u0000\u0000\u0000\u0000\u0000\u0000\u0000\u0000\u0000\u0000\u0000\u0000\u0000\u0000\u0000\u0000\u0000\u0000\u0000\u0000\u0000\u0000\u0000\u0000\u0000\u0000\u0000\u0000\u0000\u0000\u0000\u0000\u0000\u0000\u0000\u0000\u0000\u0000\u0000\u0000\u0000\u0000\u0000\u0000\u0000\u0000\u0000\u0000\u0000\u0000\u0000\u0000\u0000\u0000\u0000\u0000\u0000\u0000\u0000\u0000\u0000\u0000\u0000\u0000\u0000\u0000\u0000\u0000\u0000\u0000\u0000\u0000\u0000\u0000\u0000\u0000\u0000\u0000\u0000\u0000\u0000\u0000\u0000\u0000\u0000\u0000\u0000\u0000\u0000\u0000\u0000\u0000\u0000\u0000\u0000\u0000\u0000\u0000\u0000\u0000",
        "RESOLUTION": 0,
        "ATTRIBUTE": "Shoreline/Alongshore Feature Boundary",
        "CLASS": "SHORELINE",
        "F_CODE": null,
        "EX_METH": "M",
        "EXTRACT_TE": "P",
        "_selecter_format": "shapefile",
        "_selecter_sourcecrs": "EPSG:4269",
        "_selecter_source": "CA37B08 1857 SF",
        "_selecter_imported": "2026-08-03T23:06:12.543Z"
      },
      "geometry": {
        "type": "LineString",
        "coordinates": [
          [
            -122.388092,
            37.75587
          ],
          [
            -122.388142,
            37.75581
          ]
        ]
      }
    },
    {
      "type": "Feature",
      "properties": {
        "FEATURE_ID": 928421,
        "FEATURE": 28,
        "SOURCE_ID": "T00687",
        "DATA_SOURC": "P",
        "SRC_DATE": "18570101",
        "HOR_ACC": "0",
        "INFORM": "\u0000\u0000\u0000\u0000\u0000\u0000\u0000\u0000\u0000\u0000\u0000\u0000\u0000\u0000\u0000\u0000\u0000\u0000\u0000\u0000\u0000\u0000\u0000\u0000\u0000\u0000\u0000\u0000\u0000\u0000\u0000\u0000\u0000\u0000\u0000\u0000\u0000\u0000\u0000\u0000\u0000\u0000\u0000\u0000\u0000\u0000\u0000\u0000\u0000\u0000\u0000\u0000\u0000\u0000\u0000\u0000\u0000\u0000\u0000\u0000\u0000\u0000\u0000\u0000\u0000\u0000\u0000\u0000\u0000\u0000\u0000\u0000\u0000\u0000\u0000\u0000\u0000\u0000\u0000\u0000\u0000\u0000\u0000\u0000\u0000\u0000\u0000\u0000\u0000\u0000\u0000\u0000\u0000\u0000\u0000\u0000\u0000\u0000\u0000\u0000\u0000\u0000\u0000\u0000\u0000\u0000\u0000\u0000\u0000\u0000\u0000\u0000\u0000\u0000\u0000\u0000\u0000\u0000\u0000\u0000\u0000\u0000\u0000\u0000\u0000\u0000\u0000\u0000\u0000\u0000\u0000\u0000\u0000\u0000\u0000\u0000\u0000\u0000\u0000\u0000\u0000\u0000\u0000\u0000\u0000\u0000\u0000\u0000\u0000\u0000\u0000\u0000\u0000\u0000\u0000\u0000\u0000\u0000\u0000\u0000\u0000\u0000\u0000\u0000\u0000\u0000\u0000\u0000\u0000\u0000\u0000\u0000\u0000\u0000\u0000\u0000\u0000\u0000\u0000\u0000\u0000\u0000\u0000\u0000\u0000\u0000\u0000\u0000\u0000\u0000\u0000\u0000\u0000\u0000\u0000\u0000\u0000\u0000\u0000\u0000\u0000\u0000\u0000\u0000\u0000\u0000\u0000\u0000\u0000\u0000\u0000\u0000\u0000\u0000\u0000\u0000\u0000\u0000\u0000\u0000\u0000\u0000\u0000\u0000\u0000\u0000\u0000\u0000\u0000\u0000\u0000\u0000\u0000\u0000\u0000\u0000\u0000\u0000\u0000\u0000\u0000\u0000\u0000\u0000\u0000\u0000\u0000\u0000\u0000\u0000\u0000\u0000\u0000\u0000",
        "RESOLUTION": 0,
        "ATTRIBUTE": "Shoreline/Alongshore Feature Boundary",
        "CLASS": "SHORELINE",
        "F_CODE": null,
        "EX_METH": "M",
        "EXTRACT_TE": "P",
        "_selecter_format": "shapefile",
        "_selecter_sourcecrs": "EPSG:4269",
        "_selecter_source": "CA37B08 1857 SF",
        "_selecter_imported": "2026-08-03T23:06:12.543Z"
      },
      "geometry": {
        "type": "LineString",
        "coordinates": [
          [
            -122.388912,
            37.788559
          ],
          [
            -122.389372,
            37.788119
          ]
        ]
      }
    },
    {
      "type": "Feature",
      "properties": {
        "FEATURE_ID": 930399,
        "FEATURE": 28,
        "SOURCE_ID": "T00687",
        "DATA_SOURC": "P",
        "SRC_DATE": "18570101",
        "HOR_ACC": "0",
        "INFORM": "\u0000\u0000\u0000\u0000\u0000\u0000\u0000\u0000\u0000\u0000\u0000\u0000\u0000\u0000\u0000\u0000\u0000\u0000\u0000\u0000\u0000\u0000\u0000\u0000\u0000\u0000\u0000\u0000\u0000\u0000\u0000\u0000\u0000\u0000\u0000\u0000\u0000\u0000\u0000\u0000\u0000\u0000\u0000\u0000\u0000\u0000\u0000\u0000\u0000\u0000\u0000\u0000\u0000\u0000\u0000\u0000\u0000\u0000\u0000\u0000\u0000\u0000\u0000\u0000\u0000\u0000\u0000\u0000\u0000\u0000\u0000\u0000\u0000\u0000\u0000\u0000\u0000\u0000\u0000\u0000\u0000\u0000\u0000\u0000\u0000\u0000\u0000\u0000\u0000\u0000\u0000\u0000\u0000\u0000\u0000\u0000\u0000\u0000\u0000\u0000\u0000\u0000\u0000\u0000\u0000\u0000\u0000\u0000\u0000\u0000\u0000\u0000\u0000\u0000\u0000\u0000\u0000\u0000\u0000\u0000\u0000\u0000\u0000\u0000\u0000\u0000\u0000\u0000\u0000\u0000\u0000\u0000\u0000\u0000\u0000\u0000\u0000\u0000\u0000\u0000\u0000\u0000\u0000\u0000\u0000\u0000\u0000\u0000\u0000\u0000\u0000\u0000\u0000\u0000\u0000\u0000\u0000\u0000\u0000\u0000\u0000\u0000\u0000\u0000\u0000\u0000\u0000\u0000\u0000\u0000\u0000\u0000\u0000\u0000\u0000\u0000\u0000\u0000\u0000\u0000\u0000\u0000\u0000\u0000\u0000\u0000\u0000\u0000\u0000\u0000\u0000\u0000\u0000\u0000\u0000\u0000\u0000\u0000\u0000\u0000\u0000\u0000\u0000\u0000\u0000\u0000\u0000\u0000\u0000\u0000\u0000\u0000\u0000\u0000\u0000\u0000\u0000\u0000\u0000\u0000\u0000\u0000\u0000\u0000\u0000\u0000\u0000\u0000\u0000\u0000\u0000\u0000\u0000\u0000\u0000\u0000\u0000\u0000\u0000\u0000\u0000\u0000\u0000\u0000\u0000\u0000\u0000\u0000\u0000\u0000\u0000\u0000\u0000\u0000",
        "RESOLUTION": 0,
        "ATTRIBUTE": "Shoreline/Alongshore Feature Boundary",
        "CLASS": "SHORELINE",
        "F_CODE": null,
        "EX_METH": "M",
        "EXTRACT_TE": "P",
        "_selecter_format": "shapefile",
        "_selecter_sourcecrs": "EPSG:4269",
        "_selecter_source": "CA37B08 1857 SF",
        "_selecter_imported": "2026-08-03T23:06:12.543Z"
      },
      "geometry": {
        "type": "LineString",
        "coordinates": [
          [
            -122.392242,
            37.777529
          ],
          [
            -122.392262,
            37.777479
          ]
        ]
      }
    },
    {
      "type": "Feature",
      "properties": {
        "FEATURE_ID": 930004,
        "FEATURE": 57,
        "SOURCE_ID": "T00687",
        "DATA_SOURC": "P",
        "SRC_DATE": "18570101",
        "HOR_ACC": "0",
        "INFORM": "\u0000\u0000\u0000\u0000\u0000\u0000\u0000\u0000\u0000\u0000\u0000\u0000\u0000\u0000\u0000\u0000\u0000\u0000\u0000\u0000\u0000\u0000\u0000\u0000\u0000\u0000\u0000\u0000\u0000\u0000\u0000\u0000\u0000\u0000\u0000\u0000\u0000\u0000\u0000\u0000\u0000\u0000\u0000\u0000\u0000\u0000\u0000\u0000\u0000\u0000\u0000\u0000\u0000\u0000\u0000\u0000\u0000\u0000\u0000\u0000\u0000\u0000\u0000\u0000\u0000\u0000\u0000\u0000\u0000\u0000\u0000\u0000\u0000\u0000\u0000\u0000\u0000\u0000\u0000\u0000\u0000\u0000\u0000\u0000\u0000\u0000\u0000\u0000\u0000\u0000\u0000\u0000\u0000\u0000\u0000\u0000\u0000\u0000\u0000\u0000\u0000\u0000\u0000\u0000\u0000\u0000\u0000\u0000\u0000\u0000\u0000\u0000\u0000\u0000\u0000\u0000\u0000\u0000\u0000\u0000\u0000\u0000\u0000\u0000\u0000\u0000\u0000\u0000\u0000\u0000\u0000\u0000\u0000\u0000\u0000\u0000\u0000\u0000\u0000\u0000\u0000\u0000\u0000\u0000\u0000\u0000\u0000\u0000\u0000\u0000\u0000\u0000\u0000\u0000\u0000\u0000\u0000\u0000\u0000\u0000\u0000\u0000\u0000\u0000\u0000\u0000\u0000\u0000\u0000\u0000\u0000\u0000\u0000\u0000\u0000\u0000\u0000\u0000\u0000\u0000\u0000\u0000\u0000\u0000\u0000\u0000\u0000\u0000\u0000\u0000\u0000\u0000\u0000\u0000\u0000\u0000\u0000\u0000\u0000\u0000\u0000\u0000\u0000\u0000\u0000\u0000\u0000\u0000\u0000\u0000\u0000\u0000\u0000\u0000\u0000\u0000\u0000\u0000\u0000\u0000\u0000\u0000\u0000\u0000\u0000\u0000\u0000\u0000\u0000\u0000\u0000\u0000\u0000\u0000\u0000\u0000\u0000\u0000\u0000\u0000\u0000\u0000\u0000\u0000\u0000\u0000\u0000\u0000\u0000\u0000\u0000\u0000\u0000\u0000",
        "RESOLUTION": 0,
        "ATTRIBUTE": "Undetermined Alongshore Feature",
        "CLASS": "ALONGSHORE FEATURE",
        "F_CODE": null,
        "EX_METH": "M",
        "EXTRACT_TE": "P",
        "_selecter_format": "shapefile",
        "_selecter_sourcecrs": "EPSG:4269",
        "_selecter_source": "CA37B08 1857 SF",
        "_selecter_imported": "2026-08-03T23:06:12.543Z"
      },
      "geometry": {
        "type": "LineString",
        "coordinates": [
          [
            -122.393492,
            37.777259
          ],
          [
            -122.393532,
            37.777209
          ],
          [
            -122.393732,
            37.777089
          ],
          [
            -122.393692,
            37.777039
          ],
          [
            -122.393442,
            37.777179
          ]
        ]
      }
    },
    {
      "type": "Feature",
      "properties": {
        "FEATURE_ID": 930005,
        "FEATURE": 57,
        "SOURCE_ID": "T00687",
        "DATA_SOURC": "P",
        "SRC_DATE": "18570101",
        "HOR_ACC": "0",
        "INFORM": "\u0000\u0000\u0000\u0000\u0000\u0000\u0000\u0000\u0000\u0000\u0000\u0000\u0000\u0000\u0000\u0000\u0000\u0000\u0000\u0000\u0000\u0000\u0000\u0000\u0000\u0000\u0000\u0000\u0000\u0000\u0000\u0000\u0000\u0000\u0000\u0000\u0000\u0000\u0000\u0000\u0000\u0000\u0000\u0000\u0000\u0000\u0000\u0000\u0000\u0000\u0000\u0000\u0000\u0000\u0000\u0000\u0000\u0000\u0000\u0000\u0000\u0000\u0000\u0000\u0000\u0000\u0000\u0000\u0000\u0000\u0000\u0000\u0000\u0000\u0000\u0000\u0000\u0000\u0000\u0000\u0000\u0000\u0000\u0000\u0000\u0000\u0000\u0000\u0000\u0000\u0000\u0000\u0000\u0000\u0000\u0000\u0000\u0000\u0000\u0000\u0000\u0000\u0000\u0000\u0000\u0000\u0000\u0000\u0000\u0000\u0000\u0000\u0000\u0000\u0000\u0000\u0000\u0000\u0000\u0000\u0000\u0000\u0000\u0000\u0000\u0000\u0000\u0000\u0000\u0000\u0000\u0000\u0000\u0000\u0000\u0000\u0000\u0000\u0000\u0000\u0000\u0000\u0000\u0000\u0000\u0000\u0000\u0000\u0000\u0000\u0000\u0000\u0000\u0000\u0000\u0000\u0000\u0000\u0000\u0000\u0000\u0000\u0000\u0000\u0000\u0000\u0000\u0000\u0000\u0000\u0000\u0000\u0000\u0000\u0000\u0000\u0000\u0000\u0000\u0000\u0000\u0000\u0000\u0000\u0000\u0000\u0000\u0000\u0000\u0000\u0000\u0000\u0000\u0000\u0000\u0000\u0000\u0000\u0000\u0000\u0000\u0000\u0000\u0000\u0000\u0000\u0000\u0000\u0000\u0000\u0000\u0000\u0000\u0000\u0000\u0000\u0000\u0000\u0000\u0000\u0000\u0000\u0000\u0000\u0000\u0000\u0000\u0000\u0000\u0000\u0000\u0000\u0000\u0000\u0000\u0000\u0000\u0000\u0000\u0000\u0000\u0000\u0000\u0000\u0000\u0000\u0000\u0000\u0000\u0000\u0000\u0000\u0000\u0000",
        "RESOLUTION": 0,
        "ATTRIBUTE": "Undetermined Alongshore Feature",
        "CLASS": "ALONGSHORE FEATURE",
        "F_CODE": null,
        "EX_METH": "M",
        "EXTRACT_TE": "P",
        "_selecter_format": "shapefile",
        "_selecter_sourcecrs": "EPSG:4269",
        "_selecter_source": "CA37B08 1857 SF",
        "_selecter_imported": "2026-08-03T23:06:12.543Z"
      },
      "geometry": {
        "type": "LineString",
        "coordinates": [
          [
            -122.394182,
            37.777759
          ],
          [
            -122.394232,
            37.777699
          ],
          [
            -122.394602,
            37.777439
          ],
          [
            -122.394552,
            37.777379
          ],
          [
            -122.394292,
            37.777569
          ],
          [
            -122.394072,
            37.777759
          ]
        ]
      }
    },
    {
      "type": "Feature",
      "properties": {
        "FEATURE_ID": 930006,
        "FEATURE": 57,
        "SOURCE_ID": "T00687",
        "DATA_SOURC": "P",
        "SRC_DATE": "18570101",
        "HOR_ACC": "0",
        "INFORM": "\u0000\u0000\u0000\u0000\u0000\u0000\u0000\u0000\u0000\u0000\u0000\u0000\u0000\u0000\u0000\u0000\u0000\u0000\u0000\u0000\u0000\u0000\u0000\u0000\u0000\u0000\u0000\u0000\u0000\u0000\u0000\u0000\u0000\u0000\u0000\u0000\u0000\u0000\u0000\u0000\u0000\u0000\u0000\u0000\u0000\u0000\u0000\u0000\u0000\u0000\u0000\u0000\u0000\u0000\u0000\u0000\u0000\u0000\u0000\u0000\u0000\u0000\u0000\u0000\u0000\u0000\u0000\u0000\u0000\u0000\u0000\u0000\u0000\u0000\u0000\u0000\u0000\u0000\u0000\u0000\u0000\u0000\u0000\u0000\u0000\u0000\u0000\u0000\u0000\u0000\u0000\u0000\u0000\u0000\u0000\u0000\u0000\u0000\u0000\u0000\u0000\u0000\u0000\u0000\u0000\u0000\u0000\u0000\u0000\u0000\u0000\u0000\u0000\u0000\u0000\u0000\u0000\u0000\u0000\u0000\u0000\u0000\u0000\u0000\u0000\u0000\u0000\u0000\u0000\u0000\u0000\u0000\u0000\u0000\u0000\u0000\u0000\u0000\u0000\u0000\u0000\u0000\u0000\u0000\u0000\u0000\u0000\u0000\u0000\u0000\u0000\u0000\u0000\u0000\u0000\u0000\u0000\u0000\u0000\u0000\u0000\u0000\u0000\u0000\u0000\u0000\u0000\u0000\u0000\u0000\u0000\u0000\u0000\u0000\u0000\u0000\u0000\u0000\u0000\u0000\u0000\u0000\u0000\u0000\u0000\u0000\u0000\u0000\u0000\u0000\u0000\u0000\u0000\u0000\u0000\u0000\u0000\u0000\u0000\u0000\u0000\u0000\u0000\u0000\u0000\u0000\u0000\u0000\u0000\u0000\u0000\u0000\u0000\u0000\u0000\u0000\u0000\u0000\u0000\u0000\u0000\u0000\u0000\u0000\u0000\u0000\u0000\u0000\u0000\u0000\u0000\u0000\u0000\u0000\u0000\u0000\u0000\u0000\u0000\u0000\u0000\u0000\u0000\u0000\u0000\u0000\u0000\u0000\u0000\u0000\u0000\u0000\u0000\u0000",
        "RESOLUTION": 0,
        "ATTRIBUTE": "Undetermined Alongshore Feature",
        "CLASS": "ALONGSHORE FEATURE",
        "F_CODE": null,
        "EX_METH": "M",
        "EXTRACT_TE": "P",
        "_selecter_format": "shapefile",
        "_selecter_sourcecrs": "EPSG:4269",
        "_selecter_source": "CA37B08 1857 SF",
        "_selecter_imported": "2026-08-03T23:06:12.543Z"
      },
      "geometry": {
        "type": "LineString",
        "coordinates": [
          [
            -122.392242,
            37.777529
          ],
          [
            -122.392142,
            37.777549
          ],
          [
            -122.392002,
            37.777559
          ],
          [
            -122.391882,
            37.777559
          ],
          [
            -122.391782,
            37.777579
          ],
          [
            -122.391702,
            37.777589
          ],
          [
            -122.391762,
            37.777529
          ],
          [
            -122.391942,
            37.777529
          ],
          [
            -122.392042,
            37.777529
          ],
          [
            -122.392142,
            37.777509
          ],
          [
            -122.392262,
            37.777479
          ]
        ]
      }
    },
    {
      "type": "Feature",
      "properties": {
        "FEATURE_ID": 928074,
        "FEATURE": 57,
        "SOURCE_ID": "T00687",
        "DATA_SOURC": "P",
        "SRC_DATE": "18570101",
        "HOR_ACC": "0",
        "INFORM": "\u0000\u0000\u0000\u0000\u0000\u0000\u0000\u0000\u0000\u0000\u0000\u0000\u0000\u0000\u0000\u0000\u0000\u0000\u0000\u0000\u0000\u0000\u0000\u0000\u0000\u0000\u0000\u0000\u0000\u0000\u0000\u0000\u0000\u0000\u0000\u0000\u0000\u0000\u0000\u0000\u0000\u0000\u0000\u0000\u0000\u0000\u0000\u0000\u0000\u0000\u0000\u0000\u0000\u0000\u0000\u0000\u0000\u0000\u0000\u0000\u0000\u0000\u0000\u0000\u0000\u0000\u0000\u0000\u0000\u0000\u0000\u0000\u0000\u0000\u0000\u0000\u0000\u0000\u0000\u0000\u0000\u0000\u0000\u0000\u0000\u0000\u0000\u0000\u0000\u0000\u0000\u0000\u0000\u0000\u0000\u0000\u0000\u0000\u0000\u0000\u0000\u0000\u0000\u0000\u0000\u0000\u0000\u0000\u0000\u0000\u0000\u0000\u0000\u0000\u0000\u0000\u0000\u0000\u0000\u0000\u0000\u0000\u0000\u0000\u0000\u0000\u0000\u0000\u0000\u0000\u0000\u0000\u0000\u0000\u0000\u0000\u0000\u0000\u0000\u0000\u0000\u0000\u0000\u0000\u0000\u0000\u0000\u0000\u0000\u0000\u0000\u0000\u0000\u0000\u0000\u0000\u0000\u0000\u0000\u0000\u0000\u0000\u0000\u0000\u0000\u0000\u0000\u0000\u0000\u0000\u0000\u0000\u0000\u0000\u0000\u0000\u0000\u0000\u0000\u0000\u0000\u0000\u0000\u0000\u0000\u0000\u0000\u0000\u0000\u0000\u0000\u0000\u0000\u0000\u0000\u0000\u0000\u0000\u0000\u0000\u0000\u0000\u0000\u0000\u0000\u0000\u0000\u0000\u0000\u0000\u0000\u0000\u0000\u0000\u0000\u0000\u0000\u0000\u0000\u0000\u0000\u0000\u0000\u0000\u0000\u0000\u0000\u0000\u0000\u0000\u0000\u0000\u0000\u0000\u0000\u0000\u0000\u0000\u0000\u0000\u0000\u0000\u0000\u0000\u0000\u0000\u0000\u0000\u0000\u0000\u0000\u0000\u0000\u0000",
        "RESOLUTION": 0,
        "ATTRIBUTE": "Undetermined Alongshore Feature",
        "CLASS": "ALONGSHORE FEATURE",
        "F_CODE": null,
        "EX_METH": "M",
        "EXTRACT_TE": "P",
        "_selecter_format": "shapefile",
        "_selecter_sourcecrs": "EPSG:4269",
        "_selecter_source": "CA37B08 1857 SF",
        "_selecter_imported": "2026-08-03T23:06:12.543Z"
      },
      "geometry": {
        "type": "LineString",
        "coordinates": [
          [
            -122.414812,
            37.804089
          ],
          [
            -122.414812,
            37.804149
          ],
          [
            -122.414842,
            37.804189
          ],
          [
            -122.414852,
            37.804229
          ],
          [
            -122.414852,
            37.804249
          ],
          [
            -122.414842,
            37.804309
          ],
          [
            -122.414802,
            37.804309
          ],
          [
            -122.414742,
            37.804319
          ],
          [
            -122.414702,
            37.804319
          ],
          [
            -122.414692,
            37.804259
          ],
          [
            -122.414672,
            37.804219
          ],
          [
            -122.414652,
            37.804169
          ],
          [
            -122.414632,
            37.804109
          ]
        ]
      }
    },
    {
      "type": "Feature",
      "properties": {
        "FEATURE_ID": 928077,
        "FEATURE": 57,
        "SOURCE_ID": "T00687",
        "DATA_SOURC": "P",
        "SRC_DATE": "18570101",
        "HOR_ACC": "0",
        "INFORM": "\u0000\u0000\u0000\u0000\u0000\u0000\u0000\u0000\u0000\u0000\u0000\u0000\u0000\u0000\u0000\u0000\u0000\u0000\u0000\u0000\u0000\u0000\u0000\u0000\u0000\u0000\u0000\u0000\u0000\u0000\u0000\u0000\u0000\u0000\u0000\u0000\u0000\u0000\u0000\u0000\u0000\u0000\u0000\u0000\u0000\u0000\u0000\u0000\u0000\u0000\u0000\u0000\u0000\u0000\u0000\u0000\u0000\u0000\u0000\u0000\u0000\u0000\u0000\u0000\u0000\u0000\u0000\u0000\u0000\u0000\u0000\u0000\u0000\u0000\u0000\u0000\u0000\u0000\u0000\u0000\u0000\u0000\u0000\u0000\u0000\u0000\u0000\u0000\u0000\u0000\u0000\u0000\u0000\u0000\u0000\u0000\u0000\u0000\u0000\u0000\u0000\u0000\u0000\u0000\u0000\u0000\u0000\u0000\u0000\u0000\u0000\u0000\u0000\u0000\u0000\u0000\u0000\u0000\u0000\u0000\u0000\u0000\u0000\u0000\u0000\u0000\u0000\u0000\u0000\u0000\u0000\u0000\u0000\u0000\u0000\u0000\u0000\u0000\u0000\u0000\u0000\u0000\u0000\u0000\u0000\u0000\u0000\u0000\u0000\u0000\u0000\u0000\u0000\u0000\u0000\u0000\u0000\u0000\u0000\u0000\u0000\u0000\u0000\u0000\u0000\u0000\u0000\u0000\u0000\u0000\u0000\u0000\u0000\u0000\u0000\u0000\u0000\u0000\u0000\u0000\u0000\u0000\u0000\u0000\u0000\u0000\u0000\u0000\u0000\u0000\u0000\u0000\u0000\u0000\u0000\u0000\u0000\u0000\u0000\u0000\u0000\u0000\u0000\u0000\u0000\u0000\u0000\u0000\u0000\u0000\u0000\u0000\u0000\u0000\u0000\u0000\u0000\u0000\u0000\u0000\u0000\u0000\u0000\u0000\u0000\u0000\u0000\u0000\u0000\u0000\u0000\u0000\u0000\u0000\u0000\u0000\u0000\u0000\u0000\u0000\u0000\u0000\u0000\u0000\u0000\u0000\u0000\u0000\u0000\u0000\u0000\u0000\u0000\u0000",
        "RESOLUTION": 0,
        "ATTRIBUTE": "Undetermined Alongshore Feature",
        "CLASS": "ALONGSHORE FEATURE",
        "F_CODE": null,
        "EX_METH": "M",
        "EXTRACT_TE": "P",
        "_selecter_format": "shapefile",
        "_selecter_sourcecrs": "EPSG:4269",
        "_selecter_source": "CA37B08 1857 SF",
        "_selecter_imported": "2026-08-03T23:06:12.543Z"
      },
      "geometry": {
        "type": "LineString",
        "coordinates": [
          [
            -122.413922,
            37.804409
          ],
          [
            -122.413942,
            37.804439
          ],
          [
            -122.413962,
            37.804469
          ],
          [
            -122.413962,
            37.804489
          ],
          [
            -122.413942,
            37.804519
          ],
          [
            -122.413892,
            37.804539
          ],
          [
            -122.413842,
            37.804539
          ],
          [
            -122.413842,
            37.804509
          ],
          [
            -122.413842,
            37.804459
          ],
          [
            -122.413812,
            37.804439
          ]
        ]
      }
    },
    {
      "type": "Feature",
      "properties": {
        "FEATURE_ID": 928081,
        "FEATURE": 57,
        "SOURCE_ID": "T00687",
        "DATA_SOURC": "P",
        "SRC_DATE": "18570101",
        "HOR_ACC": "0",
        "INFORM": "\u0000\u0000\u0000\u0000\u0000\u0000\u0000\u0000\u0000\u0000\u0000\u0000\u0000\u0000\u0000\u0000\u0000\u0000\u0000\u0000\u0000\u0000\u0000\u0000\u0000\u0000\u0000\u0000\u0000\u0000\u0000\u0000\u0000\u0000\u0000\u0000\u0000\u0000\u0000\u0000\u0000\u0000\u0000\u0000\u0000\u0000\u0000\u0000\u0000\u0000\u0000\u0000\u0000\u0000\u0000\u0000\u0000\u0000\u0000\u0000\u0000\u0000\u0000\u0000\u0000\u0000\u0000\u0000\u0000\u0000\u0000\u0000\u0000\u0000\u0000\u0000\u0000\u0000\u0000\u0000\u0000\u0000\u0000\u0000\u0000\u0000\u0000\u0000\u0000\u0000\u0000\u0000\u0000\u0000\u0000\u0000\u0000\u0000\u0000\u0000\u0000\u0000\u0000\u0000\u0000\u0000\u0000\u0000\u0000\u0000\u0000\u0000\u0000\u0000\u0000\u0000\u0000\u0000\u0000\u0000\u0000\u0000\u0000\u0000\u0000\u0000\u0000\u0000\u0000\u0000\u0000\u0000\u0000\u0000\u0000\u0000\u0000\u0000\u0000\u0000\u0000\u0000\u0000\u0000\u0000\u0000\u0000\u0000\u0000\u0000\u0000\u0000\u0000\u0000\u0000\u0000\u0000\u0000\u0000\u0000\u0000\u0000\u0000\u0000\u0000\u0000\u0000\u0000\u0000\u0000\u0000\u0000\u0000\u0000\u0000\u0000\u0000\u0000\u0000\u0000\u0000\u0000\u0000\u0000\u0000\u0000\u0000\u0000\u0000\u0000\u0000\u0000\u0000\u0000\u0000\u0000\u0000\u0000\u0000\u0000\u0000\u0000\u0000\u0000\u0000\u0000\u0000\u0000\u0000\u0000\u0000\u0000\u0000\u0000\u0000\u0000\u0000\u0000\u0000\u0000\u0000\u0000\u0000\u0000\u0000\u0000\u0000\u0000\u0000\u0000\u0000\u0000\u0000\u0000\u0000\u0000\u0000\u0000\u0000\u0000\u0000\u0000\u0000\u0000\u0000\u0000\u0000\u0000\u0000\u0000\u0000\u0000\u0000\u0000",
        "RESOLUTION": 0,
        "ATTRIBUTE": "Undetermined Alongshore Feature",
        "CLASS": "ALONGSHORE FEATURE",
        "F_CODE": null,
        "EX_METH": "M",
        "EXTRACT_TE": "P",
        "_selecter_format": "shapefile",
        "_selecter_sourcecrs": "EPSG:4269",
        "_selecter_source": "CA37B08 1857 SF",
        "_selecter_imported": "2026-08-03T23:06:12.543Z"
      },
      "geometry": {
        "type": "LineString",
        "coordinates": [
          [
            -122.412652,
            37.804959
          ],
          [
            -122.412672,
            37.805019
          ],
          [
            -122.412682,
            37.805059
          ],
          [
            -122.412692,
            37.805099
          ],
          [
            -122.412712,
            37.805149
          ],
          [
            -122.412642,
            37.805199
          ],
          [
            -122.412602,
            37.805239
          ],
          [
            -122.412602,
            37.805299
          ],
          [
            -122.412652,
            37.805509
          ],
          [
            -122.412692,
            37.805679
          ],
          [
            -122.412722,
            37.805869
          ],
          [
            -122.412762,
            37.806089
          ],
          [
            -122.412792,
            37.806239
          ],
          [
            -122.412822,
            37.806389
          ],
          [
            -122.412882,
            37.806619
          ],
          [
            -122.412892,
            37.806739
          ],
          [
            -122.412912,
            37.806829
          ],
          [
            -122.412942,
            37.806889
          ],
          [
            -122.412962,
            37.806979
          ],
          [
            -122.412992,
            37.807099
          ],
          [
            -122.413042,
            37.807189
          ],
          [
            -122.413052,
            37.807419
          ],
          [
            -122.413102,
            37.807578
          ],
          [
            -122.413142,
            37.807898
          ],
          [
            -122.413202,
            37.808208
          ],
          [
            -122.413222,
            37.808308
          ],
          [
            -122.413272,
            37.808528
          ],
          [
            -122.413312,
            37.808648
          ],
          [
            -122.413342,
            37.808938
          ],
          [
            -122.413152,
            37.808958
          ],
          [
            -122.412702,
            37.808988
          ],
          [
            -122.412342,
            37.809018
          ],
          [
            -122.412312,
            37.808828
          ],
          [
            -122.412722,
            37.808798
          ],
          [
            -122.413162,
            37.808758
          ],
          [
            -122.413132,
            37.808518
          ],
          [
            -122.412732,
            37.808528
          ],
          [
            -122.412262,
            37.808548
          ],
          [
            -122.412202,
            37.808258
          ],
          [
            -122.413032,
            37.808208
          ],
          [
            -122.413062,
            37.808108
          ],
          [
            -122.413012,
            37.807918
          ],
          [
            -122.412972,
            37.807698
          ],
          [
            -122.412922,
            37.807479
          ],
          [
            -122.412872,
            37.807229
          ],
          [
            -122.412792,
            37.806739
          ],
          [
            -122.412742,
            37.806449
          ],
          [
            -122.412622,
            37.805739
          ],
          [
            -122.412472,
            37.805209
          ],
          [
            -122.412302,
            37.805229
          ],
          [
            -122.412292,
            37.805099
          ],
          [
            -122.412282,
            37.805009
          ]
        ]
      }
    },
    {
      "type": "Feature",
      "properties": {
        "FEATURE_ID": 928083,
        "FEATURE": 57,
        "SOURCE_ID": "T00687",
        "DATA_SOURC": "P",
        "SRC_DATE": "18570101",
        "HOR_ACC": "0",
        "INFORM": "\u0000\u0000\u0000\u0000\u0000\u0000\u0000\u0000\u0000\u0000\u0000\u0000\u0000\u0000\u0000\u0000\u0000\u0000\u0000\u0000\u0000\u0000\u0000\u0000\u0000\u0000\u0000\u0000\u0000\u0000\u0000\u0000\u0000\u0000\u0000\u0000\u0000\u0000\u0000\u0000\u0000\u0000\u0000\u0000\u0000\u0000\u0000\u0000\u0000\u0000\u0000\u0000\u0000\u0000\u0000\u0000\u0000\u0000\u0000\u0000\u0000\u0000\u0000\u0000\u0000\u0000\u0000\u0000\u0000\u0000\u0000\u0000\u0000\u0000\u0000\u0000\u0000\u0000\u0000\u0000\u0000\u0000\u0000\u0000\u0000\u0000\u0000\u0000\u0000\u0000\u0000\u0000\u0000\u0000\u0000\u0000\u0000\u0000\u0000\u0000\u0000\u0000\u0000\u0000\u0000\u0000\u0000\u0000\u0000\u0000\u0000\u0000\u0000\u0000\u0000\u0000\u0000\u0000\u0000\u0000\u0000\u0000\u0000\u0000\u0000\u0000\u0000\u0000\u0000\u0000\u0000\u0000\u0000\u0000\u0000\u0000\u0000\u0000\u0000\u0000\u0000\u0000\u0000\u0000\u0000\u0000\u0000\u0000\u0000\u0000\u0000\u0000\u0000\u0000\u0000\u0000\u0000\u0000\u0000\u0000\u0000\u0000\u0000\u0000\u0000\u0000\u0000\u0000\u0000\u0000\u0000\u0000\u0000\u0000\u0000\u0000\u0000\u0000\u0000\u0000\u0000\u0000\u0000\u0000\u0000\u0000\u0000\u0000\u0000\u0000\u0000\u0000\u0000\u0000\u0000\u0000\u0000\u0000\u0000\u0000\u0000\u0000\u0000\u0000\u0000\u0000\u0000\u0000\u0000\u0000\u0000\u0000\u0000\u0000\u0000\u0000\u0000\u0000\u0000\u0000\u0000\u0000\u0000\u0000\u0000\u0000\u0000\u0000\u0000\u0000\u0000\u0000\u0000\u0000\u0000\u0000\u0000\u0000\u0000\u0000\u0000\u0000\u0000\u0000\u0000\u0000\u0000\u0000\u0000\u0000\u0000\u0000\u0000\u0000",
        "RESOLUTION": 0,
        "ATTRIBUTE": "Undetermined Alongshore Feature",
        "CLASS": "ALONGSHORE FEATURE",
        "F_CODE": null,
        "EX_METH": "M",
        "EXTRACT_TE": "P",
        "_selecter_format": "shapefile",
        "_selecter_sourcecrs": "EPSG:4269",
        "_selecter_source": "CA37B08 1857 SF",
        "_selecter_imported": "2026-08-03T23:06:12.543Z"
      },
      "geometry": {
        "type": "LineString",
        "coordinates": [
          [
            -122.411552,
            37.805209
          ],
          [
            -122.411532,
            37.805309
          ],
          [
            -122.411442,
            37.805329
          ],
          [
            -122.411362,
            37.805269
          ]
        ]
      }
    },
    {
      "type": "Feature",
      "properties": {
        "FEATURE_ID": 928087,
        "FEATURE": 57,
        "SOURCE_ID": "T00687",
        "DATA_SOURC": "P",
        "SRC_DATE": "18570101",
        "HOR_ACC": "0",
        "INFORM": "\u0000\u0000\u0000\u0000\u0000\u0000\u0000\u0000\u0000\u0000\u0000\u0000\u0000\u0000\u0000\u0000\u0000\u0000\u0000\u0000\u0000\u0000\u0000\u0000\u0000\u0000\u0000\u0000\u0000\u0000\u0000\u0000\u0000\u0000\u0000\u0000\u0000\u0000\u0000\u0000\u0000\u0000\u0000\u0000\u0000\u0000\u0000\u0000\u0000\u0000\u0000\u0000\u0000\u0000\u0000\u0000\u0000\u0000\u0000\u0000\u0000\u0000\u0000\u0000\u0000\u0000\u0000\u0000\u0000\u0000\u0000\u0000\u0000\u0000\u0000\u0000\u0000\u0000\u0000\u0000\u0000\u0000\u0000\u0000\u0000\u0000\u0000\u0000\u0000\u0000\u0000\u0000\u0000\u0000\u0000\u0000\u0000\u0000\u0000\u0000\u0000\u0000\u0000\u0000\u0000\u0000\u0000\u0000\u0000\u0000\u0000\u0000\u0000\u0000\u0000\u0000\u0000\u0000\u0000\u0000\u0000\u0000\u0000\u0000\u0000\u0000\u0000\u0000\u0000\u0000\u0000\u0000\u0000\u0000\u0000\u0000\u0000\u0000\u0000\u0000\u0000\u0000\u0000\u0000\u0000\u0000\u0000\u0000\u0000\u0000\u0000\u0000\u0000\u0000\u0000\u0000\u0000\u0000\u0000\u0000\u0000\u0000\u0000\u0000\u0000\u0000\u0000\u0000\u0000\u0000\u0000\u0000\u0000\u0000\u0000\u0000\u0000\u0000\u0000\u0000\u0000\u0000\u0000\u0000\u0000\u0000\u0000\u0000\u0000\u0000\u0000\u0000\u0000\u0000\u0000\u0000\u0000\u0000\u0000\u0000\u0000\u0000\u0000\u0000\u0000\u0000\u0000\u0000\u0000\u0000\u0000\u0000\u0000\u0000\u0000\u0000\u0000\u0000\u0000\u0000\u0000\u0000\u0000\u0000\u0000\u0000\u0000\u0000\u0000\u0000\u0000\u0000\u0000\u0000\u0000\u0000\u0000\u0000\u0000\u0000\u0000\u0000\u0000\u0000\u0000\u0000\u0000\u0000\u0000\u0000\u0000\u0000\u0000\u0000",
        "RESOLUTION": 0,
        "ATTRIBUTE": "Undetermined Alongshore Feature",
        "CLASS": "ALONGSHORE FEATURE",
        "F_CODE": null,
        "EX_METH": "M",
        "EXTRACT_TE": "P",
        "_selecter_format": "shapefile",
        "_selecter_sourcecrs": "EPSG:4269",
        "_selecter_source": "CA37B08 1857 SF",
        "_selecter_imported": "2026-08-03T23:06:12.543Z"
      },
      "geometry": {
        "type": "LineString",
        "coordinates": [
          [
            -122.410082,
            37.805919
          ],
          [
            -122.410062,
            37.805769
          ],
          [
            -122.410012,
            37.805669
          ]
        ]
      }
    },
    {
      "type": "Feature",
      "properties": {
        "FEATURE_ID": 928088,
        "FEATURE": 57,
        "SOURCE_ID": "T00687",
        "DATA_SOURC": "P",
        "SRC_DATE": "18570101",
        "HOR_ACC": "0",
        "INFORM": "\u0000\u0000\u0000\u0000\u0000\u0000\u0000\u0000\u0000\u0000\u0000\u0000\u0000\u0000\u0000\u0000\u0000\u0000\u0000\u0000\u0000\u0000\u0000\u0000\u0000\u0000\u0000\u0000\u0000\u0000\u0000\u0000\u0000\u0000\u0000\u0000\u0000\u0000\u0000\u0000\u0000\u0000\u0000\u0000\u0000\u0000\u0000\u0000\u0000\u0000\u0000\u0000\u0000\u0000\u0000\u0000\u0000\u0000\u0000\u0000\u0000\u0000\u0000\u0000\u0000\u0000\u0000\u0000\u0000\u0000\u0000\u0000\u0000\u0000\u0000\u0000\u0000\u0000\u0000\u0000\u0000\u0000\u0000\u0000\u0000\u0000\u0000\u0000\u0000\u0000\u0000\u0000\u0000\u0000\u0000\u0000\u0000\u0000\u0000\u0000\u0000\u0000\u0000\u0000\u0000\u0000\u0000\u0000\u0000\u0000\u0000\u0000\u0000\u0000\u0000\u0000\u0000\u0000\u0000\u0000\u0000\u0000\u0000\u0000\u0000\u0000\u0000\u0000\u0000\u0000\u0000\u0000\u0000\u0000\u0000\u0000\u0000\u0000\u0000\u0000\u0000\u0000\u0000\u0000\u0000\u0000\u0000\u0000\u0000\u0000\u0000\u0000\u0000\u0000\u0000\u0000\u0000\u0000\u0000\u0000\u0000\u0000\u0000\u0000\u0000\u0000\u0000\u0000\u0000\u0000\u0000\u0000\u0000\u0000\u0000\u0000\u0000\u0000\u0000\u0000\u0000\u0000\u0000\u0000\u0000\u0000\u0000\u0000\u0000\u0000\u0000\u0000\u0000\u0000\u0000\u0000\u0000\u0000\u0000\u0000\u0000\u0000\u0000\u0000\u0000\u0000\u0000\u0000\u0000\u0000\u0000\u0000\u0000\u0000\u0000\u0000\u0000\u0000\u0000\u0000\u0000\u0000\u0000\u0000\u0000\u0000\u0000\u0000\u0000\u0000\u0000\u0000\u0000\u0000\u0000\u0000\u0000\u0000\u0000\u0000\u0000\u0000\u0000\u0000\u0000\u0000\u0000\u0000\u0000\u0000\u0000\u0000\u0000\u0000",
        "RESOLUTION": 0,
        "ATTRIBUTE": "Undetermined Alongshore Feature",
        "CLASS": "ALONGSHORE FEATURE",
        "F_CODE": null,
        "EX_METH": "M",
        "EXTRACT_TE": "P",
        "_selecter_format": "shapefile",
        "_selecter_sourcecrs": "EPSG:4269",
        "_selecter_source": "CA37B08 1857 SF",
        "_selecter_imported": "2026-08-03T23:06:12.543Z"
      },
      "geometry": {
        "type": "LineString",
        "coordinates": [
          [
            -122.410132,
            37.805619
          ],
          [
            -122.410132,
            37.805729
          ],
          [
            -122.410192,
            37.805899
          ]
        ]
      }
    },
    {
      "type": "Feature",
      "properties": {
        "FEATURE_ID": 928089,
        "FEATURE": 57,
        "SOURCE_ID": "T00687",
        "DATA_SOURC": "P",
        "SRC_DATE": "18570101",
        "HOR_ACC": "0",
        "INFORM": "\u0000\u0000\u0000\u0000\u0000\u0000\u0000\u0000\u0000\u0000\u0000\u0000\u0000\u0000\u0000\u0000\u0000\u0000\u0000\u0000\u0000\u0000\u0000\u0000\u0000\u0000\u0000\u0000\u0000\u0000\u0000\u0000\u0000\u0000\u0000\u0000\u0000\u0000\u0000\u0000\u0000\u0000\u0000\u0000\u0000\u0000\u0000\u0000\u0000\u0000\u0000\u0000\u0000\u0000\u0000\u0000\u0000\u0000\u0000\u0000\u0000\u0000\u0000\u0000\u0000\u0000\u0000\u0000\u0000\u0000\u0000\u0000\u0000\u0000\u0000\u0000\u0000\u0000\u0000\u0000\u0000\u0000\u0000\u0000\u0000\u0000\u0000\u0000\u0000\u0000\u0000\u0000\u0000\u0000\u0000\u0000\u0000\u0000\u0000\u0000\u0000\u0000\u0000\u0000\u0000\u0000\u0000\u0000\u0000\u0000\u0000\u0000\u0000\u0000\u0000\u0000\u0000\u0000\u0000\u0000\u0000\u0000\u0000\u0000\u0000\u0000\u0000\u0000\u0000\u0000\u0000\u0000\u0000\u0000\u0000\u0000\u0000\u0000\u0000\u0000\u0000\u0000\u0000\u0000\u0000\u0000\u0000\u0000\u0000\u0000\u0000\u0000\u0000\u0000\u0000\u0000\u0000\u0000\u0000\u0000\u0000\u0000\u0000\u0000\u0000\u0000\u0000\u0000\u0000\u0000\u0000\u0000\u0000\u0000\u0000\u0000\u0000\u0000\u0000\u0000\u0000\u0000\u0000\u0000\u0000\u0000\u0000\u0000\u0000\u0000\u0000\u0000\u0000\u0000\u0000\u0000\u0000\u0000\u0000\u0000\u0000\u0000\u0000\u0000\u0000\u0000\u0000\u0000\u0000\u0000\u0000\u0000\u0000\u0000\u0000\u0000\u0000\u0000\u0000\u0000\u0000\u0000\u0000\u0000\u0000\u0000\u0000\u0000\u0000\u0000\u0000\u0000\u0000\u0000\u0000\u0000\u0000\u0000\u0000\u0000\u0000\u0000\u0000\u0000\u0000\u0000\u0000\u0000\u0000\u0000\u0000\u0000\u0000\u0000",
        "RESOLUTION": 0,
        "ATTRIBUTE": "Undetermined Alongshore Feature",
        "CLASS": "ALONGSHORE FEATURE",
        "F_CODE": null,
        "EX_METH": "M",
        "EXTRACT_TE": "P",
        "_selecter_format": "shapefile",
        "_selecter_sourcecrs": "EPSG:4269",
        "_selecter_source": "CA37B08 1857 SF",
        "_selecter_imported": "2026-08-03T23:06:12.543Z"
      },
      "geometry": {
        "type": "LineString",
        "coordinates": [
          [
            -122.410192,
            37.805899
          ],
          [
            -122.410082,
            37.805919
          ]
        ]
      }
    },
    {
      "type": "Feature",
      "properties": {
        "FEATURE_ID": 928091,
        "FEATURE": 57,
        "SOURCE_ID": "T00687",
        "DATA_SOURC": "P",
        "SRC_DATE": "18570101",
        "HOR_ACC": "0",
        "INFORM": "\u0000\u0000\u0000\u0000\u0000\u0000\u0000\u0000\u0000\u0000\u0000\u0000\u0000\u0000\u0000\u0000\u0000\u0000\u0000\u0000\u0000\u0000\u0000\u0000\u0000\u0000\u0000\u0000\u0000\u0000\u0000\u0000\u0000\u0000\u0000\u0000\u0000\u0000\u0000\u0000\u0000\u0000\u0000\u0000\u0000\u0000\u0000\u0000\u0000\u0000\u0000\u0000\u0000\u0000\u0000\u0000\u0000\u0000\u0000\u0000\u0000\u0000\u0000\u0000\u0000\u0000\u0000\u0000\u0000\u0000\u0000\u0000\u0000\u0000\u0000\u0000\u0000\u0000\u0000\u0000\u0000\u0000\u0000\u0000\u0000\u0000\u0000\u0000\u0000\u0000\u0000\u0000\u0000\u0000\u0000\u0000\u0000\u0000\u0000\u0000\u0000\u0000\u0000\u0000\u0000\u0000\u0000\u0000\u0000\u0000\u0000\u0000\u0000\u0000\u0000\u0000\u0000\u0000\u0000\u0000\u0000\u0000\u0000\u0000\u0000\u0000\u0000\u0000\u0000\u0000\u0000\u0000\u0000\u0000\u0000\u0000\u0000\u0000\u0000\u0000\u0000\u0000\u0000\u0000\u0000\u0000\u0000\u0000\u0000\u0000\u0000\u0000\u0000\u0000\u0000\u0000\u0000\u0000\u0000\u0000\u0000\u0000\u0000\u0000\u0000\u0000\u0000\u0000\u0000\u0000\u0000\u0000\u0000\u0000\u0000\u0000\u0000\u0000\u0000\u0000\u0000\u0000\u0000\u0000\u0000\u0000\u0000\u0000\u0000\u0000\u0000\u0000\u0000\u0000\u0000\u0000\u0000\u0000\u0000\u0000\u0000\u0000\u0000\u0000\u0000\u0000\u0000\u0000\u0000\u0000\u0000\u0000\u0000\u0000\u0000\u0000\u0000\u0000\u0000\u0000\u0000\u0000\u0000\u0000\u0000\u0000\u0000\u0000\u0000\u0000\u0000\u0000\u0000\u0000\u0000\u0000\u0000\u0000\u0000\u0000\u0000\u0000\u0000\u0000\u0000\u0000\u0000\u0000\u0000\u0000\u0000\u0000\u0000\u0000",
        "RESOLUTION": 0,
        "ATTRIBUTE": "Undetermined Alongshore Feature",
        "CLASS": "ALONGSHORE FEATURE",
        "F_CODE": null,
        "EX_METH": "M",
        "EXTRACT_TE": "P",
        "_selecter_format": "shapefile",
        "_selecter_sourcecrs": "EPSG:4269",
        "_selecter_source": "CA37B08 1857 SF",
        "_selecter_imported": "2026-08-03T23:06:12.543Z"
      },
      "geometry": {
        "type": "LineString",
        "coordinates": [
          [
            -122.409042,
            37.806089
          ],
          [
            -122.409352,
            37.806059
          ],
          [
            -122.409852,
            37.805989
          ],
          [
            -122.410322,
            37.805929
          ],
          [
            -122.411662,
            37.805739
          ],
          [
            -122.411662,
            37.805829
          ],
          [
            -122.410842,
            37.805919
          ],
          [
            -122.410052,
            37.806029
          ],
          [
            -122.408942,
            37.806209
          ]
        ]
      }
    },
    {
      "type": "Feature",
      "properties": {
        "FEATURE_ID": 928096,
        "FEATURE": 57,
        "SOURCE_ID": "T00687",
        "DATA_SOURC": "P",
        "SRC_DATE": "18570101",
        "HOR_ACC": "0",
        "INFORM": "\u0000\u0000\u0000\u0000\u0000\u0000\u0000\u0000\u0000\u0000\u0000\u0000\u0000\u0000\u0000\u0000\u0000\u0000\u0000\u0000\u0000\u0000\u0000\u0000\u0000\u0000\u0000\u0000\u0000\u0000\u0000\u0000\u0000\u0000\u0000\u0000\u0000\u0000\u0000\u0000\u0000\u0000\u0000\u0000\u0000\u0000\u0000\u0000\u0000\u0000\u0000\u0000\u0000\u0000\u0000\u0000\u0000\u0000\u0000\u0000\u0000\u0000\u0000\u0000\u0000\u0000\u0000\u0000\u0000\u0000\u0000\u0000\u0000\u0000\u0000\u0000\u0000\u0000\u0000\u0000\u0000\u0000\u0000\u0000\u0000\u0000\u0000\u0000\u0000\u0000\u0000\u0000\u0000\u0000\u0000\u0000\u0000\u0000\u0000\u0000\u0000\u0000\u0000\u0000\u0000\u0000\u0000\u0000\u0000\u0000\u0000\u0000\u0000\u0000\u0000\u0000\u0000\u0000\u0000\u0000\u0000\u0000\u0000\u0000\u0000\u0000\u0000\u0000\u0000\u0000\u0000\u0000\u0000\u0000\u0000\u0000\u0000\u0000\u0000\u0000\u0000\u0000\u0000\u0000\u0000\u0000\u0000\u0000\u0000\u0000\u0000\u0000\u0000\u0000\u0000\u0000\u0000\u0000\u0000\u0000\u0000\u0000\u0000\u0000\u0000\u0000\u0000\u0000\u0000\u0000\u0000\u0000\u0000\u0000\u0000\u0000\u0000\u0000\u0000\u0000\u0000\u0000\u0000\u0000\u0000\u0000\u0000\u0000\u0000\u0000\u0000\u0000\u0000\u0000\u0000\u0000\u0000\u0000\u0000\u0000\u0000\u0000\u0000\u0000\u0000\u0000\u0000\u0000\u0000\u0000\u0000\u0000\u0000\u0000\u0000\u0000\u0000\u0000\u0000\u0000\u0000\u0000\u0000\u0000\u0000\u0000\u0000\u0000\u0000\u0000\u0000\u0000\u0000\u0000\u0000\u0000\u0000\u0000\u0000\u0000\u0000\u0000\u0000\u0000\u0000\u0000\u0000\u0000\u0000\u0000\u0000\u0000\u0000\u0000",
        "RESOLUTION": 0,
        "ATTRIBUTE": "Undetermined Alongshore Feature",
        "CLASS": "ALONGSHORE FEATURE",
        "F_CODE": null,
        "EX_METH": "M",
        "EXTRACT_TE": "P",
        "_selecter_format": "shapefile",
        "_selecter_sourcecrs": "EPSG:4269",
        "_selecter_source": "CA37B08 1857 SF",
        "_selecter_imported": "2026-08-03T23:06:12.543Z"
      },
      "geometry": {
        "type": "LineString",
        "coordinates": [
          [
            -122.403372,
            37.804639
          ],
          [
            -122.403422,
            37.804879
          ],
          [
            -122.403262,
            37.804899
          ],
          [
            -122.403192,
            37.804579
          ],
          [
            -122.403112,
            37.804119
          ]
        ]
      }
    },
    {
      "type": "Feature",
      "properties": {
        "FEATURE_ID": 928747,
        "FEATURE": 57,
        "SOURCE_ID": "T00687",
        "DATA_SOURC": "P",
        "SRC_DATE": "18570101",
        "HOR_ACC": "0",
        "INFORM": "\u0000\u0000\u0000\u0000\u0000\u0000\u0000\u0000\u0000\u0000\u0000\u0000\u0000\u0000\u0000\u0000\u0000\u0000\u0000\u0000\u0000\u0000\u0000\u0000\u0000\u0000\u0000\u0000\u0000\u0000\u0000\u0000\u0000\u0000\u0000\u0000\u0000\u0000\u0000\u0000\u0000\u0000\u0000\u0000\u0000\u0000\u0000\u0000\u0000\u0000\u0000\u0000\u0000\u0000\u0000\u0000\u0000\u0000\u0000\u0000\u0000\u0000\u0000\u0000\u0000\u0000\u0000\u0000\u0000\u0000\u0000\u0000\u0000\u0000\u0000\u0000\u0000\u0000\u0000\u0000\u0000\u0000\u0000\u0000\u0000\u0000\u0000\u0000\u0000\u0000\u0000\u0000\u0000\u0000\u0000\u0000\u0000\u0000\u0000\u0000\u0000\u0000\u0000\u0000\u0000\u0000\u0000\u0000\u0000\u0000\u0000\u0000\u0000\u0000\u0000\u0000\u0000\u0000\u0000\u0000\u0000\u0000\u0000\u0000\u0000\u0000\u0000\u0000\u0000\u0000\u0000\u0000\u0000\u0000\u0000\u0000\u0000\u0000\u0000\u0000\u0000\u0000\u0000\u0000\u0000\u0000\u0000\u0000\u0000\u0000\u0000\u0000\u0000\u0000\u0000\u0000\u0000\u0000\u0000\u0000\u0000\u0000\u0000\u0000\u0000\u0000\u0000\u0000\u0000\u0000\u0000\u0000\u0000\u0000\u0000\u0000\u0000\u0000\u0000\u0000\u0000\u0000\u0000\u0000\u0000\u0000\u0000\u0000\u0000\u0000\u0000\u0000\u0000\u0000\u0000\u0000\u0000\u0000\u0000\u0000\u0000\u0000\u0000\u0000\u0000\u0000\u0000\u0000\u0000\u0000\u0000\u0000\u0000\u0000\u0000\u0000\u0000\u0000\u0000\u0000\u0000\u0000\u0000\u0000\u0000\u0000\u0000\u0000\u0000\u0000\u0000\u0000\u0000\u0000\u0000\u0000\u0000\u0000\u0000\u0000\u0000\u0000\u0000\u0000\u0000\u0000\u0000\u0000\u0000\u0000\u0000\u0000\u0000\u0000",
        "RESOLUTION": 0,
        "ATTRIBUTE": "Undetermined Alongshore Feature",
        "CLASS": "ALONGSHORE FEATURE",
        "F_CODE": null,
        "EX_METH": "M",
        "EXTRACT_TE": "P",
        "_selecter_format": "shapefile",
        "_selecter_sourcecrs": "EPSG:4269",
        "_selecter_source": "CA37B08 1857 SF",
        "_selecter_imported": "2026-08-03T23:06:12.543Z"
      },
      "geometry": {
        "type": "LineString",
        "coordinates": [
          [
            -122.383502,
            37.75527
          ],
          [
            -122.383232,
            37.75506
          ],
          [
            -122.383312,
            37.75503
          ],
          [
            -122.383552,
            37.75523
          ]
        ]
      }
    },
    {
      "type": "Feature",
      "properties": {
        "FEATURE_ID": 928751,
        "FEATURE": 57,
        "SOURCE_ID": "T00687",
        "DATA_SOURC": "P",
        "SRC_DATE": "18570101",
        "HOR_ACC": "0",
        "INFORM": "\u0000\u0000\u0000\u0000\u0000\u0000\u0000\u0000\u0000\u0000\u0000\u0000\u0000\u0000\u0000\u0000\u0000\u0000\u0000\u0000\u0000\u0000\u0000\u0000\u0000\u0000\u0000\u0000\u0000\u0000\u0000\u0000\u0000\u0000\u0000\u0000\u0000\u0000\u0000\u0000\u0000\u0000\u0000\u0000\u0000\u0000\u0000\u0000\u0000\u0000\u0000\u0000\u0000\u0000\u0000\u0000\u0000\u0000\u0000\u0000\u0000\u0000\u0000\u0000\u0000\u0000\u0000\u0000\u0000\u0000\u0000\u0000\u0000\u0000\u0000\u0000\u0000\u0000\u0000\u0000\u0000\u0000\u0000\u0000\u0000\u0000\u0000\u0000\u0000\u0000\u0000\u0000\u0000\u0000\u0000\u0000\u0000\u0000\u0000\u0000\u0000\u0000\u0000\u0000\u0000\u0000\u0000\u0000\u0000\u0000\u0000\u0000\u0000\u0000\u0000\u0000\u0000\u0000\u0000\u0000\u0000\u0000\u0000\u0000\u0000\u0000\u0000\u0000\u0000\u0000\u0000\u0000\u0000\u0000\u0000\u0000\u0000\u0000\u0000\u0000\u0000\u0000\u0000\u0000\u0000\u0000\u0000\u0000\u0000\u0000\u0000\u0000\u0000\u0000\u0000\u0000\u0000\u0000\u0000\u0000\u0000\u0000\u0000\u0000\u0000\u0000\u0000\u0000\u0000\u0000\u0000\u0000\u0000\u0000\u0000\u0000\u0000\u0000\u0000\u0000\u0000\u0000\u0000\u0000\u0000\u0000\u0000\u0000\u0000\u0000\u0000\u0000\u0000\u0000\u0000\u0000\u0000\u0000\u0000\u0000\u0000\u0000\u0000\u0000\u0000\u0000\u0000\u0000\u0000\u0000\u0000\u0000\u0000\u0000\u0000\u0000\u0000\u0000\u0000\u0000\u0000\u0000\u0000\u0000\u0000\u0000\u0000\u0000\u0000\u0000\u0000\u0000\u0000\u0000\u0000\u0000\u0000\u0000\u0000\u0000\u0000\u0000\u0000\u0000\u0000\u0000\u0000\u0000\u0000\u0000\u0000\u0000\u0000\u0000",
        "RESOLUTION": 0,
        "ATTRIBUTE": "Undetermined Alongshore Feature",
        "CLASS": "ALONGSHORE FEATURE",
        "F_CODE": null,
        "EX_METH": "M",
        "EXTRACT_TE": "P",
        "_selecter_format": "shapefile",
        "_selecter_sourcecrs": "EPSG:4269",
        "_selecter_source": "CA37B08 1857 SF",
        "_selecter_imported": "2026-08-03T23:06:12.543Z"
      },
      "geometry": {
        "type": "LineString",
        "coordinates": [
          [
            -122.388142,
            37.75581
          ],
          [
            -122.387552,
            37.75563
          ],
          [
            -122.387522,
            37.75568
          ],
          [
            -122.387842,
            37.75579
          ],
          [
            -122.388092,
            37.75587
          ]
        ]
      }
    },
    {
      "type": "Feature",
      "properties": {
        "FEATURE_ID": 928758,
        "FEATURE": 57,
        "SOURCE_ID": "T00687",
        "DATA_SOURC": "P",
        "SRC_DATE": "18570101",
        "HOR_ACC": "0",
        "INFORM": "\u0000\u0000\u0000\u0000\u0000\u0000\u0000\u0000\u0000\u0000\u0000\u0000\u0000\u0000\u0000\u0000\u0000\u0000\u0000\u0000\u0000\u0000\u0000\u0000\u0000\u0000\u0000\u0000\u0000\u0000\u0000\u0000\u0000\u0000\u0000\u0000\u0000\u0000\u0000\u0000\u0000\u0000\u0000\u0000\u0000\u0000\u0000\u0000\u0000\u0000\u0000\u0000\u0000\u0000\u0000\u0000\u0000\u0000\u0000\u0000\u0000\u0000\u0000\u0000\u0000\u0000\u0000\u0000\u0000\u0000\u0000\u0000\u0000\u0000\u0000\u0000\u0000\u0000\u0000\u0000\u0000\u0000\u0000\u0000\u0000\u0000\u0000\u0000\u0000\u0000\u0000\u0000\u0000\u0000\u0000\u0000\u0000\u0000\u0000\u0000\u0000\u0000\u0000\u0000\u0000\u0000\u0000\u0000\u0000\u0000\u0000\u0000\u0000\u0000\u0000\u0000\u0000\u0000\u0000\u0000\u0000\u0000\u0000\u0000\u0000\u0000\u0000\u0000\u0000\u0000\u0000\u0000\u0000\u0000\u0000\u0000\u0000\u0000\u0000\u0000\u0000\u0000\u0000\u0000\u0000\u0000\u0000\u0000\u0000\u0000\u0000\u0000\u0000\u0000\u0000\u0000\u0000\u0000\u0000\u0000\u0000\u0000\u0000\u0000\u0000\u0000\u0000\u0000\u0000\u0000\u0000\u0000\u0000\u0000\u0000\u0000\u0000\u0000\u0000\u0000\u0000\u0000\u0000\u0000\u0000\u0000\u0000\u0000\u0000\u0000\u0000\u0000\u0000\u0000\u0000\u0000\u0000\u0000\u0000\u0000\u0000\u0000\u0000\u0000\u0000\u0000\u0000\u0000\u0000\u0000\u0000\u0000\u0000\u0000\u0000\u0000\u0000\u0000\u0000\u0000\u0000\u0000\u0000\u0000\u0000\u0000\u0000\u0000\u0000\u0000\u0000\u0000\u0000\u0000\u0000\u0000\u0000\u0000\u0000\u0000\u0000\u0000\u0000\u0000\u0000\u0000\u0000\u0000\u0000\u0000\u0000\u0000\u0000\u0000",
        "RESOLUTION": 0,
        "ATTRIBUTE": "Undetermined Alongshore Feature",
        "CLASS": "ALONGSHORE FEATURE",
        "F_CODE": null,
        "EX_METH": "M",
        "EXTRACT_TE": "P",
        "_selecter_format": "shapefile",
        "_selecter_sourcecrs": "EPSG:4269",
        "_selecter_source": "CA37B08 1857 SF",
        "_selecter_imported": "2026-08-03T23:06:12.543Z"
      },
      "geometry": {
        "type": "LineString",
        "coordinates": [
          [
            -122.406122,
            37.76965
          ],
          [
            -122.406042,
            37.76957
          ]
        ]
      }
    },
    {
      "type": "Feature",
      "properties": {
        "FEATURE_ID": 928422,
        "FEATURE": 57,
        "SOURCE_ID": "T00687",
        "DATA_SOURC": "P",
        "SRC_DATE": "18570101",
        "HOR_ACC": "0",
        "INFORM": "\u0000\u0000\u0000\u0000\u0000\u0000\u0000\u0000\u0000\u0000\u0000\u0000\u0000\u0000\u0000\u0000\u0000\u0000\u0000\u0000\u0000\u0000\u0000\u0000\u0000\u0000\u0000\u0000\u0000\u0000\u0000\u0000\u0000\u0000\u0000\u0000\u0000\u0000\u0000\u0000\u0000\u0000\u0000\u0000\u0000\u0000\u0000\u0000\u0000\u0000\u0000\u0000\u0000\u0000\u0000\u0000\u0000\u0000\u0000\u0000\u0000\u0000\u0000\u0000\u0000\u0000\u0000\u0000\u0000\u0000\u0000\u0000\u0000\u0000\u0000\u0000\u0000\u0000\u0000\u0000\u0000\u0000\u0000\u0000\u0000\u0000\u0000\u0000\u0000\u0000\u0000\u0000\u0000\u0000\u0000\u0000\u0000\u0000\u0000\u0000\u0000\u0000\u0000\u0000\u0000\u0000\u0000\u0000\u0000\u0000\u0000\u0000\u0000\u0000\u0000\u0000\u0000\u0000\u0000\u0000\u0000\u0000\u0000\u0000\u0000\u0000\u0000\u0000\u0000\u0000\u0000\u0000\u0000\u0000\u0000\u0000\u0000\u0000\u0000\u0000\u0000\u0000\u0000\u0000\u0000\u0000\u0000\u0000\u0000\u0000\u0000\u0000\u0000\u0000\u0000\u0000\u0000\u0000\u0000\u0000\u0000\u0000\u0000\u0000\u0000\u0000\u0000\u0000\u0000\u0000\u0000\u0000\u0000\u0000\u0000\u0000\u0000\u0000\u0000\u0000\u0000\u0000\u0000\u0000\u0000\u0000\u0000\u0000\u0000\u0000\u0000\u0000\u0000\u0000\u0000\u0000\u0000\u0000\u0000\u0000\u0000\u0000\u0000\u0000\u0000\u0000\u0000\u0000\u0000\u0000\u0000\u0000\u0000\u0000\u0000\u0000\u0000\u0000\u0000\u0000\u0000\u0000\u0000\u0000\u0000\u0000\u0000\u0000\u0000\u0000\u0000\u0000\u0000\u0000\u0000\u0000\u0000\u0000\u0000\u0000\u0000\u0000\u0000\u0000\u0000\u0000\u0000\u0000\u0000\u0000\u0000\u0000\u0000\u0000",
        "RESOLUTION": 0,
        "ATTRIBUTE": "Undetermined Alongshore Feature",
        "CLASS": "ALONGSHORE FEATURE",
        "F_CODE": null,
        "EX_METH": "M",
        "EXTRACT_TE": "P",
        "_selecter_format": "shapefile",
        "_selecter_sourcecrs": "EPSG:4269",
        "_selecter_source": "CA37B08 1857 SF",
        "_selecter_imported": "2026-08-03T23:06:12.543Z"
      },
      "geometry": {
        "type": "LineString",
        "coordinates": [
          [
            -122.389372,
            37.788119
          ],
          [
            -122.388882,
            37.787729
          ],
          [
            -122.388612,
            37.787869
          ],
          [
            -122.388482,
            37.788029
          ],
          [
            -122.388422,
            37.788159
          ],
          [
            -122.388912,
            37.788559
          ]
        ]
      }
    },
    {
      "type": "Feature",
      "properties": {
        "FEATURE_ID": 928072,
        "FEATURE": 205,
        "SOURCE_ID": "T00687",
        "DATA_SOURC": "P",
        "SRC_DATE": "18570101",
        "HOR_ACC": "0",
        "INFORM": "\u0000\u0000\u0000\u0000\u0000\u0000\u0000\u0000\u0000\u0000\u0000\u0000\u0000\u0000\u0000\u0000\u0000\u0000\u0000\u0000\u0000\u0000\u0000\u0000\u0000\u0000\u0000\u0000\u0000\u0000\u0000\u0000\u0000\u0000\u0000\u0000\u0000\u0000\u0000\u0000\u0000\u0000\u0000\u0000\u0000\u0000\u0000\u0000\u0000\u0000\u0000\u0000\u0000\u0000\u0000\u0000\u0000\u0000\u0000\u0000\u0000\u0000\u0000\u0000\u0000\u0000\u0000\u0000\u0000\u0000\u0000\u0000\u0000\u0000\u0000\u0000\u0000\u0000\u0000\u0000\u0000\u0000\u0000\u0000\u0000\u0000\u0000\u0000\u0000\u0000\u0000\u0000\u0000\u0000\u0000\u0000\u0000\u0000\u0000\u0000\u0000\u0000\u0000\u0000\u0000\u0000\u0000\u0000\u0000\u0000\u0000\u0000\u0000\u0000\u0000\u0000\u0000\u0000\u0000\u0000\u0000\u0000\u0000\u0000\u0000\u0000\u0000\u0000\u0000\u0000\u0000\u0000\u0000\u0000\u0000\u0000\u0000\u0000\u0000\u0000\u0000\u0000\u0000\u0000\u0000\u0000\u0000\u0000\u0000\u0000\u0000\u0000\u0000\u0000\u0000\u0000\u0000\u0000\u0000\u0000\u0000\u0000\u0000\u0000\u0000\u0000\u0000\u0000\u0000\u0000\u0000\u0000\u0000\u0000\u0000\u0000\u0000\u0000\u0000\u0000\u0000\u0000\u0000\u0000\u0000\u0000\u0000\u0000\u0000\u0000\u0000\u0000\u0000\u0000\u0000\u0000\u0000\u0000\u0000\u0000\u0000\u0000\u0000\u0000\u0000\u0000\u0000\u0000\u0000\u0000\u0000\u0000\u0000\u0000\u0000\u0000\u0000\u0000\u0000\u0000\u0000\u0000\u0000\u0000\u0000\u0000\u0000\u0000\u0000\u0000\u0000\u0000\u0000\u0000\u0000\u0000\u0000\u0000\u0000\u0000\u0000\u0000\u0000\u0000\u0000\u0000\u0000\u0000\u0000\u0000\u0000\u0000\u0000\u0000",
        "RESOLUTION": 0,
        "ATTRIBUTE": "User Added Line",
        "CLASS": "CARTOGRAPHIC LIMIT",
        "F_CODE": null,
        "EX_METH": "M",
        "EXTRACT_TE": "P",
        "_selecter_format": "shapefile",
        "_selecter_sourcecrs": "EPSG:4269",
        "_selecter_source": "CA37B08 1857 SF",
        "_selecter_imported": "2026-08-03T23:06:12.543Z"
      },
      "geometry": {
        "type": "LineString",
        "coordinates": [
          [
            -122.436903,
            37.802389
          ],
          [
            -122.436733,
            37.802479
          ]
        ]
      }
    },
    {
      "type": "Feature",
      "properties": {
        "FEATURE_ID": 929061,
        "FEATURE": 205,
        "SOURCE_ID": "T00687",
        "DATA_SOURC": "P",
        "SRC_DATE": "18570101",
        "HOR_ACC": "0",
        "INFORM": "\u0000\u0000\u0000\u0000\u0000\u0000\u0000\u0000\u0000\u0000\u0000\u0000\u0000\u0000\u0000\u0000\u0000\u0000\u0000\u0000\u0000\u0000\u0000\u0000\u0000\u0000\u0000\u0000\u0000\u0000\u0000\u0000\u0000\u0000\u0000\u0000\u0000\u0000\u0000\u0000\u0000\u0000\u0000\u0000\u0000\u0000\u0000\u0000\u0000\u0000\u0000\u0000\u0000\u0000\u0000\u0000\u0000\u0000\u0000\u0000\u0000\u0000\u0000\u0000\u0000\u0000\u0000\u0000\u0000\u0000\u0000\u0000\u0000\u0000\u0000\u0000\u0000\u0000\u0000\u0000\u0000\u0000\u0000\u0000\u0000\u0000\u0000\u0000\u0000\u0000\u0000\u0000\u0000\u0000\u0000\u0000\u0000\u0000\u0000\u0000\u0000\u0000\u0000\u0000\u0000\u0000\u0000\u0000\u0000\u0000\u0000\u0000\u0000\u0000\u0000\u0000\u0000\u0000\u0000\u0000\u0000\u0000\u0000\u0000\u0000\u0000\u0000\u0000\u0000\u0000\u0000\u0000\u0000\u0000\u0000\u0000\u0000\u0000\u0000\u0000\u0000\u0000\u0000\u0000\u0000\u0000\u0000\u0000\u0000\u0000\u0000\u0000\u0000\u0000\u0000\u0000\u0000\u0000\u0000\u0000\u0000\u0000\u0000\u0000\u0000\u0000\u0000\u0000\u0000\u0000\u0000\u0000\u0000\u0000\u0000\u0000\u0000\u0000\u0000\u0000\u0000\u0000\u0000\u0000\u0000\u0000\u0000\u0000\u0000\u0000\u0000\u0000\u0000\u0000\u0000\u0000\u0000\u0000\u0000\u0000\u0000\u0000\u0000\u0000\u0000\u0000\u0000\u0000\u0000\u0000\u0000\u0000\u0000\u0000\u0000\u0000\u0000\u0000\u0000\u0000\u0000\u0000\u0000\u0000\u0000\u0000\u0000\u0000\u0000\u0000\u0000\u0000\u0000\u0000\u0000\u0000\u0000\u0000\u0000\u0000\u0000\u0000\u0000\u0000\u0000\u0000\u0000\u0000\u0000\u0000\u0000\u0000\u0000\u0000",
        "RESOLUTION": 0,
        "ATTRIBUTE": "User Added Line",
        "CLASS": "CARTOGRAPHIC LIMIT",
        "F_CODE": null,
        "EX_METH": "M",
        "EXTRACT_TE": "P",
        "_selecter_format": "shapefile",
        "_selecter_sourcecrs": "EPSG:4269",
        "_selecter_source": "CA37B08 1857 SF",
        "_selecter_imported": "2026-08-03T23:06:12.543Z"
      },
      "geometry": {
        "type": "LineString",
        "coordinates": [
          [
            -122.395452,
            37.7432
          ],
          [
            -122.395682,
            37.74326
          ]
        ]
      }
    },
    {
      "type": "Feature",
      "properties": {
        "FEATURE_ID": 929063,
        "FEATURE": 205,
        "SOURCE_ID": "T00687",
        "DATA_SOURC": "P",
        "SRC_DATE": "18570101",
        "HOR_ACC": "0",
        "INFORM": "\u0000\u0000\u0000\u0000\u0000\u0000\u0000\u0000\u0000\u0000\u0000\u0000\u0000\u0000\u0000\u0000\u0000\u0000\u0000\u0000\u0000\u0000\u0000\u0000\u0000\u0000\u0000\u0000\u0000\u0000\u0000\u0000\u0000\u0000\u0000\u0000\u0000\u0000\u0000\u0000\u0000\u0000\u0000\u0000\u0000\u0000\u0000\u0000\u0000\u0000\u0000\u0000\u0000\u0000\u0000\u0000\u0000\u0000\u0000\u0000\u0000\u0000\u0000\u0000\u0000\u0000\u0000\u0000\u0000\u0000\u0000\u0000\u0000\u0000\u0000\u0000\u0000\u0000\u0000\u0000\u0000\u0000\u0000\u0000\u0000\u0000\u0000\u0000\u0000\u0000\u0000\u0000\u0000\u0000\u0000\u0000\u0000\u0000\u0000\u0000\u0000\u0000\u0000\u0000\u0000\u0000\u0000\u0000\u0000\u0000\u0000\u0000\u0000\u0000\u0000\u0000\u0000\u0000\u0000\u0000\u0000\u0000\u0000\u0000\u0000\u0000\u0000\u0000\u0000\u0000\u0000\u0000\u0000\u0000\u0000\u0000\u0000\u0000\u0000\u0000\u0000\u0000\u0000\u0000\u0000\u0000\u0000\u0000\u0000\u0000\u0000\u0000\u0000\u0000\u0000\u0000\u0000\u0000\u0000\u0000\u0000\u0000\u0000\u0000\u0000\u0000\u0000\u0000\u0000\u0000\u0000\u0000\u0000\u0000\u0000\u0000\u0000\u0000\u0000\u0000\u0000\u0000\u0000\u0000\u0000\u0000\u0000\u0000\u0000\u0000\u0000\u0000\u0000\u0000\u0000\u0000\u0000\u0000\u0000\u0000\u0000\u0000\u0000\u0000\u0000\u0000\u0000\u0000\u0000\u0000\u0000\u0000\u0000\u0000\u0000\u0000\u0000\u0000\u0000\u0000\u0000\u0000\u0000\u0000\u0000\u0000\u0000\u0000\u0000\u0000\u0000\u0000\u0000\u0000\u0000\u0000\u0000\u0000\u0000\u0000\u0000\u0000\u0000\u0000\u0000\u0000\u0000\u0000\u0000\u0000\u0000\u0000\u0000\u0000",
        "RESOLUTION": 0,
        "ATTRIBUTE": "User Added Line",
        "CLASS": "CARTOGRAPHIC LIMIT",
        "F_CODE": null,
        "EX_METH": "M",
        "EXTRACT_TE": "P",
        "_selecter_format": "shapefile",
        "_selecter_sourcecrs": "EPSG:4269",
        "_selecter_source": "CA37B08 1857 SF",
        "_selecter_imported": "2026-08-03T23:06:12.543Z"
      },
      "geometry": {
        "type": "LineString",
        "coordinates": [
          [
            -122.395272,
            37.74717
          ],
          [
            -122.395342,
            37.74709
          ]
        ]
      }
    },
    {
      "type": "Feature",
      "properties": {
        "FEATURE_ID": 929069,
        "FEATURE": 205,
        "SOURCE_ID": "T00687",
        "DATA_SOURC": "P",
        "SRC_DATE": "18570101",
        "HOR_ACC": "0",
        "INFORM": "\u0000\u0000\u0000\u0000\u0000\u0000\u0000\u0000\u0000\u0000\u0000\u0000\u0000\u0000\u0000\u0000\u0000\u0000\u0000\u0000\u0000\u0000\u0000\u0000\u0000\u0000\u0000\u0000\u0000\u0000\u0000\u0000\u0000\u0000\u0000\u0000\u0000\u0000\u0000\u0000\u0000\u0000\u0000\u0000\u0000\u0000\u0000\u0000\u0000\u0000\u0000\u0000\u0000\u0000\u0000\u0000\u0000\u0000\u0000\u0000\u0000\u0000\u0000\u0000\u0000\u0000\u0000\u0000\u0000\u0000\u0000\u0000\u0000\u0000\u0000\u0000\u0000\u0000\u0000\u0000\u0000\u0000\u0000\u0000\u0000\u0000\u0000\u0000\u0000\u0000\u0000\u0000\u0000\u0000\u0000\u0000\u0000\u0000\u0000\u0000\u0000\u0000\u0000\u0000\u0000\u0000\u0000\u0000\u0000\u0000\u0000\u0000\u0000\u0000\u0000\u0000\u0000\u0000\u0000\u0000\u0000\u0000\u0000\u0000\u0000\u0000\u0000\u0000\u0000\u0000\u0000\u0000\u0000\u0000\u0000\u0000\u0000\u0000\u0000\u0000\u0000\u0000\u0000\u0000\u0000\u0000\u0000\u0000\u0000\u0000\u0000\u0000\u0000\u0000\u0000\u0000\u0000\u0000\u0000\u0000\u0000\u0000\u0000\u0000\u0000\u0000\u0000\u0000\u0000\u0000\u0000\u0000\u0000\u0000\u0000\u0000\u0000\u0000\u0000\u0000\u0000\u0000\u0000\u0000\u0000\u0000\u0000\u0000\u0000\u0000\u0000\u0000\u0000\u0000\u0000\u0000\u0000\u0000\u0000\u0000\u0000\u0000\u0000\u0000\u0000\u0000\u0000\u0000\u0000\u0000\u0000\u0000\u0000\u0000\u0000\u0000\u0000\u0000\u0000\u0000\u0000\u0000\u0000\u0000\u0000\u0000\u0000\u0000\u0000\u0000\u0000\u0000\u0000\u0000\u0000\u0000\u0000\u0000\u0000\u0000\u0000\u0000\u0000\u0000\u0000\u0000\u0000\u0000\u0000\u0000\u0000\u0000\u0000\u0000",
        "RESOLUTION": 0,
        "ATTRIBUTE": "User Added Line",
        "CLASS": "CARTOGRAPHIC LIMIT",
        "F_CODE": null,
        "EX_METH": "M",
        "EXTRACT_TE": "P",
        "_selecter_format": "shapefile",
        "_selecter_sourcecrs": "EPSG:4269",
        "_selecter_source": "CA37B08 1857 SF",
        "_selecter_imported": "2026-08-03T23:06:12.543Z"
      },
      "geometry": {
        "type": "LineString",
        "coordinates": [
          [
            -122.415292,
            37.732201
          ],
          [
            -122.415442,
            37.732381
          ]
        ]
      }
    },
    {
      "type": "Feature",
      "properties": {
        "FEATURE_ID": 927755,
        "FEATURE": 205,
        "SOURCE_ID": "T00687",
        "DATA_SOURC": "P",
        "SRC_DATE": "18570101",
        "HOR_ACC": "0",
        "INFORM": "\u0000\u0000\u0000\u0000\u0000\u0000\u0000\u0000\u0000\u0000\u0000\u0000\u0000\u0000\u0000\u0000\u0000\u0000\u0000\u0000\u0000\u0000\u0000\u0000\u0000\u0000\u0000\u0000\u0000\u0000\u0000\u0000\u0000\u0000\u0000\u0000\u0000\u0000\u0000\u0000\u0000\u0000\u0000\u0000\u0000\u0000\u0000\u0000\u0000\u0000\u0000\u0000\u0000\u0000\u0000\u0000\u0000\u0000\u0000\u0000\u0000\u0000\u0000\u0000\u0000\u0000\u0000\u0000\u0000\u0000\u0000\u0000\u0000\u0000\u0000\u0000\u0000\u0000\u0000\u0000\u0000\u0000\u0000\u0000\u0000\u0000\u0000\u0000\u0000\u0000\u0000\u0000\u0000\u0000\u0000\u0000\u0000\u0000\u0000\u0000\u0000\u0000\u0000\u0000\u0000\u0000\u0000\u0000\u0000\u0000\u0000\u0000\u0000\u0000\u0000\u0000\u0000\u0000\u0000\u0000\u0000\u0000\u0000\u0000\u0000\u0000\u0000\u0000\u0000\u0000\u0000\u0000\u0000\u0000\u0000\u0000\u0000\u0000\u0000\u0000\u0000\u0000\u0000\u0000\u0000\u0000\u0000\u0000\u0000\u0000\u0000\u0000\u0000\u0000\u0000\u0000\u0000\u0000\u0000\u0000\u0000\u0000\u0000\u0000\u0000\u0000\u0000\u0000\u0000\u0000\u0000\u0000\u0000\u0000\u0000\u0000\u0000\u0000\u0000\u0000\u0000\u0000\u0000\u0000\u0000\u0000\u0000\u0000\u0000\u0000\u0000\u0000\u0000\u0000\u0000\u0000\u0000\u0000\u0000\u0000\u0000\u0000\u0000\u0000\u0000\u0000\u0000\u0000\u0000\u0000\u0000\u0000\u0000\u0000\u0000\u0000\u0000\u0000\u0000\u0000\u0000\u0000\u0000\u0000\u0000\u0000\u0000\u0000\u0000\u0000\u0000\u0000\u0000\u0000\u0000\u0000\u0000\u0000\u0000\u0000\u0000\u0000\u0000\u0000\u0000\u0000\u0000\u0000\u0000\u0000\u0000\u0000\u0000\u0000",
        "RESOLUTION": 0,
        "ATTRIBUTE": "User Added Line",
        "CLASS": "CARTOGRAPHIC LIMIT",
        "F_CODE": null,
        "EX_METH": "M",
        "EXTRACT_TE": "P",
        "_selecter_format": "shapefile",
        "_selecter_sourcecrs": "EPSG:4269",
        "_selecter_source": "CA37B08 1857 SF",
        "_selecter_imported": "2026-08-03T23:06:12.543Z"
      },
      "geometry": {
        "type": "LineString",
        "coordinates": [
          [
            -122.460263,
            37.804789
          ],
          [
            -122.459993,
            37.804799
          ]
        ]
      }
    },
    {
      "type": "Feature",
      "properties": {
        "FEATURE_ID": 927757,
        "FEATURE": 205,
        "SOURCE_ID": "T00687",
        "DATA_SOURC": "P",
        "SRC_DATE": "18570101",
        "HOR_ACC": "0",
        "INFORM": "\u0000\u0000\u0000\u0000\u0000\u0000\u0000\u0000\u0000\u0000\u0000\u0000\u0000\u0000\u0000\u0000\u0000\u0000\u0000\u0000\u0000\u0000\u0000\u0000\u0000\u0000\u0000\u0000\u0000\u0000\u0000\u0000\u0000\u0000\u0000\u0000\u0000\u0000\u0000\u0000\u0000\u0000\u0000\u0000\u0000\u0000\u0000\u0000\u0000\u0000\u0000\u0000\u0000\u0000\u0000\u0000\u0000\u0000\u0000\u0000\u0000\u0000\u0000\u0000\u0000\u0000\u0000\u0000\u0000\u0000\u0000\u0000\u0000\u0000\u0000\u0000\u0000\u0000\u0000\u0000\u0000\u0000\u0000\u0000\u0000\u0000\u0000\u0000\u0000\u0000\u0000\u0000\u0000\u0000\u0000\u0000\u0000\u0000\u0000\u0000\u0000\u0000\u0000\u0000\u0000\u0000\u0000\u0000\u0000\u0000\u0000\u0000\u0000\u0000\u0000\u0000\u0000\u0000\u0000\u0000\u0000\u0000\u0000\u0000\u0000\u0000\u0000\u0000\u0000\u0000\u0000\u0000\u0000\u0000\u0000\u0000\u0000\u0000\u0000\u0000\u0000\u0000\u0000\u0000\u0000\u0000\u0000\u0000\u0000\u0000\u0000\u0000\u0000\u0000\u0000\u0000\u0000\u0000\u0000\u0000\u0000\u0000\u0000\u0000\u0000\u0000\u0000\u0000\u0000\u0000\u0000\u0000\u0000\u0000\u0000\u0000\u0000\u0000\u0000\u0000\u0000\u0000\u0000\u0000\u0000\u0000\u0000\u0000\u0000\u0000\u0000\u0000\u0000\u0000\u0000\u0000\u0000\u0000\u0000\u0000\u0000\u0000\u0000\u0000\u0000\u0000\u0000\u0000\u0000\u0000\u0000\u0000\u0000\u0000\u0000\u0000\u0000\u0000\u0000\u0000\u0000\u0000\u0000\u0000\u0000\u0000\u0000\u0000\u0000\u0000\u0000\u0000\u0000\u0000\u0000\u0000\u0000\u0000\u0000\u0000\u0000\u0000\u0000\u0000\u0000\u0000\u0000\u0000\u0000\u0000\u0000\u0000\u0000\u0000",
        "RESOLUTION": 0,
        "ATTRIBUTE": "User Added Line",
        "CLASS": "CARTOGRAPHIC LIMIT",
        "F_CODE": null,
        "EX_METH": "M",
        "EXTRACT_TE": "P",
        "_selecter_format": "shapefile",
        "_selecter_sourcecrs": "EPSG:4269",
        "_selecter_source": "CA37B08 1857 SF",
        "_selecter_imported": "2026-08-03T23:06:12.543Z"
      },
      "geometry": {
        "type": "LineString",
        "coordinates": [
          [
            -122.441973,
            37.801939
          ],
          [
            -122.441943,
            37.801909
          ],
          [
            -122.441923,
            37.801889
          ],
          [
            -122.441903,
            37.801859
          ],
          [
            -122.441863,
            37.801819
          ],
          [
            -122.441843,
            37.801789
          ],
          [
            -122.441813,
            37.801759
          ]
        ]
      }
    },
    {
      "type": "Feature",
      "properties": {
        "FEATURE_ID": 927759,
        "FEATURE": 205,
        "SOURCE_ID": "T00687",
        "DATA_SOURC": "P",
        "SRC_DATE": "18570101",
        "HOR_ACC": "0",
        "INFORM": "\u0000\u0000\u0000\u0000\u0000\u0000\u0000\u0000\u0000\u0000\u0000\u0000\u0000\u0000\u0000\u0000\u0000\u0000\u0000\u0000\u0000\u0000\u0000\u0000\u0000\u0000\u0000\u0000\u0000\u0000\u0000\u0000\u0000\u0000\u0000\u0000\u0000\u0000\u0000\u0000\u0000\u0000\u0000\u0000\u0000\u0000\u0000\u0000\u0000\u0000\u0000\u0000\u0000\u0000\u0000\u0000\u0000\u0000\u0000\u0000\u0000\u0000\u0000\u0000\u0000\u0000\u0000\u0000\u0000\u0000\u0000\u0000\u0000\u0000\u0000\u0000\u0000\u0000\u0000\u0000\u0000\u0000\u0000\u0000\u0000\u0000\u0000\u0000\u0000\u0000\u0000\u0000\u0000\u0000\u0000\u0000\u0000\u0000\u0000\u0000\u0000\u0000\u0000\u0000\u0000\u0000\u0000\u0000\u0000\u0000\u0000\u0000\u0000\u0000\u0000\u0000\u0000\u0000\u0000\u0000\u0000\u0000\u0000\u0000\u0000\u0000\u0000\u0000\u0000\u0000\u0000\u0000\u0000\u0000\u0000\u0000\u0000\u0000\u0000\u0000\u0000\u0000\u0000\u0000\u0000\u0000\u0000\u0000\u0000\u0000\u0000\u0000\u0000\u0000\u0000\u0000\u0000\u0000\u0000\u0000\u0000\u0000\u0000\u0000\u0000\u0000\u0000\u0000\u0000\u0000\u0000\u0000\u0000\u0000\u0000\u0000\u0000\u0000\u0000\u0000\u0000\u0000\u0000\u0000\u0000\u0000\u0000\u0000\u0000\u0000\u0000\u0000\u0000\u0000\u0000\u0000\u0000\u0000\u0000\u0000\u0000\u0000\u0000\u0000\u0000\u0000\u0000\u0000\u0000\u0000\u0000\u0000\u0000\u0000\u0000\u0000\u0000\u0000\u0000\u0000\u0000\u0000\u0000\u0000\u0000\u0000\u0000\u0000\u0000\u0000\u0000\u0000\u0000\u0000\u0000\u0000\u0000\u0000\u0000\u0000\u0000\u0000\u0000\u0000\u0000\u0000\u0000\u0000\u0000\u0000\u0000\u0000\u0000\u0000",
        "RESOLUTION": 0,
        "ATTRIBUTE": "User Added Line",
        "CLASS": "CARTOGRAPHIC LIMIT",
        "F_CODE": null,
        "EX_METH": "M",
        "EXTRACT_TE": "P",
        "_selecter_format": "shapefile",
        "_selecter_sourcecrs": "EPSG:4269",
        "_selecter_source": "CA37B08 1857 SF",
        "_selecter_imported": "2026-08-03T23:06:12.543Z"
      },
      "geometry": {
        "type": "LineString",
        "coordinates": [
          [
            -122.440003,
            37.800899
          ],
          [
            -122.439943,
            37.800899
          ]
        ]
      }
    },
    {
      "type": "Feature",
      "properties": {
        "FEATURE_ID": 927761,
        "FEATURE": 205,
        "SOURCE_ID": "T00687",
        "DATA_SOURC": "P",
        "SRC_DATE": "18570101",
        "HOR_ACC": "0",
        "INFORM": "\u0000\u0000\u0000\u0000\u0000\u0000\u0000\u0000\u0000\u0000\u0000\u0000\u0000\u0000\u0000\u0000\u0000\u0000\u0000\u0000\u0000\u0000\u0000\u0000\u0000\u0000\u0000\u0000\u0000\u0000\u0000\u0000\u0000\u0000\u0000\u0000\u0000\u0000\u0000\u0000\u0000\u0000\u0000\u0000\u0000\u0000\u0000\u0000\u0000\u0000\u0000\u0000\u0000\u0000\u0000\u0000\u0000\u0000\u0000\u0000\u0000\u0000\u0000\u0000\u0000\u0000\u0000\u0000\u0000\u0000\u0000\u0000\u0000\u0000\u0000\u0000\u0000\u0000\u0000\u0000\u0000\u0000\u0000\u0000\u0000\u0000\u0000\u0000\u0000\u0000\u0000\u0000\u0000\u0000\u0000\u0000\u0000\u0000\u0000\u0000\u0000\u0000\u0000\u0000\u0000\u0000\u0000\u0000\u0000\u0000\u0000\u0000\u0000\u0000\u0000\u0000\u0000\u0000\u0000\u0000\u0000\u0000\u0000\u0000\u0000\u0000\u0000\u0000\u0000\u0000\u0000\u0000\u0000\u0000\u0000\u0000\u0000\u0000\u0000\u0000\u0000\u0000\u0000\u0000\u0000\u0000\u0000\u0000\u0000\u0000\u0000\u0000\u0000\u0000\u0000\u0000\u0000\u0000\u0000\u0000\u0000\u0000\u0000\u0000\u0000\u0000\u0000\u0000\u0000\u0000\u0000\u0000\u0000\u0000\u0000\u0000\u0000\u0000\u0000\u0000\u0000\u0000\u0000\u0000\u0000\u0000\u0000\u0000\u0000\u0000\u0000\u0000\u0000\u0000\u0000\u0000\u0000\u0000\u0000\u0000\u0000\u0000\u0000\u0000\u0000\u0000\u0000\u0000\u0000\u0000\u0000\u0000\u0000\u0000\u0000\u0000\u0000\u0000\u0000\u0000\u0000\u0000\u0000\u0000\u0000\u0000\u0000\u0000\u0000\u0000\u0000\u0000\u0000\u0000\u0000\u0000\u0000\u0000\u0000\u0000\u0000\u0000\u0000\u0000\u0000\u0000\u0000\u0000\u0000\u0000\u0000\u0000\u0000\u0000",
        "RESOLUTION": 0,
        "ATTRIBUTE": "User Added Line",
        "CLASS": "CARTOGRAPHIC LIMIT",
        "F_CODE": null,
        "EX_METH": "M",
        "EXTRACT_TE": "P",
        "_selecter_format": "shapefile",
        "_selecter_sourcecrs": "EPSG:4269",
        "_selecter_source": "CA37B08 1857 SF",
        "_selecter_imported": "2026-08-03T23:06:12.543Z"
      },
      "geometry": {
        "type": "LineString",
        "coordinates": [
          [
            -122.439693,
            37.800839
          ],
          [
            -122.439663,
            37.800819
          ],
          [
            -122.439633,
            37.800799
          ]
        ]
      }
    },
    {
      "type": "Feature",
      "properties": {
        "FEATURE_ID": 927763,
        "FEATURE": 205,
        "SOURCE_ID": "T00687",
        "DATA_SOURC": "P",
        "SRC_DATE": "18570101",
        "HOR_ACC": "0",
        "INFORM": "\u0000\u0000\u0000\u0000\u0000\u0000\u0000\u0000\u0000\u0000\u0000\u0000\u0000\u0000\u0000\u0000\u0000\u0000\u0000\u0000\u0000\u0000\u0000\u0000\u0000\u0000\u0000\u0000\u0000\u0000\u0000\u0000\u0000\u0000\u0000\u0000\u0000\u0000\u0000\u0000\u0000\u0000\u0000\u0000\u0000\u0000\u0000\u0000\u0000\u0000\u0000\u0000\u0000\u0000\u0000\u0000\u0000\u0000\u0000\u0000\u0000\u0000\u0000\u0000\u0000\u0000\u0000\u0000\u0000\u0000\u0000\u0000\u0000\u0000\u0000\u0000\u0000\u0000\u0000\u0000\u0000\u0000\u0000\u0000\u0000\u0000\u0000\u0000\u0000\u0000\u0000\u0000\u0000\u0000\u0000\u0000\u0000\u0000\u0000\u0000\u0000\u0000\u0000\u0000\u0000\u0000\u0000\u0000\u0000\u0000\u0000\u0000\u0000\u0000\u0000\u0000\u0000\u0000\u0000\u0000\u0000\u0000\u0000\u0000\u0000\u0000\u0000\u0000\u0000\u0000\u0000\u0000\u0000\u0000\u0000\u0000\u0000\u0000\u0000\u0000\u0000\u0000\u0000\u0000\u0000\u0000\u0000\u0000\u0000\u0000\u0000\u0000\u0000\u0000\u0000\u0000\u0000\u0000\u0000\u0000\u0000\u0000\u0000\u0000\u0000\u0000\u0000\u0000\u0000\u0000\u0000\u0000\u0000\u0000\u0000\u0000\u0000\u0000\u0000\u0000\u0000\u0000\u0000\u0000\u0000\u0000\u0000\u0000\u0000\u0000\u0000\u0000\u0000\u0000\u0000\u0000\u0000\u0000\u0000\u0000\u0000\u0000\u0000\u0000\u0000\u0000\u0000\u0000\u0000\u0000\u0000\u0000\u0000\u0000\u0000\u0000\u0000\u0000\u0000\u0000\u0000\u0000\u0000\u0000\u0000\u0000\u0000\u0000\u0000\u0000\u0000\u0000\u0000\u0000\u0000\u0000\u0000\u0000\u0000\u0000\u0000\u0000\u0000\u0000\u0000\u0000\u0000\u0000\u0000\u0000\u0000\u0000\u0000\u0000",
        "RESOLUTION": 0,
        "ATTRIBUTE": "User Added Line",
        "CLASS": "CARTOGRAPHIC LIMIT",
        "F_CODE": null,
        "EX_METH": "M",
        "EXTRACT_TE": "P",
        "_selecter_format": "shapefile",
        "_selecter_sourcecrs": "EPSG:4269",
        "_selecter_source": "CA37B08 1857 SF",
        "_selecter_imported": "2026-08-03T23:06:12.543Z"
      },
      "geometry": {
        "type": "LineString",
        "coordinates": [
          [
            -122.440863,
            37.800979
          ],
          [
            -122.440923,
            37.800999
          ]
        ]
      }
    },
    {
      "type": "Feature",
      "properties": {
        "FEATURE_ID": 928740,
        "FEATURE": 205,
        "SOURCE_ID": "T00687",
        "DATA_SOURC": "P",
        "SRC_DATE": "18570101",
        "HOR_ACC": "0",
        "INFORM": "\u0000\u0000\u0000\u0000\u0000\u0000\u0000\u0000\u0000\u0000\u0000\u0000\u0000\u0000\u0000\u0000\u0000\u0000\u0000\u0000\u0000\u0000\u0000\u0000\u0000\u0000\u0000\u0000\u0000\u0000\u0000\u0000\u0000\u0000\u0000\u0000\u0000\u0000\u0000\u0000\u0000\u0000\u0000\u0000\u0000\u0000\u0000\u0000\u0000\u0000\u0000\u0000\u0000\u0000\u0000\u0000\u0000\u0000\u0000\u0000\u0000\u0000\u0000\u0000\u0000\u0000\u0000\u0000\u0000\u0000\u0000\u0000\u0000\u0000\u0000\u0000\u0000\u0000\u0000\u0000\u0000\u0000\u0000\u0000\u0000\u0000\u0000\u0000\u0000\u0000\u0000\u0000\u0000\u0000\u0000\u0000\u0000\u0000\u0000\u0000\u0000\u0000\u0000\u0000\u0000\u0000\u0000\u0000\u0000\u0000\u0000\u0000\u0000\u0000\u0000\u0000\u0000\u0000\u0000\u0000\u0000\u0000\u0000\u0000\u0000\u0000\u0000\u0000\u0000\u0000\u0000\u0000\u0000\u0000\u0000\u0000\u0000\u0000\u0000\u0000\u0000\u0000\u0000\u0000\u0000\u0000\u0000\u0000\u0000\u0000\u0000\u0000\u0000\u0000\u0000\u0000\u0000\u0000\u0000\u0000\u0000\u0000\u0000\u0000\u0000\u0000\u0000\u0000\u0000\u0000\u0000\u0000\u0000\u0000\u0000\u0000\u0000\u0000\u0000\u0000\u0000\u0000\u0000\u0000\u0000\u0000\u0000\u0000\u0000\u0000\u0000\u0000\u0000\u0000\u0000\u0000\u0000\u0000\u0000\u0000\u0000\u0000\u0000\u0000\u0000\u0000\u0000\u0000\u0000\u0000\u0000\u0000\u0000\u0000\u0000\u0000\u0000\u0000\u0000\u0000\u0000\u0000\u0000\u0000\u0000\u0000\u0000\u0000\u0000\u0000\u0000\u0000\u0000\u0000\u0000\u0000\u0000\u0000\u0000\u0000\u0000\u0000\u0000\u0000\u0000\u0000\u0000\u0000\u0000\u0000\u0000\u0000\u0000\u0000",
        "RESOLUTION": 0,
        "ATTRIBUTE": "User Added Line",
        "CLASS": "CARTOGRAPHIC LIMIT",
        "F_CODE": null,
        "EX_METH": "M",
        "EXTRACT_TE": "P",
        "_selecter_format": "shapefile",
        "_selecter_sourcecrs": "EPSG:4269",
        "_selecter_source": "CA37B08 1857 SF",
        "_selecter_imported": "2026-08-03T23:06:12.543Z"
      },
      "geometry": {
        "type": "LineString",
        "coordinates": [
          [
            -122.389562,
            37.780909
          ],
          [
            -122.389382,
            37.780889
          ]
        ]
      }
    },
    {
      "type": "Feature",
      "properties": {
        "FEATURE_ID": 928755,
        "FEATURE": 205,
        "SOURCE_ID": "T00687",
        "DATA_SOURC": "P",
        "SRC_DATE": "18570101",
        "HOR_ACC": "0",
        "INFORM": "\u0000\u0000\u0000\u0000\u0000\u0000\u0000\u0000\u0000\u0000\u0000\u0000\u0000\u0000\u0000\u0000\u0000\u0000\u0000\u0000\u0000\u0000\u0000\u0000\u0000\u0000\u0000\u0000\u0000\u0000\u0000\u0000\u0000\u0000\u0000\u0000\u0000\u0000\u0000\u0000\u0000\u0000\u0000\u0000\u0000\u0000\u0000\u0000\u0000\u0000\u0000\u0000\u0000\u0000\u0000\u0000\u0000\u0000\u0000\u0000\u0000\u0000\u0000\u0000\u0000\u0000\u0000\u0000\u0000\u0000\u0000\u0000\u0000\u0000\u0000\u0000\u0000\u0000\u0000\u0000\u0000\u0000\u0000\u0000\u0000\u0000\u0000\u0000\u0000\u0000\u0000\u0000\u0000\u0000\u0000\u0000\u0000\u0000\u0000\u0000\u0000\u0000\u0000\u0000\u0000\u0000\u0000\u0000\u0000\u0000\u0000\u0000\u0000\u0000\u0000\u0000\u0000\u0000\u0000\u0000\u0000\u0000\u0000\u0000\u0000\u0000\u0000\u0000\u0000\u0000\u0000\u0000\u0000\u0000\u0000\u0000\u0000\u0000\u0000\u0000\u0000\u0000\u0000\u0000\u0000\u0000\u0000\u0000\u0000\u0000\u0000\u0000\u0000\u0000\u0000\u0000\u0000\u0000\u0000\u0000\u0000\u0000\u0000\u0000\u0000\u0000\u0000\u0000\u0000\u0000\u0000\u0000\u0000\u0000\u0000\u0000\u0000\u0000\u0000\u0000\u0000\u0000\u0000\u0000\u0000\u0000\u0000\u0000\u0000\u0000\u0000\u0000\u0000\u0000\u0000\u0000\u0000\u0000\u0000\u0000\u0000\u0000\u0000\u0000\u0000\u0000\u0000\u0000\u0000\u0000\u0000\u0000\u0000\u0000\u0000\u0000\u0000\u0000\u0000\u0000\u0000\u0000\u0000\u0000\u0000\u0000\u0000\u0000\u0000\u0000\u0000\u0000\u0000\u0000\u0000\u0000\u0000\u0000\u0000\u0000\u0000\u0000\u0000\u0000\u0000\u0000\u0000\u0000\u0000\u0000\u0000\u0000\u0000\u0000",
        "RESOLUTION": 0,
        "ATTRIBUTE": "User Added Line",
        "CLASS": "CARTOGRAPHIC LIMIT",
        "F_CODE": null,
        "EX_METH": "M",
        "EXTRACT_TE": "P",
        "_selecter_format": "shapefile",
        "_selecter_sourcecrs": "EPSG:4269",
        "_selecter_source": "CA37B08 1857 SF",
        "_selecter_imported": "2026-08-03T23:06:12.543Z"
      },
      "geometry": {
        "type": "LineString",
        "coordinates": [
          [
            -122.458503,
            37.803509
          ],
          [
            -122.458593,
            37.803779
          ]
        ]
      }
    },
    {
      "type": "Feature",
      "properties": {
        "FEATURE_ID": 928756,
        "FEATURE": 205,
        "SOURCE_ID": "T00687",
        "DATA_SOURC": "P",
        "SRC_DATE": "18570101",
        "HOR_ACC": "0",
        "INFORM": "\u0000\u0000\u0000\u0000\u0000\u0000\u0000\u0000\u0000\u0000\u0000\u0000\u0000\u0000\u0000\u0000\u0000\u0000\u0000\u0000\u0000\u0000\u0000\u0000\u0000\u0000\u0000\u0000\u0000\u0000\u0000\u0000\u0000\u0000\u0000\u0000\u0000\u0000\u0000\u0000\u0000\u0000\u0000\u0000\u0000\u0000\u0000\u0000\u0000\u0000\u0000\u0000\u0000\u0000\u0000\u0000\u0000\u0000\u0000\u0000\u0000\u0000\u0000\u0000\u0000\u0000\u0000\u0000\u0000\u0000\u0000\u0000\u0000\u0000\u0000\u0000\u0000\u0000\u0000\u0000\u0000\u0000\u0000\u0000\u0000\u0000\u0000\u0000\u0000\u0000\u0000\u0000\u0000\u0000\u0000\u0000\u0000\u0000\u0000\u0000\u0000\u0000\u0000\u0000\u0000\u0000\u0000\u0000\u0000\u0000\u0000\u0000\u0000\u0000\u0000\u0000\u0000\u0000\u0000\u0000\u0000\u0000\u0000\u0000\u0000\u0000\u0000\u0000\u0000\u0000\u0000\u0000\u0000\u0000\u0000\u0000\u0000\u0000\u0000\u0000\u0000\u0000\u0000\u0000\u0000\u0000\u0000\u0000\u0000\u0000\u0000\u0000\u0000\u0000\u0000\u0000\u0000\u0000\u0000\u0000\u0000\u0000\u0000\u0000\u0000\u0000\u0000\u0000\u0000\u0000\u0000\u0000\u0000\u0000\u0000\u0000\u0000\u0000\u0000\u0000\u0000\u0000\u0000\u0000\u0000\u0000\u0000\u0000\u0000\u0000\u0000\u0000\u0000\u0000\u0000\u0000\u0000\u0000\u0000\u0000\u0000\u0000\u0000\u0000\u0000\u0000\u0000\u0000\u0000\u0000\u0000\u0000\u0000\u0000\u0000\u0000\u0000\u0000\u0000\u0000\u0000\u0000\u0000\u0000\u0000\u0000\u0000\u0000\u0000\u0000\u0000\u0000\u0000\u0000\u0000\u0000\u0000\u0000\u0000\u0000\u0000\u0000\u0000\u0000\u0000\u0000\u0000\u0000\u0000\u0000\u0000\u0000\u0000\u0000",
        "RESOLUTION": 0,
        "ATTRIBUTE": "User Added Line",
        "CLASS": "CARTOGRAPHIC LIMIT",
        "F_CODE": null,
        "EX_METH": "M",
        "EXTRACT_TE": "P",
        "_selecter_format": "shapefile",
        "_selecter_sourcecrs": "EPSG:4269",
        "_selecter_source": "CA37B08 1857 SF",
        "_selecter_imported": "2026-08-03T23:06:12.543Z"
      },
      "geometry": {
        "type": "LineString",
        "coordinates": [
          [
            -122.401992,
            37.7713
          ],
          [
            -122.401952,
            37.77127
          ]
        ]
      }
    },
    {
      "type": "Feature",
      "properties": {
        "FEATURE_ID": 928404,
        "FEATURE": 205,
        "SOURCE_ID": "T00687",
        "DATA_SOURC": "P",
        "SRC_DATE": "18570101",
        "HOR_ACC": "0",
        "INFORM": "\u0000\u0000\u0000\u0000\u0000\u0000\u0000\u0000\u0000\u0000\u0000\u0000\u0000\u0000\u0000\u0000\u0000\u0000\u0000\u0000\u0000\u0000\u0000\u0000\u0000\u0000\u0000\u0000\u0000\u0000\u0000\u0000\u0000\u0000\u0000\u0000\u0000\u0000\u0000\u0000\u0000\u0000\u0000\u0000\u0000\u0000\u0000\u0000\u0000\u0000\u0000\u0000\u0000\u0000\u0000\u0000\u0000\u0000\u0000\u0000\u0000\u0000\u0000\u0000\u0000\u0000\u0000\u0000\u0000\u0000\u0000\u0000\u0000\u0000\u0000\u0000\u0000\u0000\u0000\u0000\u0000\u0000\u0000\u0000\u0000\u0000\u0000\u0000\u0000\u0000\u0000\u0000\u0000\u0000\u0000\u0000\u0000\u0000\u0000\u0000\u0000\u0000\u0000\u0000\u0000\u0000\u0000\u0000\u0000\u0000\u0000\u0000\u0000\u0000\u0000\u0000\u0000\u0000\u0000\u0000\u0000\u0000\u0000\u0000\u0000\u0000\u0000\u0000\u0000\u0000\u0000\u0000\u0000\u0000\u0000\u0000\u0000\u0000\u0000\u0000\u0000\u0000\u0000\u0000\u0000\u0000\u0000\u0000\u0000\u0000\u0000\u0000\u0000\u0000\u0000\u0000\u0000\u0000\u0000\u0000\u0000\u0000\u0000\u0000\u0000\u0000\u0000\u0000\u0000\u0000\u0000\u0000\u0000\u0000\u0000\u0000\u0000\u0000\u0000\u0000\u0000\u0000\u0000\u0000\u0000\u0000\u0000\u0000\u0000\u0000\u0000\u0000\u0000\u0000\u0000\u0000\u0000\u0000\u0000\u0000\u0000\u0000\u0000\u0000\u0000\u0000\u0000\u0000\u0000\u0000\u0000\u0000\u0000\u0000\u0000\u0000\u0000\u0000\u0000\u0000\u0000\u0000\u0000\u0000\u0000\u0000\u0000\u0000\u0000\u0000\u0000\u0000\u0000\u0000\u0000\u0000\u0000\u0000\u0000\u0000\u0000\u0000\u0000\u0000\u0000\u0000\u0000\u0000\u0000\u0000\u0000\u0000\u0000\u0000",
        "RESOLUTION": 0,
        "ATTRIBUTE": "User Added Line",
        "CLASS": "CARTOGRAPHIC LIMIT",
        "F_CODE": null,
        "EX_METH": "M",
        "EXTRACT_TE": "P",
        "_selecter_format": "shapefile",
        "_selecter_sourcecrs": "EPSG:4269",
        "_selecter_source": "CA37B08 1857 SF",
        "_selecter_imported": "2026-08-03T23:06:12.543Z"
      },
      "geometry": {
        "type": "LineString",
        "coordinates": [
          [
            -122.387702,
            37.74264
          ],
          [
            -122.387972,
            37.74272
          ]
        ]
      }
    },
    {
      "type": "Feature",
      "properties": {
        "FEATURE_ID": 928763,
        "FEATURE": 205,
        "SOURCE_ID": "T00687",
        "DATA_SOURC": "P",
        "SRC_DATE": "18570101",
        "HOR_ACC": "0",
        "INFORM": "\u0000\u0000\u0000\u0000\u0000\u0000\u0000\u0000\u0000\u0000\u0000\u0000\u0000\u0000\u0000\u0000\u0000\u0000\u0000\u0000\u0000\u0000\u0000\u0000\u0000\u0000\u0000\u0000\u0000\u0000\u0000\u0000\u0000\u0000\u0000\u0000\u0000\u0000\u0000\u0000\u0000\u0000\u0000\u0000\u0000\u0000\u0000\u0000\u0000\u0000\u0000\u0000\u0000\u0000\u0000\u0000\u0000\u0000\u0000\u0000\u0000\u0000\u0000\u0000\u0000\u0000\u0000\u0000\u0000\u0000\u0000\u0000\u0000\u0000\u0000\u0000\u0000\u0000\u0000\u0000\u0000\u0000\u0000\u0000\u0000\u0000\u0000\u0000\u0000\u0000\u0000\u0000\u0000\u0000\u0000\u0000\u0000\u0000\u0000\u0000\u0000\u0000\u0000\u0000\u0000\u0000\u0000\u0000\u0000\u0000\u0000\u0000\u0000\u0000\u0000\u0000\u0000\u0000\u0000\u0000\u0000\u0000\u0000\u0000\u0000\u0000\u0000\u0000\u0000\u0000\u0000\u0000\u0000\u0000\u0000\u0000\u0000\u0000\u0000\u0000\u0000\u0000\u0000\u0000\u0000\u0000\u0000\u0000\u0000\u0000\u0000\u0000\u0000\u0000\u0000\u0000\u0000\u0000\u0000\u0000\u0000\u0000\u0000\u0000\u0000\u0000\u0000\u0000\u0000\u0000\u0000\u0000\u0000\u0000\u0000\u0000\u0000\u0000\u0000\u0000\u0000\u0000\u0000\u0000\u0000\u0000\u0000\u0000\u0000\u0000\u0000\u0000\u0000\u0000\u0000\u0000\u0000\u0000\u0000\u0000\u0000\u0000\u0000\u0000\u0000\u0000\u0000\u0000\u0000\u0000\u0000\u0000\u0000\u0000\u0000\u0000\u0000\u0000\u0000\u0000\u0000\u0000\u0000\u0000\u0000\u0000\u0000\u0000\u0000\u0000\u0000\u0000\u0000\u0000\u0000\u0000\u0000\u0000\u0000\u0000\u0000\u0000\u0000\u0000\u0000\u0000\u0000\u0000\u0000\u0000\u0000\u0000\u0000\u0000",
        "RESOLUTION": 0,
        "ATTRIBUTE": "User Added Line",
        "CLASS": "CARTOGRAPHIC LIMIT",
        "F_CODE": null,
        "EX_METH": "M",
        "EXTRACT_TE": "P",
        "_selecter_format": "shapefile",
        "_selecter_sourcecrs": "EPSG:4269",
        "_selecter_source": "CA37B08 1857 SF",
        "_selecter_imported": "2026-08-03T23:06:12.543Z"
      },
      "geometry": {
        "type": "LineString",
        "coordinates": [
          [
            -122.392822,
            37.74522
          ],
          [
            -122.392932,
            37.74521
          ]
        ]
      }
    }
  ]
}