{
  "type": "FeatureCollection",
  "features": [
    {
      "type": "Feature",
      "properties": {
        "FEATURE_ID": 926028,
        "FEATURE": 1,
        "SOURCE_ID": "T00398",
        "DATA_SOURC": "P",
        "SRC_DATE": "18530101",
        "HOR_ACC": "0",
        "INFORM": "\u0000\u0000\u0000\u0000\u0000\u0000\u0000\u0000\u0000\u0000\u0000\u0000\u0000\u0000\u0000\u0000\u0000\u0000\u0000\u0000\u0000\u0000\u0000\u0000\u0000\u0000\u0000\u0000\u0000\u0000\u0000\u0000\u0000\u0000\u0000\u0000\u0000\u0000\u0000\u0000\u0000\u0000\u0000\u0000\u0000\u0000\u0000\u0000\u0000\u0000\u0000\u0000\u0000\u0000\u0000\u0000\u0000\u0000\u0000\u0000\u0000\u0000\u0000\u0000\u0000\u0000\u0000\u0000\u0000\u0000\u0000\u0000\u0000\u0000\u0000\u0000\u0000\u0000\u0000\u0000\u0000\u0000\u0000\u0000\u0000\u0000\u0000\u0000\u0000\u0000\u0000\u0000\u0000\u0000\u0000\u0000\u0000\u0000\u0000\u0000\u0000\u0000\u0000\u0000\u0000\u0000\u0000\u0000\u0000\u0000\u0000\u0000\u0000\u0000\u0000\u0000\u0000\u0000\u0000\u0000\u0000\u0000\u0000\u0000\u0000\u0000\u0000\u0000\u0000\u0000\u0000\u0000\u0000\u0000\u0000\u0000\u0000\u0000\u0000\u0000\u0000\u0000\u0000\u0000\u0000\u0000\u0000\u0000\u0000\u0000\u0000\u0000\u0000\u0000\u0000\u0000\u0000\u0000\u0000\u0000\u0000\u0000\u0000\u0000\u0000\u0000\u0000\u0000\u0000\u0000\u0000\u0000\u0000\u0000\u0000\u0000\u0000\u0000\u0000\u0000\u0000\u0000\u0000\u0000\u0000\u0000\u0000\u0000\u0000\u0000\u0000\u0000\u0000\u0000\u0000\u0000\u0000\u0000\u0000\u0000\u0000\u0000\u0000\u0000\u0000\u0000\u0000\u0000\u0000\u0000\u0000\u0000\u0000\u0000\u0000\u0000\u0000\u0000\u0000\u0000\u0000\u0000\u0000\u0000\u0000\u0000\u0000\u0000\u0000\u0000\u0000\u0000\u0000\u0000\u0000\u0000\u0000\u0000\u0000\u0000\u0000\u0000\u0000\u0000\u0000\u0000\u0000\u0000\u0000\u0000\u0000\u0000\u0000\u0000",
        "RESOLUTION": 0,
        "ATTRIBUTE": "Man-made",
        "CLASS": "SHORELINE",
        "F_CODE": null,
        "EX_METH": "M",
        "EXTRACT_TE": "P",
        "_selecter_format": "shapefile",
        "_selecter_sourcecrs": "EPSG:4269",
        "_selecter_source": "CA37B07 1853 SF",
        "_selecter_imported": "2026-08-03T23:02:23.649Z"
      },
      "geometry": {
        "type": "LineString",
        "coordinates": [
          [
            -122.412022,
            37.805019
          ],
          [
            -122.411942,
            37.805019
          ]
        ]
      }
    },
    {
      "type": "Feature",
      "properties": {
        "FEATURE_ID": 926030,
        "FEATURE": 1,
        "SOURCE_ID": "T00398",
        "DATA_SOURC": "P",
        "SRC_DATE": "18530101",
        "HOR_ACC": "0",
        "INFORM": "\u0000\u0000\u0000\u0000\u0000\u0000\u0000\u0000\u0000\u0000\u0000\u0000\u0000\u0000\u0000\u0000\u0000\u0000\u0000\u0000\u0000\u0000\u0000\u0000\u0000\u0000\u0000\u0000\u0000\u0000\u0000\u0000\u0000\u0000\u0000\u0000\u0000\u0000\u0000\u0000\u0000\u0000\u0000\u0000\u0000\u0000\u0000\u0000\u0000\u0000\u0000\u0000\u0000\u0000\u0000\u0000\u0000\u0000\u0000\u0000\u0000\u0000\u0000\u0000\u0000\u0000\u0000\u0000\u0000\u0000\u0000\u0000\u0000\u0000\u0000\u0000\u0000\u0000\u0000\u0000\u0000\u0000\u0000\u0000\u0000\u0000\u0000\u0000\u0000\u0000\u0000\u0000\u0000\u0000\u0000\u0000\u0000\u0000\u0000\u0000\u0000\u0000\u0000\u0000\u0000\u0000\u0000\u0000\u0000\u0000\u0000\u0000\u0000\u0000\u0000\u0000\u0000\u0000\u0000\u0000\u0000\u0000\u0000\u0000\u0000\u0000\u0000\u0000\u0000\u0000\u0000\u0000\u0000\u0000\u0000\u0000\u0000\u0000\u0000\u0000\u0000\u0000\u0000\u0000\u0000\u0000\u0000\u0000\u0000\u0000\u0000\u0000\u0000\u0000\u0000\u0000\u0000\u0000\u0000\u0000\u0000\u0000\u0000\u0000\u0000\u0000\u0000\u0000\u0000\u0000\u0000\u0000\u0000\u0000\u0000\u0000\u0000\u0000\u0000\u0000\u0000\u0000\u0000\u0000\u0000\u0000\u0000\u0000\u0000\u0000\u0000\u0000\u0000\u0000\u0000\u0000\u0000\u0000\u0000\u0000\u0000\u0000\u0000\u0000\u0000\u0000\u0000\u0000\u0000\u0000\u0000\u0000\u0000\u0000\u0000\u0000\u0000\u0000\u0000\u0000\u0000\u0000\u0000\u0000\u0000\u0000\u0000\u0000\u0000\u0000\u0000\u0000\u0000\u0000\u0000\u0000\u0000\u0000\u0000\u0000\u0000\u0000\u0000\u0000\u0000\u0000\u0000\u0000\u0000\u0000\u0000\u0000\u0000\u0000",
        "RESOLUTION": 0,
        "ATTRIBUTE": "Man-made",
        "CLASS": "SHORELINE",
        "F_CODE": null,
        "EX_METH": "M",
        "EXTRACT_TE": "P",
        "_selecter_format": "shapefile",
        "_selecter_sourcecrs": "EPSG:4269",
        "_selecter_source": "CA37B07 1853 SF",
        "_selecter_imported": "2026-08-03T23:02:23.649Z"
      },
      "geometry": {
        "type": "LineString",
        "coordinates": [
          [
            -122.412272,
            37.804949
          ],
          [
            -122.412262,
            37.804969
          ],
          [
            -122.412182,
            37.804969
          ]
        ]
      }
    },
    {
      "type": "Feature",
      "properties": {
        "FEATURE_ID": 927067,
        "FEATURE": 1,
        "SOURCE_ID": "T00398",
        "DATA_SOURC": "P",
        "SRC_DATE": "18530101",
        "HOR_ACC": "0",
        "INFORM": "\u0000\u0000\u0000\u0000\u0000\u0000\u0000\u0000\u0000\u0000\u0000\u0000\u0000\u0000\u0000\u0000\u0000\u0000\u0000\u0000\u0000\u0000\u0000\u0000\u0000\u0000\u0000\u0000\u0000\u0000\u0000\u0000\u0000\u0000\u0000\u0000\u0000\u0000\u0000\u0000\u0000\u0000\u0000\u0000\u0000\u0000\u0000\u0000\u0000\u0000\u0000\u0000\u0000\u0000\u0000\u0000\u0000\u0000\u0000\u0000\u0000\u0000\u0000\u0000\u0000\u0000\u0000\u0000\u0000\u0000\u0000\u0000\u0000\u0000\u0000\u0000\u0000\u0000\u0000\u0000\u0000\u0000\u0000\u0000\u0000\u0000\u0000\u0000\u0000\u0000\u0000\u0000\u0000\u0000\u0000\u0000\u0000\u0000\u0000\u0000\u0000\u0000\u0000\u0000\u0000\u0000\u0000\u0000\u0000\u0000\u0000\u0000\u0000\u0000\u0000\u0000\u0000\u0000\u0000\u0000\u0000\u0000\u0000\u0000\u0000\u0000\u0000\u0000\u0000\u0000\u0000\u0000\u0000\u0000\u0000\u0000\u0000\u0000\u0000\u0000\u0000\u0000\u0000\u0000\u0000\u0000\u0000\u0000\u0000\u0000\u0000\u0000\u0000\u0000\u0000\u0000\u0000\u0000\u0000\u0000\u0000\u0000\u0000\u0000\u0000\u0000\u0000\u0000\u0000\u0000\u0000\u0000\u0000\u0000\u0000\u0000\u0000\u0000\u0000\u0000\u0000\u0000\u0000\u0000\u0000\u0000\u0000\u0000\u0000\u0000\u0000\u0000\u0000\u0000\u0000\u0000\u0000\u0000\u0000\u0000\u0000\u0000\u0000\u0000\u0000\u0000\u0000\u0000\u0000\u0000\u0000\u0000\u0000\u0000\u0000\u0000\u0000\u0000\u0000\u0000\u0000\u0000\u0000\u0000\u0000\u0000\u0000\u0000\u0000\u0000\u0000\u0000\u0000\u0000\u0000\u0000\u0000\u0000\u0000\u0000\u0000\u0000\u0000\u0000\u0000\u0000\u0000\u0000\u0000\u0000\u0000\u0000\u0000\u0000",
        "RESOLUTION": 0,
        "ATTRIBUTE": "Man-made",
        "CLASS": "SHORELINE",
        "F_CODE": null,
        "EX_METH": "M",
        "EXTRACT_TE": "P",
        "_selecter_format": "shapefile",
        "_selecter_sourcecrs": "EPSG:4269",
        "_selecter_source": "CA37B07 1853 SF",
        "_selecter_imported": "2026-08-03T23:02:23.649Z"
      },
      "geometry": {
        "type": "LineString",
        "coordinates": [
          [
            -122.399602,
            37.798669
          ],
          [
            -122.399592,
            37.798619
          ],
          [
            -122.399562,
            37.798629
          ],
          [
            -122.399542,
            37.798619
          ],
          [
            -122.399542,
            37.798599
          ],
          [
            -122.399542,
            37.798579
          ],
          [
            -122.399542,
            37.798549
          ],
          [
            -122.399542,
            37.798519
          ],
          [
            -122.399542,
            37.798499
          ],
          [
            -122.399532,
            37.798479
          ],
          [
            -122.399532,
            37.798459
          ]
        ]
      }
    },
    {
      "type": "Feature",
      "properties": {
        "FEATURE_ID": 927410,
        "FEATURE": 1,
        "SOURCE_ID": "T00398",
        "DATA_SOURC": "P",
        "SRC_DATE": "18530101",
        "HOR_ACC": "0",
        "INFORM": "\u0000\u0000\u0000\u0000\u0000\u0000\u0000\u0000\u0000\u0000\u0000\u0000\u0000\u0000\u0000\u0000\u0000\u0000\u0000\u0000\u0000\u0000\u0000\u0000\u0000\u0000\u0000\u0000\u0000\u0000\u0000\u0000\u0000\u0000\u0000\u0000\u0000\u0000\u0000\u0000\u0000\u0000\u0000\u0000\u0000\u0000\u0000\u0000\u0000\u0000\u0000\u0000\u0000\u0000\u0000\u0000\u0000\u0000\u0000\u0000\u0000\u0000\u0000\u0000\u0000\u0000\u0000\u0000\u0000\u0000\u0000\u0000\u0000\u0000\u0000\u0000\u0000\u0000\u0000\u0000\u0000\u0000\u0000\u0000\u0000\u0000\u0000\u0000\u0000\u0000\u0000\u0000\u0000\u0000\u0000\u0000\u0000\u0000\u0000\u0000\u0000\u0000\u0000\u0000\u0000\u0000\u0000\u0000\u0000\u0000\u0000\u0000\u0000\u0000\u0000\u0000\u0000\u0000\u0000\u0000\u0000\u0000\u0000\u0000\u0000\u0000\u0000\u0000\u0000\u0000\u0000\u0000\u0000\u0000\u0000\u0000\u0000\u0000\u0000\u0000\u0000\u0000\u0000\u0000\u0000\u0000\u0000\u0000\u0000\u0000\u0000\u0000\u0000\u0000\u0000\u0000\u0000\u0000\u0000\u0000\u0000\u0000\u0000\u0000\u0000\u0000\u0000\u0000\u0000\u0000\u0000\u0000\u0000\u0000\u0000\u0000\u0000\u0000\u0000\u0000\u0000\u0000\u0000\u0000\u0000\u0000\u0000\u0000\u0000\u0000\u0000\u0000\u0000\u0000\u0000\u0000\u0000\u0000\u0000\u0000\u0000\u0000\u0000\u0000\u0000\u0000\u0000\u0000\u0000\u0000\u0000\u0000\u0000\u0000\u0000\u0000\u0000\u0000\u0000\u0000\u0000\u0000\u0000\u0000\u0000\u0000\u0000\u0000\u0000\u0000\u0000\u0000\u0000\u0000\u0000\u0000\u0000\u0000\u0000\u0000\u0000\u0000\u0000\u0000\u0000\u0000\u0000\u0000\u0000\u0000\u0000\u0000\u0000\u0000",
        "RESOLUTION": 0,
        "ATTRIBUTE": "Man-made",
        "CLASS": "SHORELINE",
        "F_CODE": null,
        "EX_METH": "M",
        "EXTRACT_TE": "P",
        "_selecter_format": "shapefile",
        "_selecter_sourcecrs": "EPSG:4269",
        "_selecter_source": "CA37B07 1853 SF",
        "_selecter_imported": "2026-08-03T23:02:23.649Z"
      },
      "geometry": {
        "type": "LineString",
        "coordinates": [
          [
            -122.398402,
            37.797919
          ],
          [
            -122.398412,
            37.797899
          ],
          [
            -122.398412,
            37.797879
          ],
          [
            -122.398402,
            37.797859
          ],
          [
            -122.398402,
            37.797839
          ],
          [
            -122.398392,
            37.797809
          ],
          [
            -122.398392,
            37.797789
          ],
          [
            -122.398392,
            37.797769
          ],
          [
            -122.398392,
            37.797739
          ],
          [
            -122.398392,
            37.797719
          ],
          [
            -122.398382,
            37.797699
          ],
          [
            -122.398372,
            37.797679
          ],
          [
            -122.398362,
            37.797659
          ],
          [
            -122.398352,
            37.797639
          ],
          [
            -122.398342,
            37.797609
          ],
          [
            -122.398342,
            37.797589
          ],
          [
            -122.398332,
            37.797569
          ],
          [
            -122.398322,
            37.797549
          ],
          [
            -122.398322,
            37.797529
          ],
          [
            -122.398332,
            37.797509
          ],
          [
            -122.398332,
            37.797479
          ],
          [
            -122.398332,
            37.797459
          ],
          [
            -122.398322,
            37.797439
          ],
          [
            -122.398312,
            37.797409
          ],
          [
            -122.398302,
            37.797389
          ],
          [
            -122.398292,
            37.797369
          ],
          [
            -122.398272,
            37.797349
          ],
          [
            -122.398272,
            37.797329
          ],
          [
            -122.398272,
            37.797309
          ],
          [
            -122.398262,
            37.797279
          ],
          [
            -122.398252,
            37.797259
          ],
          [
            -122.398252,
            37.797239
          ],
          [
            -122.398252,
            37.797219
          ],
          [
            -122.398242,
            37.797199
          ],
          [
            -122.398232,
            37.797179
          ],
          [
            -122.398232,
            37.797149
          ],
          [
            -122.398222,
            37.797129
          ],
          [
            -122.398222,
            37.797109
          ]
        ]
      }
    },
    {
      "type": "Feature",
      "properties": {
        "FEATURE_ID": 927414,
        "FEATURE": 1,
        "SOURCE_ID": "T00398",
        "DATA_SOURC": "P",
        "SRC_DATE": "18530101",
        "HOR_ACC": "0",
        "INFORM": "\u0000\u0000\u0000\u0000\u0000\u0000\u0000\u0000\u0000\u0000\u0000\u0000\u0000\u0000\u0000\u0000\u0000\u0000\u0000\u0000\u0000\u0000\u0000\u0000\u0000\u0000\u0000\u0000\u0000\u0000\u0000\u0000\u0000\u0000\u0000\u0000\u0000\u0000\u0000\u0000\u0000\u0000\u0000\u0000\u0000\u0000\u0000\u0000\u0000\u0000\u0000\u0000\u0000\u0000\u0000\u0000\u0000\u0000\u0000\u0000\u0000\u0000\u0000\u0000\u0000\u0000\u0000\u0000\u0000\u0000\u0000\u0000\u0000\u0000\u0000\u0000\u0000\u0000\u0000\u0000\u0000\u0000\u0000\u0000\u0000\u0000\u0000\u0000\u0000\u0000\u0000\u0000\u0000\u0000\u0000\u0000\u0000\u0000\u0000\u0000\u0000\u0000\u0000\u0000\u0000\u0000\u0000\u0000\u0000\u0000\u0000\u0000\u0000\u0000\u0000\u0000\u0000\u0000\u0000\u0000\u0000\u0000\u0000\u0000\u0000\u0000\u0000\u0000\u0000\u0000\u0000\u0000\u0000\u0000\u0000\u0000\u0000\u0000\u0000\u0000\u0000\u0000\u0000\u0000\u0000\u0000\u0000\u0000\u0000\u0000\u0000\u0000\u0000\u0000\u0000\u0000\u0000\u0000\u0000\u0000\u0000\u0000\u0000\u0000\u0000\u0000\u0000\u0000\u0000\u0000\u0000\u0000\u0000\u0000\u0000\u0000\u0000\u0000\u0000\u0000\u0000\u0000\u0000\u0000\u0000\u0000\u0000\u0000\u0000\u0000\u0000\u0000\u0000\u0000\u0000\u0000\u0000\u0000\u0000\u0000\u0000\u0000\u0000\u0000\u0000\u0000\u0000\u0000\u0000\u0000\u0000\u0000\u0000\u0000\u0000\u0000\u0000\u0000\u0000\u0000\u0000\u0000\u0000\u0000\u0000\u0000\u0000\u0000\u0000\u0000\u0000\u0000\u0000\u0000\u0000\u0000\u0000\u0000\u0000\u0000\u0000\u0000\u0000\u0000\u0000\u0000\u0000\u0000\u0000\u0000\u0000\u0000\u0000\u0000",
        "RESOLUTION": 0,
        "ATTRIBUTE": "Man-made",
        "CLASS": "SHORELINE",
        "F_CODE": null,
        "EX_METH": "M",
        "EXTRACT_TE": "P",
        "_selecter_format": "shapefile",
        "_selecter_sourcecrs": "EPSG:4269",
        "_selecter_source": "CA37B07 1853 SF",
        "_selecter_imported": "2026-08-03T23:02:23.649Z"
      },
      "geometry": {
        "type": "LineString",
        "coordinates": [
          [
            -122.393762,
            37.788859
          ],
          [
            -122.393622,
            37.788869
          ]
        ]
      }
    },
    {
      "type": "Feature",
      "properties": {
        "FEATURE_ID": 927411,
        "FEATURE": 1,
        "SOURCE_ID": "T00398",
        "DATA_SOURC": "P",
        "SRC_DATE": "18530101",
        "HOR_ACC": "0",
        "INFORM": "\u0000\u0000\u0000\u0000\u0000\u0000\u0000\u0000\u0000\u0000\u0000\u0000\u0000\u0000\u0000\u0000\u0000\u0000\u0000\u0000\u0000\u0000\u0000\u0000\u0000\u0000\u0000\u0000\u0000\u0000\u0000\u0000\u0000\u0000\u0000\u0000\u0000\u0000\u0000\u0000\u0000\u0000\u0000\u0000\u0000\u0000\u0000\u0000\u0000\u0000\u0000\u0000\u0000\u0000\u0000\u0000\u0000\u0000\u0000\u0000\u0000\u0000\u0000\u0000\u0000\u0000\u0000\u0000\u0000\u0000\u0000\u0000\u0000\u0000\u0000\u0000\u0000\u0000\u0000\u0000\u0000\u0000\u0000\u0000\u0000\u0000\u0000\u0000\u0000\u0000\u0000\u0000\u0000\u0000\u0000\u0000\u0000\u0000\u0000\u0000\u0000\u0000\u0000\u0000\u0000\u0000\u0000\u0000\u0000\u0000\u0000\u0000\u0000\u0000\u0000\u0000\u0000\u0000\u0000\u0000\u0000\u0000\u0000\u0000\u0000\u0000\u0000\u0000\u0000\u0000\u0000\u0000\u0000\u0000\u0000\u0000\u0000\u0000\u0000\u0000\u0000\u0000\u0000\u0000\u0000\u0000\u0000\u0000\u0000\u0000\u0000\u0000\u0000\u0000\u0000\u0000\u0000\u0000\u0000\u0000\u0000\u0000\u0000\u0000\u0000\u0000\u0000\u0000\u0000\u0000\u0000\u0000\u0000\u0000\u0000\u0000\u0000\u0000\u0000\u0000\u0000\u0000\u0000\u0000\u0000\u0000\u0000\u0000\u0000\u0000\u0000\u0000\u0000\u0000\u0000\u0000\u0000\u0000\u0000\u0000\u0000\u0000\u0000\u0000\u0000\u0000\u0000\u0000\u0000\u0000\u0000\u0000\u0000\u0000\u0000\u0000\u0000\u0000\u0000\u0000\u0000\u0000\u0000\u0000\u0000\u0000\u0000\u0000\u0000\u0000\u0000\u0000\u0000\u0000\u0000\u0000\u0000\u0000\u0000\u0000\u0000\u0000\u0000\u0000\u0000\u0000\u0000\u0000\u0000\u0000\u0000\u0000\u0000\u0000",
        "RESOLUTION": 0,
        "ATTRIBUTE": "Man-made",
        "CLASS": "SHORELINE",
        "F_CODE": null,
        "EX_METH": "M",
        "EXTRACT_TE": "P",
        "_selecter_format": "shapefile",
        "_selecter_sourcecrs": "EPSG:4269",
        "_selecter_source": "CA37B07 1853 SF",
        "_selecter_imported": "2026-08-03T23:02:23.649Z"
      },
      "geometry": {
        "type": "LineString",
        "coordinates": [
          [
            -122.398222,
            37.797109
          ],
          [
            -122.398212,
            37.797089
          ],
          [
            -122.398182,
            37.797089
          ],
          [
            -122.398152,
            37.797089
          ],
          [
            -122.398132,
            37.797109
          ],
          [
            -122.398102,
            37.797109
          ],
          [
            -122.398072,
            37.797119
          ],
          [
            -122.398042,
            37.797129
          ],
          [
            -122.398022,
            37.797139
          ],
          [
            -122.397992,
            37.797139
          ],
          [
            -122.397962,
            37.797139
          ],
          [
            -122.397942,
            37.797139
          ],
          [
            -122.397912,
            37.797139
          ],
          [
            -122.397882,
            37.797149
          ],
          [
            -122.397852,
            37.797149
          ],
          [
            -122.397832,
            37.797159
          ],
          [
            -122.397802,
            37.797159
          ],
          [
            -122.397772,
            37.797159
          ],
          [
            -122.397752,
            37.797159
          ],
          [
            -122.397712,
            37.797159
          ],
          [
            -122.397692,
            37.797169
          ],
          [
            -122.397662,
            37.797169
          ],
          [
            -122.397632,
            37.797169
          ],
          [
            -122.397612,
            37.797179
          ],
          [
            -122.397582,
            37.797179
          ],
          [
            -122.397552,
            37.797179
          ],
          [
            -122.397522,
            37.797189
          ],
          [
            -122.397502,
            37.797199
          ],
          [
            -122.397472,
            37.797199
          ],
          [
            -122.397442,
            37.797209
          ],
          [
            -122.397412,
            37.797209
          ],
          [
            -122.397392,
            37.797219
          ],
          [
            -122.397362,
            37.797219
          ],
          [
            -122.397332,
            37.797219
          ],
          [
            -122.397312,
            37.797229
          ],
          [
            -122.397282,
            37.797229
          ],
          [
            -122.397252,
            37.797239
          ],
          [
            -122.397222,
            37.797239
          ],
          [
            -122.397192,
            37.797229
          ],
          [
            -122.397172,
            37.797229
          ],
          [
            -122.397142,
            37.797229
          ],
          [
            -122.397112,
            37.797229
          ],
          [
            -122.397082,
            37.797229
          ],
          [
            -122.397072,
            37.797209
          ],
          [
            -122.397072,
            37.797189
          ],
          [
            -122.397092,
            37.797169
          ],
          [
            -122.397122,
            37.797169
          ],
          [
            -122.397152,
            37.797169
          ],
          [
            -122.397172,
            37.797159
          ],
          [
            -122.397202,
            37.797149
          ],
          [
            -122.397232,
            37.797149
          ],
          [
            -122.397262,
            37.797139
          ],
          [
            -122.397282,
            37.797139
          ],
          [
            -122.397312,
            37.797129
          ],
          [
            -122.397342,
            37.797129
          ],
          [
            -122.397372,
            37.797129
          ],
          [
            -122.397392,
            37.797129
          ],
          [
            -122.397422,
            37.797119
          ],
          [
            -122.397452,
            37.797119
          ],
          [
            -122.397482,
            37.797109
          ],
          [
            -122.397502,
            37.797109
          ],
          [
            -122.397532,
            37.797099
          ],
          [
            -122.397562,
            37.797099
          ],
          [
            -122.397592,
            37.797079
          ],
          [
            -122.397592,
            37.797059
          ],
          [
            -122.397592,
            37.797029
          ],
          [
            -122.397592,
            37.797009
          ],
          [
            -122.397592,
            37.796979
          ],
          [
            -122.397592,
            37.796959
          ],
          [
            -122.397592,
            37.796929
          ],
          [
            -122.397602,
            37.796909
          ],
          [
            -122.397632,
            37.796909
          ],
          [
            -122.397652,
            37.796919
          ],
          [
            -122.397682,
            37.796919
          ],
          [
            -122.397712,
            37.796919
          ],
          [
            -122.397742,
            37.796919
          ],
          [
            -122.397772,
            37.796919
          ],
          [
            -122.397772,
            37.796939
          ],
          [
            -122.397782,
            37.796959
          ],
          [
            -122.397782,
            37.796979
          ],
          [
            -122.397802,
            37.796999
          ],
          [
            -122.397832,
            37.796989
          ],
          [
            -122.397852,
            37.796969
          ],
          [
            -122.397842,
            37.796949
          ],
          [
            -122.397842,
            37.796929
          ],
          [
            -122.397842,
            37.796899
          ],
          [
            -122.397832,
            37.796879
          ],
          [
            -122.397832,
            37.796859
          ],
          [
            -122.397842,
            37.796829
          ],
          [
            -122.397842,
            37.796809
          ],
          [
            -122.397832,
            37.796789
          ],
          [
            -122.397822,
            37.796759
          ],
          [
            -122.397822,
            37.796739
          ],
          [
            -122.397812,
            37.796719
          ],
          [
            -122.397802,
            37.796699
          ],
          [
            -122.397812,
            37.796679
          ],
          [
            -122.397832,
            37.796669
          ],
          [
            -122.397862,
            37.796669
          ],
          [
            -122.397892,
            37.796669
          ],
          [
            -122.397922,
            37.796659
          ],
          [
            -122.397942,
            37.796639
          ],
          [
            -122.397952,
            37.796619
          ],
          [
            -122.397952,
            37.796599
          ],
          [
            -122.397942,
            37.796579
          ],
          [
            -122.397932,
            37.796559
          ],
          [
            -122.397932,
            37.796529
          ],
          [
            -122.397932,
            37.796509
          ],
          [
            -122.397922,
            37.796489
          ],
          [
            -122.397922,
            37.796469
          ],
          [
            -122.397922,
            37.796439
          ],
          [
            -122.397912,
            37.796419
          ],
          [
            -122.397882,
            37.796409
          ],
          [
            -122.397862,
            37.796429
          ],
          [
            -122.397832,
            37.796439
          ],
          [
            -122.397812,
            37.796449
          ],
          [
            -122.397782,
            37.796429
          ],
          [
            -122.397782,
            37.796409
          ],
          [
            -122.397782,
            37.796389
          ],
          [
            -122.397802,
            37.796369
          ],
          [
            -122.397832,
            37.796369
          ],
          [
            -122.397862,
            37.796359
          ],
          [
            -122.397862,
            37.796339
          ],
          [
            -122.397862,
            37.796309
          ],
          [
            -122.397862,
            37.796289
          ],
          [
            -122.397862,
            37.796269
          ],
          [
            -122.397862,
            37.796239
          ],
          [
            -122.397862,
            37.796219
          ],
          [
            -122.397862,
            37.796189
          ],
          [
            -122.397892,
            37.796189
          ],
          [
            -122.397912,
            37.796169
          ],
          [
            -122.397942,
            37.796159
          ],
          [
            -122.397972,
            37.796159
          ],
          [
            -122.398002,
            37.796159
          ]
        ]
      }
    },
    {
      "type": "Feature",
      "properties": {
        "FEATURE_ID": 927412,
        "FEATURE": 1,
        "SOURCE_ID": "T00398",
        "DATA_SOURC": "P",
        "SRC_DATE": "18530101",
        "HOR_ACC": "0",
        "INFORM": "\u0000\u0000\u0000\u0000\u0000\u0000\u0000\u0000\u0000\u0000\u0000\u0000\u0000\u0000\u0000\u0000\u0000\u0000\u0000\u0000\u0000\u0000\u0000\u0000\u0000\u0000\u0000\u0000\u0000\u0000\u0000\u0000\u0000\u0000\u0000\u0000\u0000\u0000\u0000\u0000\u0000\u0000\u0000\u0000\u0000\u0000\u0000\u0000\u0000\u0000\u0000\u0000\u0000\u0000\u0000\u0000\u0000\u0000\u0000\u0000\u0000\u0000\u0000\u0000\u0000\u0000\u0000\u0000\u0000\u0000\u0000\u0000\u0000\u0000\u0000\u0000\u0000\u0000\u0000\u0000\u0000\u0000\u0000\u0000\u0000\u0000\u0000\u0000\u0000\u0000\u0000\u0000\u0000\u0000\u0000\u0000\u0000\u0000\u0000\u0000\u0000\u0000\u0000\u0000\u0000\u0000\u0000\u0000\u0000\u0000\u0000\u0000\u0000\u0000\u0000\u0000\u0000\u0000\u0000\u0000\u0000\u0000\u0000\u0000\u0000\u0000\u0000\u0000\u0000\u0000\u0000\u0000\u0000\u0000\u0000\u0000\u0000\u0000\u0000\u0000\u0000\u0000\u0000\u0000\u0000\u0000\u0000\u0000\u0000\u0000\u0000\u0000\u0000\u0000\u0000\u0000\u0000\u0000\u0000\u0000\u0000\u0000\u0000\u0000\u0000\u0000\u0000\u0000\u0000\u0000\u0000\u0000\u0000\u0000\u0000\u0000\u0000\u0000\u0000\u0000\u0000\u0000\u0000\u0000\u0000\u0000\u0000\u0000\u0000\u0000\u0000\u0000\u0000\u0000\u0000\u0000\u0000\u0000\u0000\u0000\u0000\u0000\u0000\u0000\u0000\u0000\u0000\u0000\u0000\u0000\u0000\u0000\u0000\u0000\u0000\u0000\u0000\u0000\u0000\u0000\u0000\u0000\u0000\u0000\u0000\u0000\u0000\u0000\u0000\u0000\u0000\u0000\u0000\u0000\u0000\u0000\u0000\u0000\u0000\u0000\u0000\u0000\u0000\u0000\u0000\u0000\u0000\u0000\u0000\u0000\u0000\u0000\u0000\u0000",
        "RESOLUTION": 0,
        "ATTRIBUTE": "Man-made",
        "CLASS": "SHORELINE",
        "F_CODE": null,
        "EX_METH": "M",
        "EXTRACT_TE": "P",
        "_selecter_format": "shapefile",
        "_selecter_sourcecrs": "EPSG:4269",
        "_selecter_source": "CA37B07 1853 SF",
        "_selecter_imported": "2026-08-03T23:02:23.649Z"
      },
      "geometry": {
        "type": "LineString",
        "coordinates": [
          [
            -122.398002,
            37.796159
          ],
          [
            -122.398012,
            37.796139
          ],
          [
            -122.398002,
            37.796109
          ],
          [
            -122.398002,
            37.796089
          ],
          [
            -122.398002,
            37.796069
          ],
          [
            -122.397992,
            37.796049
          ],
          [
            -122.397982,
            37.796029
          ],
          [
            -122.397982,
            37.795999
          ],
          [
            -122.397982,
            37.795979
          ],
          [
            -122.397982,
            37.795959
          ],
          [
            -122.397972,
            37.795939
          ],
          [
            -122.397972,
            37.795919
          ],
          [
            -122.397972,
            37.795899
          ],
          [
            -122.397972,
            37.795869
          ],
          [
            -122.397972,
            37.795849
          ],
          [
            -122.397962,
            37.795819
          ],
          [
            -122.397962,
            37.795799
          ],
          [
            -122.397962,
            37.795779
          ],
          [
            -122.397952,
            37.795759
          ],
          [
            -122.397952,
            37.795729
          ],
          [
            -122.397952,
            37.795709
          ],
          [
            -122.397952,
            37.795679
          ],
          [
            -122.397952,
            37.795659
          ],
          [
            -122.397942,
            37.795639
          ],
          [
            -122.397942,
            37.795619
          ],
          [
            -122.397932,
            37.795599
          ],
          [
            -122.397932,
            37.795579
          ],
          [
            -122.397922,
            37.795549
          ],
          [
            -122.397892,
            37.795569
          ],
          [
            -122.397882,
            37.795589
          ],
          [
            -122.397862,
            37.795609
          ],
          [
            -122.397862,
            37.795629
          ],
          [
            -122.397862,
            37.795649
          ],
          [
            -122.397862,
            37.795669
          ],
          [
            -122.397852,
            37.795699
          ],
          [
            -122.397852,
            37.795729
          ],
          [
            -122.397842,
            37.795749
          ],
          [
            -122.397812,
            37.795759
          ],
          [
            -122.397782,
            37.795759
          ],
          [
            -122.397772,
            37.795729
          ],
          [
            -122.397772,
            37.795709
          ],
          [
            -122.397772,
            37.795689
          ],
          [
            -122.397782,
            37.795669
          ],
          [
            -122.397782,
            37.795639
          ],
          [
            -122.397772,
            37.795619
          ],
          [
            -122.397762,
            37.795599
          ],
          [
            -122.397732,
            37.795589
          ],
          [
            -122.397712,
            37.795609
          ],
          [
            -122.397702,
            37.795629
          ],
          [
            -122.397702,
            37.795659
          ],
          [
            -122.397692,
            37.795679
          ],
          [
            -122.397672,
            37.795699
          ],
          [
            -122.397612,
            37.795679
          ],
          [
            -122.397522,
            37.795689
          ],
          [
            -122.397472,
            37.795689
          ],
          [
            -122.397422,
            37.795709
          ],
          [
            -122.397392,
            37.795719
          ],
          [
            -122.397352,
            37.795719
          ],
          [
            -122.397312,
            37.795709
          ],
          [
            -122.397272,
            37.795709
          ],
          [
            -122.397232,
            37.795719
          ],
          [
            -122.397182,
            37.795729
          ],
          [
            -122.397182,
            37.795659
          ],
          [
            -122.397162,
            37.795639
          ],
          [
            -122.396892,
            37.795699
          ],
          [
            -122.396792,
            37.795709
          ],
          [
            -122.396792,
            37.795759
          ]
        ]
      }
    },
    {
      "type": "Feature",
      "properties": {
        "FEATURE_ID": 926360,
        "FEATURE": 1,
        "SOURCE_ID": "T00398",
        "DATA_SOURC": "P",
        "SRC_DATE": "18530101",
        "HOR_ACC": "0",
        "INFORM": "\u0000\u0000\u0000\u0000\u0000\u0000\u0000\u0000\u0000\u0000\u0000\u0000\u0000\u0000\u0000\u0000\u0000\u0000\u0000\u0000\u0000\u0000\u0000\u0000\u0000\u0000\u0000\u0000\u0000\u0000\u0000\u0000\u0000\u0000\u0000\u0000\u0000\u0000\u0000\u0000\u0000\u0000\u0000\u0000\u0000\u0000\u0000\u0000\u0000\u0000\u0000\u0000\u0000\u0000\u0000\u0000\u0000\u0000\u0000\u0000\u0000\u0000\u0000\u0000\u0000\u0000\u0000\u0000\u0000\u0000\u0000\u0000\u0000\u0000\u0000\u0000\u0000\u0000\u0000\u0000\u0000\u0000\u0000\u0000\u0000\u0000\u0000\u0000\u0000\u0000\u0000\u0000\u0000\u0000\u0000\u0000\u0000\u0000\u0000\u0000\u0000\u0000\u0000\u0000\u0000\u0000\u0000\u0000\u0000\u0000\u0000\u0000\u0000\u0000\u0000\u0000\u0000\u0000\u0000\u0000\u0000\u0000\u0000\u0000\u0000\u0000\u0000\u0000\u0000\u0000\u0000\u0000\u0000\u0000\u0000\u0000\u0000\u0000\u0000\u0000\u0000\u0000\u0000\u0000\u0000\u0000\u0000\u0000\u0000\u0000\u0000\u0000\u0000\u0000\u0000\u0000\u0000\u0000\u0000\u0000\u0000\u0000\u0000\u0000\u0000\u0000\u0000\u0000\u0000\u0000\u0000\u0000\u0000\u0000\u0000\u0000\u0000\u0000\u0000\u0000\u0000\u0000\u0000\u0000\u0000\u0000\u0000\u0000\u0000\u0000\u0000\u0000\u0000\u0000\u0000\u0000\u0000\u0000\u0000\u0000\u0000\u0000\u0000\u0000\u0000\u0000\u0000\u0000\u0000\u0000\u0000\u0000\u0000\u0000\u0000\u0000\u0000\u0000\u0000\u0000\u0000\u0000\u0000\u0000\u0000\u0000\u0000\u0000\u0000\u0000\u0000\u0000\u0000\u0000\u0000\u0000\u0000\u0000\u0000\u0000\u0000\u0000\u0000\u0000\u0000\u0000\u0000\u0000\u0000\u0000\u0000\u0000\u0000\u0000",
        "RESOLUTION": 0,
        "ATTRIBUTE": "Man-made",
        "CLASS": "SHORELINE",
        "F_CODE": null,
        "EX_METH": "M",
        "EXTRACT_TE": "P",
        "_selecter_format": "shapefile",
        "_selecter_sourcecrs": "EPSG:4269",
        "_selecter_source": "CA37B07 1853 SF",
        "_selecter_imported": "2026-08-03T23:02:23.649Z"
      },
      "geometry": {
        "type": "LineString",
        "coordinates": [
          [
            -122.396722,
            37.795789
          ],
          [
            -122.396652,
            37.795439
          ],
          [
            -122.397192,
            37.795359
          ],
          [
            -122.397852,
            37.795279
          ]
        ]
      }
    },
    {
      "type": "Feature",
      "properties": {
        "FEATURE_ID": 926361,
        "FEATURE": 1,
        "SOURCE_ID": "T00398",
        "DATA_SOURC": "P",
        "SRC_DATE": "18530101",
        "HOR_ACC": "0",
        "INFORM": "\u0000\u0000\u0000\u0000\u0000\u0000\u0000\u0000\u0000\u0000\u0000\u0000\u0000\u0000\u0000\u0000\u0000\u0000\u0000\u0000\u0000\u0000\u0000\u0000\u0000\u0000\u0000\u0000\u0000\u0000\u0000\u0000\u0000\u0000\u0000\u0000\u0000\u0000\u0000\u0000\u0000\u0000\u0000\u0000\u0000\u0000\u0000\u0000\u0000\u0000\u0000\u0000\u0000\u0000\u0000\u0000\u0000\u0000\u0000\u0000\u0000\u0000\u0000\u0000\u0000\u0000\u0000\u0000\u0000\u0000\u0000\u0000\u0000\u0000\u0000\u0000\u0000\u0000\u0000\u0000\u0000\u0000\u0000\u0000\u0000\u0000\u0000\u0000\u0000\u0000\u0000\u0000\u0000\u0000\u0000\u0000\u0000\u0000\u0000\u0000\u0000\u0000\u0000\u0000\u0000\u0000\u0000\u0000\u0000\u0000\u0000\u0000\u0000\u0000\u0000\u0000\u0000\u0000\u0000\u0000\u0000\u0000\u0000\u0000\u0000\u0000\u0000\u0000\u0000\u0000\u0000\u0000\u0000\u0000\u0000\u0000\u0000\u0000\u0000\u0000\u0000\u0000\u0000\u0000\u0000\u0000\u0000\u0000\u0000\u0000\u0000\u0000\u0000\u0000\u0000\u0000\u0000\u0000\u0000\u0000\u0000\u0000\u0000\u0000\u0000\u0000\u0000\u0000\u0000\u0000\u0000\u0000\u0000\u0000\u0000\u0000\u0000\u0000\u0000\u0000\u0000\u0000\u0000\u0000\u0000\u0000\u0000\u0000\u0000\u0000\u0000\u0000\u0000\u0000\u0000\u0000\u0000\u0000\u0000\u0000\u0000\u0000\u0000\u0000\u0000\u0000\u0000\u0000\u0000\u0000\u0000\u0000\u0000\u0000\u0000\u0000\u0000\u0000\u0000\u0000\u0000\u0000\u0000\u0000\u0000\u0000\u0000\u0000\u0000\u0000\u0000\u0000\u0000\u0000\u0000\u0000\u0000\u0000\u0000\u0000\u0000\u0000\u0000\u0000\u0000\u0000\u0000\u0000\u0000\u0000\u0000\u0000\u0000\u0000",
        "RESOLUTION": 0,
        "ATTRIBUTE": "Man-made",
        "CLASS": "SHORELINE",
        "F_CODE": null,
        "EX_METH": "M",
        "EXTRACT_TE": "P",
        "_selecter_format": "shapefile",
        "_selecter_sourcecrs": "EPSG:4269",
        "_selecter_source": "CA37B07 1853 SF",
        "_selecter_imported": "2026-08-03T23:02:23.649Z"
      },
      "geometry": {
        "type": "LineString",
        "coordinates": [
          [
            -122.397852,
            37.795279
          ],
          [
            -122.397902,
            37.795259
          ],
          [
            -122.397862,
            37.794929
          ]
        ]
      }
    },
    {
      "type": "Feature",
      "properties": {
        "FEATURE_ID": 926362,
        "FEATURE": 1,
        "SOURCE_ID": "T00398",
        "DATA_SOURC": "P",
        "SRC_DATE": "18530101",
        "HOR_ACC": "0",
        "INFORM": "\u0000\u0000\u0000\u0000\u0000\u0000\u0000\u0000\u0000\u0000\u0000\u0000\u0000\u0000\u0000\u0000\u0000\u0000\u0000\u0000\u0000\u0000\u0000\u0000\u0000\u0000\u0000\u0000\u0000\u0000\u0000\u0000\u0000\u0000\u0000\u0000\u0000\u0000\u0000\u0000\u0000\u0000\u0000\u0000\u0000\u0000\u0000\u0000\u0000\u0000\u0000\u0000\u0000\u0000\u0000\u0000\u0000\u0000\u0000\u0000\u0000\u0000\u0000\u0000\u0000\u0000\u0000\u0000\u0000\u0000\u0000\u0000\u0000\u0000\u0000\u0000\u0000\u0000\u0000\u0000\u0000\u0000\u0000\u0000\u0000\u0000\u0000\u0000\u0000\u0000\u0000\u0000\u0000\u0000\u0000\u0000\u0000\u0000\u0000\u0000\u0000\u0000\u0000\u0000\u0000\u0000\u0000\u0000\u0000\u0000\u0000\u0000\u0000\u0000\u0000\u0000\u0000\u0000\u0000\u0000\u0000\u0000\u0000\u0000\u0000\u0000\u0000\u0000\u0000\u0000\u0000\u0000\u0000\u0000\u0000\u0000\u0000\u0000\u0000\u0000\u0000\u0000\u0000\u0000\u0000\u0000\u0000\u0000\u0000\u0000\u0000\u0000\u0000\u0000\u0000\u0000\u0000\u0000\u0000\u0000\u0000\u0000\u0000\u0000\u0000\u0000\u0000\u0000\u0000\u0000\u0000\u0000\u0000\u0000\u0000\u0000\u0000\u0000\u0000\u0000\u0000\u0000\u0000\u0000\u0000\u0000\u0000\u0000\u0000\u0000\u0000\u0000\u0000\u0000\u0000\u0000\u0000\u0000\u0000\u0000\u0000\u0000\u0000\u0000\u0000\u0000\u0000\u0000\u0000\u0000\u0000\u0000\u0000\u0000\u0000\u0000\u0000\u0000\u0000\u0000\u0000\u0000\u0000\u0000\u0000\u0000\u0000\u0000\u0000\u0000\u0000\u0000\u0000\u0000\u0000\u0000\u0000\u0000\u0000\u0000\u0000\u0000\u0000\u0000\u0000\u0000\u0000\u0000\u0000\u0000\u0000\u0000\u0000\u0000",
        "RESOLUTION": 0,
        "ATTRIBUTE": "Man-made",
        "CLASS": "SHORELINE",
        "F_CODE": null,
        "EX_METH": "M",
        "EXTRACT_TE": "P",
        "_selecter_format": "shapefile",
        "_selecter_sourcecrs": "EPSG:4269",
        "_selecter_source": "CA37B07 1853 SF",
        "_selecter_imported": "2026-08-03T23:02:23.649Z"
      },
      "geometry": {
        "type": "LineString",
        "coordinates": [
          [
            -122.394232,
            37.794439
          ],
          [
            -122.394522,
            37.794209
          ]
        ]
      }
    },
    {
      "type": "Feature",
      "properties": {
        "FEATURE_ID": 926363,
        "FEATURE": 1,
        "SOURCE_ID": "T00398",
        "DATA_SOURC": "P",
        "SRC_DATE": "18530101",
        "HOR_ACC": "0",
        "INFORM": "\u0000\u0000\u0000\u0000\u0000\u0000\u0000\u0000\u0000\u0000\u0000\u0000\u0000\u0000\u0000\u0000\u0000\u0000\u0000\u0000\u0000\u0000\u0000\u0000\u0000\u0000\u0000\u0000\u0000\u0000\u0000\u0000\u0000\u0000\u0000\u0000\u0000\u0000\u0000\u0000\u0000\u0000\u0000\u0000\u0000\u0000\u0000\u0000\u0000\u0000\u0000\u0000\u0000\u0000\u0000\u0000\u0000\u0000\u0000\u0000\u0000\u0000\u0000\u0000\u0000\u0000\u0000\u0000\u0000\u0000\u0000\u0000\u0000\u0000\u0000\u0000\u0000\u0000\u0000\u0000\u0000\u0000\u0000\u0000\u0000\u0000\u0000\u0000\u0000\u0000\u0000\u0000\u0000\u0000\u0000\u0000\u0000\u0000\u0000\u0000\u0000\u0000\u0000\u0000\u0000\u0000\u0000\u0000\u0000\u0000\u0000\u0000\u0000\u0000\u0000\u0000\u0000\u0000\u0000\u0000\u0000\u0000\u0000\u0000\u0000\u0000\u0000\u0000\u0000\u0000\u0000\u0000\u0000\u0000\u0000\u0000\u0000\u0000\u0000\u0000\u0000\u0000\u0000\u0000\u0000\u0000\u0000\u0000\u0000\u0000\u0000\u0000\u0000\u0000\u0000\u0000\u0000\u0000\u0000\u0000\u0000\u0000\u0000\u0000\u0000\u0000\u0000\u0000\u0000\u0000\u0000\u0000\u0000\u0000\u0000\u0000\u0000\u0000\u0000\u0000\u0000\u0000\u0000\u0000\u0000\u0000\u0000\u0000\u0000\u0000\u0000\u0000\u0000\u0000\u0000\u0000\u0000\u0000\u0000\u0000\u0000\u0000\u0000\u0000\u0000\u0000\u0000\u0000\u0000\u0000\u0000\u0000\u0000\u0000\u0000\u0000\u0000\u0000\u0000\u0000\u0000\u0000\u0000\u0000\u0000\u0000\u0000\u0000\u0000\u0000\u0000\u0000\u0000\u0000\u0000\u0000\u0000\u0000\u0000\u0000\u0000\u0000\u0000\u0000\u0000\u0000\u0000\u0000\u0000\u0000\u0000\u0000\u0000\u0000",
        "RESOLUTION": 0,
        "ATTRIBUTE": "Man-made",
        "CLASS": "SHORELINE",
        "F_CODE": null,
        "EX_METH": "M",
        "EXTRACT_TE": "P",
        "_selecter_format": "shapefile",
        "_selecter_sourcecrs": "EPSG:4269",
        "_selecter_source": "CA37B07 1853 SF",
        "_selecter_imported": "2026-08-03T23:02:23.649Z"
      },
      "geometry": {
        "type": "LineString",
        "coordinates": [
          [
            -122.394522,
            37.794209
          ],
          [
            -122.394242,
            37.793989
          ],
          [
            -122.394332,
            37.793899
          ],
          [
            -122.394662,
            37.794119
          ]
        ]
      }
    },
    {
      "type": "Feature",
      "properties": {
        "FEATURE_ID": 926364,
        "FEATURE": 1,
        "SOURCE_ID": "T00398",
        "DATA_SOURC": "P",
        "SRC_DATE": "18530101",
        "HOR_ACC": "0",
        "INFORM": "\u0000\u0000\u0000\u0000\u0000\u0000\u0000\u0000\u0000\u0000\u0000\u0000\u0000\u0000\u0000\u0000\u0000\u0000\u0000\u0000\u0000\u0000\u0000\u0000\u0000\u0000\u0000\u0000\u0000\u0000\u0000\u0000\u0000\u0000\u0000\u0000\u0000\u0000\u0000\u0000\u0000\u0000\u0000\u0000\u0000\u0000\u0000\u0000\u0000\u0000\u0000\u0000\u0000\u0000\u0000\u0000\u0000\u0000\u0000\u0000\u0000\u0000\u0000\u0000\u0000\u0000\u0000\u0000\u0000\u0000\u0000\u0000\u0000\u0000\u0000\u0000\u0000\u0000\u0000\u0000\u0000\u0000\u0000\u0000\u0000\u0000\u0000\u0000\u0000\u0000\u0000\u0000\u0000\u0000\u0000\u0000\u0000\u0000\u0000\u0000\u0000\u0000\u0000\u0000\u0000\u0000\u0000\u0000\u0000\u0000\u0000\u0000\u0000\u0000\u0000\u0000\u0000\u0000\u0000\u0000\u0000\u0000\u0000\u0000\u0000\u0000\u0000\u0000\u0000\u0000\u0000\u0000\u0000\u0000\u0000\u0000\u0000\u0000\u0000\u0000\u0000\u0000\u0000\u0000\u0000\u0000\u0000\u0000\u0000\u0000\u0000\u0000\u0000\u0000\u0000\u0000\u0000\u0000\u0000\u0000\u0000\u0000\u0000\u0000\u0000\u0000\u0000\u0000\u0000\u0000\u0000\u0000\u0000\u0000\u0000\u0000\u0000\u0000\u0000\u0000\u0000\u0000\u0000\u0000\u0000\u0000\u0000\u0000\u0000\u0000\u0000\u0000\u0000\u0000\u0000\u0000\u0000\u0000\u0000\u0000\u0000\u0000\u0000\u0000\u0000\u0000\u0000\u0000\u0000\u0000\u0000\u0000\u0000\u0000\u0000\u0000\u0000\u0000\u0000\u0000\u0000\u0000\u0000\u0000\u0000\u0000\u0000\u0000\u0000\u0000\u0000\u0000\u0000\u0000\u0000\u0000\u0000\u0000\u0000\u0000\u0000\u0000\u0000\u0000\u0000\u0000\u0000\u0000\u0000\u0000\u0000\u0000\u0000\u0000",
        "RESOLUTION": 0,
        "ATTRIBUTE": "Man-made",
        "CLASS": "SHORELINE",
        "F_CODE": null,
        "EX_METH": "M",
        "EXTRACT_TE": "P",
        "_selecter_format": "shapefile",
        "_selecter_sourcecrs": "EPSG:4269",
        "_selecter_source": "CA37B07 1853 SF",
        "_selecter_imported": "2026-08-03T23:02:23.649Z"
      },
      "geometry": {
        "type": "LineString",
        "coordinates": [
          [
            -122.394662,
            37.794119
          ],
          [
            -122.394722,
            37.794049
          ]
        ]
      }
    },
    {
      "type": "Feature",
      "properties": {
        "FEATURE_ID": 926365,
        "FEATURE": 1,
        "SOURCE_ID": "T00398",
        "DATA_SOURC": "P",
        "SRC_DATE": "18530101",
        "HOR_ACC": "0",
        "INFORM": "\u0000\u0000\u0000\u0000\u0000\u0000\u0000\u0000\u0000\u0000\u0000\u0000\u0000\u0000\u0000\u0000\u0000\u0000\u0000\u0000\u0000\u0000\u0000\u0000\u0000\u0000\u0000\u0000\u0000\u0000\u0000\u0000\u0000\u0000\u0000\u0000\u0000\u0000\u0000\u0000\u0000\u0000\u0000\u0000\u0000\u0000\u0000\u0000\u0000\u0000\u0000\u0000\u0000\u0000\u0000\u0000\u0000\u0000\u0000\u0000\u0000\u0000\u0000\u0000\u0000\u0000\u0000\u0000\u0000\u0000\u0000\u0000\u0000\u0000\u0000\u0000\u0000\u0000\u0000\u0000\u0000\u0000\u0000\u0000\u0000\u0000\u0000\u0000\u0000\u0000\u0000\u0000\u0000\u0000\u0000\u0000\u0000\u0000\u0000\u0000\u0000\u0000\u0000\u0000\u0000\u0000\u0000\u0000\u0000\u0000\u0000\u0000\u0000\u0000\u0000\u0000\u0000\u0000\u0000\u0000\u0000\u0000\u0000\u0000\u0000\u0000\u0000\u0000\u0000\u0000\u0000\u0000\u0000\u0000\u0000\u0000\u0000\u0000\u0000\u0000\u0000\u0000\u0000\u0000\u0000\u0000\u0000\u0000\u0000\u0000\u0000\u0000\u0000\u0000\u0000\u0000\u0000\u0000\u0000\u0000\u0000\u0000\u0000\u0000\u0000\u0000\u0000\u0000\u0000\u0000\u0000\u0000\u0000\u0000\u0000\u0000\u0000\u0000\u0000\u0000\u0000\u0000\u0000\u0000\u0000\u0000\u0000\u0000\u0000\u0000\u0000\u0000\u0000\u0000\u0000\u0000\u0000\u0000\u0000\u0000\u0000\u0000\u0000\u0000\u0000\u0000\u0000\u0000\u0000\u0000\u0000\u0000\u0000\u0000\u0000\u0000\u0000\u0000\u0000\u0000\u0000\u0000\u0000\u0000\u0000\u0000\u0000\u0000\u0000\u0000\u0000\u0000\u0000\u0000\u0000\u0000\u0000\u0000\u0000\u0000\u0000\u0000\u0000\u0000\u0000\u0000\u0000\u0000\u0000\u0000\u0000\u0000\u0000\u0000",
        "RESOLUTION": 0,
        "ATTRIBUTE": "Man-made",
        "CLASS": "SHORELINE",
        "F_CODE": null,
        "EX_METH": "M",
        "EXTRACT_TE": "P",
        "_selecter_format": "shapefile",
        "_selecter_sourcecrs": "EPSG:4269",
        "_selecter_source": "CA37B07 1853 SF",
        "_selecter_imported": "2026-08-03T23:02:23.649Z"
      },
      "geometry": {
        "type": "LineString",
        "coordinates": [
          [
            -122.394722,
            37.794049
          ],
          [
            -122.394582,
            37.793959
          ],
          [
            -122.395002,
            37.793619
          ],
          [
            -122.395222,
            37.793779
          ]
        ]
      }
    },
    {
      "type": "Feature",
      "properties": {
        "FEATURE_ID": 926366,
        "FEATURE": 1,
        "SOURCE_ID": "T00398",
        "DATA_SOURC": "P",
        "SRC_DATE": "18530101",
        "HOR_ACC": "0",
        "INFORM": "\u0000\u0000\u0000\u0000\u0000\u0000\u0000\u0000\u0000\u0000\u0000\u0000\u0000\u0000\u0000\u0000\u0000\u0000\u0000\u0000\u0000\u0000\u0000\u0000\u0000\u0000\u0000\u0000\u0000\u0000\u0000\u0000\u0000\u0000\u0000\u0000\u0000\u0000\u0000\u0000\u0000\u0000\u0000\u0000\u0000\u0000\u0000\u0000\u0000\u0000\u0000\u0000\u0000\u0000\u0000\u0000\u0000\u0000\u0000\u0000\u0000\u0000\u0000\u0000\u0000\u0000\u0000\u0000\u0000\u0000\u0000\u0000\u0000\u0000\u0000\u0000\u0000\u0000\u0000\u0000\u0000\u0000\u0000\u0000\u0000\u0000\u0000\u0000\u0000\u0000\u0000\u0000\u0000\u0000\u0000\u0000\u0000\u0000\u0000\u0000\u0000\u0000\u0000\u0000\u0000\u0000\u0000\u0000\u0000\u0000\u0000\u0000\u0000\u0000\u0000\u0000\u0000\u0000\u0000\u0000\u0000\u0000\u0000\u0000\u0000\u0000\u0000\u0000\u0000\u0000\u0000\u0000\u0000\u0000\u0000\u0000\u0000\u0000\u0000\u0000\u0000\u0000\u0000\u0000\u0000\u0000\u0000\u0000\u0000\u0000\u0000\u0000\u0000\u0000\u0000\u0000\u0000\u0000\u0000\u0000\u0000\u0000\u0000\u0000\u0000\u0000\u0000\u0000\u0000\u0000\u0000\u0000\u0000\u0000\u0000\u0000\u0000\u0000\u0000\u0000\u0000\u0000\u0000\u0000\u0000\u0000\u0000\u0000\u0000\u0000\u0000\u0000\u0000\u0000\u0000\u0000\u0000\u0000\u0000\u0000\u0000\u0000\u0000\u0000\u0000\u0000\u0000\u0000\u0000\u0000\u0000\u0000\u0000\u0000\u0000\u0000\u0000\u0000\u0000\u0000\u0000\u0000\u0000\u0000\u0000\u0000\u0000\u0000\u0000\u0000\u0000\u0000\u0000\u0000\u0000\u0000\u0000\u0000\u0000\u0000\u0000\u0000\u0000\u0000\u0000\u0000\u0000\u0000\u0000\u0000\u0000\u0000\u0000\u0000",
        "RESOLUTION": 0,
        "ATTRIBUTE": "Man-made",
        "CLASS": "SHORELINE",
        "F_CODE": null,
        "EX_METH": "M",
        "EXTRACT_TE": "P",
        "_selecter_format": "shapefile",
        "_selecter_sourcecrs": "EPSG:4269",
        "_selecter_source": "CA37B07 1853 SF",
        "_selecter_imported": "2026-08-03T23:02:23.649Z"
      },
      "geometry": {
        "type": "LineString",
        "coordinates": [
          [
            -122.395222,
            37.793779
          ],
          [
            -122.395302,
            37.793749
          ],
          [
            -122.395542,
            37.793559
          ]
        ]
      }
    },
    {
      "type": "Feature",
      "properties": {
        "FEATURE_ID": 926367,
        "FEATURE": 1,
        "SOURCE_ID": "T00398",
        "DATA_SOURC": "P",
        "SRC_DATE": "18530101",
        "HOR_ACC": "0",
        "INFORM": "\u0000\u0000\u0000\u0000\u0000\u0000\u0000\u0000\u0000\u0000\u0000\u0000\u0000\u0000\u0000\u0000\u0000\u0000\u0000\u0000\u0000\u0000\u0000\u0000\u0000\u0000\u0000\u0000\u0000\u0000\u0000\u0000\u0000\u0000\u0000\u0000\u0000\u0000\u0000\u0000\u0000\u0000\u0000\u0000\u0000\u0000\u0000\u0000\u0000\u0000\u0000\u0000\u0000\u0000\u0000\u0000\u0000\u0000\u0000\u0000\u0000\u0000\u0000\u0000\u0000\u0000\u0000\u0000\u0000\u0000\u0000\u0000\u0000\u0000\u0000\u0000\u0000\u0000\u0000\u0000\u0000\u0000\u0000\u0000\u0000\u0000\u0000\u0000\u0000\u0000\u0000\u0000\u0000\u0000\u0000\u0000\u0000\u0000\u0000\u0000\u0000\u0000\u0000\u0000\u0000\u0000\u0000\u0000\u0000\u0000\u0000\u0000\u0000\u0000\u0000\u0000\u0000\u0000\u0000\u0000\u0000\u0000\u0000\u0000\u0000\u0000\u0000\u0000\u0000\u0000\u0000\u0000\u0000\u0000\u0000\u0000\u0000\u0000\u0000\u0000\u0000\u0000\u0000\u0000\u0000\u0000\u0000\u0000\u0000\u0000\u0000\u0000\u0000\u0000\u0000\u0000\u0000\u0000\u0000\u0000\u0000\u0000\u0000\u0000\u0000\u0000\u0000\u0000\u0000\u0000\u0000\u0000\u0000\u0000\u0000\u0000\u0000\u0000\u0000\u0000\u0000\u0000\u0000\u0000\u0000\u0000\u0000\u0000\u0000\u0000\u0000\u0000\u0000\u0000\u0000\u0000\u0000\u0000\u0000\u0000\u0000\u0000\u0000\u0000\u0000\u0000\u0000\u0000\u0000\u0000\u0000\u0000\u0000\u0000\u0000\u0000\u0000\u0000\u0000\u0000\u0000\u0000\u0000\u0000\u0000\u0000\u0000\u0000\u0000\u0000\u0000\u0000\u0000\u0000\u0000\u0000\u0000\u0000\u0000\u0000\u0000\u0000\u0000\u0000\u0000\u0000\u0000\u0000\u0000\u0000\u0000\u0000\u0000\u0000",
        "RESOLUTION": 0,
        "ATTRIBUTE": "Man-made",
        "CLASS": "SHORELINE",
        "F_CODE": null,
        "EX_METH": "M",
        "EXTRACT_TE": "P",
        "_selecter_format": "shapefile",
        "_selecter_sourcecrs": "EPSG:4269",
        "_selecter_source": "CA37B07 1853 SF",
        "_selecter_imported": "2026-08-03T23:02:23.649Z"
      },
      "geometry": {
        "type": "LineString",
        "coordinates": [
          [
            -122.395542,
            37.793559
          ],
          [
            -122.395312,
            37.793359
          ],
          [
            -122.395372,
            37.793299
          ],
          [
            -122.395612,
            37.793129
          ],
          [
            -122.395912,
            37.793369
          ],
          [
            -122.396152,
            37.793179
          ],
          [
            -122.396242,
            37.793109
          ],
          [
            -122.396362,
            37.793029
          ],
          [
            -122.396512,
            37.792899
          ]
        ]
      }
    },
    {
      "type": "Feature",
      "properties": {
        "FEATURE_ID": 927051,
        "FEATURE": 1,
        "SOURCE_ID": "T00398",
        "DATA_SOURC": "P",
        "SRC_DATE": "18530101",
        "HOR_ACC": "0",
        "INFORM": "\u0000\u0000\u0000\u0000\u0000\u0000\u0000\u0000\u0000\u0000\u0000\u0000\u0000\u0000\u0000\u0000\u0000\u0000\u0000\u0000\u0000\u0000\u0000\u0000\u0000\u0000\u0000\u0000\u0000\u0000\u0000\u0000\u0000\u0000\u0000\u0000\u0000\u0000\u0000\u0000\u0000\u0000\u0000\u0000\u0000\u0000\u0000\u0000\u0000\u0000\u0000\u0000\u0000\u0000\u0000\u0000\u0000\u0000\u0000\u0000\u0000\u0000\u0000\u0000\u0000\u0000\u0000\u0000\u0000\u0000\u0000\u0000\u0000\u0000\u0000\u0000\u0000\u0000\u0000\u0000\u0000\u0000\u0000\u0000\u0000\u0000\u0000\u0000\u0000\u0000\u0000\u0000\u0000\u0000\u0000\u0000\u0000\u0000\u0000\u0000\u0000\u0000\u0000\u0000\u0000\u0000\u0000\u0000\u0000\u0000\u0000\u0000\u0000\u0000\u0000\u0000\u0000\u0000\u0000\u0000\u0000\u0000\u0000\u0000\u0000\u0000\u0000\u0000\u0000\u0000\u0000\u0000\u0000\u0000\u0000\u0000\u0000\u0000\u0000\u0000\u0000\u0000\u0000\u0000\u0000\u0000\u0000\u0000\u0000\u0000\u0000\u0000\u0000\u0000\u0000\u0000\u0000\u0000\u0000\u0000\u0000\u0000\u0000\u0000\u0000\u0000\u0000\u0000\u0000\u0000\u0000\u0000\u0000\u0000\u0000\u0000\u0000\u0000\u0000\u0000\u0000\u0000\u0000\u0000\u0000\u0000\u0000\u0000\u0000\u0000\u0000\u0000\u0000\u0000\u0000\u0000\u0000\u0000\u0000\u0000\u0000\u0000\u0000\u0000\u0000\u0000\u0000\u0000\u0000\u0000\u0000\u0000\u0000\u0000\u0000\u0000\u0000\u0000\u0000\u0000\u0000\u0000\u0000\u0000\u0000\u0000\u0000\u0000\u0000\u0000\u0000\u0000\u0000\u0000\u0000\u0000\u0000\u0000\u0000\u0000\u0000\u0000\u0000\u0000\u0000\u0000\u0000\u0000\u0000\u0000\u0000\u0000\u0000\u0000",
        "RESOLUTION": 0,
        "ATTRIBUTE": "Man-made",
        "CLASS": "SHORELINE",
        "F_CODE": null,
        "EX_METH": "M",
        "EXTRACT_TE": "P",
        "_selecter_format": "shapefile",
        "_selecter_sourcecrs": "EPSG:4269",
        "_selecter_source": "CA37B07 1853 SF",
        "_selecter_imported": "2026-08-03T23:02:23.649Z"
      },
      "geometry": {
        "type": "LineString",
        "coordinates": [
          [
            -122.414832,
            37.803969
          ],
          [
            -122.414822,
            37.803999
          ],
          [
            -122.414712,
            37.804009
          ],
          [
            -122.414682,
            37.803979
          ]
        ]
      }
    },
    {
      "type": "Feature",
      "properties": {
        "FEATURE_ID": 926376,
        "FEATURE": 1,
        "SOURCE_ID": "T00398",
        "DATA_SOURC": "P",
        "SRC_DATE": "18530101",
        "HOR_ACC": "0",
        "INFORM": "\u0000\u0000\u0000\u0000\u0000\u0000\u0000\u0000\u0000\u0000\u0000\u0000\u0000\u0000\u0000\u0000\u0000\u0000\u0000\u0000\u0000\u0000\u0000\u0000\u0000\u0000\u0000\u0000\u0000\u0000\u0000\u0000\u0000\u0000\u0000\u0000\u0000\u0000\u0000\u0000\u0000\u0000\u0000\u0000\u0000\u0000\u0000\u0000\u0000\u0000\u0000\u0000\u0000\u0000\u0000\u0000\u0000\u0000\u0000\u0000\u0000\u0000\u0000\u0000\u0000\u0000\u0000\u0000\u0000\u0000\u0000\u0000\u0000\u0000\u0000\u0000\u0000\u0000\u0000\u0000\u0000\u0000\u0000\u0000\u0000\u0000\u0000\u0000\u0000\u0000\u0000\u0000\u0000\u0000\u0000\u0000\u0000\u0000\u0000\u0000\u0000\u0000\u0000\u0000\u0000\u0000\u0000\u0000\u0000\u0000\u0000\u0000\u0000\u0000\u0000\u0000\u0000\u0000\u0000\u0000\u0000\u0000\u0000\u0000\u0000\u0000\u0000\u0000\u0000\u0000\u0000\u0000\u0000\u0000\u0000\u0000\u0000\u0000\u0000\u0000\u0000\u0000\u0000\u0000\u0000\u0000\u0000\u0000\u0000\u0000\u0000\u0000\u0000\u0000\u0000\u0000\u0000\u0000\u0000\u0000\u0000\u0000\u0000\u0000\u0000\u0000\u0000\u0000\u0000\u0000\u0000\u0000\u0000\u0000\u0000\u0000\u0000\u0000\u0000\u0000\u0000\u0000\u0000\u0000\u0000\u0000\u0000\u0000\u0000\u0000\u0000\u0000\u0000\u0000\u0000\u0000\u0000\u0000\u0000\u0000\u0000\u0000\u0000\u0000\u0000\u0000\u0000\u0000\u0000\u0000\u0000\u0000\u0000\u0000\u0000\u0000\u0000\u0000\u0000\u0000\u0000\u0000\u0000\u0000\u0000\u0000\u0000\u0000\u0000\u0000\u0000\u0000\u0000\u0000\u0000\u0000\u0000\u0000\u0000\u0000\u0000\u0000\u0000\u0000\u0000\u0000\u0000\u0000\u0000\u0000\u0000\u0000\u0000\u0000",
        "RESOLUTION": 0,
        "ATTRIBUTE": "Man-made",
        "CLASS": "SHORELINE",
        "F_CODE": null,
        "EX_METH": "M",
        "EXTRACT_TE": "P",
        "_selecter_format": "shapefile",
        "_selecter_sourcecrs": "EPSG:4269",
        "_selecter_source": "CA37B07 1853 SF",
        "_selecter_imported": "2026-08-03T23:02:23.649Z"
      },
      "geometry": {
        "type": "LineString",
        "coordinates": [
          [
            -122.392862,
            37.788809
          ],
          [
            -122.392812,
            37.788839
          ],
          [
            -122.392722,
            37.788809
          ],
          [
            -122.392622,
            37.788829
          ],
          [
            -122.392552,
            37.788829
          ]
        ]
      }
    },
    {
      "type": "Feature",
      "properties": {
        "FEATURE_ID": 926379,
        "FEATURE": 1,
        "SOURCE_ID": "T00398",
        "DATA_SOURC": "P",
        "SRC_DATE": "18530101",
        "HOR_ACC": "0",
        "INFORM": "\u0000\u0000\u0000\u0000\u0000\u0000\u0000\u0000\u0000\u0000\u0000\u0000\u0000\u0000\u0000\u0000\u0000\u0000\u0000\u0000\u0000\u0000\u0000\u0000\u0000\u0000\u0000\u0000\u0000\u0000\u0000\u0000\u0000\u0000\u0000\u0000\u0000\u0000\u0000\u0000\u0000\u0000\u0000\u0000\u0000\u0000\u0000\u0000\u0000\u0000\u0000\u0000\u0000\u0000\u0000\u0000\u0000\u0000\u0000\u0000\u0000\u0000\u0000\u0000\u0000\u0000\u0000\u0000\u0000\u0000\u0000\u0000\u0000\u0000\u0000\u0000\u0000\u0000\u0000\u0000\u0000\u0000\u0000\u0000\u0000\u0000\u0000\u0000\u0000\u0000\u0000\u0000\u0000\u0000\u0000\u0000\u0000\u0000\u0000\u0000\u0000\u0000\u0000\u0000\u0000\u0000\u0000\u0000\u0000\u0000\u0000\u0000\u0000\u0000\u0000\u0000\u0000\u0000\u0000\u0000\u0000\u0000\u0000\u0000\u0000\u0000\u0000\u0000\u0000\u0000\u0000\u0000\u0000\u0000\u0000\u0000\u0000\u0000\u0000\u0000\u0000\u0000\u0000\u0000\u0000\u0000\u0000\u0000\u0000\u0000\u0000\u0000\u0000\u0000\u0000\u0000\u0000\u0000\u0000\u0000\u0000\u0000\u0000\u0000\u0000\u0000\u0000\u0000\u0000\u0000\u0000\u0000\u0000\u0000\u0000\u0000\u0000\u0000\u0000\u0000\u0000\u0000\u0000\u0000\u0000\u0000\u0000\u0000\u0000\u0000\u0000\u0000\u0000\u0000\u0000\u0000\u0000\u0000\u0000\u0000\u0000\u0000\u0000\u0000\u0000\u0000\u0000\u0000\u0000\u0000\u0000\u0000\u0000\u0000\u0000\u0000\u0000\u0000\u0000\u0000\u0000\u0000\u0000\u0000\u0000\u0000\u0000\u0000\u0000\u0000\u0000\u0000\u0000\u0000\u0000\u0000\u0000\u0000\u0000\u0000\u0000\u0000\u0000\u0000\u0000\u0000\u0000\u0000\u0000\u0000\u0000\u0000\u0000\u0000",
        "RESOLUTION": 0,
        "ATTRIBUTE": "Man-made",
        "CLASS": "SHORELINE",
        "F_CODE": null,
        "EX_METH": "M",
        "EXTRACT_TE": "P",
        "_selecter_format": "shapefile",
        "_selecter_sourcecrs": "EPSG:4269",
        "_selecter_source": "CA37B07 1853 SF",
        "_selecter_imported": "2026-08-03T23:02:23.649Z"
      },
      "geometry": {
        "type": "LineString",
        "coordinates": [
          [
            -122.396622,
            37.792819
          ],
          [
            -122.396672,
            37.792759
          ],
          [
            -122.396562,
            37.792669
          ],
          [
            -122.396622,
            37.792599
          ],
          [
            -122.396722,
            37.792629
          ],
          [
            -122.396802,
            37.792549
          ],
          [
            -122.396892,
            37.792599
          ],
          [
            -122.397052,
            37.792479
          ],
          [
            -122.397142,
            37.792409
          ],
          [
            -122.397312,
            37.792269
          ],
          [
            -122.397482,
            37.792129
          ],
          [
            -122.397392,
            37.792069
          ],
          [
            -122.397332,
            37.792129
          ],
          [
            -122.397152,
            37.792019
          ],
          [
            -122.397182,
            37.791969
          ],
          [
            -122.397312,
            37.792029
          ],
          [
            -122.397332,
            37.791999
          ],
          [
            -122.397232,
            37.791919
          ],
          [
            -122.397152,
            37.791859
          ],
          [
            -122.397092,
            37.791809
          ],
          [
            -122.397042,
            37.791769
          ]
        ]
      }
    },
    {
      "type": "Feature",
      "properties": {
        "FEATURE_ID": 927060,
        "FEATURE": 1,
        "SOURCE_ID": "T00398",
        "DATA_SOURC": "P",
        "SRC_DATE": "18530101",
        "HOR_ACC": "0",
        "INFORM": "\u0000\u0000\u0000\u0000\u0000\u0000\u0000\u0000\u0000\u0000\u0000\u0000\u0000\u0000\u0000\u0000\u0000\u0000\u0000\u0000\u0000\u0000\u0000\u0000\u0000\u0000\u0000\u0000\u0000\u0000\u0000\u0000\u0000\u0000\u0000\u0000\u0000\u0000\u0000\u0000\u0000\u0000\u0000\u0000\u0000\u0000\u0000\u0000\u0000\u0000\u0000\u0000\u0000\u0000\u0000\u0000\u0000\u0000\u0000\u0000\u0000\u0000\u0000\u0000\u0000\u0000\u0000\u0000\u0000\u0000\u0000\u0000\u0000\u0000\u0000\u0000\u0000\u0000\u0000\u0000\u0000\u0000\u0000\u0000\u0000\u0000\u0000\u0000\u0000\u0000\u0000\u0000\u0000\u0000\u0000\u0000\u0000\u0000\u0000\u0000\u0000\u0000\u0000\u0000\u0000\u0000\u0000\u0000\u0000\u0000\u0000\u0000\u0000\u0000\u0000\u0000\u0000\u0000\u0000\u0000\u0000\u0000\u0000\u0000\u0000\u0000\u0000\u0000\u0000\u0000\u0000\u0000\u0000\u0000\u0000\u0000\u0000\u0000\u0000\u0000\u0000\u0000\u0000\u0000\u0000\u0000\u0000\u0000\u0000\u0000\u0000\u0000\u0000\u0000\u0000\u0000\u0000\u0000\u0000\u0000\u0000\u0000\u0000\u0000\u0000\u0000\u0000\u0000\u0000\u0000\u0000\u0000\u0000\u0000\u0000\u0000\u0000\u0000\u0000\u0000\u0000\u0000\u0000\u0000\u0000\u0000\u0000\u0000\u0000\u0000\u0000\u0000\u0000\u0000\u0000\u0000\u0000\u0000\u0000\u0000\u0000\u0000\u0000\u0000\u0000\u0000\u0000\u0000\u0000\u0000\u0000\u0000\u0000\u0000\u0000\u0000\u0000\u0000\u0000\u0000\u0000\u0000\u0000\u0000\u0000\u0000\u0000\u0000\u0000\u0000\u0000\u0000\u0000\u0000\u0000\u0000\u0000\u0000\u0000\u0000\u0000\u0000\u0000\u0000\u0000\u0000\u0000\u0000\u0000\u0000\u0000\u0000\u0000\u0000",
        "RESOLUTION": 0,
        "ATTRIBUTE": "Man-made",
        "CLASS": "SHORELINE",
        "F_CODE": null,
        "EX_METH": "M",
        "EXTRACT_TE": "P",
        "_selecter_format": "shapefile",
        "_selecter_sourcecrs": "EPSG:4269",
        "_selecter_source": "CA37B07 1853 SF",
        "_selecter_imported": "2026-08-03T23:02:23.649Z"
      },
      "geometry": {
        "type": "LineString",
        "coordinates": [
          [
            -122.400072,
            37.800049
          ],
          [
            -122.400062,
            37.800029
          ],
          [
            -122.400062,
            37.800009
          ],
          [
            -122.400052,
            37.799989
          ],
          [
            -122.400042,
            37.799959
          ],
          [
            -122.400042,
            37.799939
          ],
          [
            -122.400042,
            37.799919
          ],
          [
            -122.400032,
            37.799899
          ],
          [
            -122.400032,
            37.799869
          ],
          [
            -122.400032,
            37.799849
          ],
          [
            -122.400022,
            37.799829
          ],
          [
            -122.400012,
            37.799809
          ],
          [
            -122.400002,
            37.799789
          ],
          [
            -122.400002,
            37.799759
          ],
          [
            -122.400002,
            37.799739
          ],
          [
            -122.400002,
            37.799719
          ],
          [
            -122.399992,
            37.799699
          ],
          [
            -122.399982,
            37.799679
          ],
          [
            -122.399982,
            37.799649
          ],
          [
            -122.399982,
            37.799629
          ],
          [
            -122.399982,
            37.799599
          ],
          [
            -122.399982,
            37.799579
          ],
          [
            -122.399972,
            37.799559
          ],
          [
            -122.399962,
            37.799539
          ],
          [
            -122.399962,
            37.799519
          ],
          [
            -122.399962,
            37.799489
          ],
          [
            -122.399962,
            37.799469
          ],
          [
            -122.399952,
            37.799449
          ],
          [
            -122.399942,
            37.799429
          ]
        ]
      }
    },
    {
      "type": "Feature",
      "properties": {
        "FEATURE_ID": 927753,
        "FEATURE": 1,
        "SOURCE_ID": "T00398",
        "DATA_SOURC": "P",
        "SRC_DATE": "18530101",
        "HOR_ACC": "0",
        "INFORM": "\u0000\u0000\u0000\u0000\u0000\u0000\u0000\u0000\u0000\u0000\u0000\u0000\u0000\u0000\u0000\u0000\u0000\u0000\u0000\u0000\u0000\u0000\u0000\u0000\u0000\u0000\u0000\u0000\u0000\u0000\u0000\u0000\u0000\u0000\u0000\u0000\u0000\u0000\u0000\u0000\u0000\u0000\u0000\u0000\u0000\u0000\u0000\u0000\u0000\u0000\u0000\u0000\u0000\u0000\u0000\u0000\u0000\u0000\u0000\u0000\u0000\u0000\u0000\u0000\u0000\u0000\u0000\u0000\u0000\u0000\u0000\u0000\u0000\u0000\u0000\u0000\u0000\u0000\u0000\u0000\u0000\u0000\u0000\u0000\u0000\u0000\u0000\u0000\u0000\u0000\u0000\u0000\u0000\u0000\u0000\u0000\u0000\u0000\u0000\u0000\u0000\u0000\u0000\u0000\u0000\u0000\u0000\u0000\u0000\u0000\u0000\u0000\u0000\u0000\u0000\u0000\u0000\u0000\u0000\u0000\u0000\u0000\u0000\u0000\u0000\u0000\u0000\u0000\u0000\u0000\u0000\u0000\u0000\u0000\u0000\u0000\u0000\u0000\u0000\u0000\u0000\u0000\u0000\u0000\u0000\u0000\u0000\u0000\u0000\u0000\u0000\u0000\u0000\u0000\u0000\u0000\u0000\u0000\u0000\u0000\u0000\u0000\u0000\u0000\u0000\u0000\u0000\u0000\u0000\u0000\u0000\u0000\u0000\u0000\u0000\u0000\u0000\u0000\u0000\u0000\u0000\u0000\u0000\u0000\u0000\u0000\u0000\u0000\u0000\u0000\u0000\u0000\u0000\u0000\u0000\u0000\u0000\u0000\u0000\u0000\u0000\u0000\u0000\u0000\u0000\u0000\u0000\u0000\u0000\u0000\u0000\u0000\u0000\u0000\u0000\u0000\u0000\u0000\u0000\u0000\u0000\u0000\u0000\u0000\u0000\u0000\u0000\u0000\u0000\u0000\u0000\u0000\u0000\u0000\u0000\u0000\u0000\u0000\u0000\u0000\u0000\u0000\u0000\u0000\u0000\u0000\u0000\u0000\u0000\u0000\u0000\u0000\u0000\u0000",
        "RESOLUTION": 0,
        "ATTRIBUTE": "Man-made",
        "CLASS": "SHORELINE",
        "F_CODE": null,
        "EX_METH": "M",
        "EXTRACT_TE": "P",
        "_selecter_format": "shapefile",
        "_selecter_sourcecrs": "EPSG:4269",
        "_selecter_source": "CA37B07 1853 SF",
        "_selecter_imported": "2026-08-03T23:02:23.649Z"
      },
      "geometry": {
        "type": "LineString",
        "coordinates": [
          [
            -122.397822,
            37.794799
          ],
          [
            -122.397772,
            37.794529
          ],
          [
            -122.397512,
            37.794559
          ],
          [
            -122.397512,
            37.794599
          ],
          [
            -122.397452,
            37.794559
          ],
          [
            -122.397212,
            37.794579
          ],
          [
            -122.396612,
            37.794669
          ],
          [
            -122.395972,
            37.794769
          ],
          [
            -122.395442,
            37.794819
          ],
          [
            -122.395212,
            37.794829
          ],
          [
            -122.395102,
            37.794449
          ],
          [
            -122.395502,
            37.794419
          ],
          [
            -122.395742,
            37.794389
          ],
          [
            -122.395772,
            37.794469
          ],
          [
            -122.395912,
            37.794459
          ],
          [
            -122.395932,
            37.794569
          ],
          [
            -122.396072,
            37.794549
          ],
          [
            -122.396062,
            37.794429
          ],
          [
            -122.396292,
            37.794389
          ],
          [
            -122.396252,
            37.794329
          ],
          [
            -122.396132,
            37.794339
          ],
          [
            -122.396042,
            37.794339
          ],
          [
            -122.396032,
            37.794289
          ],
          [
            -122.396122,
            37.794249
          ],
          [
            -122.396102,
            37.794179
          ],
          [
            -122.395952,
            37.794219
          ],
          [
            -122.395902,
            37.794089
          ],
          [
            -122.395722,
            37.794089
          ],
          [
            -122.395672,
            37.793819
          ],
          [
            -122.395552,
            37.793819
          ],
          [
            -122.395452,
            37.793889
          ],
          [
            -122.395222,
            37.794059
          ],
          [
            -122.395002,
            37.794249
          ],
          [
            -122.394812,
            37.794399
          ],
          [
            -122.394532,
            37.794609
          ],
          [
            -122.394352,
            37.794769
          ],
          [
            -122.394172,
            37.794909
          ],
          [
            -122.393922,
            37.795109
          ],
          [
            -122.393592,
            37.795379
          ],
          [
            -122.393262,
            37.795629
          ],
          [
            -122.393082,
            37.795779
          ],
          [
            -122.392972,
            37.795699
          ],
          [
            -122.393382,
            37.795409
          ],
          [
            -122.393522,
            37.795279
          ],
          [
            -122.393682,
            37.795129
          ],
          [
            -122.393792,
            37.795039
          ],
          [
            -122.393912,
            37.794949
          ],
          [
            -122.394082,
            37.794809
          ],
          [
            -122.393822,
            37.794569
          ],
          [
            -122.393882,
            37.794499
          ],
          [
            -122.393792,
            37.794439
          ],
          [
            -122.393722,
            37.794499
          ],
          [
            -122.393602,
            37.794409
          ],
          [
            -122.393892,
            37.794169
          ],
          [
            -122.394232,
            37.794439
          ]
        ]
      }
    },
    {
      "type": "Feature",
      "properties": {
        "FEATURE_ID": 927066,
        "FEATURE": 12,
        "SOURCE_ID": "T00398",
        "DATA_SOURC": "P",
        "SRC_DATE": "18530101",
        "HOR_ACC": "0",
        "INFORM": "\u0000\u0000\u0000\u0000\u0000\u0000\u0000\u0000\u0000\u0000\u0000\u0000\u0000\u0000\u0000\u0000\u0000\u0000\u0000\u0000\u0000\u0000\u0000\u0000\u0000\u0000\u0000\u0000\u0000\u0000\u0000\u0000\u0000\u0000\u0000\u0000\u0000\u0000\u0000\u0000\u0000\u0000\u0000\u0000\u0000\u0000\u0000\u0000\u0000\u0000\u0000\u0000\u0000\u0000\u0000\u0000\u0000\u0000\u0000\u0000\u0000\u0000\u0000\u0000\u0000\u0000\u0000\u0000\u0000\u0000\u0000\u0000\u0000\u0000\u0000\u0000\u0000\u0000\u0000\u0000\u0000\u0000\u0000\u0000\u0000\u0000\u0000\u0000\u0000\u0000\u0000\u0000\u0000\u0000\u0000\u0000\u0000\u0000\u0000\u0000\u0000\u0000\u0000\u0000\u0000\u0000\u0000\u0000\u0000\u0000\u0000\u0000\u0000\u0000\u0000\u0000\u0000\u0000\u0000\u0000\u0000\u0000\u0000\u0000\u0000\u0000\u0000\u0000\u0000\u0000\u0000\u0000\u0000\u0000\u0000\u0000\u0000\u0000\u0000\u0000\u0000\u0000\u0000\u0000\u0000\u0000\u0000\u0000\u0000\u0000\u0000\u0000\u0000\u0000\u0000\u0000\u0000\u0000\u0000\u0000\u0000\u0000\u0000\u0000\u0000\u0000\u0000\u0000\u0000\u0000\u0000\u0000\u0000\u0000\u0000\u0000\u0000\u0000\u0000\u0000\u0000\u0000\u0000\u0000\u0000\u0000\u0000\u0000\u0000\u0000\u0000\u0000\u0000\u0000\u0000\u0000\u0000\u0000\u0000\u0000\u0000\u0000\u0000\u0000\u0000\u0000\u0000\u0000\u0000\u0000\u0000\u0000\u0000\u0000\u0000\u0000\u0000\u0000\u0000\u0000\u0000\u0000\u0000\u0000\u0000\u0000\u0000\u0000\u0000\u0000\u0000\u0000\u0000\u0000\u0000\u0000\u0000\u0000\u0000\u0000\u0000\u0000\u0000\u0000\u0000\u0000\u0000\u0000\u0000\u0000\u0000\u0000\u0000\u0000",
        "RESOLUTION": 0,
        "ATTRIBUTE": "Man-made.Wharf Or Quay",
        "CLASS": "SHORELINE",
        "F_CODE": null,
        "EX_METH": "M",
        "EXTRACT_TE": "P",
        "_selecter_format": "shapefile",
        "_selecter_sourcecrs": "EPSG:4269",
        "_selecter_source": "CA37B07 1853 SF",
        "_selecter_imported": "2026-08-03T23:02:23.649Z"
      },
      "geometry": {
        "type": "LineString",
        "coordinates": [
          [
            -122.399692,
            37.798769
          ],
          [
            -122.399662,
            37.798779
          ],
          [
            -122.399642,
            37.798799
          ],
          [
            -122.399612,
            37.798799
          ],
          [
            -122.399582,
            37.798799
          ],
          [
            -122.399552,
            37.798809
          ],
          [
            -122.399532,
            37.798819
          ],
          [
            -122.399502,
            37.798829
          ],
          [
            -122.399472,
            37.798829
          ],
          [
            -122.399442,
            37.798829
          ],
          [
            -122.399422,
            37.798829
          ],
          [
            -122.399392,
            37.798829
          ],
          [
            -122.399362,
            37.798829
          ],
          [
            -122.399332,
            37.798839
          ],
          [
            -122.399312,
            37.798839
          ],
          [
            -122.399282,
            37.798839
          ],
          [
            -122.399252,
            37.798839
          ],
          [
            -122.399222,
            37.798849
          ],
          [
            -122.399202,
            37.798859
          ],
          [
            -122.399172,
            37.798859
          ],
          [
            -122.399142,
            37.798869
          ],
          [
            -122.399122,
            37.798869
          ],
          [
            -122.399092,
            37.798869
          ],
          [
            -122.399062,
            37.798869
          ],
          [
            -122.399032,
            37.798869
          ],
          [
            -122.399002,
            37.798869
          ],
          [
            -122.398982,
            37.798869
          ],
          [
            -122.398952,
            37.798879
          ],
          [
            -122.398922,
            37.798879
          ],
          [
            -122.398892,
            37.798879
          ],
          [
            -122.398862,
            37.798879
          ],
          [
            -122.398832,
            37.798889
          ],
          [
            -122.398812,
            37.798899
          ],
          [
            -122.398782,
            37.798909
          ],
          [
            -122.398752,
            37.798919
          ],
          [
            -122.398732,
            37.798919
          ],
          [
            -122.398702,
            37.798929
          ],
          [
            -122.398672,
            37.798929
          ],
          [
            -122.398642,
            37.798929
          ],
          [
            -122.398612,
            37.798929
          ],
          [
            -122.398592,
            37.798929
          ],
          [
            -122.398562,
            37.798929
          ],
          [
            -122.398532,
            37.798929
          ],
          [
            -122.398502,
            37.798929
          ],
          [
            -122.398472,
            37.798929
          ],
          [
            -122.398452,
            37.798929
          ],
          [
            -122.398422,
            37.798939
          ],
          [
            -122.398392,
            37.798939
          ],
          [
            -122.398372,
            37.798939
          ],
          [
            -122.398342,
            37.798949
          ],
          [
            -122.398312,
            37.798949
          ],
          [
            -122.398282,
            37.798959
          ],
          [
            -122.398262,
            37.798959
          ],
          [
            -122.398232,
            37.798959
          ],
          [
            -122.398202,
            37.798959
          ],
          [
            -122.398172,
            37.798959
          ],
          [
            -122.398152,
            37.798959
          ],
          [
            -122.398122,
            37.798969
          ],
          [
            -122.398092,
            37.798969
          ],
          [
            -122.398072,
            37.798979
          ],
          [
            -122.398042,
            37.798979
          ],
          [
            -122.398012,
            37.798979
          ],
          [
            -122.397982,
            37.798989
          ],
          [
            -122.397902,
            37.799009
          ],
          [
            -122.397882,
            37.799019
          ],
          [
            -122.397842,
            37.799029
          ],
          [
            -122.397822,
            37.799029
          ],
          [
            -122.397792,
            37.799039
          ],
          [
            -122.397762,
            37.799039
          ],
          [
            -122.397732,
            37.799039
          ],
          [
            -122.397722,
            37.799019
          ],
          [
            -122.397722,
            37.798989
          ],
          [
            -122.397742,
            37.798969
          ],
          [
            -122.397752,
            37.798949
          ],
          [
            -122.397752,
            37.798929
          ],
          [
            -122.397772,
            37.798909
          ],
          [
            -122.397802,
            37.798909
          ],
          [
            -122.397832,
            37.798909
          ],
          [
            -122.397852,
            37.798899
          ],
          [
            -122.397882,
            37.798889
          ],
          [
            -122.397912,
            37.798889
          ],
          [
            -122.397942,
            37.798879
          ],
          [
            -122.397962,
            37.798879
          ],
          [
            -122.398002,
            37.798879
          ],
          [
            -122.398022,
            37.798879
          ],
          [
            -122.398052,
            37.798869
          ],
          [
            -122.398082,
            37.798869
          ],
          [
            -122.398112,
            37.798869
          ],
          [
            -122.398142,
            37.798869
          ],
          [
            -122.398162,
            37.798859
          ],
          [
            -122.398192,
            37.798849
          ],
          [
            -122.398222,
            37.798849
          ],
          [
            -122.398282,
            37.798849
          ],
          [
            -122.398302,
            37.798839
          ],
          [
            -122.398332,
            37.798839
          ],
          [
            -122.398362,
            37.798829
          ],
          [
            -122.398392,
            37.798829
          ],
          [
            -122.398412,
            37.798819
          ],
          [
            -122.398442,
            37.798819
          ],
          [
            -122.398472,
            37.798819
          ],
          [
            -122.398492,
            37.798819
          ],
          [
            -122.398522,
            37.798819
          ],
          [
            -122.398552,
            37.798809
          ],
          [
            -122.398582,
            37.798809
          ],
          [
            -122.398602,
            37.798799
          ],
          [
            -122.398632,
            37.798799
          ],
          [
            -122.398662,
            37.798799
          ],
          [
            -122.398692,
            37.798799
          ],
          [
            -122.398712,
            37.798789
          ],
          [
            -122.398742,
            37.798789
          ],
          [
            -122.398772,
            37.798779
          ],
          [
            -122.398802,
            37.798779
          ],
          [
            -122.398822,
            37.798769
          ],
          [
            -122.398852,
            37.798759
          ],
          [
            -122.398882,
            37.798739
          ],
          [
            -122.398912,
            37.798739
          ],
          [
            -122.398942,
            37.798729
          ],
          [
            -122.398962,
            37.798729
          ],
          [
            -122.398992,
            37.798729
          ],
          [
            -122.399022,
            37.798729
          ],
          [
            -122.399052,
            37.798729
          ],
          [
            -122.399082,
            37.798729
          ],
          [
            -122.399102,
            37.798729
          ],
          [
            -122.399132,
            37.798719
          ],
          [
            -122.399162,
            37.798719
          ],
          [
            -122.399182,
            37.798719
          ],
          [
            -122.399212,
            37.798709
          ],
          [
            -122.399242,
            37.798709
          ],
          [
            -122.399272,
            37.798709
          ],
          [
            -122.399292,
            37.798699
          ],
          [
            -122.399322,
            37.798699
          ],
          [
            -122.399352,
            37.798699
          ],
          [
            -122.399382,
            37.798699
          ],
          [
            -122.399412,
            37.798689
          ],
          [
            -122.399432,
            37.798689
          ],
          [
            -122.399462,
            37.798689
          ],
          [
            -122.399492,
            37.798679
          ],
          [
            -122.399512,
            37.798679
          ],
          [
            -122.399542,
            37.798669
          ],
          [
            -122.399582,
            37.798669
          ],
          [
            -122.399602,
            37.798669
          ]
        ]
      }
    },
    {
      "type": "Feature",
      "properties": {
        "FEATURE_ID": 926691,
        "FEATURE": 12,
        "SOURCE_ID": "T00398",
        "DATA_SOURC": "P",
        "SRC_DATE": "18530101",
        "HOR_ACC": "0",
        "INFORM": "\u0000\u0000\u0000\u0000\u0000\u0000\u0000\u0000\u0000\u0000\u0000\u0000\u0000\u0000\u0000\u0000\u0000\u0000\u0000\u0000\u0000\u0000\u0000\u0000\u0000\u0000\u0000\u0000\u0000\u0000\u0000\u0000\u0000\u0000\u0000\u0000\u0000\u0000\u0000\u0000\u0000\u0000\u0000\u0000\u0000\u0000\u0000\u0000\u0000\u0000\u0000\u0000\u0000\u0000\u0000\u0000\u0000\u0000\u0000\u0000\u0000\u0000\u0000\u0000\u0000\u0000\u0000\u0000\u0000\u0000\u0000\u0000\u0000\u0000\u0000\u0000\u0000\u0000\u0000\u0000\u0000\u0000\u0000\u0000\u0000\u0000\u0000\u0000\u0000\u0000\u0000\u0000\u0000\u0000\u0000\u0000\u0000\u0000\u0000\u0000\u0000\u0000\u0000\u0000\u0000\u0000\u0000\u0000\u0000\u0000\u0000\u0000\u0000\u0000\u0000\u0000\u0000\u0000\u0000\u0000\u0000\u0000\u0000\u0000\u0000\u0000\u0000\u0000\u0000\u0000\u0000\u0000\u0000\u0000\u0000\u0000\u0000\u0000\u0000\u0000\u0000\u0000\u0000\u0000\u0000\u0000\u0000\u0000\u0000\u0000\u0000\u0000\u0000\u0000\u0000\u0000\u0000\u0000\u0000\u0000\u0000\u0000\u0000\u0000\u0000\u0000\u0000\u0000\u0000\u0000\u0000\u0000\u0000\u0000\u0000\u0000\u0000\u0000\u0000\u0000\u0000\u0000\u0000\u0000\u0000\u0000\u0000\u0000\u0000\u0000\u0000\u0000\u0000\u0000\u0000\u0000\u0000\u0000\u0000\u0000\u0000\u0000\u0000\u0000\u0000\u0000\u0000\u0000\u0000\u0000\u0000\u0000\u0000\u0000\u0000\u0000\u0000\u0000\u0000\u0000\u0000\u0000\u0000\u0000\u0000\u0000\u0000\u0000\u0000\u0000\u0000\u0000\u0000\u0000\u0000\u0000\u0000\u0000\u0000\u0000\u0000\u0000\u0000\u0000\u0000\u0000\u0000\u0000\u0000\u0000\u0000\u0000\u0000\u0000",
        "RESOLUTION": 0,
        "ATTRIBUTE": "Man-made.Wharf Or Quay",
        "CLASS": "SHORELINE",
        "F_CODE": null,
        "EX_METH": "M",
        "EXTRACT_TE": "P",
        "_selecter_format": "shapefile",
        "_selecter_sourcecrs": "EPSG:4269",
        "_selecter_source": "CA37B07 1853 SF",
        "_selecter_imported": "2026-08-03T23:02:23.649Z"
      },
      "geometry": {
        "type": "LineString",
        "coordinates": [
          [
            -122.400892,
            37.801289
          ],
          [
            -122.400892,
            37.801309
          ],
          [
            -122.400892,
            37.801329
          ],
          [
            -122.400902,
            37.801349
          ],
          [
            -122.400892,
            37.801369
          ],
          [
            -122.400862,
            37.801379
          ],
          [
            -122.400842,
            37.801379
          ],
          [
            -122.400812,
            37.801379
          ],
          [
            -122.400812,
            37.801399
          ],
          [
            -122.400822,
            37.801419
          ],
          [
            -122.400832,
            37.801439
          ],
          [
            -122.400842,
            37.801459
          ],
          [
            -122.400862,
            37.801479
          ],
          [
            -122.400882,
            37.801499
          ],
          [
            -122.400902,
            37.801519
          ],
          [
            -122.400912,
            37.801539
          ],
          [
            -122.400932,
            37.801559
          ],
          [
            -122.400932,
            37.801579
          ],
          [
            -122.400942,
            37.801599
          ],
          [
            -122.400932,
            37.801629
          ],
          [
            -122.400912,
            37.801639
          ],
          [
            -122.400892,
            37.801649
          ],
          [
            -122.400862,
            37.801659
          ],
          [
            -122.400832,
            37.801659
          ],
          [
            -122.400822,
            37.801639
          ],
          [
            -122.400812,
            37.801619
          ],
          [
            -122.400802,
            37.801599
          ],
          [
            -122.400792,
            37.801579
          ],
          [
            -122.400782,
            37.801549
          ],
          [
            -122.400762,
            37.801539
          ],
          [
            -122.400752,
            37.801519
          ],
          [
            -122.400742,
            37.801499
          ],
          [
            -122.400722,
            37.801469
          ],
          [
            -122.400712,
            37.801449
          ],
          [
            -122.400702,
            37.801439
          ],
          [
            -122.400682,
            37.801419
          ],
          [
            -122.400682,
            37.801389
          ],
          [
            -122.400662,
            37.801369
          ],
          [
            -122.400642,
            37.801349
          ],
          [
            -122.400622,
            37.801339
          ],
          [
            -122.400612,
            37.801309
          ],
          [
            -122.400592,
            37.801299
          ],
          [
            -122.400582,
            37.801269
          ],
          [
            -122.400562,
            37.801259
          ],
          [
            -122.400542,
            37.801239
          ],
          [
            -122.400522,
            37.801219
          ],
          [
            -122.400512,
            37.801199
          ],
          [
            -122.400502,
            37.801179
          ],
          [
            -122.400482,
            37.801159
          ],
          [
            -122.400472,
            37.801139
          ],
          [
            -122.400452,
            37.801119
          ],
          [
            -122.400442,
            37.801099
          ],
          [
            -122.400422,
            37.801059
          ],
          [
            -122.400392,
            37.801049
          ],
          [
            -122.400362,
            37.801039
          ],
          [
            -122.400342,
            37.801039
          ],
          [
            -122.400312,
            37.801029
          ],
          [
            -122.400282,
            37.801029
          ],
          [
            -122.400262,
            37.801009
          ],
          [
            -122.400262,
            37.800979
          ],
          [
            -122.400232,
            37.800969
          ],
          [
            -122.400212,
            37.800969
          ],
          [
            -122.400192,
            37.800949
          ],
          [
            -122.400172,
            37.800929
          ],
          [
            -122.400162,
            37.800909
          ],
          [
            -122.400152,
            37.800889
          ],
          [
            -122.400142,
            37.800869
          ],
          [
            -122.400142,
            37.800849
          ],
          [
            -122.400142,
            37.800819
          ],
          [
            -122.400142,
            37.800799
          ],
          [
            -122.400162,
            37.800789
          ],
          [
            -122.400182,
            37.800769
          ],
          [
            -122.400212,
            37.800759
          ],
          [
            -122.400212,
            37.800739
          ],
          [
            -122.400212,
            37.800709
          ],
          [
            -122.400202,
            37.800689
          ],
          [
            -122.400202,
            37.800669
          ],
          [
            -122.400202,
            37.800649
          ],
          [
            -122.400222,
            37.800629
          ],
          [
            -122.400232,
            37.800609
          ],
          [
            -122.400262,
            37.800599
          ],
          [
            -122.400292,
            37.800589
          ],
          [
            -122.400312,
            37.800569
          ],
          [
            -122.400342,
            37.800559
          ],
          [
            -122.400362,
            37.800559
          ],
          [
            -122.400392,
            37.800559
          ],
          [
            -122.400422,
            37.800559
          ],
          [
            -122.400452,
            37.800559
          ],
          [
            -122.400482,
            37.800559
          ],
          [
            -122.400502,
            37.800549
          ],
          [
            -122.400532,
            37.800539
          ],
          [
            -122.400562,
            37.800529
          ],
          [
            -122.400582,
            37.800519
          ],
          [
            -122.400612,
            37.800499
          ],
          [
            -122.400632,
            37.800489
          ],
          [
            -122.400642,
            37.800469
          ],
          [
            -122.400642,
            37.800439
          ],
          [
            -122.400652,
            37.800419
          ],
          [
            -122.400662,
            37.800399
          ],
          [
            -122.400652,
            37.800379
          ],
          [
            -122.400652,
            37.800359
          ],
          [
            -122.400642,
            37.800339
          ],
          [
            -122.400622,
            37.800319
          ],
          [
            -122.400602,
            37.800299
          ],
          [
            -122.400592,
            37.800279
          ],
          [
            -122.400582,
            37.800259
          ],
          [
            -122.400582,
            37.800229
          ],
          [
            -122.400582,
            37.800209
          ],
          [
            -122.400572,
            37.800189
          ],
          [
            -122.400562,
            37.800169
          ]
        ]
      }
    },
    {
      "type": "Feature",
      "properties": {
        "FEATURE_ID": 926358,
        "FEATURE": 12,
        "SOURCE_ID": "T00398",
        "DATA_SOURC": "P",
        "SRC_DATE": "18530101",
        "HOR_ACC": "0",
        "INFORM": "\u0000\u0000\u0000\u0000\u0000\u0000\u0000\u0000\u0000\u0000\u0000\u0000\u0000\u0000\u0000\u0000\u0000\u0000\u0000\u0000\u0000\u0000\u0000\u0000\u0000\u0000\u0000\u0000\u0000\u0000\u0000\u0000\u0000\u0000\u0000\u0000\u0000\u0000\u0000\u0000\u0000\u0000\u0000\u0000\u0000\u0000\u0000\u0000\u0000\u0000\u0000\u0000\u0000\u0000\u0000\u0000\u0000\u0000\u0000\u0000\u0000\u0000\u0000\u0000\u0000\u0000\u0000\u0000\u0000\u0000\u0000\u0000\u0000\u0000\u0000\u0000\u0000\u0000\u0000\u0000\u0000\u0000\u0000\u0000\u0000\u0000\u0000\u0000\u0000\u0000\u0000\u0000\u0000\u0000\u0000\u0000\u0000\u0000\u0000\u0000\u0000\u0000\u0000\u0000\u0000\u0000\u0000\u0000\u0000\u0000\u0000\u0000\u0000\u0000\u0000\u0000\u0000\u0000\u0000\u0000\u0000\u0000\u0000\u0000\u0000\u0000\u0000\u0000\u0000\u0000\u0000\u0000\u0000\u0000\u0000\u0000\u0000\u0000\u0000\u0000\u0000\u0000\u0000\u0000\u0000\u0000\u0000\u0000\u0000\u0000\u0000\u0000\u0000\u0000\u0000\u0000\u0000\u0000\u0000\u0000\u0000\u0000\u0000\u0000\u0000\u0000\u0000\u0000\u0000\u0000\u0000\u0000\u0000\u0000\u0000\u0000\u0000\u0000\u0000\u0000\u0000\u0000\u0000\u0000\u0000\u0000\u0000\u0000\u0000\u0000\u0000\u0000\u0000\u0000\u0000\u0000\u0000\u0000\u0000\u0000\u0000\u0000\u0000\u0000\u0000\u0000\u0000\u0000\u0000\u0000\u0000\u0000\u0000\u0000\u0000\u0000\u0000\u0000\u0000\u0000\u0000\u0000\u0000\u0000\u0000\u0000\u0000\u0000\u0000\u0000\u0000\u0000\u0000\u0000\u0000\u0000\u0000\u0000\u0000\u0000\u0000\u0000\u0000\u0000\u0000\u0000\u0000\u0000\u0000\u0000\u0000\u0000\u0000\u0000",
        "RESOLUTION": 0,
        "ATTRIBUTE": "Man-made.Wharf Or Quay",
        "CLASS": "SHORELINE",
        "F_CODE": null,
        "EX_METH": "M",
        "EXTRACT_TE": "P",
        "_selecter_format": "shapefile",
        "_selecter_sourcecrs": "EPSG:4269",
        "_selecter_source": "CA37B07 1853 SF",
        "_selecter_imported": "2026-08-03T23:02:23.649Z"
      },
      "geometry": {
        "type": "LineString",
        "coordinates": [
          [
            -122.399432,
            37.797939
          ],
          [
            -122.399402,
            37.797939
          ],
          [
            -122.399372,
            37.797939
          ],
          [
            -122.399342,
            37.797939
          ],
          [
            -122.399322,
            37.797949
          ],
          [
            -122.399292,
            37.797949
          ],
          [
            -122.399262,
            37.797949
          ],
          [
            -122.399232,
            37.797949
          ],
          [
            -122.399212,
            37.797949
          ],
          [
            -122.399182,
            37.797949
          ],
          [
            -122.399152,
            37.797959
          ],
          [
            -122.399122,
            37.797959
          ],
          [
            -122.399102,
            37.797969
          ],
          [
            -122.399072,
            37.797969
          ],
          [
            -122.399042,
            37.797969
          ],
          [
            -122.399012,
            37.797969
          ],
          [
            -122.398982,
            37.797969
          ],
          [
            -122.398952,
            37.797979
          ],
          [
            -122.398922,
            37.797989
          ],
          [
            -122.398902,
            37.797999
          ],
          [
            -122.398872,
            37.798009
          ],
          [
            -122.398842,
            37.798009
          ],
          [
            -122.398812,
            37.798019
          ],
          [
            -122.398792,
            37.798019
          ],
          [
            -122.398762,
            37.798029
          ],
          [
            -122.398732,
            37.798039
          ],
          [
            -122.398702,
            37.798039
          ],
          [
            -122.398682,
            37.798039
          ],
          [
            -122.398652,
            37.798039
          ],
          [
            -122.398572,
            37.798049
          ],
          [
            -122.398542,
            37.798049
          ],
          [
            -122.398512,
            37.798049
          ],
          [
            -122.398482,
            37.798049
          ],
          [
            -122.398452,
            37.798049
          ],
          [
            -122.398422,
            37.798049
          ],
          [
            -122.398392,
            37.798059
          ],
          [
            -122.398372,
            37.798069
          ],
          [
            -122.398342,
            37.798069
          ],
          [
            -122.398312,
            37.798069
          ],
          [
            -122.398292,
            37.798069
          ],
          [
            -122.398262,
            37.798079
          ],
          [
            -122.398232,
            37.798079
          ],
          [
            -122.398202,
            37.798079
          ],
          [
            -122.398172,
            37.798089
          ],
          [
            -122.398152,
            37.798089
          ],
          [
            -122.398122,
            37.798089
          ],
          [
            -122.398092,
            37.798089
          ],
          [
            -122.398062,
            37.798099
          ],
          [
            -122.398042,
            37.798109
          ],
          [
            -122.398012,
            37.798119
          ],
          [
            -122.397982,
            37.798119
          ],
          [
            -122.397952,
            37.798119
          ],
          [
            -122.397922,
            37.798119
          ],
          [
            -122.397902,
            37.798129
          ],
          [
            -122.397872,
            37.798129
          ],
          [
            -122.397842,
            37.798139
          ],
          [
            -122.397812,
            37.798149
          ],
          [
            -122.397792,
            37.798149
          ],
          [
            -122.397762,
            37.798149
          ],
          [
            -122.397732,
            37.798149
          ],
          [
            -122.397702,
            37.798149
          ],
          [
            -122.397672,
            37.798149
          ],
          [
            -122.397652,
            37.798159
          ],
          [
            -122.397622,
            37.798169
          ],
          [
            -122.397592,
            37.798169
          ],
          [
            -122.397572,
            37.798169
          ],
          [
            -122.397532,
            37.798169
          ],
          [
            -122.397442,
            37.798189
          ],
          [
            -122.397412,
            37.798189
          ],
          [
            -122.397382,
            37.798189
          ],
          [
            -122.397362,
            37.798189
          ],
          [
            -122.397332,
            37.798179
          ],
          [
            -122.397302,
            37.798189
          ],
          [
            -122.397272,
            37.798199
          ],
          [
            -122.397252,
            37.798199
          ],
          [
            -122.397222,
            37.798209
          ],
          [
            -122.397192,
            37.798209
          ],
          [
            -122.397162,
            37.798209
          ],
          [
            -122.397142,
            37.798219
          ],
          [
            -122.397112,
            37.798219
          ],
          [
            -122.397082,
            37.798219
          ],
          [
            -122.397052,
            37.798229
          ],
          [
            -122.397032,
            37.798229
          ],
          [
            -122.397002,
            37.798229
          ],
          [
            -122.396972,
            37.798239
          ],
          [
            -122.396952,
            37.798249
          ],
          [
            -122.396922,
            37.798249
          ],
          [
            -122.396892,
            37.798239
          ],
          [
            -122.396862,
            37.798239
          ],
          [
            -122.396832,
            37.798249
          ],
          [
            -122.396812,
            37.798249
          ],
          [
            -122.396782,
            37.798259
          ],
          [
            -122.396752,
            37.798269
          ],
          [
            -122.396732,
            37.798279
          ],
          [
            -122.396702,
            37.798279
          ],
          [
            -122.396672,
            37.798289
          ],
          [
            -122.396652,
            37.798289
          ],
          [
            -122.396622,
            37.798299
          ],
          [
            -122.396592,
            37.798299
          ],
          [
            -122.396562,
            37.798299
          ],
          [
            -122.396532,
            37.798299
          ],
          [
            -122.396512,
            37.798299
          ],
          [
            -122.396492,
            37.798279
          ],
          [
            -122.396492,
            37.798259
          ],
          [
            -122.396482,
            37.798229
          ],
          [
            -122.396482,
            37.798209
          ],
          [
            -122.396482,
            37.798189
          ],
          [
            -122.396482,
            37.798169
          ],
          [
            -122.396512,
            37.798159
          ],
          [
            -122.396532,
            37.798159
          ],
          [
            -122.396562,
            37.798159
          ],
          [
            -122.396592,
            37.798159
          ],
          [
            -122.396622,
            37.798159
          ],
          [
            -122.396652,
            37.798159
          ],
          [
            -122.396682,
            37.798159
          ],
          [
            -122.396712,
            37.798159
          ],
          [
            -122.396732,
            37.798149
          ],
          [
            -122.396762,
            37.798139
          ],
          [
            -122.396792,
            37.798139
          ],
          [
            -122.396822,
            37.798139
          ],
          [
            -122.396852,
            37.798139
          ],
          [
            -122.396872,
            37.798139
          ],
          [
            -122.396902,
            37.798129
          ],
          [
            -122.396932,
            37.798129
          ],
          [
            -122.396952,
            37.798129
          ],
          [
            -122.396982,
            37.798119
          ],
          [
            -122.397012,
            37.798109
          ],
          [
            -122.397042,
            37.798109
          ],
          [
            -122.397072,
            37.798099
          ],
          [
            -122.397092,
            37.798089
          ],
          [
            -122.397122,
            37.798089
          ],
          [
            -122.397152,
            37.798089
          ],
          [
            -122.397182,
            37.798089
          ],
          [
            -122.397202,
            37.798089
          ],
          [
            -122.397232,
            37.798089
          ],
          [
            -122.397262,
            37.798079
          ],
          [
            -122.397292,
            37.798079
          ],
          [
            -122.397322,
            37.798079
          ],
          [
            -122.397342,
            37.798069
          ],
          [
            -122.397372,
            37.798069
          ],
          [
            -122.397402,
            37.798069
          ],
          [
            -122.397432,
            37.798069
          ],
          [
            -122.397452,
            37.798069
          ],
          [
            -122.397482,
            37.798059
          ],
          [
            -122.397512,
            37.798059
          ],
          [
            -122.397542,
            37.798059
          ],
          [
            -122.397562,
            37.798049
          ],
          [
            -122.397592,
            37.798039
          ],
          [
            -122.397622,
            37.798039
          ],
          [
            -122.397652,
            37.798039
          ],
          [
            -122.397672,
            37.798039
          ],
          [
            -122.397702,
            37.798039
          ],
          [
            -122.397732,
            37.798029
          ],
          [
            -122.397752,
            37.798029
          ],
          [
            -122.397782,
            37.798029
          ],
          [
            -122.397812,
            37.798029
          ],
          [
            -122.397842,
            37.798019
          ],
          [
            -122.397872,
            37.798019
          ],
          [
            -122.397912,
            37.797999
          ],
          [
            -122.397932,
            37.797989
          ],
          [
            -122.397962,
            37.797979
          ],
          [
            -122.397992,
            37.797989
          ],
          [
            -122.398022,
            37.797989
          ],
          [
            -122.398052,
            37.797989
          ],
          [
            -122.398072,
            37.797989
          ],
          [
            -122.398102,
            37.797979
          ],
          [
            -122.398132,
            37.797979
          ],
          [
            -122.398162,
            37.797969
          ],
          [
            -122.398182,
            37.797959
          ],
          [
            -122.398212,
            37.797959
          ],
          [
            -122.398242,
            37.797959
          ],
          [
            -122.398262,
            37.797949
          ],
          [
            -122.398292,
            37.797949
          ],
          [
            -122.398322,
            37.797949
          ],
          [
            -122.398352,
            37.797949
          ],
          [
            -122.398372,
            37.797939
          ],
          [
            -122.398402,
            37.797919
          ]
        ]
      }
    },
    {
      "type": "Feature",
      "properties": {
        "FEATURE_ID": 927061,
        "FEATURE": 12,
        "SOURCE_ID": "T00398",
        "DATA_SOURC": "P",
        "SRC_DATE": "18530101",
        "HOR_ACC": "0",
        "INFORM": "\u0000\u0000\u0000\u0000\u0000\u0000\u0000\u0000\u0000\u0000\u0000\u0000\u0000\u0000\u0000\u0000\u0000\u0000\u0000\u0000\u0000\u0000\u0000\u0000\u0000\u0000\u0000\u0000\u0000\u0000\u0000\u0000\u0000\u0000\u0000\u0000\u0000\u0000\u0000\u0000\u0000\u0000\u0000\u0000\u0000\u0000\u0000\u0000\u0000\u0000\u0000\u0000\u0000\u0000\u0000\u0000\u0000\u0000\u0000\u0000\u0000\u0000\u0000\u0000\u0000\u0000\u0000\u0000\u0000\u0000\u0000\u0000\u0000\u0000\u0000\u0000\u0000\u0000\u0000\u0000\u0000\u0000\u0000\u0000\u0000\u0000\u0000\u0000\u0000\u0000\u0000\u0000\u0000\u0000\u0000\u0000\u0000\u0000\u0000\u0000\u0000\u0000\u0000\u0000\u0000\u0000\u0000\u0000\u0000\u0000\u0000\u0000\u0000\u0000\u0000\u0000\u0000\u0000\u0000\u0000\u0000\u0000\u0000\u0000\u0000\u0000\u0000\u0000\u0000\u0000\u0000\u0000\u0000\u0000\u0000\u0000\u0000\u0000\u0000\u0000\u0000\u0000\u0000\u0000\u0000\u0000\u0000\u0000\u0000\u0000\u0000\u0000\u0000\u0000\u0000\u0000\u0000\u0000\u0000\u0000\u0000\u0000\u0000\u0000\u0000\u0000\u0000\u0000\u0000\u0000\u0000\u0000\u0000\u0000\u0000\u0000\u0000\u0000\u0000\u0000\u0000\u0000\u0000\u0000\u0000\u0000\u0000\u0000\u0000\u0000\u0000\u0000\u0000\u0000\u0000\u0000\u0000\u0000\u0000\u0000\u0000\u0000\u0000\u0000\u0000\u0000\u0000\u0000\u0000\u0000\u0000\u0000\u0000\u0000\u0000\u0000\u0000\u0000\u0000\u0000\u0000\u0000\u0000\u0000\u0000\u0000\u0000\u0000\u0000\u0000\u0000\u0000\u0000\u0000\u0000\u0000\u0000\u0000\u0000\u0000\u0000\u0000\u0000\u0000\u0000\u0000\u0000\u0000\u0000\u0000\u0000\u0000\u0000\u0000",
        "RESOLUTION": 0,
        "ATTRIBUTE": "Man-made.Wharf Or Quay",
        "CLASS": "SHORELINE",
        "F_CODE": null,
        "EX_METH": "M",
        "EXTRACT_TE": "P",
        "_selecter_format": "shapefile",
        "_selecter_sourcecrs": "EPSG:4269",
        "_selecter_source": "CA37B07 1853 SF",
        "_selecter_imported": "2026-08-03T23:02:23.649Z"
      },
      "geometry": {
        "type": "LineString",
        "coordinates": [
          [
            -122.400562,
            37.800169
          ],
          [
            -122.400532,
            37.800169
          ],
          [
            -122.400502,
            37.800169
          ],
          [
            -122.400472,
            37.800169
          ],
          [
            -122.400442,
            37.800169
          ],
          [
            -122.400412,
            37.800179
          ],
          [
            -122.400392,
            37.800179
          ],
          [
            -122.400362,
            37.800189
          ],
          [
            -122.400332,
            37.800189
          ],
          [
            -122.400302,
            37.800199
          ],
          [
            -122.400282,
            37.800199
          ],
          [
            -122.400252,
            37.800199
          ],
          [
            -122.400222,
            37.800199
          ],
          [
            -122.400192,
            37.800209
          ],
          [
            -122.400162,
            37.800219
          ],
          [
            -122.400142,
            37.800219
          ],
          [
            -122.400112,
            37.800219
          ],
          [
            -122.400082,
            37.800229
          ],
          [
            -122.400062,
            37.800229
          ],
          [
            -122.400032,
            37.800229
          ],
          [
            -122.400002,
            37.800229
          ],
          [
            -122.399972,
            37.800229
          ],
          [
            -122.399952,
            37.800239
          ],
          [
            -122.399922,
            37.800239
          ],
          [
            -122.399892,
            37.800239
          ],
          [
            -122.399862,
            37.800249
          ],
          [
            -122.399832,
            37.800249
          ],
          [
            -122.399812,
            37.800259
          ],
          [
            -122.399782,
            37.800259
          ],
          [
            -122.399752,
            37.800269
          ],
          [
            -122.399732,
            37.800289
          ],
          [
            -122.399732,
            37.800309
          ],
          [
            -122.399732,
            37.800329
          ],
          [
            -122.399742,
            37.800359
          ],
          [
            -122.399742,
            37.800379
          ],
          [
            -122.399752,
            37.800399
          ],
          [
            -122.399762,
            37.800419
          ],
          [
            -122.399762,
            37.800449
          ],
          [
            -122.399762,
            37.800469
          ],
          [
            -122.399762,
            37.800489
          ],
          [
            -122.399762,
            37.800509
          ],
          [
            -122.399762,
            37.800539
          ],
          [
            -122.399742,
            37.800559
          ],
          [
            -122.399712,
            37.800569
          ],
          [
            -122.399682,
            37.800569
          ],
          [
            -122.399662,
            37.800569
          ],
          [
            -122.399632,
            37.800579
          ],
          [
            -122.399602,
            37.800579
          ],
          [
            -122.399602,
            37.800559
          ],
          [
            -122.399592,
            37.800539
          ],
          [
            -122.399582,
            37.800519
          ],
          [
            -122.399562,
            37.800489
          ],
          [
            -122.399562,
            37.800469
          ],
          [
            -122.399552,
            37.800449
          ],
          [
            -122.399552,
            37.800429
          ],
          [
            -122.399552,
            37.800409
          ],
          [
            -122.399542,
            37.800379
          ],
          [
            -122.399542,
            37.800359
          ],
          [
            -122.399542,
            37.800339
          ],
          [
            -122.399542,
            37.800309
          ],
          [
            -122.399542,
            37.800289
          ],
          [
            -122.399542,
            37.800269
          ],
          [
            -122.399532,
            37.800239
          ],
          [
            -122.399532,
            37.800219
          ],
          [
            -122.399522,
            37.800199
          ],
          [
            -122.399512,
            37.800179
          ],
          [
            -122.399512,
            37.800159
          ],
          [
            -122.399502,
            37.800139
          ],
          [
            -122.399502,
            37.800109
          ],
          [
            -122.399502,
            37.800089
          ],
          [
            -122.399502,
            37.800069
          ],
          [
            -122.399492,
            37.800049
          ],
          [
            -122.399482,
            37.800029
          ],
          [
            -122.399482,
            37.799999
          ],
          [
            -122.399472,
            37.799979
          ],
          [
            -122.399462,
            37.799959
          ],
          [
            -122.399452,
            37.799929
          ],
          [
            -122.399452,
            37.799909
          ],
          [
            -122.399452,
            37.799889
          ],
          [
            -122.399462,
            37.799869
          ],
          [
            -122.399482,
            37.799849
          ],
          [
            -122.399512,
            37.799839
          ],
          [
            -122.399542,
            37.799839
          ],
          [
            -122.399562,
            37.799839
          ],
          [
            -122.399592,
            37.799839
          ],
          [
            -122.399632,
            37.799849
          ],
          [
            -122.399642,
            37.799869
          ],
          [
            -122.399642,
            37.799889
          ],
          [
            -122.399642,
            37.799919
          ],
          [
            -122.399642,
            37.799939
          ],
          [
            -122.399642,
            37.799959
          ],
          [
            -122.399652,
            37.799979
          ],
          [
            -122.399662,
            37.799999
          ],
          [
            -122.399662,
            37.800029
          ],
          [
            -122.399672,
            37.800049
          ],
          [
            -122.399672,
            37.800069
          ],
          [
            -122.399682,
            37.800089
          ],
          [
            -122.399692,
            37.800109
          ],
          [
            -122.399702,
            37.800129
          ],
          [
            -122.399732,
            37.800129
          ],
          [
            -122.399762,
            37.800119
          ],
          [
            -122.399782,
            37.800119
          ],
          [
            -122.399812,
            37.800109
          ],
          [
            -122.399842,
            37.800109
          ],
          [
            -122.399872,
            37.800099
          ],
          [
            -122.399892,
            37.800099
          ],
          [
            -122.399922,
            37.800089
          ],
          [
            -122.399952,
            37.800089
          ],
          [
            -122.399972,
            37.800089
          ],
          [
            -122.400002,
            37.800079
          ],
          [
            -122.400032,
            37.800079
          ],
          [
            -122.400062,
            37.800079
          ],
          [
            -122.400092,
            37.800069
          ],
          [
            -122.400072,
            37.800049
          ]
        ]
      }
    },
    {
      "type": "Feature",
      "properties": {
        "FEATURE_ID": 926015,
        "FEATURE": 12,
        "SOURCE_ID": "T00398",
        "DATA_SOURC": "P",
        "SRC_DATE": "18530101",
        "HOR_ACC": "0",
        "INFORM": "\u0000\u0000\u0000\u0000\u0000\u0000\u0000\u0000\u0000\u0000\u0000\u0000\u0000\u0000\u0000\u0000\u0000\u0000\u0000\u0000\u0000\u0000\u0000\u0000\u0000\u0000\u0000\u0000\u0000\u0000\u0000\u0000\u0000\u0000\u0000\u0000\u0000\u0000\u0000\u0000\u0000\u0000\u0000\u0000\u0000\u0000\u0000\u0000\u0000\u0000\u0000\u0000\u0000\u0000\u0000\u0000\u0000\u0000\u0000\u0000\u0000\u0000\u0000\u0000\u0000\u0000\u0000\u0000\u0000\u0000\u0000\u0000\u0000\u0000\u0000\u0000\u0000\u0000\u0000\u0000\u0000\u0000\u0000\u0000\u0000\u0000\u0000\u0000\u0000\u0000\u0000\u0000\u0000\u0000\u0000\u0000\u0000\u0000\u0000\u0000\u0000\u0000\u0000\u0000\u0000\u0000\u0000\u0000\u0000\u0000\u0000\u0000\u0000\u0000\u0000\u0000\u0000\u0000\u0000\u0000\u0000\u0000\u0000\u0000\u0000\u0000\u0000\u0000\u0000\u0000\u0000\u0000\u0000\u0000\u0000\u0000\u0000\u0000\u0000\u0000\u0000\u0000\u0000\u0000\u0000\u0000\u0000\u0000\u0000\u0000\u0000\u0000\u0000\u0000\u0000\u0000\u0000\u0000\u0000\u0000\u0000\u0000\u0000\u0000\u0000\u0000\u0000\u0000\u0000\u0000\u0000\u0000\u0000\u0000\u0000\u0000\u0000\u0000\u0000\u0000\u0000\u0000\u0000\u0000\u0000\u0000\u0000\u0000\u0000\u0000\u0000\u0000\u0000\u0000\u0000\u0000\u0000\u0000\u0000\u0000\u0000\u0000\u0000\u0000\u0000\u0000\u0000\u0000\u0000\u0000\u0000\u0000\u0000\u0000\u0000\u0000\u0000\u0000\u0000\u0000\u0000\u0000\u0000\u0000\u0000\u0000\u0000\u0000\u0000\u0000\u0000\u0000\u0000\u0000\u0000\u0000\u0000\u0000\u0000\u0000\u0000\u0000\u0000\u0000\u0000\u0000\u0000\u0000\u0000\u0000\u0000\u0000\u0000\u0000",
        "RESOLUTION": 0,
        "ATTRIBUTE": "Man-made.Wharf Or Quay",
        "CLASS": "SHORELINE",
        "F_CODE": null,
        "EX_METH": "M",
        "EXTRACT_TE": "P",
        "_selecter_format": "shapefile",
        "_selecter_sourcecrs": "EPSG:4269",
        "_selecter_source": "CA37B07 1853 SF",
        "_selecter_imported": "2026-08-03T23:02:23.649Z"
      },
      "geometry": {
        "type": "LineString",
        "coordinates": [
          [
            -122.412582,
            37.804739
          ],
          [
            -122.412652,
            37.804929
          ],
          [
            -122.412712,
            37.805279
          ],
          [
            -122.412782,
            37.805549
          ],
          [
            -122.412862,
            37.805959
          ],
          [
            -122.412902,
            37.806119
          ],
          [
            -122.412942,
            37.806319
          ],
          [
            -122.412832,
            37.806309
          ],
          [
            -122.412792,
            37.806079
          ],
          [
            -122.412752,
            37.806009
          ],
          [
            -122.412702,
            37.805699
          ],
          [
            -122.412652,
            37.805419
          ],
          [
            -122.412622,
            37.805379
          ],
          [
            -122.412602,
            37.805229
          ],
          [
            -122.412522,
            37.804819
          ],
          [
            -122.412492,
            37.804769
          ]
        ]
      }
    },
    {
      "type": "Feature",
      "properties": {
        "FEATURE_ID": 927754,
        "FEATURE": 12,
        "SOURCE_ID": "T00398",
        "DATA_SOURC": "P",
        "SRC_DATE": "18530101",
        "HOR_ACC": "0",
        "INFORM": "\u0000\u0000\u0000\u0000\u0000\u0000\u0000\u0000\u0000\u0000\u0000\u0000\u0000\u0000\u0000\u0000\u0000\u0000\u0000\u0000\u0000\u0000\u0000\u0000\u0000\u0000\u0000\u0000\u0000\u0000\u0000\u0000\u0000\u0000\u0000\u0000\u0000\u0000\u0000\u0000\u0000\u0000\u0000\u0000\u0000\u0000\u0000\u0000\u0000\u0000\u0000\u0000\u0000\u0000\u0000\u0000\u0000\u0000\u0000\u0000\u0000\u0000\u0000\u0000\u0000\u0000\u0000\u0000\u0000\u0000\u0000\u0000\u0000\u0000\u0000\u0000\u0000\u0000\u0000\u0000\u0000\u0000\u0000\u0000\u0000\u0000\u0000\u0000\u0000\u0000\u0000\u0000\u0000\u0000\u0000\u0000\u0000\u0000\u0000\u0000\u0000\u0000\u0000\u0000\u0000\u0000\u0000\u0000\u0000\u0000\u0000\u0000\u0000\u0000\u0000\u0000\u0000\u0000\u0000\u0000\u0000\u0000\u0000\u0000\u0000\u0000\u0000\u0000\u0000\u0000\u0000\u0000\u0000\u0000\u0000\u0000\u0000\u0000\u0000\u0000\u0000\u0000\u0000\u0000\u0000\u0000\u0000\u0000\u0000\u0000\u0000\u0000\u0000\u0000\u0000\u0000\u0000\u0000\u0000\u0000\u0000\u0000\u0000\u0000\u0000\u0000\u0000\u0000\u0000\u0000\u0000\u0000\u0000\u0000\u0000\u0000\u0000\u0000\u0000\u0000\u0000\u0000\u0000\u0000\u0000\u0000\u0000\u0000\u0000\u0000\u0000\u0000\u0000\u0000\u0000\u0000\u0000\u0000\u0000\u0000\u0000\u0000\u0000\u0000\u0000\u0000\u0000\u0000\u0000\u0000\u0000\u0000\u0000\u0000\u0000\u0000\u0000\u0000\u0000\u0000\u0000\u0000\u0000\u0000\u0000\u0000\u0000\u0000\u0000\u0000\u0000\u0000\u0000\u0000\u0000\u0000\u0000\u0000\u0000\u0000\u0000\u0000\u0000\u0000\u0000\u0000\u0000\u0000\u0000\u0000\u0000\u0000\u0000\u0000",
        "RESOLUTION": 0,
        "ATTRIBUTE": "Man-made.Wharf Or Quay",
        "CLASS": "SHORELINE",
        "F_CODE": null,
        "EX_METH": "M",
        "EXTRACT_TE": "P",
        "_selecter_format": "shapefile",
        "_selecter_sourcecrs": "EPSG:4269",
        "_selecter_source": "CA37B07 1853 SF",
        "_selecter_imported": "2026-08-03T23:02:23.649Z"
      },
      "geometry": {
        "type": "LineString",
        "coordinates": [
          [
            -122.397862,
            37.794929
          ],
          [
            -122.397772,
            37.794949
          ],
          [
            -122.397582,
            37.794969
          ],
          [
            -122.397412,
            37.794989
          ],
          [
            -122.397242,
            37.795009
          ],
          [
            -122.397102,
            37.795019
          ],
          [
            -122.396912,
            37.795059
          ],
          [
            -122.396572,
            37.795089
          ],
          [
            -122.395882,
            37.795169
          ],
          [
            -122.395322,
            37.795239
          ],
          [
            -122.394852,
            37.795309
          ],
          [
            -122.394612,
            37.795489
          ],
          [
            -122.394312,
            37.795719
          ],
          [
            -122.394082,
            37.795949
          ],
          [
            -122.393602,
            37.796369
          ],
          [
            -122.393532,
            37.796419
          ],
          [
            -122.393352,
            37.796299
          ],
          [
            -122.393442,
            37.796199
          ],
          [
            -122.393612,
            37.796099
          ],
          [
            -122.393762,
            37.795969
          ],
          [
            -122.394002,
            37.795759
          ],
          [
            -122.394342,
            37.795509
          ],
          [
            -122.394662,
            37.795229
          ],
          [
            -122.394732,
            37.795179
          ],
          [
            -122.394862,
            37.795169
          ],
          [
            -122.395262,
            37.795109
          ],
          [
            -122.395712,
            37.795059
          ],
          [
            -122.396072,
            37.795009
          ],
          [
            -122.396302,
            37.794969
          ],
          [
            -122.396742,
            37.794919
          ],
          [
            -122.397032,
            37.794879
          ],
          [
            -122.397502,
            37.794829
          ],
          [
            -122.397822,
            37.794799
          ]
        ]
      }
    },
    {
      "type": "Feature",
      "properties": {
        "FEATURE_ID": 926024,
        "FEATURE": 20,
        "SOURCE_ID": "T00398",
        "DATA_SOURC": "P",
        "SRC_DATE": "18530101",
        "HOR_ACC": "0",
        "INFORM": "\u0000\u0000\u0000\u0000\u0000\u0000\u0000\u0000\u0000\u0000\u0000\u0000\u0000\u0000\u0000\u0000\u0000\u0000\u0000\u0000\u0000\u0000\u0000\u0000\u0000\u0000\u0000\u0000\u0000\u0000\u0000\u0000\u0000\u0000\u0000\u0000\u0000\u0000\u0000\u0000\u0000\u0000\u0000\u0000\u0000\u0000\u0000\u0000\u0000\u0000\u0000\u0000\u0000\u0000\u0000\u0000\u0000\u0000\u0000\u0000\u0000\u0000\u0000\u0000\u0000\u0000\u0000\u0000\u0000\u0000\u0000\u0000\u0000\u0000\u0000\u0000\u0000\u0000\u0000\u0000\u0000\u0000\u0000\u0000\u0000\u0000\u0000\u0000\u0000\u0000\u0000\u0000\u0000\u0000\u0000\u0000\u0000\u0000\u0000\u0000\u0000\u0000\u0000\u0000\u0000\u0000\u0000\u0000\u0000\u0000\u0000\u0000\u0000\u0000\u0000\u0000\u0000\u0000\u0000\u0000\u0000\u0000\u0000\u0000\u0000\u0000\u0000\u0000\u0000\u0000\u0000\u0000\u0000\u0000\u0000\u0000\u0000\u0000\u0000\u0000\u0000\u0000\u0000\u0000\u0000\u0000\u0000\u0000\u0000\u0000\u0000\u0000\u0000\u0000\u0000\u0000\u0000\u0000\u0000\u0000\u0000\u0000\u0000\u0000\u0000\u0000\u0000\u0000\u0000\u0000\u0000\u0000\u0000\u0000\u0000\u0000\u0000\u0000\u0000\u0000\u0000\u0000\u0000\u0000\u0000\u0000\u0000\u0000\u0000\u0000\u0000\u0000\u0000\u0000\u0000\u0000\u0000\u0000\u0000\u0000\u0000\u0000\u0000\u0000\u0000\u0000\u0000\u0000\u0000\u0000\u0000\u0000\u0000\u0000\u0000\u0000\u0000\u0000\u0000\u0000\u0000\u0000\u0000\u0000\u0000\u0000\u0000\u0000\u0000\u0000\u0000\u0000\u0000\u0000\u0000\u0000\u0000\u0000\u0000\u0000\u0000\u0000\u0000\u0000\u0000\u0000\u0000\u0000\u0000\u0000\u0000\u0000\u0000\u0000",
        "RESOLUTION": 0,
        "ATTRIBUTE": "Natural.Mean High Water",
        "CLASS": "SHORELINE",
        "F_CODE": null,
        "EX_METH": "M",
        "EXTRACT_TE": "P",
        "_selecter_format": "shapefile",
        "_selecter_sourcecrs": "EPSG:4269",
        "_selecter_source": "CA37B07 1853 SF",
        "_selecter_imported": "2026-08-03T23:02:23.649Z"
      },
      "geometry": {
        "type": "LineString",
        "coordinates": [
          [
            -122.411572,
            37.805109
          ],
          [
            -122.411492,
            37.805129
          ],
          [
            -122.411412,
            37.805159
          ],
          [
            -122.411212,
            37.805179
          ],
          [
            -122.411022,
            37.805219
          ],
          [
            -122.410882,
            37.805269
          ],
          [
            -122.410742,
            37.805329
          ],
          [
            -122.410662,
            37.805369
          ],
          [
            -122.410522,
            37.805399
          ],
          [
            -122.410482,
            37.805469
          ],
          [
            -122.410392,
            37.805599
          ],
          [
            -122.410292,
            37.805649
          ],
          [
            -122.410212,
            37.805689
          ],
          [
            -122.410142,
            37.805669
          ]
        ]
      }
    },
    {
      "type": "Feature",
      "properties": {
        "FEATURE_ID": 926027,
        "FEATURE": 20,
        "SOURCE_ID": "T00398",
        "DATA_SOURC": "P",
        "SRC_DATE": "18530101",
        "HOR_ACC": "0",
        "INFORM": "\u0000\u0000\u0000\u0000\u0000\u0000\u0000\u0000\u0000\u0000\u0000\u0000\u0000\u0000\u0000\u0000\u0000\u0000\u0000\u0000\u0000\u0000\u0000\u0000\u0000\u0000\u0000\u0000\u0000\u0000\u0000\u0000\u0000\u0000\u0000\u0000\u0000\u0000\u0000\u0000\u0000\u0000\u0000\u0000\u0000\u0000\u0000\u0000\u0000\u0000\u0000\u0000\u0000\u0000\u0000\u0000\u0000\u0000\u0000\u0000\u0000\u0000\u0000\u0000\u0000\u0000\u0000\u0000\u0000\u0000\u0000\u0000\u0000\u0000\u0000\u0000\u0000\u0000\u0000\u0000\u0000\u0000\u0000\u0000\u0000\u0000\u0000\u0000\u0000\u0000\u0000\u0000\u0000\u0000\u0000\u0000\u0000\u0000\u0000\u0000\u0000\u0000\u0000\u0000\u0000\u0000\u0000\u0000\u0000\u0000\u0000\u0000\u0000\u0000\u0000\u0000\u0000\u0000\u0000\u0000\u0000\u0000\u0000\u0000\u0000\u0000\u0000\u0000\u0000\u0000\u0000\u0000\u0000\u0000\u0000\u0000\u0000\u0000\u0000\u0000\u0000\u0000\u0000\u0000\u0000\u0000\u0000\u0000\u0000\u0000\u0000\u0000\u0000\u0000\u0000\u0000\u0000\u0000\u0000\u0000\u0000\u0000\u0000\u0000\u0000\u0000\u0000\u0000\u0000\u0000\u0000\u0000\u0000\u0000\u0000\u0000\u0000\u0000\u0000\u0000\u0000\u0000\u0000\u0000\u0000\u0000\u0000\u0000\u0000\u0000\u0000\u0000\u0000\u0000\u0000\u0000\u0000\u0000\u0000\u0000\u0000\u0000\u0000\u0000\u0000\u0000\u0000\u0000\u0000\u0000\u0000\u0000\u0000\u0000\u0000\u0000\u0000\u0000\u0000\u0000\u0000\u0000\u0000\u0000\u0000\u0000\u0000\u0000\u0000\u0000\u0000\u0000\u0000\u0000\u0000\u0000\u0000\u0000\u0000\u0000\u0000\u0000\u0000\u0000\u0000\u0000\u0000\u0000\u0000\u0000\u0000\u0000\u0000\u0000",
        "RESOLUTION": 0,
        "ATTRIBUTE": "Natural.Mean High Water",
        "CLASS": "SHORELINE",
        "F_CODE": null,
        "EX_METH": "M",
        "EXTRACT_TE": "P",
        "_selecter_format": "shapefile",
        "_selecter_sourcecrs": "EPSG:4269",
        "_selecter_source": "CA37B07 1853 SF",
        "_selecter_imported": "2026-08-03T23:02:23.649Z"
      },
      "geometry": {
        "type": "LineString",
        "coordinates": [
          [
            -122.411942,
            37.805019
          ],
          [
            -122.411832,
            37.805069
          ],
          [
            -122.411722,
            37.805089
          ],
          [
            -122.411672,
            37.805089
          ]
        ]
      }
    },
    {
      "type": "Feature",
      "properties": {
        "FEATURE_ID": 926029,
        "FEATURE": 20,
        "SOURCE_ID": "T00398",
        "DATA_SOURC": "P",
        "SRC_DATE": "18530101",
        "HOR_ACC": "0",
        "INFORM": "\u0000\u0000\u0000\u0000\u0000\u0000\u0000\u0000\u0000\u0000\u0000\u0000\u0000\u0000\u0000\u0000\u0000\u0000\u0000\u0000\u0000\u0000\u0000\u0000\u0000\u0000\u0000\u0000\u0000\u0000\u0000\u0000\u0000\u0000\u0000\u0000\u0000\u0000\u0000\u0000\u0000\u0000\u0000\u0000\u0000\u0000\u0000\u0000\u0000\u0000\u0000\u0000\u0000\u0000\u0000\u0000\u0000\u0000\u0000\u0000\u0000\u0000\u0000\u0000\u0000\u0000\u0000\u0000\u0000\u0000\u0000\u0000\u0000\u0000\u0000\u0000\u0000\u0000\u0000\u0000\u0000\u0000\u0000\u0000\u0000\u0000\u0000\u0000\u0000\u0000\u0000\u0000\u0000\u0000\u0000\u0000\u0000\u0000\u0000\u0000\u0000\u0000\u0000\u0000\u0000\u0000\u0000\u0000\u0000\u0000\u0000\u0000\u0000\u0000\u0000\u0000\u0000\u0000\u0000\u0000\u0000\u0000\u0000\u0000\u0000\u0000\u0000\u0000\u0000\u0000\u0000\u0000\u0000\u0000\u0000\u0000\u0000\u0000\u0000\u0000\u0000\u0000\u0000\u0000\u0000\u0000\u0000\u0000\u0000\u0000\u0000\u0000\u0000\u0000\u0000\u0000\u0000\u0000\u0000\u0000\u0000\u0000\u0000\u0000\u0000\u0000\u0000\u0000\u0000\u0000\u0000\u0000\u0000\u0000\u0000\u0000\u0000\u0000\u0000\u0000\u0000\u0000\u0000\u0000\u0000\u0000\u0000\u0000\u0000\u0000\u0000\u0000\u0000\u0000\u0000\u0000\u0000\u0000\u0000\u0000\u0000\u0000\u0000\u0000\u0000\u0000\u0000\u0000\u0000\u0000\u0000\u0000\u0000\u0000\u0000\u0000\u0000\u0000\u0000\u0000\u0000\u0000\u0000\u0000\u0000\u0000\u0000\u0000\u0000\u0000\u0000\u0000\u0000\u0000\u0000\u0000\u0000\u0000\u0000\u0000\u0000\u0000\u0000\u0000\u0000\u0000\u0000\u0000\u0000\u0000\u0000\u0000\u0000\u0000",
        "RESOLUTION": 0,
        "ATTRIBUTE": "Natural.Mean High Water",
        "CLASS": "SHORELINE",
        "F_CODE": null,
        "EX_METH": "M",
        "EXTRACT_TE": "P",
        "_selecter_format": "shapefile",
        "_selecter_sourcecrs": "EPSG:4269",
        "_selecter_source": "CA37B07 1853 SF",
        "_selecter_imported": "2026-08-03T23:02:23.649Z"
      },
      "geometry": {
        "type": "LineString",
        "coordinates": [
          [
            -122.412182,
            37.804969
          ],
          [
            -122.412112,
            37.804999
          ],
          [
            -122.412022,
            37.805019
          ]
        ]
      }
    },
    {
      "type": "Feature",
      "properties": {
        "FEATURE_ID": 927068,
        "FEATURE": 20,
        "SOURCE_ID": "T00398",
        "DATA_SOURC": "P",
        "SRC_DATE": "18530101",
        "HOR_ACC": "0",
        "INFORM": "\u0000\u0000\u0000\u0000\u0000\u0000\u0000\u0000\u0000\u0000\u0000\u0000\u0000\u0000\u0000\u0000\u0000\u0000\u0000\u0000\u0000\u0000\u0000\u0000\u0000\u0000\u0000\u0000\u0000\u0000\u0000\u0000\u0000\u0000\u0000\u0000\u0000\u0000\u0000\u0000\u0000\u0000\u0000\u0000\u0000\u0000\u0000\u0000\u0000\u0000\u0000\u0000\u0000\u0000\u0000\u0000\u0000\u0000\u0000\u0000\u0000\u0000\u0000\u0000\u0000\u0000\u0000\u0000\u0000\u0000\u0000\u0000\u0000\u0000\u0000\u0000\u0000\u0000\u0000\u0000\u0000\u0000\u0000\u0000\u0000\u0000\u0000\u0000\u0000\u0000\u0000\u0000\u0000\u0000\u0000\u0000\u0000\u0000\u0000\u0000\u0000\u0000\u0000\u0000\u0000\u0000\u0000\u0000\u0000\u0000\u0000\u0000\u0000\u0000\u0000\u0000\u0000\u0000\u0000\u0000\u0000\u0000\u0000\u0000\u0000\u0000\u0000\u0000\u0000\u0000\u0000\u0000\u0000\u0000\u0000\u0000\u0000\u0000\u0000\u0000\u0000\u0000\u0000\u0000\u0000\u0000\u0000\u0000\u0000\u0000\u0000\u0000\u0000\u0000\u0000\u0000\u0000\u0000\u0000\u0000\u0000\u0000\u0000\u0000\u0000\u0000\u0000\u0000\u0000\u0000\u0000\u0000\u0000\u0000\u0000\u0000\u0000\u0000\u0000\u0000\u0000\u0000\u0000\u0000\u0000\u0000\u0000\u0000\u0000\u0000\u0000\u0000\u0000\u0000\u0000\u0000\u0000\u0000\u0000\u0000\u0000\u0000\u0000\u0000\u0000\u0000\u0000\u0000\u0000\u0000\u0000\u0000\u0000\u0000\u0000\u0000\u0000\u0000\u0000\u0000\u0000\u0000\u0000\u0000\u0000\u0000\u0000\u0000\u0000\u0000\u0000\u0000\u0000\u0000\u0000\u0000\u0000\u0000\u0000\u0000\u0000\u0000\u0000\u0000\u0000\u0000\u0000\u0000\u0000\u0000\u0000\u0000\u0000\u0000",
        "RESOLUTION": 0,
        "ATTRIBUTE": "Natural.Mean High Water",
        "CLASS": "SHORELINE",
        "F_CODE": null,
        "EX_METH": "M",
        "EXTRACT_TE": "P",
        "_selecter_format": "shapefile",
        "_selecter_sourcecrs": "EPSG:4269",
        "_selecter_source": "CA37B07 1853 SF",
        "_selecter_imported": "2026-08-03T23:02:23.649Z"
      },
      "geometry": {
        "type": "LineString",
        "coordinates": [
          [
            -122.399532,
            37.798459
          ],
          [
            -122.399532,
            37.798429
          ],
          [
            -122.399542,
            37.798409
          ],
          [
            -122.399542,
            37.798389
          ],
          [
            -122.399542,
            37.798369
          ],
          [
            -122.399532,
            37.798339
          ],
          [
            -122.399522,
            37.798319
          ],
          [
            -122.399522,
            37.798299
          ],
          [
            -122.399512,
            37.798279
          ],
          [
            -122.399512,
            37.798249
          ],
          [
            -122.399512,
            37.798229
          ],
          [
            -122.399502,
            37.798209
          ],
          [
            -122.399492,
            37.798189
          ],
          [
            -122.399482,
            37.798159
          ],
          [
            -122.399482,
            37.798139
          ],
          [
            -122.399482,
            37.798119
          ],
          [
            -122.399472,
            37.798099
          ],
          [
            -122.399462,
            37.798079
          ],
          [
            -122.399442,
            37.798059
          ],
          [
            -122.399432,
            37.798029
          ],
          [
            -122.399432,
            37.798009
          ],
          [
            -122.399432,
            37.797989
          ],
          [
            -122.399432,
            37.797969
          ],
          [
            -122.399432,
            37.797939
          ]
        ]
      }
    },
    {
      "type": "Feature",
      "properties": {
        "FEATURE_ID": 926690,
        "FEATURE": 20,
        "SOURCE_ID": "T00398",
        "DATA_SOURC": "P",
        "SRC_DATE": "18530101",
        "HOR_ACC": "0",
        "INFORM": "\u0000\u0000\u0000\u0000\u0000\u0000\u0000\u0000\u0000\u0000\u0000\u0000\u0000\u0000\u0000\u0000\u0000\u0000\u0000\u0000\u0000\u0000\u0000\u0000\u0000\u0000\u0000\u0000\u0000\u0000\u0000\u0000\u0000\u0000\u0000\u0000\u0000\u0000\u0000\u0000\u0000\u0000\u0000\u0000\u0000\u0000\u0000\u0000\u0000\u0000\u0000\u0000\u0000\u0000\u0000\u0000\u0000\u0000\u0000\u0000\u0000\u0000\u0000\u0000\u0000\u0000\u0000\u0000\u0000\u0000\u0000\u0000\u0000\u0000\u0000\u0000\u0000\u0000\u0000\u0000\u0000\u0000\u0000\u0000\u0000\u0000\u0000\u0000\u0000\u0000\u0000\u0000\u0000\u0000\u0000\u0000\u0000\u0000\u0000\u0000\u0000\u0000\u0000\u0000\u0000\u0000\u0000\u0000\u0000\u0000\u0000\u0000\u0000\u0000\u0000\u0000\u0000\u0000\u0000\u0000\u0000\u0000\u0000\u0000\u0000\u0000\u0000\u0000\u0000\u0000\u0000\u0000\u0000\u0000\u0000\u0000\u0000\u0000\u0000\u0000\u0000\u0000\u0000\u0000\u0000\u0000\u0000\u0000\u0000\u0000\u0000\u0000\u0000\u0000\u0000\u0000\u0000\u0000\u0000\u0000\u0000\u0000\u0000\u0000\u0000\u0000\u0000\u0000\u0000\u0000\u0000\u0000\u0000\u0000\u0000\u0000\u0000\u0000\u0000\u0000\u0000\u0000\u0000\u0000\u0000\u0000\u0000\u0000\u0000\u0000\u0000\u0000\u0000\u0000\u0000\u0000\u0000\u0000\u0000\u0000\u0000\u0000\u0000\u0000\u0000\u0000\u0000\u0000\u0000\u0000\u0000\u0000\u0000\u0000\u0000\u0000\u0000\u0000\u0000\u0000\u0000\u0000\u0000\u0000\u0000\u0000\u0000\u0000\u0000\u0000\u0000\u0000\u0000\u0000\u0000\u0000\u0000\u0000\u0000\u0000\u0000\u0000\u0000\u0000\u0000\u0000\u0000\u0000\u0000\u0000\u0000\u0000\u0000\u0000",
        "RESOLUTION": 0,
        "ATTRIBUTE": "Natural.Mean High Water",
        "CLASS": "SHORELINE",
        "F_CODE": null,
        "EX_METH": "M",
        "EXTRACT_TE": "P",
        "_selecter_format": "shapefile",
        "_selecter_sourcecrs": "EPSG:4269",
        "_selecter_source": "CA37B07 1853 SF",
        "_selecter_imported": "2026-08-03T23:02:23.649Z"
      },
      "geometry": {
        "type": "LineString",
        "coordinates": [
          [
            -122.403392,
            37.803439
          ],
          [
            -122.403382,
            37.803419
          ],
          [
            -122.403352,
            37.803409
          ],
          [
            -122.403322,
            37.803399
          ],
          [
            -122.403292,
            37.803389
          ],
          [
            -122.403262,
            37.803389
          ],
          [
            -122.403242,
            37.803369
          ],
          [
            -122.403212,
            37.803369
          ],
          [
            -122.403182,
            37.803349
          ],
          [
            -122.403152,
            37.803339
          ],
          [
            -122.403132,
            37.803319
          ],
          [
            -122.403102,
            37.803299
          ],
          [
            -122.403082,
            37.803289
          ],
          [
            -122.403082,
            37.803259
          ],
          [
            -122.403072,
            37.803239
          ],
          [
            -122.403062,
            37.803209
          ],
          [
            -122.403062,
            37.803189
          ],
          [
            -122.403042,
            37.803169
          ],
          [
            -122.403022,
            37.803139
          ],
          [
            -122.403002,
            37.803129
          ],
          [
            -122.402992,
            37.803099
          ],
          [
            -122.402982,
            37.803079
          ],
          [
            -122.402982,
            37.803049
          ],
          [
            -122.402972,
            37.803029
          ],
          [
            -122.402962,
            37.803009
          ],
          [
            -122.402942,
            37.802989
          ],
          [
            -122.402922,
            37.802969
          ],
          [
            -122.402892,
            37.802949
          ],
          [
            -122.402862,
            37.802939
          ],
          [
            -122.402842,
            37.802919
          ],
          [
            -122.402812,
            37.802899
          ],
          [
            -122.402782,
            37.802889
          ],
          [
            -122.402762,
            37.802869
          ],
          [
            -122.402742,
            37.802849
          ],
          [
            -122.402712,
            37.802829
          ],
          [
            -122.402692,
            37.802809
          ],
          [
            -122.402662,
            37.802799
          ],
          [
            -122.402642,
            37.802779
          ],
          [
            -122.402622,
            37.802759
          ],
          [
            -122.402602,
            37.802739
          ],
          [
            -122.402572,
            37.802719
          ],
          [
            -122.402552,
            37.802699
          ],
          [
            -122.402542,
            37.802679
          ],
          [
            -122.402522,
            37.802659
          ],
          [
            -122.402492,
            37.802649
          ],
          [
            -122.402462,
            37.802649
          ],
          [
            -122.402432,
            37.802659
          ],
          [
            -122.402402,
            37.802669
          ],
          [
            -122.402372,
            37.802669
          ],
          [
            -122.402342,
            37.802659
          ],
          [
            -122.402312,
            37.802639
          ],
          [
            -122.402292,
            37.802619
          ],
          [
            -122.402272,
            37.802599
          ],
          [
            -122.402242,
            37.802589
          ],
          [
            -122.402212,
            37.802579
          ],
          [
            -122.402182,
            37.802569
          ],
          [
            -122.402152,
            37.802549
          ],
          [
            -122.402132,
            37.802539
          ],
          [
            -122.402102,
            37.802529
          ],
          [
            -122.402072,
            37.802519
          ],
          [
            -122.402042,
            37.802509
          ],
          [
            -122.402012,
            37.802509
          ],
          [
            -122.401992,
            37.802529
          ],
          [
            -122.402002,
            37.802559
          ],
          [
            -122.402012,
            37.802579
          ],
          [
            -122.402032,
            37.802599
          ],
          [
            -122.402042,
            37.802629
          ],
          [
            -122.402062,
            37.802649
          ],
          [
            -122.402082,
            37.802669
          ],
          [
            -122.402072,
            37.802689
          ],
          [
            -122.402042,
            37.802699
          ],
          [
            -122.402012,
            37.802689
          ],
          [
            -122.401992,
            37.802669
          ],
          [
            -122.401982,
            37.802639
          ],
          [
            -122.401972,
            37.802619
          ],
          [
            -122.401952,
            37.802599
          ],
          [
            -122.401932,
            37.802579
          ],
          [
            -122.401922,
            37.802549
          ],
          [
            -122.401922,
            37.802529
          ],
          [
            -122.401902,
            37.802509
          ],
          [
            -122.401882,
            37.802489
          ],
          [
            -122.401862,
            37.802469
          ],
          [
            -122.401862,
            37.802439
          ],
          [
            -122.401842,
            37.802419
          ],
          [
            -122.401822,
            37.802399
          ],
          [
            -122.401802,
            37.802379
          ],
          [
            -122.401782,
            37.802359
          ],
          [
            -122.401762,
            37.802339
          ],
          [
            -122.401752,
            37.802319
          ],
          [
            -122.401742,
            37.802289
          ],
          [
            -122.401742,
            37.802269
          ],
          [
            -122.401722,
            37.802249
          ],
          [
            -122.401712,
            37.802219
          ],
          [
            -122.401642,
            37.802219
          ],
          [
            -122.401612,
            37.802219
          ],
          [
            -122.401592,
            37.802239
          ],
          [
            -122.401562,
            37.802249
          ],
          [
            -122.401542,
            37.802269
          ],
          [
            -122.401512,
            37.802279
          ],
          [
            -122.401492,
            37.802279
          ],
          [
            -122.401462,
            37.802289
          ],
          [
            -122.401442,
            37.802309
          ],
          [
            -122.401412,
            37.802319
          ],
          [
            -122.401392,
            37.802329
          ],
          [
            -122.401362,
            37.802339
          ],
          [
            -122.401342,
            37.802339
          ],
          [
            -122.401302,
            37.802339
          ],
          [
            -122.401282,
            37.802339
          ],
          [
            -122.401252,
            37.802329
          ],
          [
            -122.401222,
            37.802329
          ],
          [
            -122.401192,
            37.802329
          ],
          [
            -122.401162,
            37.802339
          ],
          [
            -122.401142,
            37.802349
          ],
          [
            -122.401122,
            37.802369
          ],
          [
            -122.401102,
            37.802379
          ],
          [
            -122.401062,
            37.802379
          ],
          [
            -122.401052,
            37.802349
          ],
          [
            -122.401062,
            37.802329
          ],
          [
            -122.401072,
            37.802309
          ],
          [
            -122.401102,
            37.802299
          ],
          [
            -122.401122,
            37.802279
          ],
          [
            -122.401132,
            37.802259
          ],
          [
            -122.401152,
            37.802239
          ],
          [
            -122.401182,
            37.802219
          ],
          [
            -122.401202,
            37.802209
          ],
          [
            -122.401222,
            37.802189
          ],
          [
            -122.401242,
            37.802179
          ],
          [
            -122.401272,
            37.802159
          ],
          [
            -122.401292,
            37.802139
          ],
          [
            -122.401312,
            37.802119
          ],
          [
            -122.401322,
            37.802099
          ],
          [
            -122.401342,
            37.802089
          ],
          [
            -122.401352,
            37.802059
          ],
          [
            -122.401372,
            37.802049
          ],
          [
            -122.401392,
            37.802029
          ],
          [
            -122.401412,
            37.802009
          ],
          [
            -122.401422,
            37.801989
          ],
          [
            -122.401452,
            37.801969
          ],
          [
            -122.401472,
            37.801959
          ],
          [
            -122.401492,
            37.801939
          ],
          [
            -122.401512,
            37.801919
          ],
          [
            -122.401522,
            37.801899
          ],
          [
            -122.401532,
            37.801879
          ],
          [
            -122.401552,
            37.801859
          ],
          [
            -122.401572,
            37.801839
          ],
          [
            -122.401572,
            37.801819
          ],
          [
            -122.401562,
            37.801799
          ],
          [
            -122.401532,
            37.801809
          ],
          [
            -122.401512,
            37.801819
          ],
          [
            -122.401482,
            37.801829
          ],
          [
            -122.401462,
            37.801839
          ],
          [
            -122.401442,
            37.801819
          ],
          [
            -122.401422,
            37.801799
          ],
          [
            -122.401432,
            37.801779
          ],
          [
            -122.401452,
            37.801769
          ],
          [
            -122.401472,
            37.801749
          ],
          [
            -122.401492,
            37.801729
          ],
          [
            -122.401502,
            37.801709
          ],
          [
            -122.401532,
            37.801689
          ],
          [
            -122.401552,
            37.801679
          ],
          [
            -122.401572,
            37.801659
          ],
          [
            -122.401582,
            37.801619
          ],
          [
            -122.401582,
            37.801599
          ],
          [
            -122.401562,
            37.801579
          ],
          [
            -122.401542,
            37.801559
          ],
          [
            -122.401522,
            37.801549
          ],
          [
            -122.401492,
            37.801539
          ],
          [
            -122.401462,
            37.801539
          ],
          [
            -122.401442,
            37.801539
          ],
          [
            -122.401432,
            37.801559
          ],
          [
            -122.401412,
            37.801579
          ],
          [
            -122.401392,
            37.801579
          ],
          [
            -122.401372,
            37.801559
          ],
          [
            -122.401362,
            37.801539
          ],
          [
            -122.401352,
            37.801519
          ],
          [
            -122.401352,
            37.801489
          ],
          [
            -122.401352,
            37.801469
          ],
          [
            -122.401342,
            37.801449
          ],
          [
            -122.401342,
            37.801429
          ],
          [
            -122.401332,
            37.801399
          ],
          [
            -122.401312,
            37.801389
          ],
          [
            -122.401282,
            37.801379
          ],
          [
            -122.401262,
            37.801389
          ],
          [
            -122.401232,
            37.801389
          ],
          [
            -122.401202,
            37.801399
          ],
          [
            -122.401172,
            37.801399
          ],
          [
            -122.401152,
            37.801389
          ],
          [
            -122.401132,
            37.801369
          ],
          [
            -122.401102,
            37.801359
          ],
          [
            -122.401082,
            37.801339
          ],
          [
            -122.401062,
            37.801339
          ],
          [
            -122.401032,
            37.801329
          ],
          [
            -122.401002,
            37.801319
          ],
          [
            -122.400972,
            37.801319
          ],
          [
            -122.400952,
            37.801309
          ],
          [
            -122.400922,
            37.801299
          ],
          [
            -122.400892,
            37.801289
          ]
        ]
      }
    },
    {
      "type": "Feature",
      "properties": {
        "FEATURE_ID": 926692,
        "FEATURE": 20,
        "SOURCE_ID": "T00398",
        "DATA_SOURC": "P",
        "SRC_DATE": "18530101",
        "HOR_ACC": "0",
        "INFORM": "\u0000\u0000\u0000\u0000\u0000\u0000\u0000\u0000\u0000\u0000\u0000\u0000\u0000\u0000\u0000\u0000\u0000\u0000\u0000\u0000\u0000\u0000\u0000\u0000\u0000\u0000\u0000\u0000\u0000\u0000\u0000\u0000\u0000\u0000\u0000\u0000\u0000\u0000\u0000\u0000\u0000\u0000\u0000\u0000\u0000\u0000\u0000\u0000\u0000\u0000\u0000\u0000\u0000\u0000\u0000\u0000\u0000\u0000\u0000\u0000\u0000\u0000\u0000\u0000\u0000\u0000\u0000\u0000\u0000\u0000\u0000\u0000\u0000\u0000\u0000\u0000\u0000\u0000\u0000\u0000\u0000\u0000\u0000\u0000\u0000\u0000\u0000\u0000\u0000\u0000\u0000\u0000\u0000\u0000\u0000\u0000\u0000\u0000\u0000\u0000\u0000\u0000\u0000\u0000\u0000\u0000\u0000\u0000\u0000\u0000\u0000\u0000\u0000\u0000\u0000\u0000\u0000\u0000\u0000\u0000\u0000\u0000\u0000\u0000\u0000\u0000\u0000\u0000\u0000\u0000\u0000\u0000\u0000\u0000\u0000\u0000\u0000\u0000\u0000\u0000\u0000\u0000\u0000\u0000\u0000\u0000\u0000\u0000\u0000\u0000\u0000\u0000\u0000\u0000\u0000\u0000\u0000\u0000\u0000\u0000\u0000\u0000\u0000\u0000\u0000\u0000\u0000\u0000\u0000\u0000\u0000\u0000\u0000\u0000\u0000\u0000\u0000\u0000\u0000\u0000\u0000\u0000\u0000\u0000\u0000\u0000\u0000\u0000\u0000\u0000\u0000\u0000\u0000\u0000\u0000\u0000\u0000\u0000\u0000\u0000\u0000\u0000\u0000\u0000\u0000\u0000\u0000\u0000\u0000\u0000\u0000\u0000\u0000\u0000\u0000\u0000\u0000\u0000\u0000\u0000\u0000\u0000\u0000\u0000\u0000\u0000\u0000\u0000\u0000\u0000\u0000\u0000\u0000\u0000\u0000\u0000\u0000\u0000\u0000\u0000\u0000\u0000\u0000\u0000\u0000\u0000\u0000\u0000\u0000\u0000\u0000\u0000\u0000\u0000",
        "RESOLUTION": 0,
        "ATTRIBUTE": "Natural.Mean High Water",
        "CLASS": "SHORELINE",
        "F_CODE": null,
        "EX_METH": "M",
        "EXTRACT_TE": "P",
        "_selecter_format": "shapefile",
        "_selecter_sourcecrs": "EPSG:4269",
        "_selecter_source": "CA37B07 1853 SF",
        "_selecter_imported": "2026-08-03T23:02:23.649Z"
      },
      "geometry": {
        "type": "LineString",
        "coordinates": [
          [
            -122.392042,
            37.788949
          ],
          [
            -122.391982,
            37.788929
          ],
          [
            -122.391952,
            37.788969
          ],
          [
            -122.391902,
            37.788939
          ],
          [
            -122.391862,
            37.788869
          ],
          [
            -122.391712,
            37.788839
          ],
          [
            -122.391632,
            37.788819
          ],
          [
            -122.391552,
            37.788819
          ],
          [
            -122.391492,
            37.788829
          ],
          [
            -122.391432,
            37.788829
          ],
          [
            -122.391372,
            37.788839
          ],
          [
            -122.391222,
            37.788819
          ],
          [
            -122.391082,
            37.788829
          ],
          [
            -122.391052,
            37.788879
          ],
          [
            -122.390982,
            37.788889
          ],
          [
            -122.390972,
            37.788839
          ],
          [
            -122.390922,
            37.788829
          ],
          [
            -122.390882,
            37.788849
          ],
          [
            -122.390802,
            37.788889
          ],
          [
            -122.390742,
            37.788929
          ],
          [
            -122.390712,
            37.788969
          ]
        ]
      }
    },
    {
      "type": "Feature",
      "properties": {
        "FEATURE_ID": 926695,
        "FEATURE": 20,
        "SOURCE_ID": "T00398",
        "DATA_SOURC": "P",
        "SRC_DATE": "18530101",
        "HOR_ACC": "0",
        "INFORM": "\u0000\u0000\u0000\u0000\u0000\u0000\u0000\u0000\u0000\u0000\u0000\u0000\u0000\u0000\u0000\u0000\u0000\u0000\u0000\u0000\u0000\u0000\u0000\u0000\u0000\u0000\u0000\u0000\u0000\u0000\u0000\u0000\u0000\u0000\u0000\u0000\u0000\u0000\u0000\u0000\u0000\u0000\u0000\u0000\u0000\u0000\u0000\u0000\u0000\u0000\u0000\u0000\u0000\u0000\u0000\u0000\u0000\u0000\u0000\u0000\u0000\u0000\u0000\u0000\u0000\u0000\u0000\u0000\u0000\u0000\u0000\u0000\u0000\u0000\u0000\u0000\u0000\u0000\u0000\u0000\u0000\u0000\u0000\u0000\u0000\u0000\u0000\u0000\u0000\u0000\u0000\u0000\u0000\u0000\u0000\u0000\u0000\u0000\u0000\u0000\u0000\u0000\u0000\u0000\u0000\u0000\u0000\u0000\u0000\u0000\u0000\u0000\u0000\u0000\u0000\u0000\u0000\u0000\u0000\u0000\u0000\u0000\u0000\u0000\u0000\u0000\u0000\u0000\u0000\u0000\u0000\u0000\u0000\u0000\u0000\u0000\u0000\u0000\u0000\u0000\u0000\u0000\u0000\u0000\u0000\u0000\u0000\u0000\u0000\u0000\u0000\u0000\u0000\u0000\u0000\u0000\u0000\u0000\u0000\u0000\u0000\u0000\u0000\u0000\u0000\u0000\u0000\u0000\u0000\u0000\u0000\u0000\u0000\u0000\u0000\u0000\u0000\u0000\u0000\u0000\u0000\u0000\u0000\u0000\u0000\u0000\u0000\u0000\u0000\u0000\u0000\u0000\u0000\u0000\u0000\u0000\u0000\u0000\u0000\u0000\u0000\u0000\u0000\u0000\u0000\u0000\u0000\u0000\u0000\u0000\u0000\u0000\u0000\u0000\u0000\u0000\u0000\u0000\u0000\u0000\u0000\u0000\u0000\u0000\u0000\u0000\u0000\u0000\u0000\u0000\u0000\u0000\u0000\u0000\u0000\u0000\u0000\u0000\u0000\u0000\u0000\u0000\u0000\u0000\u0000\u0000\u0000\u0000\u0000\u0000\u0000\u0000\u0000\u0000",
        "RESOLUTION": 0,
        "ATTRIBUTE": "Natural.Mean High Water",
        "CLASS": "SHORELINE",
        "F_CODE": null,
        "EX_METH": "M",
        "EXTRACT_TE": "P",
        "_selecter_format": "shapefile",
        "_selecter_sourcecrs": "EPSG:4269",
        "_selecter_source": "CA37B07 1853 SF",
        "_selecter_imported": "2026-08-03T23:02:23.649Z"
      },
      "geometry": {
        "type": "LineString",
        "coordinates": [
          [
            -122.390572,
            37.789059
          ],
          [
            -122.390522,
            37.789119
          ],
          [
            -122.390472,
            37.789239
          ]
        ]
      }
    },
    {
      "type": "Feature",
      "properties": {
        "FEATURE_ID": 926700,
        "FEATURE": 20,
        "SOURCE_ID": "T00398",
        "DATA_SOURC": "P",
        "SRC_DATE": "18530101",
        "HOR_ACC": "0",
        "INFORM": "\u0000\u0000\u0000\u0000\u0000\u0000\u0000\u0000\u0000\u0000\u0000\u0000\u0000\u0000\u0000\u0000\u0000\u0000\u0000\u0000\u0000\u0000\u0000\u0000\u0000\u0000\u0000\u0000\u0000\u0000\u0000\u0000\u0000\u0000\u0000\u0000\u0000\u0000\u0000\u0000\u0000\u0000\u0000\u0000\u0000\u0000\u0000\u0000\u0000\u0000\u0000\u0000\u0000\u0000\u0000\u0000\u0000\u0000\u0000\u0000\u0000\u0000\u0000\u0000\u0000\u0000\u0000\u0000\u0000\u0000\u0000\u0000\u0000\u0000\u0000\u0000\u0000\u0000\u0000\u0000\u0000\u0000\u0000\u0000\u0000\u0000\u0000\u0000\u0000\u0000\u0000\u0000\u0000\u0000\u0000\u0000\u0000\u0000\u0000\u0000\u0000\u0000\u0000\u0000\u0000\u0000\u0000\u0000\u0000\u0000\u0000\u0000\u0000\u0000\u0000\u0000\u0000\u0000\u0000\u0000\u0000\u0000\u0000\u0000\u0000\u0000\u0000\u0000\u0000\u0000\u0000\u0000\u0000\u0000\u0000\u0000\u0000\u0000\u0000\u0000\u0000\u0000\u0000\u0000\u0000\u0000\u0000\u0000\u0000\u0000\u0000\u0000\u0000\u0000\u0000\u0000\u0000\u0000\u0000\u0000\u0000\u0000\u0000\u0000\u0000\u0000\u0000\u0000\u0000\u0000\u0000\u0000\u0000\u0000\u0000\u0000\u0000\u0000\u0000\u0000\u0000\u0000\u0000\u0000\u0000\u0000\u0000\u0000\u0000\u0000\u0000\u0000\u0000\u0000\u0000\u0000\u0000\u0000\u0000\u0000\u0000\u0000\u0000\u0000\u0000\u0000\u0000\u0000\u0000\u0000\u0000\u0000\u0000\u0000\u0000\u0000\u0000\u0000\u0000\u0000\u0000\u0000\u0000\u0000\u0000\u0000\u0000\u0000\u0000\u0000\u0000\u0000\u0000\u0000\u0000\u0000\u0000\u0000\u0000\u0000\u0000\u0000\u0000\u0000\u0000\u0000\u0000\u0000\u0000\u0000\u0000\u0000\u0000\u0000",
        "RESOLUTION": 0,
        "ATTRIBUTE": "Natural.Mean High Water",
        "CLASS": "SHORELINE",
        "F_CODE": null,
        "EX_METH": "M",
        "EXTRACT_TE": "P",
        "_selecter_format": "shapefile",
        "_selecter_sourcecrs": "EPSG:4269",
        "_selecter_source": "CA37B07 1853 SF",
        "_selecter_imported": "2026-08-03T23:02:23.649Z"
      },
      "geometry": {
        "type": "LineString",
        "coordinates": [
          [
            -122.390452,
            37.789309
          ],
          [
            -122.390452,
            37.789399
          ]
        ]
      }
    },
    {
      "type": "Feature",
      "properties": {
        "FEATURE_ID": 926703,
        "FEATURE": 20,
        "SOURCE_ID": "T00398",
        "DATA_SOURC": "P",
        "SRC_DATE": "18530101",
        "HOR_ACC": "0",
        "INFORM": "\u0000\u0000\u0000\u0000\u0000\u0000\u0000\u0000\u0000\u0000\u0000\u0000\u0000\u0000\u0000\u0000\u0000\u0000\u0000\u0000\u0000\u0000\u0000\u0000\u0000\u0000\u0000\u0000\u0000\u0000\u0000\u0000\u0000\u0000\u0000\u0000\u0000\u0000\u0000\u0000\u0000\u0000\u0000\u0000\u0000\u0000\u0000\u0000\u0000\u0000\u0000\u0000\u0000\u0000\u0000\u0000\u0000\u0000\u0000\u0000\u0000\u0000\u0000\u0000\u0000\u0000\u0000\u0000\u0000\u0000\u0000\u0000\u0000\u0000\u0000\u0000\u0000\u0000\u0000\u0000\u0000\u0000\u0000\u0000\u0000\u0000\u0000\u0000\u0000\u0000\u0000\u0000\u0000\u0000\u0000\u0000\u0000\u0000\u0000\u0000\u0000\u0000\u0000\u0000\u0000\u0000\u0000\u0000\u0000\u0000\u0000\u0000\u0000\u0000\u0000\u0000\u0000\u0000\u0000\u0000\u0000\u0000\u0000\u0000\u0000\u0000\u0000\u0000\u0000\u0000\u0000\u0000\u0000\u0000\u0000\u0000\u0000\u0000\u0000\u0000\u0000\u0000\u0000\u0000\u0000\u0000\u0000\u0000\u0000\u0000\u0000\u0000\u0000\u0000\u0000\u0000\u0000\u0000\u0000\u0000\u0000\u0000\u0000\u0000\u0000\u0000\u0000\u0000\u0000\u0000\u0000\u0000\u0000\u0000\u0000\u0000\u0000\u0000\u0000\u0000\u0000\u0000\u0000\u0000\u0000\u0000\u0000\u0000\u0000\u0000\u0000\u0000\u0000\u0000\u0000\u0000\u0000\u0000\u0000\u0000\u0000\u0000\u0000\u0000\u0000\u0000\u0000\u0000\u0000\u0000\u0000\u0000\u0000\u0000\u0000\u0000\u0000\u0000\u0000\u0000\u0000\u0000\u0000\u0000\u0000\u0000\u0000\u0000\u0000\u0000\u0000\u0000\u0000\u0000\u0000\u0000\u0000\u0000\u0000\u0000\u0000\u0000\u0000\u0000\u0000\u0000\u0000\u0000\u0000\u0000\u0000\u0000\u0000\u0000",
        "RESOLUTION": 0,
        "ATTRIBUTE": "Natural.Mean High Water",
        "CLASS": "SHORELINE",
        "F_CODE": null,
        "EX_METH": "M",
        "EXTRACT_TE": "P",
        "_selecter_format": "shapefile",
        "_selecter_sourcecrs": "EPSG:4269",
        "_selecter_source": "CA37B07 1853 SF",
        "_selecter_imported": "2026-08-03T23:02:23.649Z"
      },
      "geometry": {
        "type": "LineString",
        "coordinates": [
          [
            -122.390452,
            37.789499
          ],
          [
            -122.390422,
            37.789579
          ],
          [
            -122.390442,
            37.789669
          ],
          [
            -122.390442,
            37.789769
          ],
          [
            -122.390412,
            37.789809
          ],
          [
            -122.390332,
            37.789839
          ],
          [
            -122.390262,
            37.789869
          ],
          [
            -122.390202,
            37.789899
          ],
          [
            -122.390172,
            37.789949
          ],
          [
            -122.390062,
            37.789939
          ],
          [
            -122.390002,
            37.789959
          ],
          [
            -122.389932,
            37.789889
          ],
          [
            -122.389832,
            37.789819
          ],
          [
            -122.389722,
            37.789809
          ],
          [
            -122.389652,
            37.789769
          ],
          [
            -122.389572,
            37.789759
          ],
          [
            -122.389482,
            37.789669
          ],
          [
            -122.389362,
            37.789599
          ],
          [
            -122.389232,
            37.789539
          ],
          [
            -122.389182,
            37.789499
          ],
          [
            -122.389112,
            37.789459
          ],
          [
            -122.389022,
            37.789429
          ],
          [
            -122.388962,
            37.789409
          ],
          [
            -122.388942,
            37.789329
          ],
          [
            -122.388942,
            37.789259
          ],
          [
            -122.388922,
            37.789139
          ],
          [
            -122.388852,
            37.789079
          ],
          [
            -122.388802,
            37.789009
          ],
          [
            -122.388752,
            37.788949
          ],
          [
            -122.388702,
            37.788899
          ],
          [
            -122.388712,
            37.788829
          ],
          [
            -122.388732,
            37.788779
          ],
          [
            -122.388842,
            37.788699
          ],
          [
            -122.388892,
            37.788629
          ],
          [
            -122.388912,
            37.788569
          ],
          [
            -122.389012,
            37.788539
          ],
          [
            -122.389092,
            37.788499
          ],
          [
            -122.389212,
            37.788499
          ],
          [
            -122.389442,
            37.788289
          ],
          [
            -122.389502,
            37.788169
          ],
          [
            -122.389542,
            37.788049
          ],
          [
            -122.389702,
            37.787819
          ],
          [
            -122.389842,
            37.787619
          ],
          [
            -122.389912,
            37.787499
          ],
          [
            -122.389912,
            37.787339
          ],
          [
            -122.389912,
            37.787209
          ],
          [
            -122.389912,
            37.787109
          ],
          [
            -122.389922,
            37.787019
          ],
          [
            -122.389952,
            37.786919
          ],
          [
            -122.389992,
            37.786809
          ],
          [
            -122.390012,
            37.786729
          ],
          [
            -122.389962,
            37.786689
          ],
          [
            -122.389922,
            37.786579
          ],
          [
            -122.390002,
            37.786539
          ],
          [
            -122.390052,
            37.786519
          ],
          [
            -122.390122,
            37.786509
          ],
          [
            -122.390212,
            37.786509
          ],
          [
            -122.390272,
            37.786509
          ],
          [
            -122.390332,
            37.786449
          ],
          [
            -122.390352,
            37.786379
          ],
          [
            -122.390412,
            37.786299
          ],
          [
            -122.390442,
            37.786199
          ],
          [
            -122.390542,
            37.786119
          ],
          [
            -122.390612,
            37.786049
          ],
          [
            -122.390632,
            37.785979
          ],
          [
            -122.390642,
            37.785919
          ],
          [
            -122.390582,
            37.785839
          ],
          [
            -122.390532,
            37.785769
          ],
          [
            -122.390602,
            37.785669
          ],
          [
            -122.390582,
            37.785609
          ],
          [
            -122.390492,
            37.785579
          ],
          [
            -122.390482,
            37.785519
          ],
          [
            -122.390572,
            37.785479
          ],
          [
            -122.390622,
            37.785429
          ],
          [
            -122.390642,
            37.785359
          ],
          [
            -122.390612,
            37.785279
          ],
          [
            -122.390612,
            37.785209
          ],
          [
            -122.390612,
            37.785159
          ],
          [
            -122.390582,
            37.784999
          ],
          [
            -122.390562,
            37.784929
          ],
          [
            -122.390582,
            37.784849
          ],
          [
            -122.390572,
            37.784749
          ],
          [
            -122.390582,
            37.784689
          ],
          [
            -122.390672,
            37.784619
          ],
          [
            -122.390682,
            37.784559
          ],
          [
            -122.390712,
            37.784489
          ],
          [
            -122.390792,
            37.784429
          ],
          [
            -122.390792,
            37.784349
          ],
          [
            -122.390882,
            37.784239
          ],
          [
            -122.390892,
            37.784159
          ],
          [
            -122.390942,
            37.784089
          ],
          [
            -122.390962,
            37.783989
          ],
          [
            -122.391032,
            37.783929
          ],
          [
            -122.391052,
            37.783859
          ],
          [
            -122.391112,
            37.783769
          ],
          [
            -122.391112,
            37.783709
          ],
          [
            -122.391102,
            37.783599
          ],
          [
            -122.391102,
            37.783559
          ],
          [
            -122.391142,
            37.783509
          ],
          [
            -122.391102,
            37.783439
          ],
          [
            -122.391122,
            37.783379
          ],
          [
            -122.391172,
            37.783339
          ],
          [
            -122.391212,
            37.783289
          ],
          [
            -122.391252,
            37.783169
          ],
          [
            -122.391312,
            37.782999
          ],
          [
            -122.391322,
            37.782889
          ],
          [
            -122.391332,
            37.782779
          ],
          [
            -122.391282,
            37.782669
          ],
          [
            -122.391302,
            37.782579
          ],
          [
            -122.391272,
            37.782479
          ],
          [
            -122.391172,
            37.782269
          ],
          [
            -122.391062,
            37.782099
          ],
          [
            -122.390982,
            37.781969
          ],
          [
            -122.390902,
            37.781909
          ],
          [
            -122.390862,
            37.781839
          ]
        ]
      }
    },
    {
      "type": "Feature",
      "properties": {
        "FEATURE_ID": 926704,
        "FEATURE": 20,
        "SOURCE_ID": "T00398",
        "DATA_SOURC": "P",
        "SRC_DATE": "18530101",
        "HOR_ACC": "0",
        "INFORM": "\u0000\u0000\u0000\u0000\u0000\u0000\u0000\u0000\u0000\u0000\u0000\u0000\u0000\u0000\u0000\u0000\u0000\u0000\u0000\u0000\u0000\u0000\u0000\u0000\u0000\u0000\u0000\u0000\u0000\u0000\u0000\u0000\u0000\u0000\u0000\u0000\u0000\u0000\u0000\u0000\u0000\u0000\u0000\u0000\u0000\u0000\u0000\u0000\u0000\u0000\u0000\u0000\u0000\u0000\u0000\u0000\u0000\u0000\u0000\u0000\u0000\u0000\u0000\u0000\u0000\u0000\u0000\u0000\u0000\u0000\u0000\u0000\u0000\u0000\u0000\u0000\u0000\u0000\u0000\u0000\u0000\u0000\u0000\u0000\u0000\u0000\u0000\u0000\u0000\u0000\u0000\u0000\u0000\u0000\u0000\u0000\u0000\u0000\u0000\u0000\u0000\u0000\u0000\u0000\u0000\u0000\u0000\u0000\u0000\u0000\u0000\u0000\u0000\u0000\u0000\u0000\u0000\u0000\u0000\u0000\u0000\u0000\u0000\u0000\u0000\u0000\u0000\u0000\u0000\u0000\u0000\u0000\u0000\u0000\u0000\u0000\u0000\u0000\u0000\u0000\u0000\u0000\u0000\u0000\u0000\u0000\u0000\u0000\u0000\u0000\u0000\u0000\u0000\u0000\u0000\u0000\u0000\u0000\u0000\u0000\u0000\u0000\u0000\u0000\u0000\u0000\u0000\u0000\u0000\u0000\u0000\u0000\u0000\u0000\u0000\u0000\u0000\u0000\u0000\u0000\u0000\u0000\u0000\u0000\u0000\u0000\u0000\u0000\u0000\u0000\u0000\u0000\u0000\u0000\u0000\u0000\u0000\u0000\u0000\u0000\u0000\u0000\u0000\u0000\u0000\u0000\u0000\u0000\u0000\u0000\u0000\u0000\u0000\u0000\u0000\u0000\u0000\u0000\u0000\u0000\u0000\u0000\u0000\u0000\u0000\u0000\u0000\u0000\u0000\u0000\u0000\u0000\u0000\u0000\u0000\u0000\u0000\u0000\u0000\u0000\u0000\u0000\u0000\u0000\u0000\u0000\u0000\u0000\u0000\u0000\u0000\u0000\u0000\u0000",
        "RESOLUTION": 0,
        "ATTRIBUTE": "Natural.Mean High Water",
        "CLASS": "SHORELINE",
        "F_CODE": null,
        "EX_METH": "M",
        "EXTRACT_TE": "P",
        "_selecter_format": "shapefile",
        "_selecter_sourcecrs": "EPSG:4269",
        "_selecter_source": "CA37B07 1853 SF",
        "_selecter_imported": "2026-08-03T23:02:23.649Z"
      },
      "geometry": {
        "type": "LineString",
        "coordinates": [
          [
            -122.390862,
            37.781839
          ],
          [
            -122.390872,
            37.781769
          ],
          [
            -122.390892,
            37.781699
          ],
          [
            -122.390912,
            37.781639
          ],
          [
            -122.390912,
            37.781579
          ],
          [
            -122.390882,
            37.781529
          ],
          [
            -122.390882,
            37.781479
          ],
          [
            -122.390872,
            37.781429
          ],
          [
            -122.390882,
            37.781379
          ],
          [
            -122.390892,
            37.781329
          ],
          [
            -122.390892,
            37.781279
          ],
          [
            -122.390842,
            37.781229
          ],
          [
            -122.390792,
            37.781219
          ],
          [
            -122.390792,
            37.781289
          ],
          [
            -122.390792,
            37.781359
          ],
          [
            -122.390762,
            37.781399
          ],
          [
            -122.390772,
            37.781449
          ],
          [
            -122.390802,
            37.781469
          ],
          [
            -122.390822,
            37.781529
          ],
          [
            -122.390812,
            37.781589
          ],
          [
            -122.390812,
            37.781649
          ],
          [
            -122.390802,
            37.781709
          ],
          [
            -122.390792,
            37.781769
          ],
          [
            -122.390692,
            37.781779
          ],
          [
            -122.390592,
            37.781749
          ],
          [
            -122.390502,
            37.781709
          ],
          [
            -122.390452,
            37.781639
          ],
          [
            -122.390432,
            37.781589
          ],
          [
            -122.390362,
            37.781489
          ],
          [
            -122.390302,
            37.781439
          ],
          [
            -122.390262,
            37.781379
          ],
          [
            -122.390192,
            37.781389
          ],
          [
            -122.390082,
            37.781379
          ],
          [
            -122.389992,
            37.781329
          ],
          [
            -122.389962,
            37.781269
          ],
          [
            -122.389942,
            37.781169
          ],
          [
            -122.389932,
            37.781069
          ],
          [
            -122.389902,
            37.780979
          ],
          [
            -122.389852,
            37.780909
          ],
          [
            -122.389792,
            37.780859
          ]
        ]
      }
    },
    {
      "type": "Feature",
      "properties": {
        "FEATURE_ID": 926710,
        "FEATURE": 20,
        "SOURCE_ID": "T00398",
        "DATA_SOURC": "P",
        "SRC_DATE": "18530101",
        "HOR_ACC": "0",
        "INFORM": "\u0000\u0000\u0000\u0000\u0000\u0000\u0000\u0000\u0000\u0000\u0000\u0000\u0000\u0000\u0000\u0000\u0000\u0000\u0000\u0000\u0000\u0000\u0000\u0000\u0000\u0000\u0000\u0000\u0000\u0000\u0000\u0000\u0000\u0000\u0000\u0000\u0000\u0000\u0000\u0000\u0000\u0000\u0000\u0000\u0000\u0000\u0000\u0000\u0000\u0000\u0000\u0000\u0000\u0000\u0000\u0000\u0000\u0000\u0000\u0000\u0000\u0000\u0000\u0000\u0000\u0000\u0000\u0000\u0000\u0000\u0000\u0000\u0000\u0000\u0000\u0000\u0000\u0000\u0000\u0000\u0000\u0000\u0000\u0000\u0000\u0000\u0000\u0000\u0000\u0000\u0000\u0000\u0000\u0000\u0000\u0000\u0000\u0000\u0000\u0000\u0000\u0000\u0000\u0000\u0000\u0000\u0000\u0000\u0000\u0000\u0000\u0000\u0000\u0000\u0000\u0000\u0000\u0000\u0000\u0000\u0000\u0000\u0000\u0000\u0000\u0000\u0000\u0000\u0000\u0000\u0000\u0000\u0000\u0000\u0000\u0000\u0000\u0000\u0000\u0000\u0000\u0000\u0000\u0000\u0000\u0000\u0000\u0000\u0000\u0000\u0000\u0000\u0000\u0000\u0000\u0000\u0000\u0000\u0000\u0000\u0000\u0000\u0000\u0000\u0000\u0000\u0000\u0000\u0000\u0000\u0000\u0000\u0000\u0000\u0000\u0000\u0000\u0000\u0000\u0000\u0000\u0000\u0000\u0000\u0000\u0000\u0000\u0000\u0000\u0000\u0000\u0000\u0000\u0000\u0000\u0000\u0000\u0000\u0000\u0000\u0000\u0000\u0000\u0000\u0000\u0000\u0000\u0000\u0000\u0000\u0000\u0000\u0000\u0000\u0000\u0000\u0000\u0000\u0000\u0000\u0000\u0000\u0000\u0000\u0000\u0000\u0000\u0000\u0000\u0000\u0000\u0000\u0000\u0000\u0000\u0000\u0000\u0000\u0000\u0000\u0000\u0000\u0000\u0000\u0000\u0000\u0000\u0000\u0000\u0000\u0000\u0000\u0000\u0000",
        "RESOLUTION": 0,
        "ATTRIBUTE": "Natural.Mean High Water",
        "CLASS": "SHORELINE",
        "F_CODE": null,
        "EX_METH": "M",
        "EXTRACT_TE": "P",
        "_selecter_format": "shapefile",
        "_selecter_sourcecrs": "EPSG:4269",
        "_selecter_source": "CA37B07 1853 SF",
        "_selecter_imported": "2026-08-03T23:02:23.649Z"
      },
      "geometry": {
        "type": "LineString",
        "coordinates": [
          [
            -122.413102,
            37.76125
          ],
          [
            -122.413132,
            37.7613
          ],
          [
            -122.413152,
            37.76135
          ],
          [
            -122.413242,
            37.76144
          ],
          [
            -122.413282,
            37.76147
          ],
          [
            -122.413332,
            37.76153
          ],
          [
            -122.413342,
            37.76158
          ],
          [
            -122.413332,
            37.76164
          ],
          [
            -122.413302,
            37.7617
          ],
          [
            -122.413292,
            37.76177
          ],
          [
            -122.413302,
            37.76182
          ],
          [
            -122.413312,
            37.76187
          ],
          [
            -122.413342,
            37.76193
          ],
          [
            -122.413402,
            37.762
          ],
          [
            -122.413422,
            37.76204
          ],
          [
            -122.413432,
            37.76212
          ],
          [
            -122.413432,
            37.76218
          ],
          [
            -122.413422,
            37.76221
          ],
          [
            -122.413412,
            37.76225
          ],
          [
            -122.413392,
            37.76231
          ],
          [
            -122.413402,
            37.76237
          ],
          [
            -122.413422,
            37.7624
          ],
          [
            -122.413402,
            37.76245
          ],
          [
            -122.413412,
            37.7625
          ],
          [
            -122.413442,
            37.76254
          ],
          [
            -122.413482,
            37.76257
          ],
          [
            -122.413502,
            37.76264
          ],
          [
            -122.413502,
            37.76269
          ],
          [
            -122.413512,
            37.76274
          ],
          [
            -122.413522,
            37.76278
          ],
          [
            -122.413582,
            37.76283
          ],
          [
            -122.413622,
            37.76291
          ],
          [
            -122.413652,
            37.76297
          ],
          [
            -122.413632,
            37.76303
          ],
          [
            -122.413602,
            37.76307
          ],
          [
            -122.413602,
            37.76318
          ],
          [
            -122.413562,
            37.76325
          ],
          [
            -122.413522,
            37.76331
          ],
          [
            -122.413452,
            37.76336
          ],
          [
            -122.413422,
            37.7634
          ],
          [
            -122.413382,
            37.76345
          ],
          [
            -122.413382,
            37.7635
          ],
          [
            -122.413392,
            37.76356
          ],
          [
            -122.413342,
            37.76361
          ],
          [
            -122.413312,
            37.76365
          ],
          [
            -122.413302,
            37.7637
          ],
          [
            -122.413302,
            37.76374
          ],
          [
            -122.413302,
            37.7638
          ],
          [
            -122.413292,
            37.76385
          ],
          [
            -122.413302,
            37.76392
          ],
          [
            -122.413312,
            37.76397
          ],
          [
            -122.413302,
            37.76402
          ],
          [
            -122.413302,
            37.76406
          ],
          [
            -122.413332,
            37.76412
          ],
          [
            -122.413342,
            37.76416
          ],
          [
            -122.413352,
            37.76421
          ],
          [
            -122.413342,
            37.76425
          ],
          [
            -122.413332,
            37.76433
          ],
          [
            -122.413312,
            37.7644
          ],
          [
            -122.413292,
            37.76446
          ],
          [
            -122.413282,
            37.76456
          ],
          [
            -122.413272,
            37.76463
          ],
          [
            -122.413272,
            37.7647
          ],
          [
            -122.413262,
            37.76479
          ],
          [
            -122.413262,
            37.76485
          ],
          [
            -122.413252,
            37.76491
          ],
          [
            -122.413222,
            37.76495
          ],
          [
            -122.413212,
            37.76502
          ],
          [
            -122.413202,
            37.76509
          ],
          [
            -122.413192,
            37.76515
          ],
          [
            -122.413162,
            37.76522
          ],
          [
            -122.413152,
            37.76529
          ],
          [
            -122.413022,
            37.76543
          ],
          [
            -122.412952,
            37.76553
          ],
          [
            -122.412872,
            37.7656
          ],
          [
            -122.412792,
            37.76569
          ],
          [
            -122.412712,
            37.76578
          ],
          [
            -122.412672,
            37.76583
          ],
          [
            -122.412632,
            37.76589
          ],
          [
            -122.412622,
            37.76593
          ],
          [
            -122.412582,
            37.766
          ],
          [
            -122.412562,
            37.76605
          ],
          [
            -122.412552,
            37.7661
          ],
          [
            -122.412522,
            37.76616
          ],
          [
            -122.412492,
            37.76622
          ],
          [
            -122.412472,
            37.76628
          ],
          [
            -122.412442,
            37.76635
          ],
          [
            -122.412422,
            37.76641
          ],
          [
            -122.412392,
            37.76648
          ],
          [
            -122.412362,
            37.76657
          ],
          [
            -122.412332,
            37.76664
          ],
          [
            -122.412312,
            37.76669
          ],
          [
            -122.412272,
            37.76672
          ],
          [
            -122.412182,
            37.76677
          ],
          [
            -122.412192,
            37.76682
          ],
          [
            -122.412202,
            37.76691
          ],
          [
            -122.412212,
            37.76696
          ],
          [
            -122.412172,
            37.76702
          ],
          [
            -122.412152,
            37.76708
          ],
          [
            -122.412112,
            37.76716
          ],
          [
            -122.412032,
            37.76723
          ],
          [
            -122.411982,
            37.76729
          ],
          [
            -122.411942,
            37.76733
          ],
          [
            -122.411932,
            37.76737
          ],
          [
            -122.411922,
            37.7674
          ],
          [
            -122.411892,
            37.76745
          ],
          [
            -122.411842,
            37.7675
          ],
          [
            -122.411832,
            37.76756
          ],
          [
            -122.411772,
            37.76767
          ],
          [
            -122.411752,
            37.76779
          ],
          [
            -122.411772,
            37.76793
          ],
          [
            -122.411772,
            37.76806
          ],
          [
            -122.411842,
            37.76815
          ],
          [
            -122.411862,
            37.76819
          ],
          [
            -122.411882,
            37.76824
          ],
          [
            -122.411872,
            37.76831
          ],
          [
            -122.411862,
            37.76836
          ],
          [
            -122.411902,
            37.76844
          ],
          [
            -122.411922,
            37.76849
          ],
          [
            -122.411912,
            37.76855
          ],
          [
            -122.411912,
            37.7686
          ],
          [
            -122.411852,
            37.76865
          ],
          [
            -122.411812,
            37.76871
          ],
          [
            -122.411812,
            37.76877
          ],
          [
            -122.411752,
            37.76881
          ],
          [
            -122.411742,
            37.76887
          ],
          [
            -122.411722,
            37.76894
          ],
          [
            -122.411682,
            37.769
          ],
          [
            -122.411602,
            37.769
          ],
          [
            -122.411582,
            37.76906
          ],
          [
            -122.411562,
            37.76912
          ],
          [
            -122.411522,
            37.76916
          ],
          [
            -122.411462,
            37.7692
          ],
          [
            -122.411392,
            37.76925
          ],
          [
            -122.411342,
            37.76925
          ],
          [
            -122.411292,
            37.76921
          ],
          [
            -122.411212,
            37.76922
          ],
          [
            -122.411122,
            37.76923
          ],
          [
            -122.410982,
            37.76929
          ],
          [
            -122.410822,
            37.76937
          ],
          [
            -122.410712,
            37.76942
          ],
          [
            -122.410582,
            37.76942
          ],
          [
            -122.410502,
            37.7694
          ],
          [
            -122.410452,
            37.76938
          ],
          [
            -122.410392,
            37.76938
          ],
          [
            -122.410352,
            37.76935
          ],
          [
            -122.410302,
            37.76934
          ],
          [
            -122.410222,
            37.76932
          ],
          [
            -122.410172,
            37.76934
          ],
          [
            -122.410082,
            37.76935
          ],
          [
            -122.409982,
            37.76933
          ],
          [
            -122.409902,
            37.76932
          ],
          [
            -122.409862,
            37.7693
          ],
          [
            -122.409792,
            37.76927
          ],
          [
            -122.409712,
            37.76925
          ],
          [
            -122.409652,
            37.76921
          ],
          [
            -122.409602,
            37.7692
          ],
          [
            -122.409542,
            37.76917
          ],
          [
            -122.409472,
            37.76915
          ],
          [
            -122.409432,
            37.76914
          ],
          [
            -122.409362,
            37.76913
          ],
          [
            -122.409272,
            37.76913
          ],
          [
            -122.409202,
            37.76917
          ],
          [
            -122.409132,
            37.76919
          ],
          [
            -122.409062,
            37.76921
          ],
          [
            -122.409002,
            37.76923
          ],
          [
            -122.408932,
            37.76919
          ],
          [
            -122.408862,
            37.76918
          ],
          [
            -122.408802,
            37.76915
          ],
          [
            -122.408752,
            37.76914
          ],
          [
            -122.408652,
            37.76913
          ],
          [
            -122.408582,
            37.76913
          ],
          [
            -122.408522,
            37.7691
          ],
          [
            -122.408472,
            37.76909
          ],
          [
            -122.408412,
            37.76908
          ],
          [
            -122.408362,
            37.76909
          ],
          [
            -122.408282,
            37.76911
          ],
          [
            -122.408192,
            37.76912
          ],
          [
            -122.408122,
            37.76911
          ],
          [
            -122.408072,
            37.76909
          ],
          [
            -122.408022,
            37.76904
          ],
          [
            -122.407972,
            37.769
          ],
          [
            -122.407932,
            37.76895
          ],
          [
            -122.407852,
            37.76889
          ],
          [
            -122.407812,
            37.76886
          ],
          [
            -122.407732,
            37.76881
          ],
          [
            -122.407702,
            37.76878
          ],
          [
            -122.407642,
            37.76876
          ],
          [
            -122.407542,
            37.76875
          ],
          [
            -122.407482,
            37.76879
          ],
          [
            -122.407502,
            37.76881
          ],
          [
            -122.407642,
            37.76886
          ],
          [
            -122.407722,
            37.76891
          ],
          [
            -122.407782,
            37.76894
          ],
          [
            -122.407852,
            37.76898
          ],
          [
            -122.407882,
            37.76901
          ],
          [
            -122.407932,
            37.76906
          ],
          [
            -122.407942,
            37.76912
          ],
          [
            -122.407942,
            37.76917
          ],
          [
            -122.407922,
            37.76922
          ],
          [
            -122.407832,
            37.76929
          ],
          [
            -122.407762,
            37.76935
          ],
          [
            -122.407682,
            37.76938
          ],
          [
            -122.407612,
            37.76942
          ],
          [
            -122.407542,
            37.76946
          ],
          [
            -122.407502,
            37.7695
          ],
          [
            -122.407452,
            37.76955
          ],
          [
            -122.407402,
            37.76957
          ],
          [
            -122.407342,
            37.7696
          ],
          [
            -122.407342,
            37.76953
          ],
          [
            -122.407372,
            37.76948
          ],
          [
            -122.407392,
            37.76943
          ],
          [
            -122.407412,
            37.76938
          ],
          [
            -122.407442,
            37.76934
          ],
          [
            -122.407432,
            37.76926
          ],
          [
            -122.407412,
            37.76922
          ],
          [
            -122.407362,
            37.76917
          ],
          [
            -122.407282,
            37.76914
          ],
          [
            -122.407192,
            37.76914
          ],
          [
            -122.407142,
            37.76916
          ],
          [
            -122.407092,
            37.76918
          ],
          [
            -122.407182,
            37.76919
          ],
          [
            -122.407272,
            37.7692
          ],
          [
            -122.407312,
            37.76922
          ],
          [
            -122.407362,
            37.76925
          ],
          [
            -122.407362,
            37.7693
          ],
          [
            -122.407362,
            37.76935
          ],
          [
            -122.407362,
            37.7694
          ],
          [
            -122.407332,
            37.76942
          ],
          [
            -122.407302,
            37.76946
          ],
          [
            -122.407282,
            37.76951
          ],
          [
            -122.407282,
            37.76954
          ],
          [
            -122.407292,
            37.7696
          ],
          [
            -122.407272,
            37.76964
          ],
          [
            -122.407192,
            37.76964
          ],
          [
            -122.407152,
            37.76962
          ],
          [
            -122.407102,
            37.7696
          ],
          [
            -122.407052,
            37.76955
          ],
          [
            -122.407002,
            37.76949
          ],
          [
            -122.406912,
            37.76943
          ],
          [
            -122.406852,
            37.7694
          ],
          [
            -122.406812,
            37.76938
          ],
          [
            -122.406752,
            37.76936
          ],
          [
            -122.406662,
            37.76933
          ],
          [
            -122.406592,
            37.7693
          ],
          [
            -122.406522,
            37.76928
          ],
          [
            -122.406472,
            37.76927
          ],
          [
            -122.406412,
            37.76927
          ],
          [
            -122.406332,
            37.76928
          ],
          [
            -122.406242,
            37.76929
          ],
          [
            -122.406172,
            37.76931
          ],
          [
            -122.406112,
            37.76933
          ],
          [
            -122.406002,
            37.76935
          ],
          [
            -122.405942,
            37.76937
          ],
          [
            -122.405872,
            37.76941
          ],
          [
            -122.405822,
            37.76943
          ],
          [
            -122.405732,
            37.76945
          ],
          [
            -122.405692,
            37.7695
          ],
          [
            -122.405652,
            37.76953
          ],
          [
            -122.405612,
            37.76954
          ],
          [
            -122.405532,
            37.76956
          ],
          [
            -122.405482,
            37.76959
          ],
          [
            -122.405422,
            37.76962
          ],
          [
            -122.405372,
            37.76965
          ],
          [
            -122.405332,
            37.76969
          ],
          [
            -122.405232,
            37.76969
          ],
          [
            -122.405182,
            37.76972
          ],
          [
            -122.405062,
            37.76979
          ],
          [
            -122.405022,
            37.76982
          ],
          [
            -122.404972,
            37.76984
          ],
          [
            -122.404912,
            37.76986
          ],
          [
            -122.404842,
            37.76988
          ],
          [
            -122.404792,
            37.76989
          ],
          [
            -122.404752,
            37.76989
          ],
          [
            -122.404712,
            37.76987
          ],
          [
            -122.404722,
            37.76982
          ],
          [
            -122.404742,
            37.76978
          ],
          [
            -122.404752,
            37.76974
          ],
          [
            -122.404752,
            37.76967
          ],
          [
            -122.404722,
            37.76961
          ],
          [
            -122.404672,
            37.76957
          ],
          [
            -122.404592,
            37.76954
          ],
          [
            -122.404532,
            37.76952
          ],
          [
            -122.404482,
            37.7695
          ],
          [
            -122.404432,
            37.76948
          ],
          [
            -122.404382,
            37.76945
          ],
          [
            -122.404312,
            37.76942
          ],
          [
            -122.404272,
            37.76941
          ],
          [
            -122.404242,
            37.76937
          ],
          [
            -122.404202,
            37.76934
          ],
          [
            -122.404192,
            37.76928
          ],
          [
            -122.404192,
            37.76921
          ],
          [
            -122.404212,
            37.76913
          ],
          [
            -122.404212,
            37.76906
          ],
          [
            -122.404212,
            37.76901
          ],
          [
            -122.404202,
            37.76893
          ],
          [
            -122.404182,
            37.76887
          ],
          [
            -122.404132,
            37.76881
          ],
          [
            -122.404062,
            37.76878
          ],
          [
            -122.404002,
            37.76878
          ],
          [
            -122.403942,
            37.76879
          ],
          [
            -122.403892,
            37.76882
          ],
          [
            -122.403862,
            37.76885
          ],
          [
            -122.403832,
            37.76889
          ],
          [
            -122.403782,
            37.76892
          ],
          [
            -122.403762,
            37.76895
          ],
          [
            -122.403712,
            37.76899
          ],
          [
            -122.403642,
            37.76902
          ],
          [
            -122.403602,
            37.76904
          ],
          [
            -122.403522,
            37.76904
          ],
          [
            -122.403452,
            37.76902
          ],
          [
            -122.403382,
            37.76899
          ],
          [
            -122.403322,
            37.76896
          ],
          [
            -122.403242,
            37.76891
          ],
          [
            -122.403172,
            37.76888
          ],
          [
            -122.403112,
            37.76884
          ],
          [
            -122.403082,
            37.76882
          ],
          [
            -122.403012,
            37.76882
          ],
          [
            -122.402942,
            37.76882
          ],
          [
            -122.402902,
            37.76884
          ],
          [
            -122.402812,
            37.76887
          ],
          [
            -122.402742,
            37.76893
          ],
          [
            -122.402692,
            37.76892
          ],
          [
            -122.402662,
            37.76887
          ],
          [
            -122.402632,
            37.76882
          ],
          [
            -122.402612,
            37.76877
          ],
          [
            -122.402622,
            37.76872
          ],
          [
            -122.402662,
            37.76871
          ],
          [
            -122.402872,
            37.7687
          ],
          [
            -122.402982,
            37.7687
          ],
          [
            -122.403072,
            37.7687
          ],
          [
            -122.403182,
            37.76868
          ],
          [
            -122.403262,
            37.76866
          ],
          [
            -122.403332,
            37.7686
          ],
          [
            -122.403392,
            37.76857
          ],
          [
            -122.403372,
            37.76852
          ],
          [
            -122.403372,
            37.76847
          ],
          [
            -122.403332,
            37.76845
          ],
          [
            -122.403272,
            37.76843
          ],
          [
            -122.403222,
            37.76841
          ],
          [
            -122.403172,
            37.76837
          ],
          [
            -122.403162,
            37.76832
          ],
          [
            -122.403182,
            37.76828
          ],
          [
            -122.403202,
            37.76823
          ],
          [
            -122.403142,
            37.7682
          ],
          [
            -122.403092,
            37.7682
          ],
          [
            -122.403042,
            37.76819
          ],
          [
            -122.402982,
            37.76818
          ],
          [
            -122.402932,
            37.76818
          ],
          [
            -122.402872,
            37.76817
          ],
          [
            -122.402852,
            37.76811
          ],
          [
            -122.402872,
            37.76807
          ],
          [
            -122.402932,
            37.76804
          ],
          [
            -122.403002,
            37.76803
          ],
          [
            -122.403062,
            37.76803
          ],
          [
            -122.403112,
            37.76804
          ],
          [
            -122.403232,
            37.76808
          ],
          [
            -122.403312,
            37.76808
          ],
          [
            -122.403392,
            37.76807
          ],
          [
            -122.403442,
            37.76807
          ],
          [
            -122.403482,
            37.76806
          ],
          [
            -122.403552,
            37.76801
          ],
          [
            -122.403602,
            37.76796
          ],
          [
            -122.403642,
            37.76794
          ],
          [
            -122.403682,
            37.76792
          ],
          [
            -122.403792,
            37.76791
          ],
          [
            -122.403862,
            37.7679
          ],
          [
            -122.403932,
            37.76788
          ],
          [
            -122.404022,
            37.76785
          ],
          [
            -122.404112,
            37.76783
          ],
          [
            -122.404192,
            37.76777
          ],
          [
            -122.404222,
            37.76772
          ],
          [
            -122.404232,
            37.76755
          ],
          [
            -122.404202,
            37.76746
          ],
          [
            -122.404172,
            37.76741
          ],
          [
            -122.404122,
            37.76739
          ],
          [
            -122.404072,
            37.76737
          ],
          [
            -122.404012,
            37.76736
          ],
          [
            -122.403952,
            37.76735
          ],
          [
            -122.403892,
            37.76734
          ],
          [
            -122.403812,
            37.76735
          ],
          [
            -122.403752,
            37.76738
          ],
          [
            -122.403702,
            37.76741
          ],
          [
            -122.403662,
            37.76744
          ],
          [
            -122.403632,
            37.76747
          ],
          [
            -122.403622,
            37.76753
          ],
          [
            -122.403632,
            37.76756
          ],
          [
            -122.403652,
            37.76761
          ],
          [
            -122.403722,
            37.76766
          ],
          [
            -122.403762,
            37.76771
          ],
          [
            -122.403772,
            37.76775
          ],
          [
            -122.403752,
            37.76779
          ],
          [
            -122.403702,
            37.76782
          ],
          [
            -122.403662,
            37.76782
          ],
          [
            -122.403582,
            37.7678
          ],
          [
            -122.403522,
            37.76779
          ],
          [
            -122.403472,
            37.76778
          ],
          [
            -122.403402,
            37.76775
          ],
          [
            -122.403342,
            37.76771
          ],
          [
            -122.403302,
            37.76769
          ],
          [
            -122.403262,
            37.76766
          ],
          [
            -122.403222,
            37.76761
          ],
          [
            -122.403232,
            37.76756
          ],
          [
            -122.403252,
            37.76752
          ],
          [
            -122.403272,
            37.76747
          ]
        ]
      }
    },
    {
      "type": "Feature",
      "properties": {
        "FEATURE_ID": 927408,
        "FEATURE": 20,
        "SOURCE_ID": "T00398",
        "DATA_SOURC": "P",
        "SRC_DATE": "18530101",
        "HOR_ACC": "0",
        "INFORM": "\u0000\u0000\u0000\u0000\u0000\u0000\u0000\u0000\u0000\u0000\u0000\u0000\u0000\u0000\u0000\u0000\u0000\u0000\u0000\u0000\u0000\u0000\u0000\u0000\u0000\u0000\u0000\u0000\u0000\u0000\u0000\u0000\u0000\u0000\u0000\u0000\u0000\u0000\u0000\u0000\u0000\u0000\u0000\u0000\u0000\u0000\u0000\u0000\u0000\u0000\u0000\u0000\u0000\u0000\u0000\u0000\u0000\u0000\u0000\u0000\u0000\u0000\u0000\u0000\u0000\u0000\u0000\u0000\u0000\u0000\u0000\u0000\u0000\u0000\u0000\u0000\u0000\u0000\u0000\u0000\u0000\u0000\u0000\u0000\u0000\u0000\u0000\u0000\u0000\u0000\u0000\u0000\u0000\u0000\u0000\u0000\u0000\u0000\u0000\u0000\u0000\u0000\u0000\u0000\u0000\u0000\u0000\u0000\u0000\u0000\u0000\u0000\u0000\u0000\u0000\u0000\u0000\u0000\u0000\u0000\u0000\u0000\u0000\u0000\u0000\u0000\u0000\u0000\u0000\u0000\u0000\u0000\u0000\u0000\u0000\u0000\u0000\u0000\u0000\u0000\u0000\u0000\u0000\u0000\u0000\u0000\u0000\u0000\u0000\u0000\u0000\u0000\u0000\u0000\u0000\u0000\u0000\u0000\u0000\u0000\u0000\u0000\u0000\u0000\u0000\u0000\u0000\u0000\u0000\u0000\u0000\u0000\u0000\u0000\u0000\u0000\u0000\u0000\u0000\u0000\u0000\u0000\u0000\u0000\u0000\u0000\u0000\u0000\u0000\u0000\u0000\u0000\u0000\u0000\u0000\u0000\u0000\u0000\u0000\u0000\u0000\u0000\u0000\u0000\u0000\u0000\u0000\u0000\u0000\u0000\u0000\u0000\u0000\u0000\u0000\u0000\u0000\u0000\u0000\u0000\u0000\u0000\u0000\u0000\u0000\u0000\u0000\u0000\u0000\u0000\u0000\u0000\u0000\u0000\u0000\u0000\u0000\u0000\u0000\u0000\u0000\u0000\u0000\u0000\u0000\u0000\u0000\u0000\u0000\u0000\u0000\u0000\u0000\u0000",
        "RESOLUTION": 0,
        "ATTRIBUTE": "Natural.Mean High Water",
        "CLASS": "SHORELINE",
        "F_CODE": null,
        "EX_METH": "M",
        "EXTRACT_TE": "P",
        "_selecter_format": "shapefile",
        "_selecter_sourcecrs": "EPSG:4269",
        "_selecter_source": "CA37B07 1853 SF",
        "_selecter_imported": "2026-08-03T23:02:23.649Z"
      },
      "geometry": {
        "type": "LineString",
        "coordinates": [
          [
            -122.402652,
            37.76906
          ],
          [
            -122.402722,
            37.76906
          ],
          [
            -122.402782,
            37.76902
          ],
          [
            -122.402852,
            37.76896
          ],
          [
            -122.402932,
            37.76892
          ],
          [
            -122.403032,
            37.7689
          ],
          [
            -122.403122,
            37.76893
          ],
          [
            -122.403282,
            37.76903
          ],
          [
            -122.403372,
            37.76908
          ],
          [
            -122.403472,
            37.7691
          ],
          [
            -122.403612,
            37.76911
          ],
          [
            -122.403682,
            37.76909
          ],
          [
            -122.403732,
            37.76907
          ],
          [
            -122.403802,
            37.76901
          ],
          [
            -122.403832,
            37.76898
          ],
          [
            -122.403872,
            37.76894
          ],
          [
            -122.403922,
            37.76889
          ],
          [
            -122.403952,
            37.76886
          ],
          [
            -122.404012,
            37.76887
          ],
          [
            -122.404082,
            37.76888
          ],
          [
            -122.404102,
            37.76895
          ],
          [
            -122.404102,
            37.76901
          ],
          [
            -122.404102,
            37.76906
          ],
          [
            -122.404092,
            37.76912
          ],
          [
            -122.404072,
            37.76917
          ],
          [
            -122.404072,
            37.76921
          ],
          [
            -122.404072,
            37.76927
          ],
          [
            -122.404102,
            37.76935
          ],
          [
            -122.404142,
            37.76941
          ],
          [
            -122.404182,
            37.76947
          ],
          [
            -122.404322,
            37.76952
          ],
          [
            -122.404442,
            37.76956
          ],
          [
            -122.404542,
            37.76961
          ],
          [
            -122.404562,
            37.76965
          ],
          [
            -122.404572,
            37.76973
          ],
          [
            -122.404562,
            37.76978
          ],
          [
            -122.404552,
            37.76983
          ],
          [
            -122.404542,
            37.76987
          ],
          [
            -122.404532,
            37.76992
          ],
          [
            -122.404522,
            37.76996
          ],
          [
            -122.404492,
            37.77
          ],
          [
            -122.404452,
            37.77002
          ],
          [
            -122.404402,
            37.77004
          ],
          [
            -122.404362,
            37.77005
          ],
          [
            -122.404322,
            37.77005
          ],
          [
            -122.404212,
            37.77005
          ],
          [
            -122.404152,
            37.77003
          ],
          [
            -122.404102,
            37.76999
          ],
          [
            -122.404062,
            37.76994
          ],
          [
            -122.404032,
            37.76988
          ],
          [
            -122.404002,
            37.76983
          ],
          [
            -122.403962,
            37.76977
          ],
          [
            -122.403932,
            37.76973
          ],
          [
            -122.403862,
            37.76972
          ],
          [
            -122.403772,
            37.76972
          ],
          [
            -122.403722,
            37.76975
          ],
          [
            -122.403652,
            37.76979
          ],
          [
            -122.403592,
            37.76983
          ],
          [
            -122.403552,
            37.76989
          ],
          [
            -122.403512,
            37.76993
          ],
          [
            -122.403452,
            37.76999
          ],
          [
            -122.403402,
            37.77003
          ],
          [
            -122.403352,
            37.77009
          ],
          [
            -122.403312,
            37.77013
          ],
          [
            -122.403212,
            37.77015
          ],
          [
            -122.403132,
            37.77015
          ],
          [
            -122.403092,
            37.77016
          ],
          [
            -122.402942,
            37.77013
          ],
          [
            -122.402812,
            37.77007
          ],
          [
            -122.402702,
            37.77003
          ],
          [
            -122.402632,
            37.76999
          ],
          [
            -122.402522,
            37.76996
          ],
          [
            -122.402272,
            37.76997
          ],
          [
            -122.402202,
            37.76997
          ],
          [
            -122.402102,
            37.76999
          ],
          [
            -122.402022,
            37.77
          ],
          [
            -122.401942,
            37.77001
          ],
          [
            -122.401692,
            37.77002
          ],
          [
            -122.401612,
            37.77002
          ],
          [
            -122.401492,
            37.77005
          ],
          [
            -122.401402,
            37.77005
          ],
          [
            -122.401332,
            37.77006
          ],
          [
            -122.401262,
            37.77008
          ],
          [
            -122.401202,
            37.7701
          ],
          [
            -122.401122,
            37.77011
          ],
          [
            -122.401062,
            37.77012
          ],
          [
            -122.401012,
            37.77012
          ],
          [
            -122.400892,
            37.77011
          ],
          [
            -122.400842,
            37.77002
          ],
          [
            -122.400822,
            37.76996
          ],
          [
            -122.400812,
            37.7699
          ],
          [
            -122.400802,
            37.76985
          ],
          [
            -122.400792,
            37.7698
          ],
          [
            -122.400792,
            37.76973
          ],
          [
            -122.400792,
            37.76969
          ],
          [
            -122.400792,
            37.76963
          ],
          [
            -122.400772,
            37.76959
          ],
          [
            -122.400732,
            37.76951
          ],
          [
            -122.400712,
            37.76945
          ],
          [
            -122.400702,
            37.76934
          ],
          [
            -122.400712,
            37.76918
          ],
          [
            -122.400662,
            37.76911
          ],
          [
            -122.400632,
            37.76906
          ],
          [
            -122.400542,
            37.76893
          ],
          [
            -122.400492,
            37.76884
          ],
          [
            -122.400452,
            37.76872
          ],
          [
            -122.400382,
            37.76864
          ],
          [
            -122.400292,
            37.76859
          ],
          [
            -122.400232,
            37.76856
          ],
          [
            -122.400182,
            37.76848
          ],
          [
            -122.400142,
            37.76843
          ],
          [
            -122.400092,
            37.76834
          ],
          [
            -122.400042,
            37.7683
          ],
          [
            -122.399942,
            37.76825
          ],
          [
            -122.399872,
            37.76823
          ],
          [
            -122.399842,
            37.76818
          ],
          [
            -122.399842,
            37.76814
          ],
          [
            -122.399852,
            37.7681
          ],
          [
            -122.399902,
            37.76807
          ],
          [
            -122.399932,
            37.76801
          ],
          [
            -122.399982,
            37.76794
          ],
          [
            -122.400022,
            37.76791
          ],
          [
            -122.400072,
            37.7679
          ],
          [
            -122.400112,
            37.76787
          ],
          [
            -122.400162,
            37.76783
          ],
          [
            -122.400192,
            37.76775
          ],
          [
            -122.400192,
            37.7677
          ],
          [
            -122.400202,
            37.76765
          ],
          [
            -122.400222,
            37.76761
          ],
          [
            -122.400252,
            37.76756
          ],
          [
            -122.400302,
            37.76751
          ],
          [
            -122.400342,
            37.76746
          ],
          [
            -122.400362,
            37.76743
          ],
          [
            -122.400402,
            37.76738
          ],
          [
            -122.400442,
            37.76737
          ],
          [
            -122.400532,
            37.7674
          ],
          [
            -122.400612,
            37.76745
          ],
          [
            -122.400642,
            37.76749
          ],
          [
            -122.400662,
            37.76754
          ],
          [
            -122.400682,
            37.76757
          ],
          [
            -122.400712,
            37.76762
          ],
          [
            -122.400772,
            37.76767
          ],
          [
            -122.400812,
            37.76768
          ],
          [
            -122.400892,
            37.76768
          ],
          [
            -122.400932,
            37.76765
          ],
          [
            -122.400932,
            37.76761
          ],
          [
            -122.400852,
            37.76762
          ],
          [
            -122.400802,
            37.76761
          ],
          [
            -122.400752,
            37.76755
          ],
          [
            -122.400732,
            37.7675
          ],
          [
            -122.400702,
            37.76744
          ],
          [
            -122.400662,
            37.76739
          ],
          [
            -122.400622,
            37.76737
          ],
          [
            -122.400552,
            37.76735
          ],
          [
            -122.400502,
            37.76733
          ],
          [
            -122.400452,
            37.76732
          ],
          [
            -122.400372,
            37.76731
          ],
          [
            -122.400312,
            37.76738
          ],
          [
            -122.400282,
            37.76742
          ],
          [
            -122.400252,
            37.76746
          ],
          [
            -122.400212,
            37.76751
          ],
          [
            -122.400182,
            37.76755
          ],
          [
            -122.400132,
            37.7676
          ],
          [
            -122.400112,
            37.76766
          ],
          [
            -122.400112,
            37.7677
          ],
          [
            -122.400112,
            37.76777
          ],
          [
            -122.400082,
            37.7678
          ],
          [
            -122.400042,
            37.76783
          ],
          [
            -122.399982,
            37.76785
          ],
          [
            -122.399932,
            37.76788
          ],
          [
            -122.399902,
            37.76791
          ],
          [
            -122.399882,
            37.76794
          ],
          [
            -122.399862,
            37.76799
          ],
          [
            -122.399842,
            37.76802
          ],
          [
            -122.399792,
            37.76802
          ],
          [
            -122.399712,
            37.76799
          ],
          [
            -122.399662,
            37.76793
          ],
          [
            -122.399652,
            37.76785
          ],
          [
            -122.399612,
            37.76779
          ],
          [
            -122.399572,
            37.76769
          ],
          [
            -122.399542,
            37.76763
          ],
          [
            -122.399482,
            37.76757
          ],
          [
            -122.399412,
            37.76754
          ],
          [
            -122.399322,
            37.7675
          ],
          [
            -122.399262,
            37.76747
          ],
          [
            -122.399192,
            37.76744
          ],
          [
            -122.399162,
            37.7674
          ],
          [
            -122.399182,
            37.76735
          ],
          [
            -122.399212,
            37.76731
          ],
          [
            -122.399222,
            37.76724
          ],
          [
            -122.399222,
            37.76718
          ],
          [
            -122.399232,
            37.76712
          ],
          [
            -122.399262,
            37.76707
          ],
          [
            -122.399332,
            37.76705
          ],
          [
            -122.399422,
            37.76705
          ],
          [
            -122.399502,
            37.76705
          ],
          [
            -122.399562,
            37.76706
          ],
          [
            -122.399612,
            37.76703
          ],
          [
            -122.399702,
            37.76699
          ],
          [
            -122.399812,
            37.76694
          ],
          [
            -122.399892,
            37.76691
          ],
          [
            -122.399952,
            37.7669
          ],
          [
            -122.399992,
            37.76686
          ],
          [
            -122.400002,
            37.76679
          ],
          [
            -122.399982,
            37.76674
          ],
          [
            -122.399932,
            37.7667
          ],
          [
            -122.399922,
            37.76665
          ],
          [
            -122.399942,
            37.76661
          ],
          [
            -122.400002,
            37.7666
          ],
          [
            -122.400062,
            37.76658
          ],
          [
            -122.400162,
            37.76656
          ],
          [
            -122.400242,
            37.76653
          ],
          [
            -122.400332,
            37.76651
          ],
          [
            -122.400392,
            37.76647
          ],
          [
            -122.400452,
            37.76644
          ],
          [
            -122.400492,
            37.76641
          ],
          [
            -122.400532,
            37.76636
          ],
          [
            -122.400542,
            37.76631
          ],
          [
            -122.400532,
            37.76625
          ],
          [
            -122.400492,
            37.76619
          ],
          [
            -122.400412,
            37.76613
          ],
          [
            -122.400322,
            37.76611
          ],
          [
            -122.400272,
            37.76611
          ],
          [
            -122.400182,
            37.76614
          ],
          [
            -122.400122,
            37.76616
          ],
          [
            -122.400072,
            37.76619
          ],
          [
            -122.400052,
            37.76623
          ],
          [
            -122.400032,
            37.76626
          ],
          [
            -122.400012,
            37.7663
          ],
          [
            -122.399992,
            37.76634
          ],
          [
            -122.399952,
            37.76636
          ],
          [
            -122.399912,
            37.76635
          ],
          [
            -122.399882,
            37.76631
          ],
          [
            -122.399862,
            37.76624
          ],
          [
            -122.399872,
            37.7662
          ],
          [
            -122.399882,
            37.76616
          ],
          [
            -122.399912,
            37.76613
          ],
          [
            -122.399812,
            37.76614
          ],
          [
            -122.399782,
            37.76616
          ],
          [
            -122.399762,
            37.76622
          ],
          [
            -122.399762,
            37.76626
          ],
          [
            -122.399812,
            37.76633
          ],
          [
            -122.399842,
            37.76638
          ],
          [
            -122.399882,
            37.76641
          ],
          [
            -122.399952,
            37.76642
          ],
          [
            -122.400022,
            37.76642
          ],
          [
            -122.400052,
            37.76636
          ],
          [
            -122.400082,
            37.76629
          ],
          [
            -122.400102,
            37.76624
          ],
          [
            -122.400142,
            37.76619
          ],
          [
            -122.400232,
            37.76617
          ],
          [
            -122.400292,
            37.76617
          ],
          [
            -122.400362,
            37.76619
          ],
          [
            -122.400412,
            37.76621
          ],
          [
            -122.400452,
            37.76625
          ],
          [
            -122.400482,
            37.76628
          ],
          [
            -122.400492,
            37.76632
          ],
          [
            -122.400452,
            37.76637
          ],
          [
            -122.400412,
            37.7664
          ],
          [
            -122.400352,
            37.76642
          ],
          [
            -122.400302,
            37.76646
          ],
          [
            -122.400242,
            37.76648
          ],
          [
            -122.400172,
            37.76649
          ],
          [
            -122.400122,
            37.76651
          ],
          [
            -122.400012,
            37.76653
          ],
          [
            -122.399942,
            37.76655
          ],
          [
            -122.399892,
            37.76657
          ],
          [
            -122.399852,
            37.76659
          ],
          [
            -122.399822,
            37.76663
          ],
          [
            -122.399832,
            37.76669
          ],
          [
            -122.399872,
            37.76672
          ],
          [
            -122.399902,
            37.76676
          ],
          [
            -122.399912,
            37.76682
          ],
          [
            -122.399922,
            37.76685
          ],
          [
            -122.399872,
            37.76687
          ],
          [
            -122.399832,
            37.76688
          ],
          [
            -122.399772,
            37.7669
          ],
          [
            -122.399692,
            37.76691
          ],
          [
            -122.399642,
            37.76693
          ],
          [
            -122.399602,
            37.76695
          ],
          [
            -122.399542,
            37.76697
          ],
          [
            -122.399472,
            37.76697
          ],
          [
            -122.399402,
            37.76697
          ],
          [
            -122.399332,
            37.76699
          ],
          [
            -122.399272,
            37.767
          ],
          [
            -122.399192,
            37.76702
          ],
          [
            -122.399142,
            37.76706
          ],
          [
            -122.399132,
            37.76713
          ],
          [
            -122.399112,
            37.76718
          ],
          [
            -122.399112,
            37.76722
          ],
          [
            -122.399102,
            37.76726
          ],
          [
            -122.399092,
            37.76732
          ],
          [
            -122.399052,
            37.76734
          ],
          [
            -122.399002,
            37.76734
          ],
          [
            -122.398942,
            37.76731
          ],
          [
            -122.398852,
            37.76724
          ],
          [
            -122.398782,
            37.76717
          ],
          [
            -122.398732,
            37.76714
          ],
          [
            -122.398692,
            37.7671
          ],
          [
            -122.398622,
            37.76705
          ],
          [
            -122.398572,
            37.76701
          ],
          [
            -122.398532,
            37.76698
          ],
          [
            -122.398482,
            37.76697
          ],
          [
            -122.398402,
            37.76692
          ],
          [
            -122.398312,
            37.76687
          ],
          [
            -122.398252,
            37.76684
          ],
          [
            -122.398192,
            37.76681
          ],
          [
            -122.398152,
            37.7668
          ],
          [
            -122.398112,
            37.76679
          ],
          [
            -122.398052,
            37.76677
          ],
          [
            -122.398002,
            37.76676
          ],
          [
            -122.397942,
            37.76674
          ],
          [
            -122.397902,
            37.76672
          ],
          [
            -122.397892,
            37.76666
          ],
          [
            -122.397892,
            37.76663
          ],
          [
            -122.397852,
            37.76659
          ],
          [
            -122.397782,
            37.76654
          ],
          [
            -122.397712,
            37.76648
          ],
          [
            -122.397662,
            37.76643
          ],
          [
            -122.397612,
            37.76642
          ],
          [
            -122.397542,
            37.76637
          ],
          [
            -122.397502,
            37.76634
          ],
          [
            -122.397492,
            37.76629
          ],
          [
            -122.397532,
            37.76627
          ],
          [
            -122.397592,
            37.76626
          ],
          [
            -122.397662,
            37.76625
          ],
          [
            -122.397702,
            37.7662
          ],
          [
            -122.397722,
            37.76615
          ],
          [
            -122.397722,
            37.7661
          ],
          [
            -122.397682,
            37.76606
          ],
          [
            -122.397642,
            37.76604
          ],
          [
            -122.397582,
            37.76603
          ],
          [
            -122.397492,
            37.76602
          ],
          [
            -122.397432,
            37.76602
          ],
          [
            -122.397372,
            37.76601
          ],
          [
            -122.397292,
            37.76599
          ],
          [
            -122.397272,
            37.76596
          ],
          [
            -122.397292,
            37.76592
          ],
          [
            -122.397362,
            37.76593
          ],
          [
            -122.397422,
            37.76592
          ],
          [
            -122.397482,
            37.76591
          ],
          [
            -122.397532,
            37.76588
          ],
          [
            -122.397562,
            37.76586
          ],
          [
            -122.397602,
            37.76582
          ],
          [
            -122.397612,
            37.76577
          ],
          [
            -122.397622,
            37.76572
          ],
          [
            -122.397612,
            37.76566
          ],
          [
            -122.397612,
            37.76561
          ],
          [
            -122.397602,
            37.76555
          ],
          [
            -122.397562,
            37.7655
          ],
          [
            -122.397522,
            37.76549
          ],
          [
            -122.397442,
            37.76549
          ],
          [
            -122.397392,
            37.76549
          ],
          [
            -122.397342,
            37.76553
          ],
          [
            -122.397322,
            37.7656
          ],
          [
            -122.397322,
            37.76566
          ],
          [
            -122.397302,
            37.76571
          ],
          [
            -122.397272,
            37.76574
          ],
          [
            -122.397232,
            37.76578
          ],
          [
            -122.397192,
            37.76581
          ],
          [
            -122.397132,
            37.76581
          ],
          [
            -122.397072,
            37.7658
          ],
          [
            -122.397022,
            37.76573
          ],
          [
            -122.397032,
            37.76569
          ],
          [
            -122.397052,
            37.76565
          ],
          [
            -122.397062,
            37.76561
          ],
          [
            -122.397092,
            37.76555
          ],
          [
            -122.397142,
            37.76552
          ],
          [
            -122.397222,
            37.76549
          ],
          [
            -122.397262,
            37.76546
          ],
          [
            -122.397312,
            37.76543
          ],
          [
            -122.397382,
            37.76542
          ],
          [
            -122.397432,
            37.76539
          ],
          [
            -122.397482,
            37.76538
          ],
          [
            -122.397582,
            37.76538
          ],
          [
            -122.397632,
            37.7654
          ],
          [
            -122.397682,
            37.76542
          ],
          [
            -122.397742,
            37.76545
          ],
          [
            -122.397792,
            37.76547
          ],
          [
            -122.397862,
            37.76549
          ],
          [
            -122.397912,
            37.7655
          ],
          [
            -122.397982,
            37.76551
          ],
          [
            -122.398042,
            37.7655
          ],
          [
            -122.398052,
            37.76545
          ],
          [
            -122.398042,
            37.76539
          ],
          [
            -122.398022,
            37.76534
          ],
          [
            -122.398022,
            37.76527
          ],
          [
            -122.398022,
            37.76521
          ],
          [
            -122.398112,
            37.76519
          ],
          [
            -122.398142,
            37.76517
          ],
          [
            -122.398192,
            37.76515
          ],
          [
            -122.398212,
            37.7651
          ],
          [
            -122.398232,
            37.76507
          ],
          [
            -122.398252,
            37.76504
          ],
          [
            -122.398282,
            37.76502
          ],
          [
            -122.398322,
            37.76499
          ],
          [
            -122.398372,
            37.76499
          ],
          [
            -122.398412,
            37.76507
          ],
          [
            -122.398442,
            37.76509
          ],
          [
            -122.398482,
            37.7651
          ],
          [
            -122.398542,
            37.76509
          ],
          [
            -122.398542,
            37.76505
          ],
          [
            -122.398482,
            37.76505
          ],
          [
            -122.398452,
            37.76502
          ],
          [
            -122.398442,
            37.76497
          ],
          [
            -122.398412,
            37.76493
          ],
          [
            -122.398342,
            37.76492
          ],
          [
            -122.398252,
            37.76493
          ],
          [
            -122.398212,
            37.76498
          ],
          [
            -122.398172,
            37.76504
          ],
          [
            -122.398132,
            37.76509
          ],
          [
            -122.398092,
            37.76512
          ],
          [
            -122.398032,
            37.76515
          ],
          [
            -122.397982,
            37.76517
          ],
          [
            -122.397932,
            37.76521
          ],
          [
            -122.397942,
            37.76527
          ],
          [
            -122.397962,
            37.76532
          ],
          [
            -122.397972,
            37.76536
          ],
          [
            -122.397982,
            37.7654
          ],
          [
            -122.397982,
            37.76544
          ],
          [
            -122.397912,
            37.76545
          ],
          [
            -122.397842,
            37.76543
          ],
          [
            -122.397772,
            37.76541
          ],
          [
            -122.397682,
            37.76536
          ],
          [
            -122.397632,
            37.76533
          ],
          [
            -122.397552,
            37.76532
          ],
          [
            -122.397492,
            37.76533
          ],
          [
            -122.397422,
            37.76536
          ],
          [
            -122.397312,
            37.76538
          ],
          [
            -122.397222,
            37.76541
          ],
          [
            -122.397152,
            37.76544
          ],
          [
            -122.397092,
            37.76548
          ],
          [
            -122.397022,
            37.76554
          ],
          [
            -122.396972,
            37.7656
          ],
          [
            -122.396972,
            37.76566
          ],
          [
            -122.396962,
            37.76572
          ],
          [
            -122.396952,
            37.7658
          ],
          [
            -122.397042,
            37.76586
          ],
          [
            -122.397112,
            37.76587
          ],
          [
            -122.397192,
            37.76585
          ],
          [
            -122.397252,
            37.76582
          ],
          [
            -122.397332,
            37.76579
          ],
          [
            -122.397372,
            37.76573
          ],
          [
            -122.397382,
            37.76568
          ],
          [
            -122.397392,
            37.7656
          ],
          [
            -122.397402,
            37.76556
          ],
          [
            -122.397452,
            37.76554
          ],
          [
            -122.397512,
            37.76557
          ],
          [
            -122.397522,
            37.7656
          ],
          [
            -122.397552,
            37.76567
          ],
          [
            -122.397562,
            37.76573
          ],
          [
            -122.397552,
            37.76579
          ],
          [
            -122.397522,
            37.76582
          ],
          [
            -122.397452,
            37.76584
          ],
          [
            -122.397402,
            37.76586
          ],
          [
            -122.397332,
            37.76588
          ],
          [
            -122.397202,
            37.76591
          ],
          [
            -122.397162,
            37.76594
          ],
          [
            -122.397182,
            37.766
          ],
          [
            -122.397232,
            37.76604
          ],
          [
            -122.397312,
            37.76606
          ],
          [
            -122.397372,
            37.76606
          ],
          [
            -122.397452,
            37.76606
          ],
          [
            -122.397512,
            37.76607
          ],
          [
            -122.397572,
            37.76608
          ],
          [
            -122.397632,
            37.7661
          ],
          [
            -122.397652,
            37.76614
          ],
          [
            -122.397652,
            37.76618
          ],
          [
            -122.397612,
            37.7662
          ],
          [
            -122.397552,
            37.7662
          ],
          [
            -122.397482,
            37.76621
          ],
          [
            -122.397442,
            37.76624
          ],
          [
            -122.397402,
            37.76632
          ],
          [
            -122.397412,
            37.76636
          ],
          [
            -122.397462,
            37.76641
          ],
          [
            -122.397532,
            37.76646
          ],
          [
            -122.397692,
            37.76651
          ],
          [
            -122.397742,
            37.76659
          ],
          [
            -122.397782,
            37.76663
          ],
          [
            -122.397792,
            37.76668
          ],
          [
            -122.397782,
            37.76671
          ],
          [
            -122.397742,
            37.76671
          ],
          [
            -122.397692,
            37.7667
          ],
          [
            -122.397612,
            37.76668
          ],
          [
            -122.397572,
            37.76668
          ],
          [
            -122.397452,
            37.76665
          ],
          [
            -122.397392,
            37.76663
          ],
          [
            -122.397322,
            37.76662
          ],
          [
            -122.397262,
            37.76658
          ],
          [
            -122.397172,
            37.76654
          ],
          [
            -122.397082,
            37.76652
          ],
          [
            -122.396992,
            37.7665
          ],
          [
            -122.396942,
            37.76649
          ],
          [
            -122.396892,
            37.76647
          ],
          [
            -122.396852,
            37.76646
          ],
          [
            -122.396792,
            37.76644
          ],
          [
            -122.396732,
            37.76642
          ],
          [
            -122.396662,
            37.76644
          ],
          [
            -122.396622,
            37.76644
          ],
          [
            -122.396552,
            37.76641
          ],
          [
            -122.396452,
            37.76636
          ],
          [
            -122.396402,
            37.76633
          ],
          [
            -122.396302,
            37.76631
          ],
          [
            -122.396242,
            37.76627
          ],
          [
            -122.396172,
            37.76624
          ],
          [
            -122.396052,
            37.76622
          ],
          [
            -122.396012,
            37.7662
          ],
          [
            -122.395952,
            37.76619
          ],
          [
            -122.395882,
            37.76617
          ],
          [
            -122.395832,
            37.76616
          ],
          [
            -122.395732,
            37.76614
          ],
          [
            -122.395662,
            37.76612
          ],
          [
            -122.395562,
            37.76609
          ],
          [
            -122.395462,
            37.76607
          ],
          [
            -122.395382,
            37.76607
          ],
          [
            -122.395312,
            37.76607
          ],
          [
            -122.395232,
            37.76604
          ],
          [
            -122.395172,
            37.76602
          ],
          [
            -122.395092,
            37.76598
          ],
          [
            -122.395022,
            37.76596
          ],
          [
            -122.394942,
            37.76595
          ],
          [
            -122.394872,
            37.76598
          ],
          [
            -122.394782,
            37.76598
          ],
          [
            -122.394672,
            37.76598
          ],
          [
            -122.394562,
            37.76597
          ],
          [
            -122.394482,
            37.76594
          ],
          [
            -122.394342,
            37.76589
          ],
          [
            -122.394222,
            37.76585
          ],
          [
            -122.394022,
            37.76573
          ],
          [
            -122.393782,
            37.76562
          ],
          [
            -122.393562,
            37.76554
          ],
          [
            -122.393462,
            37.76551
          ],
          [
            -122.393352,
            37.76548
          ],
          [
            -122.393302,
            37.76546
          ],
          [
            -122.393222,
            37.76543
          ],
          [
            -122.393172,
            37.76541
          ],
          [
            -122.393102,
            37.76539
          ],
          [
            -122.393042,
            37.76538
          ],
          [
            -122.392992,
            37.76537
          ],
          [
            -122.392932,
            37.76535
          ],
          [
            -122.392792,
            37.76532
          ],
          [
            -122.392662,
            37.76529
          ],
          [
            -122.392552,
            37.76526
          ],
          [
            -122.392432,
            37.76524
          ],
          [
            -122.392332,
            37.76522
          ],
          [
            -122.392252,
            37.7652
          ],
          [
            -122.392172,
            37.76518
          ],
          [
            -122.392092,
            37.76515
          ],
          [
            -122.392042,
            37.76513
          ],
          [
            -122.391992,
            37.76511
          ],
          [
            -122.391832,
            37.76503
          ],
          [
            -122.391642,
            37.76495
          ],
          [
            -122.391502,
            37.76492
          ],
          [
            -122.391382,
            37.76492
          ],
          [
            -122.391282,
            37.76491
          ],
          [
            -122.391172,
            37.76489
          ],
          [
            -122.391082,
            37.76488
          ],
          [
            -122.391032,
            37.76488
          ],
          [
            -122.390932,
            37.76489
          ],
          [
            -122.390842,
            37.76491
          ],
          [
            -122.390752,
            37.76494
          ],
          [
            -122.390672,
            37.765
          ],
          [
            -122.390582,
            37.76511
          ],
          [
            -122.390462,
            37.76522
          ],
          [
            -122.390352,
            37.7653
          ],
          [
            -122.390182,
            37.76541
          ],
          [
            -122.390022,
            37.76552
          ],
          [
            -122.389932,
            37.76559
          ],
          [
            -122.389862,
            37.76567
          ],
          [
            -122.389762,
            37.76583
          ],
          [
            -122.389692,
            37.76591
          ],
          [
            -122.389652,
            37.76597
          ],
          [
            -122.389622,
            37.76605
          ],
          [
            -122.389602,
            37.76612
          ],
          [
            -122.389602,
            37.76619
          ],
          [
            -122.389612,
            37.76627
          ],
          [
            -122.389612,
            37.76634
          ],
          [
            -122.389602,
            37.76644
          ],
          [
            -122.389572,
            37.7665
          ],
          [
            -122.389482,
            37.76653
          ],
          [
            -122.389392,
            37.76654
          ],
          [
            -122.389352,
            37.76658
          ],
          [
            -122.389352,
            37.76663
          ],
          [
            -122.389322,
            37.7667
          ],
          [
            -122.389282,
            37.76669
          ],
          [
            -122.389202,
            37.76671
          ],
          [
            -122.389152,
            37.76672
          ],
          [
            -122.389132,
            37.76667
          ],
          [
            -122.389062,
            37.76666
          ],
          [
            -122.388992,
            37.76663
          ],
          [
            -122.388932,
            37.7666
          ],
          [
            -122.388842,
            37.76658
          ],
          [
            -122.388782,
            37.76661
          ],
          [
            -122.388712,
            37.76662
          ],
          [
            -122.388652,
            37.76658
          ],
          [
            -122.388562,
            37.76658
          ],
          [
            -122.388492,
            37.76661
          ],
          [
            -122.388432,
            37.76656
          ],
          [
            -122.388372,
            37.76652
          ],
          [
            -122.388302,
            37.76651
          ],
          [
            -122.388232,
            37.76649
          ],
          [
            -122.388132,
            37.76648
          ],
          [
            -122.388072,
            37.76647
          ],
          [
            -122.388002,
            37.76645
          ],
          [
            -122.387912,
            37.76638
          ],
          [
            -122.387802,
            37.76636
          ],
          [
            -122.387732,
            37.76635
          ],
          [
            -122.387642,
            37.76634
          ],
          [
            -122.387582,
            37.76636
          ],
          [
            -122.387502,
            37.76637
          ],
          [
            -122.387432,
            37.7664
          ],
          [
            -122.387372,
            37.76642
          ],
          [
            -122.387302,
            37.76644
          ],
          [
            -122.387192,
            37.76651
          ],
          [
            -122.387112,
            37.76656
          ],
          [
            -122.387042,
            37.76659
          ],
          [
            -122.386972,
            37.76657
          ],
          [
            -122.386912,
            37.76652
          ],
          [
            -122.386872,
            37.76647
          ],
          [
            -122.386902,
            37.7664
          ],
          [
            -122.386972,
            37.76634
          ],
          [
            -122.387012,
            37.76633
          ],
          [
            -122.387082,
            37.76632
          ],
          [
            -122.387142,
            37.76632
          ],
          [
            -122.387222,
            37.7663
          ],
          [
            -122.387272,
            37.76629
          ],
          [
            -122.387342,
            37.76629
          ],
          [
            -122.387452,
            37.76631
          ],
          [
            -122.387622,
            37.76624
          ],
          [
            -122.387692,
            37.76623
          ],
          [
            -122.387772,
            37.76621
          ],
          [
            -122.387822,
            37.76619
          ],
          [
            -122.387902,
            37.76616
          ],
          [
            -122.387942,
            37.76609
          ],
          [
            -122.388032,
            37.76603
          ],
          [
            -122.388082,
            37.76597
          ],
          [
            -122.388112,
            37.7659
          ],
          [
            -122.388122,
            37.76585
          ],
          [
            -122.388132,
            37.76579
          ],
          [
            -122.388152,
            37.76572
          ],
          [
            -122.388162,
            37.76566
          ],
          [
            -122.388162,
            37.76559
          ],
          [
            -122.388162,
            37.76554
          ],
          [
            -122.388162,
            37.76547
          ],
          [
            -122.388162,
            37.76542
          ],
          [
            -122.388172,
            37.76536
          ],
          [
            -122.388182,
            37.76532
          ],
          [
            -122.388202,
            37.76526
          ],
          [
            -122.388212,
            37.76522
          ],
          [
            -122.388232,
            37.76515
          ],
          [
            -122.388272,
            37.76503
          ],
          [
            -122.388262,
            37.76491
          ],
          [
            -122.388242,
            37.76482
          ],
          [
            -122.388242,
            37.76475
          ],
          [
            -122.388262,
            37.76467
          ],
          [
            -122.388282,
            37.76459
          ],
          [
            -122.388282,
            37.76451
          ],
          [
            -122.388282,
            37.76441
          ],
          [
            -122.388282,
            37.76435
          ],
          [
            -122.388292,
            37.76428
          ],
          [
            -122.388272,
            37.76412
          ],
          [
            -122.388282,
            37.76398
          ],
          [
            -122.388292,
            37.76392
          ],
          [
            -122.388322,
            37.76388
          ],
          [
            -122.388352,
            37.7638
          ],
          [
            -122.388352,
            37.76373
          ],
          [
            -122.388332,
            37.76361
          ],
          [
            -122.388332,
            37.76356
          ],
          [
            -122.388332,
            37.7635
          ],
          [
            -122.388352,
            37.76321
          ],
          [
            -122.388332,
            37.76298
          ],
          [
            -122.388332,
            37.76283
          ],
          [
            -122.388332,
            37.76273
          ],
          [
            -122.388282,
            37.76248
          ],
          [
            -122.388242,
            37.76237
          ],
          [
            -122.388182,
            37.76223
          ],
          [
            -122.388122,
            37.76215
          ],
          [
            -122.388052,
            37.76209
          ],
          [
            -122.387962,
            37.76198
          ],
          [
            -122.387842,
            37.76187
          ],
          [
            -122.387772,
            37.76179
          ],
          [
            -122.387702,
            37.76175
          ],
          [
            -122.387662,
            37.7617
          ],
          [
            -122.387602,
            37.76163
          ],
          [
            -122.387552,
            37.76155
          ],
          [
            -122.387502,
            37.7615
          ],
          [
            -122.387462,
            37.76146
          ],
          [
            -122.387422,
            37.7614
          ],
          [
            -122.387392,
            37.76139
          ],
          [
            -122.387322,
            37.76139
          ],
          [
            -122.387252,
            37.7614
          ],
          [
            -122.387212,
            37.76136
          ],
          [
            -122.387062,
            37.76133
          ],
          [
            -122.387002,
            37.76133
          ],
          [
            -122.386952,
            37.76129
          ],
          [
            -122.386882,
            37.76124
          ]
        ]
      }
    },
    {
      "type": "Feature",
      "properties": {
        "FEATURE_ID": 926353,
        "FEATURE": 20,
        "SOURCE_ID": "T00398",
        "DATA_SOURC": "P",
        "SRC_DATE": "18530101",
        "HOR_ACC": "0",
        "INFORM": "\u0000\u0000\u0000\u0000\u0000\u0000\u0000\u0000\u0000\u0000\u0000\u0000\u0000\u0000\u0000\u0000\u0000\u0000\u0000\u0000\u0000\u0000\u0000\u0000\u0000\u0000\u0000\u0000\u0000\u0000\u0000\u0000\u0000\u0000\u0000\u0000\u0000\u0000\u0000\u0000\u0000\u0000\u0000\u0000\u0000\u0000\u0000\u0000\u0000\u0000\u0000\u0000\u0000\u0000\u0000\u0000\u0000\u0000\u0000\u0000\u0000\u0000\u0000\u0000\u0000\u0000\u0000\u0000\u0000\u0000\u0000\u0000\u0000\u0000\u0000\u0000\u0000\u0000\u0000\u0000\u0000\u0000\u0000\u0000\u0000\u0000\u0000\u0000\u0000\u0000\u0000\u0000\u0000\u0000\u0000\u0000\u0000\u0000\u0000\u0000\u0000\u0000\u0000\u0000\u0000\u0000\u0000\u0000\u0000\u0000\u0000\u0000\u0000\u0000\u0000\u0000\u0000\u0000\u0000\u0000\u0000\u0000\u0000\u0000\u0000\u0000\u0000\u0000\u0000\u0000\u0000\u0000\u0000\u0000\u0000\u0000\u0000\u0000\u0000\u0000\u0000\u0000\u0000\u0000\u0000\u0000\u0000\u0000\u0000\u0000\u0000\u0000\u0000\u0000\u0000\u0000\u0000\u0000\u0000\u0000\u0000\u0000\u0000\u0000\u0000\u0000\u0000\u0000\u0000\u0000\u0000\u0000\u0000\u0000\u0000\u0000\u0000\u0000\u0000\u0000\u0000\u0000\u0000\u0000\u0000\u0000\u0000\u0000\u0000\u0000\u0000\u0000\u0000\u0000\u0000\u0000\u0000\u0000\u0000\u0000\u0000\u0000\u0000\u0000\u0000\u0000\u0000\u0000\u0000\u0000\u0000\u0000\u0000\u0000\u0000\u0000\u0000\u0000\u0000\u0000\u0000\u0000\u0000\u0000\u0000\u0000\u0000\u0000\u0000\u0000\u0000\u0000\u0000\u0000\u0000\u0000\u0000\u0000\u0000\u0000\u0000\u0000\u0000\u0000\u0000\u0000\u0000\u0000\u0000\u0000\u0000\u0000\u0000\u0000",
        "RESOLUTION": 0,
        "ATTRIBUTE": "Natural.Mean High Water",
        "CLASS": "SHORELINE",
        "F_CODE": null,
        "EX_METH": "M",
        "EXTRACT_TE": "P",
        "_selecter_format": "shapefile",
        "_selecter_sourcecrs": "EPSG:4269",
        "_selecter_source": "CA37B07 1853 SF",
        "_selecter_imported": "2026-08-03T23:02:23.649Z"
      },
      "geometry": {
        "type": "LineString",
        "coordinates": [
          [
            -122.421222,
            37.806639
          ],
          [
            -122.420872,
            37.806699
          ],
          [
            -122.420542,
            37.806859
          ],
          [
            -122.420452,
            37.806959
          ],
          [
            -122.420342,
            37.807039
          ],
          [
            -122.420212,
            37.807089
          ],
          [
            -122.420092,
            37.807099
          ],
          [
            -122.419952,
            37.807069
          ],
          [
            -122.419812,
            37.807019
          ],
          [
            -122.419742,
            37.806999
          ],
          [
            -122.419662,
            37.806969
          ],
          [
            -122.419602,
            37.806919
          ],
          [
            -122.419562,
            37.806859
          ],
          [
            -122.419462,
            37.806729
          ],
          [
            -122.419502,
            37.806629
          ],
          [
            -122.419452,
            37.806549
          ],
          [
            -122.419372,
            37.806449
          ],
          [
            -122.419342,
            37.806369
          ],
          [
            -122.419322,
            37.806199
          ],
          [
            -122.419192,
            37.805989
          ],
          [
            -122.418972,
            37.805729
          ],
          [
            -122.418772,
            37.805519
          ],
          [
            -122.418692,
            37.805429
          ],
          [
            -122.418462,
            37.805359
          ],
          [
            -122.418272,
            37.805319
          ],
          [
            -122.418082,
            37.805329
          ],
          [
            -122.417922,
            37.805309
          ],
          [
            -122.417792,
            37.805329
          ],
          [
            -122.417772,
            37.805279
          ],
          [
            -122.417782,
            37.805169
          ],
          [
            -122.417632,
            37.805079
          ],
          [
            -122.417622,
            37.804939
          ],
          [
            -122.417512,
            37.804869
          ],
          [
            -122.417402,
            37.804779
          ],
          [
            -122.417352,
            37.804739
          ],
          [
            -122.417272,
            37.804759
          ],
          [
            -122.417222,
            37.804749
          ],
          [
            -122.417172,
            37.804689
          ],
          [
            -122.417152,
            37.804619
          ],
          [
            -122.417172,
            37.804569
          ],
          [
            -122.417162,
            37.804499
          ],
          [
            -122.417192,
            37.804469
          ],
          [
            -122.417172,
            37.804319
          ],
          [
            -122.417162,
            37.804179
          ],
          [
            -122.417072,
            37.804109
          ],
          [
            -122.416882,
            37.804189
          ],
          [
            -122.416852,
            37.804159
          ],
          [
            -122.416892,
            37.804029
          ],
          [
            -122.416842,
            37.803989
          ],
          [
            -122.416702,
            37.803949
          ],
          [
            -122.416732,
            37.803879
          ],
          [
            -122.416642,
            37.803859
          ],
          [
            -122.416582,
            37.803819
          ],
          [
            -122.416502,
            37.803799
          ],
          [
            -122.416442,
            37.803769
          ],
          [
            -122.416412,
            37.803749
          ],
          [
            -122.416352,
            37.803699
          ],
          [
            -122.416302,
            37.803669
          ],
          [
            -122.416232,
            37.803679
          ],
          [
            -122.416142,
            37.803699
          ],
          [
            -122.416002,
            37.803689
          ],
          [
            -122.415732,
            37.803689
          ],
          [
            -122.415612,
            37.803699
          ],
          [
            -122.415532,
            37.803719
          ],
          [
            -122.415432,
            37.803779
          ],
          [
            -122.415362,
            37.803789
          ],
          [
            -122.415292,
            37.803819
          ],
          [
            -122.415232,
            37.803839
          ]
        ]
      }
    },
    {
      "type": "Feature",
      "properties": {
        "FEATURE_ID": 926354,
        "FEATURE": 20,
        "SOURCE_ID": "T00398",
        "DATA_SOURC": "P",
        "SRC_DATE": "18530101",
        "HOR_ACC": "0",
        "INFORM": "\u0000\u0000\u0000\u0000\u0000\u0000\u0000\u0000\u0000\u0000\u0000\u0000\u0000\u0000\u0000\u0000\u0000\u0000\u0000\u0000\u0000\u0000\u0000\u0000\u0000\u0000\u0000\u0000\u0000\u0000\u0000\u0000\u0000\u0000\u0000\u0000\u0000\u0000\u0000\u0000\u0000\u0000\u0000\u0000\u0000\u0000\u0000\u0000\u0000\u0000\u0000\u0000\u0000\u0000\u0000\u0000\u0000\u0000\u0000\u0000\u0000\u0000\u0000\u0000\u0000\u0000\u0000\u0000\u0000\u0000\u0000\u0000\u0000\u0000\u0000\u0000\u0000\u0000\u0000\u0000\u0000\u0000\u0000\u0000\u0000\u0000\u0000\u0000\u0000\u0000\u0000\u0000\u0000\u0000\u0000\u0000\u0000\u0000\u0000\u0000\u0000\u0000\u0000\u0000\u0000\u0000\u0000\u0000\u0000\u0000\u0000\u0000\u0000\u0000\u0000\u0000\u0000\u0000\u0000\u0000\u0000\u0000\u0000\u0000\u0000\u0000\u0000\u0000\u0000\u0000\u0000\u0000\u0000\u0000\u0000\u0000\u0000\u0000\u0000\u0000\u0000\u0000\u0000\u0000\u0000\u0000\u0000\u0000\u0000\u0000\u0000\u0000\u0000\u0000\u0000\u0000\u0000\u0000\u0000\u0000\u0000\u0000\u0000\u0000\u0000\u0000\u0000\u0000\u0000\u0000\u0000\u0000\u0000\u0000\u0000\u0000\u0000\u0000\u0000\u0000\u0000\u0000\u0000\u0000\u0000\u0000\u0000\u0000\u0000\u0000\u0000\u0000\u0000\u0000\u0000\u0000\u0000\u0000\u0000\u0000\u0000\u0000\u0000\u0000\u0000\u0000\u0000\u0000\u0000\u0000\u0000\u0000\u0000\u0000\u0000\u0000\u0000\u0000\u0000\u0000\u0000\u0000\u0000\u0000\u0000\u0000\u0000\u0000\u0000\u0000\u0000\u0000\u0000\u0000\u0000\u0000\u0000\u0000\u0000\u0000\u0000\u0000\u0000\u0000\u0000\u0000\u0000\u0000\u0000\u0000\u0000\u0000\u0000\u0000",
        "RESOLUTION": 0,
        "ATTRIBUTE": "Natural.Mean High Water",
        "CLASS": "SHORELINE",
        "F_CODE": null,
        "EX_METH": "M",
        "EXTRACT_TE": "P",
        "_selecter_format": "shapefile",
        "_selecter_sourcecrs": "EPSG:4269",
        "_selecter_source": "CA37B07 1853 SF",
        "_selecter_imported": "2026-08-03T23:02:23.649Z"
      },
      "geometry": {
        "type": "LineString",
        "coordinates": [
          [
            -122.408782,
            37.805939
          ],
          [
            -122.408712,
            37.805919
          ],
          [
            -122.408612,
            37.805979
          ],
          [
            -122.408492,
            37.806149
          ],
          [
            -122.408372,
            37.806109
          ],
          [
            -122.408222,
            37.806169
          ],
          [
            -122.408132,
            37.806159
          ],
          [
            -122.408042,
            37.806209
          ],
          [
            -122.407972,
            37.806139
          ],
          [
            -122.407812,
            37.806239
          ],
          [
            -122.407822,
            37.806359
          ],
          [
            -122.407822,
            37.806399
          ],
          [
            -122.407822,
            37.806449
          ],
          [
            -122.407822,
            37.806499
          ],
          [
            -122.407772,
            37.806529
          ],
          [
            -122.407712,
            37.806529
          ],
          [
            -122.407712,
            37.806449
          ],
          [
            -122.407682,
            37.806389
          ],
          [
            -122.407612,
            37.806339
          ],
          [
            -122.407482,
            37.806309
          ],
          [
            -122.407352,
            37.806299
          ],
          [
            -122.407182,
            37.806289
          ],
          [
            -122.407072,
            37.806289
          ],
          [
            -122.407002,
            37.806289
          ],
          [
            -122.406972,
            37.806249
          ],
          [
            -122.406922,
            37.806219
          ],
          [
            -122.406822,
            37.806169
          ],
          [
            -122.406852,
            37.806049
          ],
          [
            -122.406792,
            37.805999
          ],
          [
            -122.406812,
            37.805919
          ],
          [
            -122.406832,
            37.805859
          ],
          [
            -122.406802,
            37.805809
          ],
          [
            -122.406792,
            37.805739
          ],
          [
            -122.406832,
            37.805669
          ],
          [
            -122.406842,
            37.805589
          ],
          [
            -122.406792,
            37.805549
          ],
          [
            -122.406702,
            37.805549
          ],
          [
            -122.406622,
            37.805549
          ],
          [
            -122.406602,
            37.805489
          ],
          [
            -122.406592,
            37.805449
          ],
          [
            -122.406532,
            37.805419
          ],
          [
            -122.406522,
            37.805369
          ],
          [
            -122.406502,
            37.805309
          ],
          [
            -122.406482,
            37.805229
          ],
          [
            -122.406402,
            37.805179
          ],
          [
            -122.406282,
            37.805119
          ],
          [
            -122.406122,
            37.805019
          ],
          [
            -122.405982,
            37.804919
          ],
          [
            -122.405892,
            37.804869
          ],
          [
            -122.405842,
            37.804819
          ],
          [
            -122.405782,
            37.804779
          ],
          [
            -122.405722,
            37.804809
          ],
          [
            -122.405672,
            37.804779
          ],
          [
            -122.405552,
            37.804779
          ],
          [
            -122.405492,
            37.804789
          ],
          [
            -122.405442,
            37.804789
          ],
          [
            -122.405402,
            37.804799
          ],
          [
            -122.405332,
            37.804769
          ],
          [
            -122.405292,
            37.804779
          ],
          [
            -122.405232,
            37.804769
          ],
          [
            -122.405162,
            37.804759
          ],
          [
            -122.405112,
            37.804779
          ],
          [
            -122.405052,
            37.804759
          ],
          [
            -122.405002,
            37.804699
          ],
          [
            -122.404952,
            37.804659
          ],
          [
            -122.404842,
            37.804629
          ],
          [
            -122.404742,
            37.804679
          ],
          [
            -122.404742,
            37.804739
          ],
          [
            -122.404632,
            37.804689
          ],
          [
            -122.404542,
            37.804609
          ],
          [
            -122.404442,
            37.804589
          ],
          [
            -122.404372,
            37.804549
          ],
          [
            -122.404332,
            37.804469
          ],
          [
            -122.404252,
            37.804339
          ],
          [
            -122.404172,
            37.804259
          ],
          [
            -122.404082,
            37.804169
          ],
          [
            -122.403992,
            37.804099
          ],
          [
            -122.403922,
            37.804039
          ],
          [
            -122.403842,
            37.804059
          ],
          [
            -122.403762,
            37.804089
          ],
          [
            -122.403622,
            37.804039
          ],
          [
            -122.403562,
            37.803949
          ],
          [
            -122.403572,
            37.803819
          ],
          [
            -122.403632,
            37.803739
          ],
          [
            -122.403692,
            37.803629
          ],
          [
            -122.403702,
            37.803529
          ],
          [
            -122.403662,
            37.803459
          ],
          [
            -122.403542,
            37.803469
          ],
          [
            -122.403432,
            37.803489
          ]
        ]
      }
    },
    {
      "type": "Feature",
      "properties": {
        "FEATURE_ID": 927413,
        "FEATURE": 20,
        "SOURCE_ID": "T00398",
        "DATA_SOURC": "P",
        "SRC_DATE": "18530101",
        "HOR_ACC": "0",
        "INFORM": "\u0000\u0000\u0000\u0000\u0000\u0000\u0000\u0000\u0000\u0000\u0000\u0000\u0000\u0000\u0000\u0000\u0000\u0000\u0000\u0000\u0000\u0000\u0000\u0000\u0000\u0000\u0000\u0000\u0000\u0000\u0000\u0000\u0000\u0000\u0000\u0000\u0000\u0000\u0000\u0000\u0000\u0000\u0000\u0000\u0000\u0000\u0000\u0000\u0000\u0000\u0000\u0000\u0000\u0000\u0000\u0000\u0000\u0000\u0000\u0000\u0000\u0000\u0000\u0000\u0000\u0000\u0000\u0000\u0000\u0000\u0000\u0000\u0000\u0000\u0000\u0000\u0000\u0000\u0000\u0000\u0000\u0000\u0000\u0000\u0000\u0000\u0000\u0000\u0000\u0000\u0000\u0000\u0000\u0000\u0000\u0000\u0000\u0000\u0000\u0000\u0000\u0000\u0000\u0000\u0000\u0000\u0000\u0000\u0000\u0000\u0000\u0000\u0000\u0000\u0000\u0000\u0000\u0000\u0000\u0000\u0000\u0000\u0000\u0000\u0000\u0000\u0000\u0000\u0000\u0000\u0000\u0000\u0000\u0000\u0000\u0000\u0000\u0000\u0000\u0000\u0000\u0000\u0000\u0000\u0000\u0000\u0000\u0000\u0000\u0000\u0000\u0000\u0000\u0000\u0000\u0000\u0000\u0000\u0000\u0000\u0000\u0000\u0000\u0000\u0000\u0000\u0000\u0000\u0000\u0000\u0000\u0000\u0000\u0000\u0000\u0000\u0000\u0000\u0000\u0000\u0000\u0000\u0000\u0000\u0000\u0000\u0000\u0000\u0000\u0000\u0000\u0000\u0000\u0000\u0000\u0000\u0000\u0000\u0000\u0000\u0000\u0000\u0000\u0000\u0000\u0000\u0000\u0000\u0000\u0000\u0000\u0000\u0000\u0000\u0000\u0000\u0000\u0000\u0000\u0000\u0000\u0000\u0000\u0000\u0000\u0000\u0000\u0000\u0000\u0000\u0000\u0000\u0000\u0000\u0000\u0000\u0000\u0000\u0000\u0000\u0000\u0000\u0000\u0000\u0000\u0000\u0000\u0000\u0000\u0000\u0000\u0000\u0000\u0000",
        "RESOLUTION": 0,
        "ATTRIBUTE": "Natural.Mean High Water",
        "CLASS": "SHORELINE",
        "F_CODE": null,
        "EX_METH": "M",
        "EXTRACT_TE": "P",
        "_selecter_format": "shapefile",
        "_selecter_sourcecrs": "EPSG:4269",
        "_selecter_source": "CA37B07 1853 SF",
        "_selecter_imported": "2026-08-03T23:02:23.649Z"
      },
      "geometry": {
        "type": "LineString",
        "coordinates": [
          [
            -122.393852,
            37.788879
          ],
          [
            -122.393762,
            37.788859
          ]
        ]
      }
    },
    {
      "type": "Feature",
      "properties": {
        "FEATURE_ID": 927415,
        "FEATURE": 20,
        "SOURCE_ID": "T00398",
        "DATA_SOURC": "P",
        "SRC_DATE": "18530101",
        "HOR_ACC": "0",
        "INFORM": "\u0000\u0000\u0000\u0000\u0000\u0000\u0000\u0000\u0000\u0000\u0000\u0000\u0000\u0000\u0000\u0000\u0000\u0000\u0000\u0000\u0000\u0000\u0000\u0000\u0000\u0000\u0000\u0000\u0000\u0000\u0000\u0000\u0000\u0000\u0000\u0000\u0000\u0000\u0000\u0000\u0000\u0000\u0000\u0000\u0000\u0000\u0000\u0000\u0000\u0000\u0000\u0000\u0000\u0000\u0000\u0000\u0000\u0000\u0000\u0000\u0000\u0000\u0000\u0000\u0000\u0000\u0000\u0000\u0000\u0000\u0000\u0000\u0000\u0000\u0000\u0000\u0000\u0000\u0000\u0000\u0000\u0000\u0000\u0000\u0000\u0000\u0000\u0000\u0000\u0000\u0000\u0000\u0000\u0000\u0000\u0000\u0000\u0000\u0000\u0000\u0000\u0000\u0000\u0000\u0000\u0000\u0000\u0000\u0000\u0000\u0000\u0000\u0000\u0000\u0000\u0000\u0000\u0000\u0000\u0000\u0000\u0000\u0000\u0000\u0000\u0000\u0000\u0000\u0000\u0000\u0000\u0000\u0000\u0000\u0000\u0000\u0000\u0000\u0000\u0000\u0000\u0000\u0000\u0000\u0000\u0000\u0000\u0000\u0000\u0000\u0000\u0000\u0000\u0000\u0000\u0000\u0000\u0000\u0000\u0000\u0000\u0000\u0000\u0000\u0000\u0000\u0000\u0000\u0000\u0000\u0000\u0000\u0000\u0000\u0000\u0000\u0000\u0000\u0000\u0000\u0000\u0000\u0000\u0000\u0000\u0000\u0000\u0000\u0000\u0000\u0000\u0000\u0000\u0000\u0000\u0000\u0000\u0000\u0000\u0000\u0000\u0000\u0000\u0000\u0000\u0000\u0000\u0000\u0000\u0000\u0000\u0000\u0000\u0000\u0000\u0000\u0000\u0000\u0000\u0000\u0000\u0000\u0000\u0000\u0000\u0000\u0000\u0000\u0000\u0000\u0000\u0000\u0000\u0000\u0000\u0000\u0000\u0000\u0000\u0000\u0000\u0000\u0000\u0000\u0000\u0000\u0000\u0000\u0000\u0000\u0000\u0000\u0000\u0000",
        "RESOLUTION": 0,
        "ATTRIBUTE": "Natural.Mean High Water",
        "CLASS": "SHORELINE",
        "F_CODE": null,
        "EX_METH": "M",
        "EXTRACT_TE": "P",
        "_selecter_format": "shapefile",
        "_selecter_sourcecrs": "EPSG:4269",
        "_selecter_source": "CA37B07 1853 SF",
        "_selecter_imported": "2026-08-03T23:02:23.649Z"
      },
      "geometry": {
        "type": "LineString",
        "coordinates": [
          [
            -122.393622,
            37.788869
          ],
          [
            -122.393542,
            37.788889
          ],
          [
            -122.393462,
            37.788869
          ],
          [
            -122.393412,
            37.788849
          ],
          [
            -122.393362,
            37.788829
          ],
          [
            -122.393312,
            37.788809
          ],
          [
            -122.393262,
            37.788799
          ],
          [
            -122.393202,
            37.788779
          ],
          [
            -122.393162,
            37.788769
          ],
          [
            -122.393082,
            37.788789
          ],
          [
            -122.393022,
            37.788809
          ],
          [
            -122.392982,
            37.788809
          ],
          [
            -122.392932,
            37.788809
          ],
          [
            -122.392862,
            37.788809
          ]
        ]
      }
    },
    {
      "type": "Feature",
      "properties": {
        "FEATURE_ID": 927418,
        "FEATURE": 20,
        "SOURCE_ID": "T00398",
        "DATA_SOURC": "P",
        "SRC_DATE": "18530101",
        "HOR_ACC": "0",
        "INFORM": "\u0000\u0000\u0000\u0000\u0000\u0000\u0000\u0000\u0000\u0000\u0000\u0000\u0000\u0000\u0000\u0000\u0000\u0000\u0000\u0000\u0000\u0000\u0000\u0000\u0000\u0000\u0000\u0000\u0000\u0000\u0000\u0000\u0000\u0000\u0000\u0000\u0000\u0000\u0000\u0000\u0000\u0000\u0000\u0000\u0000\u0000\u0000\u0000\u0000\u0000\u0000\u0000\u0000\u0000\u0000\u0000\u0000\u0000\u0000\u0000\u0000\u0000\u0000\u0000\u0000\u0000\u0000\u0000\u0000\u0000\u0000\u0000\u0000\u0000\u0000\u0000\u0000\u0000\u0000\u0000\u0000\u0000\u0000\u0000\u0000\u0000\u0000\u0000\u0000\u0000\u0000\u0000\u0000\u0000\u0000\u0000\u0000\u0000\u0000\u0000\u0000\u0000\u0000\u0000\u0000\u0000\u0000\u0000\u0000\u0000\u0000\u0000\u0000\u0000\u0000\u0000\u0000\u0000\u0000\u0000\u0000\u0000\u0000\u0000\u0000\u0000\u0000\u0000\u0000\u0000\u0000\u0000\u0000\u0000\u0000\u0000\u0000\u0000\u0000\u0000\u0000\u0000\u0000\u0000\u0000\u0000\u0000\u0000\u0000\u0000\u0000\u0000\u0000\u0000\u0000\u0000\u0000\u0000\u0000\u0000\u0000\u0000\u0000\u0000\u0000\u0000\u0000\u0000\u0000\u0000\u0000\u0000\u0000\u0000\u0000\u0000\u0000\u0000\u0000\u0000\u0000\u0000\u0000\u0000\u0000\u0000\u0000\u0000\u0000\u0000\u0000\u0000\u0000\u0000\u0000\u0000\u0000\u0000\u0000\u0000\u0000\u0000\u0000\u0000\u0000\u0000\u0000\u0000\u0000\u0000\u0000\u0000\u0000\u0000\u0000\u0000\u0000\u0000\u0000\u0000\u0000\u0000\u0000\u0000\u0000\u0000\u0000\u0000\u0000\u0000\u0000\u0000\u0000\u0000\u0000\u0000\u0000\u0000\u0000\u0000\u0000\u0000\u0000\u0000\u0000\u0000\u0000\u0000\u0000\u0000\u0000\u0000\u0000\u0000",
        "RESOLUTION": 0,
        "ATTRIBUTE": "Natural.Mean High Water",
        "CLASS": "SHORELINE",
        "F_CODE": null,
        "EX_METH": "M",
        "EXTRACT_TE": "P",
        "_selecter_format": "shapefile",
        "_selecter_sourcecrs": "EPSG:4269",
        "_selecter_source": "CA37B07 1853 SF",
        "_selecter_imported": "2026-08-03T23:02:23.649Z"
      },
      "geometry": {
        "type": "LineString",
        "coordinates": [
          [
            -122.392532,
            37.776779
          ],
          [
            -122.392642,
            37.776789
          ],
          [
            -122.392702,
            37.776839
          ],
          [
            -122.392742,
            37.776889
          ],
          [
            -122.392802,
            37.776979
          ],
          [
            -122.392852,
            37.777049
          ],
          [
            -122.392912,
            37.777129
          ],
          [
            -122.392952,
            37.777219
          ],
          [
            -122.393032,
            37.777289
          ],
          [
            -122.393182,
            37.777409
          ],
          [
            -122.393342,
            37.777549
          ],
          [
            -122.393622,
            37.777819
          ],
          [
            -122.393862,
            37.778039
          ],
          [
            -122.394002,
            37.778109
          ],
          [
            -122.394102,
            37.778149
          ],
          [
            -122.394172,
            37.778159
          ],
          [
            -122.394292,
            37.778179
          ],
          [
            -122.394592,
            37.778239
          ],
          [
            -122.394712,
            37.778279
          ],
          [
            -122.394812,
            37.778269
          ],
          [
            -122.395072,
            37.778289
          ],
          [
            -122.395272,
            37.778319
          ],
          [
            -122.395422,
            37.778329
          ],
          [
            -122.395522,
            37.778309
          ],
          [
            -122.395632,
            37.778289
          ],
          [
            -122.395722,
            37.778279
          ],
          [
            -122.395822,
            37.778279
          ],
          [
            -122.395942,
            37.778189
          ],
          [
            -122.396072,
            37.778139
          ],
          [
            -122.396282,
            37.778139
          ],
          [
            -122.396402,
            37.778209
          ],
          [
            -122.396492,
            37.778299
          ],
          [
            -122.396572,
            37.778349
          ],
          [
            -122.396782,
            37.778349
          ],
          [
            -122.396842,
            37.778329
          ],
          [
            -122.396932,
            37.778319
          ],
          [
            -122.397082,
            37.778319
          ],
          [
            -122.397272,
            37.778279
          ],
          [
            -122.397402,
            37.778329
          ],
          [
            -122.397532,
            37.778369
          ],
          [
            -122.397632,
            37.778379
          ],
          [
            -122.397692,
            37.778409
          ],
          [
            -122.397832,
            37.778409
          ],
          [
            -122.397932,
            37.778429
          ],
          [
            -122.398042,
            37.778439
          ],
          [
            -122.398112,
            37.778449
          ],
          [
            -122.398182,
            37.778479
          ],
          [
            -122.398242,
            37.778529
          ],
          [
            -122.398262,
            37.778569
          ],
          [
            -122.398262,
            37.778599
          ],
          [
            -122.398252,
            37.778639
          ],
          [
            -122.398222,
            37.778659
          ],
          [
            -122.398162,
            37.778689
          ],
          [
            -122.398102,
            37.778749
          ],
          [
            -122.398082,
            37.778769
          ],
          [
            -122.398052,
            37.778889
          ],
          [
            -122.398052,
            37.778969
          ],
          [
            -122.398052,
            37.779019
          ],
          [
            -122.398032,
            37.779089
          ],
          [
            -122.398002,
            37.779139
          ],
          [
            -122.397962,
            37.779189
          ],
          [
            -122.397962,
            37.779279
          ],
          [
            -122.397962,
            37.779319
          ],
          [
            -122.397942,
            37.779369
          ],
          [
            -122.397942,
            37.779419
          ],
          [
            -122.397952,
            37.779469
          ],
          [
            -122.397972,
            37.779529
          ],
          [
            -122.398002,
            37.779559
          ],
          [
            -122.398022,
            37.779649
          ],
          [
            -122.398022,
            37.779749
          ],
          [
            -122.398032,
            37.779849
          ],
          [
            -122.398042,
            37.779899
          ],
          [
            -122.398052,
            37.779969
          ],
          [
            -122.398052,
            37.780029
          ],
          [
            -122.398062,
            37.780069
          ],
          [
            -122.398012,
            37.780129
          ],
          [
            -122.397972,
            37.780169
          ],
          [
            -122.397902,
            37.780189
          ],
          [
            -122.397822,
            37.780209
          ],
          [
            -122.397882,
            37.780229
          ],
          [
            -122.397922,
            37.780229
          ],
          [
            -122.397942,
            37.780269
          ],
          [
            -122.397962,
            37.780299
          ],
          [
            -122.398042,
            37.780259
          ],
          [
            -122.398092,
            37.780209
          ],
          [
            -122.398122,
            37.780159
          ],
          [
            -122.398182,
            37.780109
          ],
          [
            -122.398202,
            37.780059
          ],
          [
            -122.398182,
            37.779989
          ],
          [
            -122.398142,
            37.779949
          ],
          [
            -122.398122,
            37.779899
          ],
          [
            -122.398152,
            37.779839
          ],
          [
            -122.398132,
            37.779779
          ],
          [
            -122.398142,
            37.779729
          ],
          [
            -122.398142,
            37.779659
          ],
          [
            -122.398152,
            37.779599
          ],
          [
            -122.398132,
            37.779539
          ],
          [
            -122.398082,
            37.779459
          ],
          [
            -122.398052,
            37.779389
          ],
          [
            -122.398032,
            37.779339
          ],
          [
            -122.398042,
            37.779249
          ],
          [
            -122.398072,
            37.779199
          ],
          [
            -122.398102,
            37.779149
          ],
          [
            -122.398172,
            37.779039
          ],
          [
            -122.398222,
            37.778979
          ],
          [
            -122.398212,
            37.778909
          ],
          [
            -122.398192,
            37.778849
          ],
          [
            -122.398202,
            37.778799
          ],
          [
            -122.398242,
            37.778769
          ],
          [
            -122.398292,
            37.778769
          ],
          [
            -122.398332,
            37.778779
          ],
          [
            -122.398412,
            37.778819
          ],
          [
            -122.398462,
            37.778859
          ],
          [
            -122.398522,
            37.778889
          ],
          [
            -122.398612,
            37.778949
          ],
          [
            -122.398672,
            37.778989
          ],
          [
            -122.398722,
            37.778989
          ],
          [
            -122.398812,
            37.778959
          ],
          [
            -122.398872,
            37.778939
          ],
          [
            -122.398932,
            37.778909
          ],
          [
            -122.398992,
            37.778859
          ],
          [
            -122.399042,
            37.778799
          ],
          [
            -122.399032,
            37.778609
          ],
          [
            -122.399042,
            37.778479
          ],
          [
            -122.399082,
            37.778419
          ],
          [
            -122.399112,
            37.778369
          ],
          [
            -122.399182,
            37.778319
          ],
          [
            -122.399232,
            37.778289
          ],
          [
            -122.399302,
            37.778239
          ],
          [
            -122.399412,
            37.778229
          ],
          [
            -122.399502,
            37.778249
          ],
          [
            -122.399572,
            37.778299
          ],
          [
            -122.399622,
            37.778369
          ],
          [
            -122.399622,
            37.778399
          ],
          [
            -122.399642,
            37.778459
          ],
          [
            -122.399672,
            37.778509
          ],
          [
            -122.399712,
            37.778569
          ],
          [
            -122.399732,
            37.778619
          ],
          [
            -122.399752,
            37.778669
          ],
          [
            -122.399732,
            37.778729
          ],
          [
            -122.399742,
            37.778789
          ],
          [
            -122.399762,
            37.778839
          ],
          [
            -122.399812,
            37.778869
          ],
          [
            -122.399862,
            37.778929
          ],
          [
            -122.399912,
            37.778949
          ],
          [
            -122.399892,
            37.778889
          ],
          [
            -122.399852,
            37.778819
          ],
          [
            -122.399832,
            37.778779
          ],
          [
            -122.399832,
            37.778709
          ],
          [
            -122.399832,
            37.778659
          ],
          [
            -122.399822,
            37.778619
          ],
          [
            -122.399762,
            37.778569
          ],
          [
            -122.399732,
            37.778539
          ],
          [
            -122.399722,
            37.778429
          ],
          [
            -122.399702,
            37.778339
          ],
          [
            -122.399662,
            37.778269
          ],
          [
            -122.399592,
            37.778239
          ],
          [
            -122.399542,
            37.778219
          ],
          [
            -122.399492,
            37.778169
          ],
          [
            -122.399472,
            37.778099
          ],
          [
            -122.399512,
            37.778049
          ],
          [
            -122.399612,
            37.778019
          ],
          [
            -122.399732,
            37.778009
          ],
          [
            -122.399802,
            37.777999
          ],
          [
            -122.399842,
            37.777989
          ],
          [
            -122.399892,
            37.777979
          ],
          [
            -122.399972,
            37.777949
          ],
          [
            -122.400062,
            37.777939
          ],
          [
            -122.400112,
            37.777949
          ],
          [
            -122.400172,
            37.777959
          ],
          [
            -122.400262,
            37.778039
          ],
          [
            -122.400302,
            37.778099
          ],
          [
            -122.400332,
            37.778149
          ],
          [
            -122.400342,
            37.778199
          ],
          [
            -122.400362,
            37.778259
          ],
          [
            -122.400382,
            37.778309
          ],
          [
            -122.400402,
            37.778379
          ],
          [
            -122.400412,
            37.778509
          ],
          [
            -122.400492,
            37.778599
          ],
          [
            -122.400612,
            37.778689
          ],
          [
            -122.400702,
            37.778709
          ],
          [
            -122.400802,
            37.778709
          ],
          [
            -122.400862,
            37.778709
          ],
          [
            -122.400932,
            37.778669
          ],
          [
            -122.400972,
            37.778639
          ],
          [
            -122.400992,
            37.778609
          ],
          [
            -122.400982,
            37.778559
          ],
          [
            -122.400972,
            37.778529
          ],
          [
            -122.400912,
            37.778459
          ],
          [
            -122.400872,
            37.778419
          ],
          [
            -122.400832,
            37.778379
          ],
          [
            -122.400792,
            37.778349
          ],
          [
            -122.400752,
            37.778289
          ],
          [
            -122.400732,
            37.778239
          ],
          [
            -122.400722,
            37.778179
          ],
          [
            -122.400722,
            37.778129
          ],
          [
            -122.400762,
            37.778069
          ],
          [
            -122.400792,
            37.778039
          ],
          [
            -122.400872,
            37.778049
          ],
          [
            -122.400862,
            37.778119
          ],
          [
            -122.400852,
            37.778179
          ],
          [
            -122.400862,
            37.778229
          ],
          [
            -122.400882,
            37.778269
          ],
          [
            -122.400912,
            37.778309
          ],
          [
            -122.400972,
            37.778339
          ],
          [
            -122.401022,
            37.778369
          ],
          [
            -122.401042,
            37.778409
          ],
          [
            -122.401062,
            37.778449
          ],
          [
            -122.401112,
            37.778499
          ],
          [
            -122.401092,
            37.778409
          ],
          [
            -122.401062,
            37.778349
          ],
          [
            -122.401002,
            37.778299
          ],
          [
            -122.400922,
            37.778229
          ],
          [
            -122.400922,
            37.778169
          ],
          [
            -122.400932,
            37.778099
          ],
          [
            -122.400942,
            37.778049
          ],
          [
            -122.400922,
            37.777979
          ],
          [
            -122.400902,
            37.777949
          ],
          [
            -122.400822,
            37.777939
          ],
          [
            -122.400762,
            37.777969
          ],
          [
            -122.400722,
            37.778019
          ],
          [
            -122.400672,
            37.778069
          ],
          [
            -122.400662,
            37.778109
          ],
          [
            -122.400662,
            37.778179
          ],
          [
            -122.400682,
            37.778229
          ],
          [
            -122.400682,
            37.778289
          ],
          [
            -122.400702,
            37.778329
          ],
          [
            -122.400752,
            37.778389
          ],
          [
            -122.400812,
            37.778429
          ],
          [
            -122.400842,
            37.778449
          ],
          [
            -122.400882,
            37.778499
          ],
          [
            -122.400902,
            37.778529
          ],
          [
            -122.400902,
            37.778599
          ],
          [
            -122.400862,
            37.778639
          ],
          [
            -122.400782,
            37.778649
          ],
          [
            -122.400642,
            37.778629
          ],
          [
            -122.400542,
            37.778559
          ],
          [
            -122.400502,
            37.778469
          ],
          [
            -122.400482,
            37.778389
          ],
          [
            -122.400492,
            37.778289
          ],
          [
            -122.400472,
            37.778239
          ],
          [
            -122.400462,
            37.778139
          ],
          [
            -122.400432,
            37.778079
          ],
          [
            -122.400412,
            37.778049
          ],
          [
            -122.400382,
            37.777999
          ],
          [
            -122.400372,
            37.777969
          ],
          [
            -122.400342,
            37.777919
          ],
          [
            -122.400312,
            37.777879
          ],
          [
            -122.400282,
            37.777809
          ],
          [
            -122.400262,
            37.777769
          ],
          [
            -122.400202,
            37.777749
          ],
          [
            -122.400142,
            37.777759
          ],
          [
            -122.400062,
            37.777749
          ],
          [
            -122.400002,
            37.777769
          ],
          [
            -122.399962,
            37.777819
          ],
          [
            -122.399882,
            37.777839
          ],
          [
            -122.399802,
            37.777859
          ],
          [
            -122.399722,
            37.777839
          ],
          [
            -122.399632,
            37.777849
          ],
          [
            -122.399582,
            37.777879
          ],
          [
            -122.399522,
            37.777909
          ],
          [
            -122.399442,
            37.777969
          ],
          [
            -122.399402,
            37.778029
          ],
          [
            -122.399332,
            37.778109
          ],
          [
            -122.399252,
            37.778179
          ],
          [
            -122.399182,
            37.778209
          ],
          [
            -122.399112,
            37.778259
          ],
          [
            -122.399022,
            37.778289
          ],
          [
            -122.398872,
            37.778399
          ],
          [
            -122.398892,
            37.778529
          ],
          [
            -122.398882,
            37.778659
          ],
          [
            -122.398862,
            37.778739
          ],
          [
            -122.398782,
            37.778759
          ],
          [
            -122.398732,
            37.778759
          ],
          [
            -122.398672,
            37.778749
          ],
          [
            -122.398622,
            37.778729
          ],
          [
            -122.398582,
            37.778699
          ],
          [
            -122.398552,
            37.778659
          ],
          [
            -122.398542,
            37.778619
          ],
          [
            -122.398552,
            37.778559
          ],
          [
            -122.398542,
            37.778509
          ],
          [
            -122.398532,
            37.778459
          ],
          [
            -122.398532,
            37.778419
          ],
          [
            -122.398582,
            37.778399
          ],
          [
            -122.398622,
            37.778389
          ],
          [
            -122.398702,
            37.778369
          ],
          [
            -122.398762,
            37.778329
          ],
          [
            -122.398752,
            37.778269
          ],
          [
            -122.398732,
            37.778199
          ],
          [
            -122.398692,
            37.778279
          ],
          [
            -122.398612,
            37.778309
          ],
          [
            -122.398532,
            37.778339
          ],
          [
            -122.398482,
            37.778379
          ],
          [
            -122.398442,
            37.778409
          ],
          [
            -122.398382,
            37.778419
          ],
          [
            -122.398342,
            37.778409
          ],
          [
            -122.398252,
            37.778349
          ],
          [
            -122.398192,
            37.778299
          ],
          [
            -122.398132,
            37.778279
          ],
          [
            -122.398052,
            37.778269
          ],
          [
            -122.398002,
            37.778289
          ],
          [
            -122.397912,
            37.778289
          ],
          [
            -122.397842,
            37.778279
          ],
          [
            -122.397792,
            37.778259
          ],
          [
            -122.397742,
            37.778239
          ],
          [
            -122.397662,
            37.778239
          ],
          [
            -122.397592,
            37.778219
          ],
          [
            -122.397542,
            37.778189
          ],
          [
            -122.397502,
            37.778139
          ],
          [
            -122.397512,
            37.778089
          ],
          [
            -122.397532,
            37.778039
          ],
          [
            -122.397562,
            37.777969
          ],
          [
            -122.397582,
            37.777919
          ],
          [
            -122.397642,
            37.777879
          ],
          [
            -122.397682,
            37.777819
          ],
          [
            -122.397722,
            37.777749
          ],
          [
            -122.397712,
            37.777619
          ],
          [
            -122.397752,
            37.777569
          ],
          [
            -122.397802,
            37.777509
          ],
          [
            -122.397802,
            37.777419
          ],
          [
            -122.397842,
            37.777369
          ],
          [
            -122.397902,
            37.777329
          ],
          [
            -122.397942,
            37.777259
          ],
          [
            -122.398022,
            37.777089
          ],
          [
            -122.398062,
            37.776989
          ],
          [
            -122.398142,
            37.776909
          ],
          [
            -122.398192,
            37.776869
          ],
          [
            -122.398212,
            37.776839
          ],
          [
            -122.398242,
            37.776789
          ],
          [
            -122.398272,
            37.776739
          ],
          [
            -122.398312,
            37.776699
          ],
          [
            -122.398352,
            37.776639
          ],
          [
            -122.398382,
            37.776589
          ],
          [
            -122.398412,
            37.776509
          ],
          [
            -122.398462,
            37.776469
          ],
          [
            -122.398512,
            37.776439
          ],
          [
            -122.398572,
            37.776399
          ],
          [
            -122.398602,
            37.776369
          ],
          [
            -122.398642,
            37.776289
          ],
          [
            -122.398662,
            37.776229
          ],
          [
            -122.398722,
            37.776179
          ],
          [
            -122.398782,
            37.776129
          ],
          [
            -122.398832,
            37.776089
          ],
          [
            -122.398892,
            37.776049
          ],
          [
            -122.398902,
            37.775999
          ],
          [
            -122.398932,
            37.775909
          ],
          [
            -122.398952,
            37.775869
          ],
          [
            -122.399002,
            37.775839
          ],
          [
            -122.399042,
            37.775819
          ],
          [
            -122.399082,
            37.775739
          ],
          [
            -122.399142,
            37.775669
          ],
          [
            -122.399182,
            37.775579
          ],
          [
            -122.399222,
            37.775519
          ],
          [
            -122.399282,
            37.775459
          ],
          [
            -122.399322,
            37.775409
          ],
          [
            -122.399362,
            37.775329
          ],
          [
            -122.399392,
            37.775289
          ],
          [
            -122.399452,
            37.775169
          ],
          [
            -122.399472,
            37.775129
          ],
          [
            -122.399532,
            37.775079
          ],
          [
            -122.399552,
            37.775039
          ],
          [
            -122.399602,
            37.775049
          ],
          [
            -122.399702,
            37.775069
          ],
          [
            -122.399732,
            37.775019
          ],
          [
            -122.399652,
            37.774979
          ],
          [
            -122.399592,
            37.774909
          ],
          [
            -122.399582,
            37.774799
          ],
          [
            -122.399602,
            37.774729
          ],
          [
            -122.399672,
            37.774679
          ],
          [
            -122.399692,
            37.774589
          ],
          [
            -122.399722,
            37.774489
          ],
          [
            -122.399762,
            37.774419
          ],
          [
            -122.399782,
            37.774349
          ],
          [
            -122.399792,
            37.774309
          ],
          [
            -122.399842,
            37.774249
          ],
          [
            -122.399882,
            37.774199
          ],
          [
            -122.399892,
            37.774159
          ],
          [
            -122.399952,
            37.774099
          ],
          [
            -122.399962,
            37.773989
          ],
          [
            -122.399982,
            37.773919
          ],
          [
            -122.400012,
            37.773859
          ],
          [
            -122.400052,
            37.773809
          ],
          [
            -122.400082,
            37.773739
          ],
          [
            -122.400082,
            37.773629
          ],
          [
            -122.400132,
            37.773549
          ],
          [
            -122.400142,
            37.773479
          ],
          [
            -122.400172,
            37.773309
          ],
          [
            -122.400162,
            37.773239
          ],
          [
            -122.400262,
            37.773109
          ],
          [
            -122.400252,
            37.77296
          ],
          [
            -122.400222,
            37.77289
          ],
          [
            -122.400202,
            37.77285
          ],
          [
            -122.400212,
            37.77273
          ],
          [
            -122.400212,
            37.77266
          ],
          [
            -122.400192,
            37.77262
          ],
          [
            -122.400222,
            37.77247
          ],
          [
            -122.400202,
            37.77239
          ],
          [
            -122.400192,
            37.7723
          ],
          [
            -122.400212,
            37.77221
          ],
          [
            -122.400222,
            37.77209
          ],
          [
            -122.400222,
            37.77203
          ],
          [
            -122.400232,
            37.77191
          ],
          [
            -122.400212,
            37.77184
          ],
          [
            -122.400282,
            37.7717
          ],
          [
            -122.400302,
            37.77163
          ],
          [
            -122.400312,
            37.7715
          ],
          [
            -122.400322,
            37.77141
          ],
          [
            -122.400352,
            37.77136
          ],
          [
            -122.400412,
            37.7713
          ],
          [
            -122.400442,
            37.77124
          ],
          [
            -122.400472,
            37.77117
          ],
          [
            -122.400542,
            37.77105
          ],
          [
            -122.400572,
            37.77095
          ],
          [
            -122.400652,
            37.77092
          ],
          [
            -122.400702,
            37.77089
          ],
          [
            -122.400772,
            37.77083
          ],
          [
            -122.400832,
            37.77076
          ],
          [
            -122.400872,
            37.77071
          ],
          [
            -122.400882,
            37.77062
          ],
          [
            -122.400902,
            37.77056
          ],
          [
            -122.400952,
            37.77047
          ],
          [
            -122.400982,
            37.77043
          ],
          [
            -122.401062,
            37.77043
          ],
          [
            -122.401142,
            37.77039
          ],
          [
            -122.401252,
            37.77039
          ],
          [
            -122.401362,
            37.77036
          ],
          [
            -122.401462,
            37.77036
          ],
          [
            -122.401602,
            37.77036
          ],
          [
            -122.401742,
            37.77035
          ],
          [
            -122.401972,
            37.77035
          ],
          [
            -122.402052,
            37.77032
          ],
          [
            -122.402132,
            37.7703
          ],
          [
            -122.402202,
            37.77025
          ],
          [
            -122.402292,
            37.77022
          ],
          [
            -122.402382,
            37.77024
          ],
          [
            -122.402512,
            37.77025
          ],
          [
            -122.402622,
            37.77031
          ],
          [
            -122.402732,
            37.77042
          ],
          [
            -122.402822,
            37.77049
          ],
          [
            -122.402882,
            37.7706
          ],
          [
            -122.402932,
            37.77067
          ],
          [
            -122.402962,
            37.77073
          ],
          [
            -122.403022,
            37.7708
          ],
          [
            -122.403092,
            37.77087
          ],
          [
            -122.403172,
            37.77093
          ],
          [
            -122.403242,
            37.77102
          ],
          [
            -122.403322,
            37.77108
          ],
          [
            -122.403402,
            37.77113
          ],
          [
            -122.403482,
            37.77117
          ],
          [
            -122.403542,
            37.7712
          ],
          [
            -122.403662,
            37.77119
          ],
          [
            -122.403752,
            37.77118
          ],
          [
            -122.403842,
            37.77116
          ],
          [
            -122.403922,
            37.77112
          ],
          [
            -122.403972,
            37.77108
          ],
          [
            -122.404082,
            37.77102
          ],
          [
            -122.404142,
            37.77099
          ],
          [
            -122.404232,
            37.77092
          ],
          [
            -122.404292,
            37.77087
          ],
          [
            -122.404332,
            37.77083
          ],
          [
            -122.404392,
            37.77081
          ],
          [
            -122.404452,
            37.77079
          ],
          [
            -122.404502,
            37.7708
          ],
          [
            -122.404592,
            37.77084
          ],
          [
            -122.404662,
            37.77081
          ],
          [
            -122.404692,
            37.77078
          ],
          [
            -122.404742,
            37.77073
          ],
          [
            -122.404812,
            37.77071
          ],
          [
            -122.404862,
            37.77072
          ],
          [
            -122.404892,
            37.77077
          ],
          [
            -122.404902,
            37.77081
          ],
          [
            -122.404872,
            37.77085
          ],
          [
            -122.404812,
            37.77089
          ],
          [
            -122.404742,
            37.77092
          ],
          [
            -122.404702,
            37.77098
          ],
          [
            -122.404702,
            37.77102
          ],
          [
            -122.404722,
            37.77107
          ],
          [
            -122.404742,
            37.77109
          ],
          [
            -122.404822,
            37.77114
          ],
          [
            -122.404882,
            37.77121
          ],
          [
            -122.404952,
            37.77124
          ],
          [
            -122.405012,
            37.77125
          ],
          [
            -122.405052,
            37.77128
          ],
          [
            -122.405042,
            37.77133
          ],
          [
            -122.404952,
            37.77138
          ],
          [
            -122.404872,
            37.77139
          ],
          [
            -122.404802,
            37.7714
          ],
          [
            -122.404732,
            37.77143
          ],
          [
            -122.404672,
            37.77146
          ],
          [
            -122.404622,
            37.7715
          ],
          [
            -122.404632,
            37.77155
          ],
          [
            -122.404662,
            37.7716
          ],
          [
            -122.404742,
            37.77162
          ],
          [
            -122.404762,
            37.77158
          ],
          [
            -122.404792,
            37.77154
          ],
          [
            -122.404842,
            37.77152
          ],
          [
            -122.404922,
            37.77146
          ],
          [
            -122.404972,
            37.77145
          ],
          [
            -122.405022,
            37.77143
          ],
          [
            -122.405092,
            37.77138
          ],
          [
            -122.405122,
            37.77133
          ],
          [
            -122.405112,
            37.77125
          ],
          [
            -122.405072,
            37.7712
          ],
          [
            -122.404992,
            37.77118
          ],
          [
            -122.404952,
            37.77116
          ],
          [
            -122.404912,
            37.77111
          ],
          [
            -122.404872,
            37.77106
          ],
          [
            -122.404792,
            37.77106
          ],
          [
            -122.404772,
            37.77101
          ],
          [
            -122.404812,
            37.77096
          ],
          [
            -122.404862,
            37.77092
          ],
          [
            -122.405002,
            37.77086
          ],
          [
            -122.405052,
            37.77081
          ],
          [
            -122.405062,
            37.77077
          ],
          [
            -122.405032,
            37.77073
          ],
          [
            -122.404952,
            37.77065
          ],
          [
            -122.404882,
            37.77064
          ],
          [
            -122.404802,
            37.77063
          ],
          [
            -122.404752,
            37.77066
          ],
          [
            -122.404702,
            37.77068
          ],
          [
            -122.404642,
            37.77071
          ],
          [
            -122.404612,
            37.77073
          ],
          [
            -122.404552,
            37.77073
          ],
          [
            -122.404502,
            37.77072
          ],
          [
            -122.404442,
            37.77072
          ],
          [
            -122.404452,
            37.77067
          ],
          [
            -122.404502,
            37.77065
          ],
          [
            -122.404542,
            37.77063
          ],
          [
            -122.404542,
            37.77058
          ],
          [
            -122.404512,
            37.77049
          ],
          [
            -122.404562,
            37.77046
          ],
          [
            -122.404642,
            37.77043
          ],
          [
            -122.404682,
            37.77041
          ],
          [
            -122.404712,
            37.77039
          ],
          [
            -122.404712,
            37.77033
          ],
          [
            -122.404772,
            37.77027
          ],
          [
            -122.404812,
            37.77021
          ],
          [
            -122.404852,
            37.77017
          ],
          [
            -122.404912,
            37.77014
          ],
          [
            -122.404982,
            37.77013
          ],
          [
            -122.405082,
            37.7701
          ],
          [
            -122.405152,
            37.77006
          ],
          [
            -122.405182,
            37.77002
          ],
          [
            -122.405302,
            37.77
          ],
          [
            -122.405362,
            37.76994
          ],
          [
            -122.405472,
            37.76991
          ],
          [
            -122.405542,
            37.76987
          ],
          [
            -122.405612,
            37.76985
          ],
          [
            -122.405662,
            37.76982
          ],
          [
            -122.405712,
            37.76979
          ],
          [
            -122.405772,
            37.76975
          ],
          [
            -122.405862,
            37.76973
          ],
          [
            -122.405942,
            37.76968
          ],
          [
            -122.406042,
            37.76965
          ],
          [
            -122.406192,
            37.7696
          ],
          [
            -122.406342,
            37.76959
          ],
          [
            -122.406432,
            37.76959
          ],
          [
            -122.406502,
            37.76963
          ],
          [
            -122.406592,
            37.76966
          ],
          [
            -122.406652,
            37.76968
          ],
          [
            -122.406702,
            37.7697
          ],
          [
            -122.406782,
            37.76975
          ],
          [
            -122.406882,
            37.76983
          ],
          [
            -122.406942,
            37.76991
          ],
          [
            -122.406992,
            37.76993
          ],
          [
            -122.407102,
            37.76995
          ],
          [
            -122.407212,
            37.76998
          ],
          [
            -122.407332,
            37.76995
          ],
          [
            -122.407432,
            37.76988
          ],
          [
            -122.407552,
            37.76982
          ],
          [
            -122.407612,
            37.76978
          ],
          [
            -122.407702,
            37.76971
          ],
          [
            -122.407782,
            37.76968
          ],
          [
            -122.407862,
            37.76967
          ],
          [
            -122.407962,
            37.7697
          ],
          [
            -122.408012,
            37.76975
          ],
          [
            -122.408022,
            37.7698
          ],
          [
            -122.408012,
            37.76985
          ],
          [
            -122.407972,
            37.76988
          ],
          [
            -122.407842,
            37.76991
          ],
          [
            -122.407742,
            37.76996
          ],
          [
            -122.407672,
            37.77
          ],
          [
            -122.407622,
            37.77006
          ],
          [
            -122.407642,
            37.77012
          ],
          [
            -122.407682,
            37.77018
          ],
          [
            -122.407732,
            37.77023
          ],
          [
            -122.407822,
            37.77028
          ],
          [
            -122.407912,
            37.77028
          ],
          [
            -122.408052,
            37.77029
          ],
          [
            -122.408132,
            37.77029
          ],
          [
            -122.408222,
            37.7703
          ],
          [
            -122.408292,
            37.77028
          ],
          [
            -122.408352,
            37.77025
          ],
          [
            -122.408372,
            37.77022
          ],
          [
            -122.408372,
            37.77016
          ],
          [
            -122.408322,
            37.77012
          ],
          [
            -122.408282,
            37.7701
          ],
          [
            -122.408192,
            37.77014
          ],
          [
            -122.408122,
            37.77016
          ],
          [
            -122.408042,
            37.77016
          ],
          [
            -122.407972,
            37.77017
          ],
          [
            -122.407932,
            37.77016
          ],
          [
            -122.407912,
            37.77013
          ],
          [
            -122.407902,
            37.77009
          ],
          [
            -122.407922,
            37.77006
          ],
          [
            -122.407952,
            37.77003
          ],
          [
            -122.408002,
            37.77001
          ],
          [
            -122.408062,
            37.77001
          ],
          [
            -122.408132,
            37.76999
          ],
          [
            -122.408172,
            37.76997
          ],
          [
            -122.408202,
            37.76995
          ],
          [
            -122.408252,
            37.7699
          ],
          [
            -122.408272,
            37.76986
          ],
          [
            -122.408272,
            37.76981
          ],
          [
            -122.408262,
            37.76976
          ],
          [
            -122.408232,
            37.7697
          ],
          [
            -122.408182,
            37.76964
          ],
          [
            -122.408132,
            37.7696
          ],
          [
            -122.408082,
            37.76958
          ],
          [
            -122.408012,
            37.76955
          ],
          [
            -122.407982,
            37.76952
          ],
          [
            -122.408012,
            37.76948
          ],
          [
            -122.408082,
            37.76946
          ],
          [
            -122.408142,
            37.76943
          ],
          [
            -122.408192,
            37.76939
          ],
          [
            -122.408262,
            37.76939
          ],
          [
            -122.408362,
            37.76942
          ],
          [
            -122.408412,
            37.76939
          ],
          [
            -122.408502,
            37.76941
          ],
          [
            -122.408552,
            37.76944
          ],
          [
            -122.408632,
            37.76943
          ],
          [
            -122.408702,
            37.76948
          ],
          [
            -122.408752,
            37.7695
          ],
          [
            -122.408822,
            37.76951
          ],
          [
            -122.408962,
            37.76951
          ],
          [
            -122.409202,
            37.76948
          ],
          [
            -122.409262,
            37.76948
          ],
          [
            -122.409322,
            37.76946
          ],
          [
            -122.409432,
            37.76946
          ],
          [
            -122.409532,
            37.76945
          ],
          [
            -122.409582,
            37.76947
          ],
          [
            -122.409642,
            37.7695
          ],
          [
            -122.409712,
            37.76952
          ],
          [
            -122.409752,
            37.76954
          ],
          [
            -122.409842,
            37.76959
          ],
          [
            -122.409892,
            37.76962
          ],
          [
            -122.409962,
            37.76963
          ],
          [
            -122.410012,
            37.76963
          ],
          [
            -122.410082,
            37.76961
          ],
          [
            -122.410132,
            37.76963
          ],
          [
            -122.410232,
            37.76962
          ],
          [
            -122.410302,
            37.76959
          ],
          [
            -122.410542,
            37.76959
          ],
          [
            -122.410852,
            37.76958
          ],
          [
            -122.410932,
            37.76952
          ],
          [
            -122.410982,
            37.7695
          ],
          [
            -122.411062,
            37.76946
          ],
          [
            -122.411122,
            37.76944
          ],
          [
            -122.411202,
            37.76943
          ],
          [
            -122.411262,
            37.76944
          ],
          [
            -122.411322,
            37.76942
          ],
          [
            -122.411392,
            37.76941
          ],
          [
            -122.411462,
            37.76941
          ],
          [
            -122.411502,
            37.76939
          ],
          [
            -122.411562,
            37.76938
          ],
          [
            -122.411622,
            37.76936
          ],
          [
            -122.411682,
            37.76936
          ],
          [
            -122.411752,
            37.76939
          ],
          [
            -122.411792,
            37.7694
          ],
          [
            -122.411832,
            37.76935
          ],
          [
            -122.411882,
            37.76931
          ],
          [
            -122.411942,
            37.76925
          ],
          [
            -122.411962,
            37.76921
          ],
          [
            -122.411992,
            37.76913
          ],
          [
            -122.412022,
            37.7691
          ],
          [
            -122.412052,
            37.76905
          ],
          [
            -122.412072,
            37.76897
          ],
          [
            -122.412142,
            37.76895
          ],
          [
            -122.412222,
            37.76893
          ],
          [
            -122.412302,
            37.76892
          ],
          [
            -122.412392,
            37.7689
          ],
          [
            -122.412492,
            37.76891
          ],
          [
            -122.412592,
            37.76894
          ],
          [
            -122.412652,
            37.76897
          ],
          [
            -122.412732,
            37.76897
          ],
          [
            -122.412802,
            37.76896
          ],
          [
            -122.412892,
            37.76893
          ],
          [
            -122.412962,
            37.76896
          ],
          [
            -122.413022,
            37.76899
          ],
          [
            -122.413112,
            37.76899
          ],
          [
            -122.413142,
            37.76895
          ],
          [
            -122.413162,
            37.76889
          ],
          [
            -122.413172,
            37.76881
          ],
          [
            -122.413192,
            37.76872
          ],
          [
            -122.413262,
            37.76868
          ],
          [
            -122.413322,
            37.76867
          ],
          [
            -122.413302,
            37.7686
          ],
          [
            -122.413312,
            37.76854
          ],
          [
            -122.413312,
            37.7685
          ],
          [
            -122.413332,
            37.76843
          ],
          [
            -122.413332,
            37.76838
          ],
          [
            -122.413292,
            37.7684
          ],
          [
            -122.413242,
            37.76841
          ],
          [
            -122.413162,
            37.7684
          ],
          [
            -122.413122,
            37.76841
          ],
          [
            -122.413082,
            37.76845
          ],
          [
            -122.413032,
            37.76848
          ],
          [
            -122.412982,
            37.76847
          ],
          [
            -122.412922,
            37.76848
          ],
          [
            -122.412902,
            37.76851
          ],
          [
            -122.412902,
            37.76855
          ],
          [
            -122.412882,
            37.76859
          ],
          [
            -122.412842,
            37.76862
          ],
          [
            -122.412782,
            37.76865
          ],
          [
            -122.412762,
            37.76871
          ],
          [
            -122.412732,
            37.76877
          ],
          [
            -122.412662,
            37.76877
          ],
          [
            -122.412602,
            37.76876
          ],
          [
            -122.412522,
            37.76878
          ],
          [
            -122.412442,
            37.76879
          ],
          [
            -122.412352,
            37.76882
          ],
          [
            -122.412292,
            37.76882
          ],
          [
            -122.412242,
            37.76879
          ],
          [
            -122.412242,
            37.76874
          ],
          [
            -122.412272,
            37.76867
          ],
          [
            -122.412272,
            37.76864
          ],
          [
            -122.412282,
            37.76859
          ],
          [
            -122.412282,
            37.76855
          ],
          [
            -122.412302,
            37.76848
          ],
          [
            -122.412362,
            37.76849
          ],
          [
            -122.412412,
            37.76851
          ],
          [
            -122.412442,
            37.76848
          ],
          [
            -122.412442,
            37.76842
          ],
          [
            -122.412442,
            37.76838
          ],
          [
            -122.412452,
            37.76834
          ],
          [
            -122.412472,
            37.76828
          ],
          [
            -122.412492,
            37.76824
          ],
          [
            -122.412462,
            37.76815
          ],
          [
            -122.412452,
            37.76809
          ],
          [
            -122.412452,
            37.76804
          ],
          [
            -122.412452,
            37.76796
          ],
          [
            -122.412372,
            37.76795
          ],
          [
            -122.412362,
            37.76801
          ],
          [
            -122.412332,
            37.76809
          ],
          [
            -122.412282,
            37.76813
          ],
          [
            -122.412222,
            37.76817
          ],
          [
            -122.412182,
            37.7682
          ],
          [
            -122.412152,
            37.76823
          ],
          [
            -122.412132,
            37.76828
          ],
          [
            -122.412132,
            37.76834
          ],
          [
            -122.412112,
            37.76837
          ],
          [
            -122.412052,
            37.76834
          ],
          [
            -122.412062,
            37.76821
          ],
          [
            -122.412062,
            37.76814
          ],
          [
            -122.412062,
            37.76809
          ],
          [
            -122.412062,
            37.76798
          ],
          [
            -122.412052,
            37.76789
          ],
          [
            -122.412012,
            37.76784
          ],
          [
            -122.412012,
            37.76775
          ],
          [
            -122.412092,
            37.76764
          ],
          [
            -122.412172,
            37.76756
          ],
          [
            -122.412282,
            37.76746
          ],
          [
            -122.412342,
            37.7674
          ],
          [
            -122.412362,
            37.76737
          ],
          [
            -122.412402,
            37.76738
          ],
          [
            -122.412472,
            37.76739
          ],
          [
            -122.412522,
            37.76735
          ],
          [
            -122.412452,
            37.76733
          ],
          [
            -122.412442,
            37.76727
          ],
          [
            -122.412502,
            37.76721
          ],
          [
            -122.412592,
            37.76711
          ],
          [
            -122.412622,
            37.76706
          ],
          [
            -122.412662,
            37.76697
          ],
          [
            -122.412702,
            37.76688
          ],
          [
            -122.412702,
            37.7668
          ],
          [
            -122.412732,
            37.76675
          ],
          [
            -122.412782,
            37.76669
          ],
          [
            -122.412792,
            37.76661
          ],
          [
            -122.412802,
            37.76653
          ],
          [
            -122.412832,
            37.76647
          ],
          [
            -122.412902,
            37.76643
          ],
          [
            -122.412942,
            37.76637
          ],
          [
            -122.412952,
            37.76632
          ],
          [
            -122.412962,
            37.76626
          ],
          [
            -122.412972,
            37.76618
          ],
          [
            -122.412982,
            37.76613
          ],
          [
            -122.413072,
            37.76615
          ],
          [
            -122.413152,
            37.76616
          ],
          [
            -122.413202,
            37.76615
          ],
          [
            -122.413272,
            37.76614
          ],
          [
            -122.413372,
            37.76611
          ],
          [
            -122.413432,
            37.76614
          ],
          [
            -122.413482,
            37.76617
          ],
          [
            -122.413512,
            37.76623
          ],
          [
            -122.413542,
            37.76629
          ],
          [
            -122.413552,
            37.76634
          ],
          [
            -122.413572,
            37.76638
          ],
          [
            -122.413592,
            37.76644
          ],
          [
            -122.413622,
            37.76648
          ],
          [
            -122.413692,
            37.76651
          ],
          [
            -122.413772,
            37.76654
          ],
          [
            -122.413822,
            37.76654
          ],
          [
            -122.413912,
            37.76649
          ],
          [
            -122.413972,
            37.76643
          ],
          [
            -122.414032,
            37.76639
          ],
          [
            -122.414062,
            37.76636
          ],
          [
            -122.414152,
            37.76635
          ],
          [
            -122.414142,
            37.76624
          ],
          [
            -122.414162,
            37.76616
          ],
          [
            -122.414152,
            37.76607
          ],
          [
            -122.414192,
            37.766
          ],
          [
            -122.414232,
            37.76595
          ],
          [
            -122.414282,
            37.76591
          ],
          [
            -122.414282,
            37.76584
          ],
          [
            -122.414232,
            37.76578
          ],
          [
            -122.414172,
            37.76577
          ],
          [
            -122.414132,
            37.76573
          ],
          [
            -122.414112,
            37.7657
          ],
          [
            -122.414112,
            37.76566
          ],
          [
            -122.414152,
            37.76561
          ],
          [
            -122.414182,
            37.76555
          ],
          [
            -122.414192,
            37.76548
          ],
          [
            -122.414162,
            37.76543
          ],
          [
            -122.414132,
            37.76536
          ],
          [
            -122.414092,
            37.76531
          ],
          [
            -122.414032,
            37.76528
          ],
          [
            -122.413992,
            37.76526
          ],
          [
            -122.413942,
            37.76529
          ],
          [
            -122.413812,
            37.76536
          ],
          [
            -122.413762,
            37.76539
          ],
          [
            -122.413752,
            37.76542
          ],
          [
            -122.413732,
            37.76547
          ],
          [
            -122.413712,
            37.76552
          ],
          [
            -122.413672,
            37.76555
          ],
          [
            -122.413632,
            37.7656
          ],
          [
            -122.413592,
            37.76564
          ],
          [
            -122.413592,
            37.76568
          ],
          [
            -122.413592,
            37.76571
          ],
          [
            -122.413572,
            37.76576
          ],
          [
            -122.413512,
            37.76582
          ],
          [
            -122.413482,
            37.76585
          ],
          [
            -122.413452,
            37.76589
          ],
          [
            -122.413412,
            37.76592
          ],
          [
            -122.413362,
            37.76594
          ],
          [
            -122.413322,
            37.76598
          ],
          [
            -122.413302,
            37.76603
          ],
          [
            -122.413252,
            37.76607
          ],
          [
            -122.413172,
            37.76609
          ],
          [
            -122.413092,
            37.76609
          ],
          [
            -122.413052,
            37.76604
          ],
          [
            -122.413052,
            37.766
          ],
          [
            -122.413072,
            37.76596
          ],
          [
            -122.413112,
            37.76594
          ],
          [
            -122.413162,
            37.76594
          ],
          [
            -122.413212,
            37.76591
          ],
          [
            -122.413242,
            37.76589
          ],
          [
            -122.413282,
            37.76586
          ],
          [
            -122.413322,
            37.76581
          ],
          [
            -122.413352,
            37.76575
          ],
          [
            -122.413402,
            37.76571
          ],
          [
            -122.413462,
            37.76569
          ],
          [
            -122.413502,
            37.76562
          ],
          [
            -122.413542,
            37.7655
          ],
          [
            -122.413602,
            37.76543
          ],
          [
            -122.413662,
            37.76533
          ],
          [
            -122.413682,
            37.76527
          ],
          [
            -122.413732,
            37.76522
          ],
          [
            -122.413762,
            37.76519
          ],
          [
            -122.413802,
            37.76515
          ],
          [
            -122.413722,
            37.76512
          ],
          [
            -122.413752,
            37.765
          ],
          [
            -122.413782,
            37.76491
          ],
          [
            -122.413792,
            37.76484
          ],
          [
            -122.413812,
            37.76478
          ],
          [
            -122.413832,
            37.76472
          ],
          [
            -122.413922,
            37.76462
          ],
          [
            -122.413972,
            37.76456
          ],
          [
            -122.414022,
            37.76447
          ],
          [
            -122.414062,
            37.76442
          ],
          [
            -122.414102,
            37.76437
          ],
          [
            -122.414142,
            37.76435
          ],
          [
            -122.414172,
            37.76433
          ],
          [
            -122.414232,
            37.76429
          ],
          [
            -122.414302,
            37.76426
          ],
          [
            -122.414382,
            37.76425
          ],
          [
            -122.414462,
            37.76421
          ],
          [
            -122.414512,
            37.76416
          ],
          [
            -122.414572,
            37.76412
          ],
          [
            -122.414632,
            37.76408
          ],
          [
            -122.414672,
            37.76405
          ],
          [
            -122.414732,
            37.76402
          ],
          [
            -122.414802,
            37.76401
          ],
          [
            -122.414862,
            37.76399
          ],
          [
            -122.414922,
            37.76396
          ],
          [
            -122.414962,
            37.76392
          ],
          [
            -122.415022,
            37.76386
          ],
          [
            -122.415052,
            37.76382
          ],
          [
            -122.415142,
            37.76378
          ],
          [
            -122.415232,
            37.76372
          ],
          [
            -122.415392,
            37.76366
          ],
          [
            -122.415452,
            37.7636
          ],
          [
            -122.415522,
            37.76354
          ],
          [
            -122.415562,
            37.76349
          ],
          [
            -122.415602,
            37.76347
          ],
          [
            -122.415672,
            37.76346
          ],
          [
            -122.415752,
            37.76344
          ],
          [
            -122.415802,
            37.7634
          ],
          [
            -122.415832,
            37.76335
          ],
          [
            -122.415852,
            37.76329
          ],
          [
            -122.415862,
            37.76324
          ],
          [
            -122.415902,
            37.76321
          ],
          [
            -122.415992,
            37.76317
          ],
          [
            -122.416152,
            37.76315
          ],
          [
            -122.416212,
            37.76313
          ],
          [
            -122.416272,
            37.76307
          ],
          [
            -122.416312,
            37.76302
          ],
          [
            -122.416252,
            37.76299
          ],
          [
            -122.416192,
            37.76301
          ],
          [
            -122.416142,
            37.76301
          ],
          [
            -122.416152,
            37.76297
          ],
          [
            -122.416202,
            37.76294
          ],
          [
            -122.416202,
            37.76288
          ],
          [
            -122.416132,
            37.76288
          ],
          [
            -122.416062,
            37.76289
          ],
          [
            -122.415992,
            37.76292
          ],
          [
            -122.415912,
            37.76293
          ],
          [
            -122.415852,
            37.76292
          ],
          [
            -122.415752,
            37.7629
          ],
          [
            -122.415772,
            37.76286
          ],
          [
            -122.415862,
            37.76284
          ],
          [
            -122.415862,
            37.76278
          ],
          [
            -122.415872,
            37.76272
          ],
          [
            -122.415902,
            37.76269
          ],
          [
            -122.415942,
            37.76267
          ],
          [
            -122.415992,
            37.76264
          ],
          [
            -122.416102,
            37.76262
          ],
          [
            -122.416132,
            37.76259
          ],
          [
            -122.416092,
            37.76257
          ],
          [
            -122.416022,
            37.76257
          ],
          [
            -122.415952,
            37.76259
          ],
          [
            -122.415902,
            37.76261
          ],
          [
            -122.415842,
            37.76263
          ],
          [
            -122.415772,
            37.76263
          ],
          [
            -122.415722,
            37.76262
          ],
          [
            -122.415662,
            37.7626
          ],
          [
            -122.415662,
            37.76256
          ],
          [
            -122.415622,
            37.76253
          ],
          [
            -122.415552,
            37.76254
          ],
          [
            -122.415472,
            37.76251
          ],
          [
            -122.415442,
            37.76248
          ],
          [
            -122.415422,
            37.76244
          ],
          [
            -122.415382,
            37.76239
          ],
          [
            -122.415322,
            37.76234
          ],
          [
            -122.415242,
            37.7623
          ],
          [
            -122.415192,
            37.76229
          ],
          [
            -122.415132,
            37.76227
          ],
          [
            -122.415032,
            37.76226
          ],
          [
            -122.414932,
            37.76225
          ],
          [
            -122.414882,
            37.76224
          ],
          [
            -122.414832,
            37.76222
          ],
          [
            -122.414782,
            37.76224
          ],
          [
            -122.414732,
            37.76223
          ],
          [
            -122.414692,
            37.7622
          ],
          [
            -122.414652,
            37.76219
          ],
          [
            -122.414602,
            37.76218
          ],
          [
            -122.414532,
            37.7622
          ],
          [
            -122.414472,
            37.76218
          ],
          [
            -122.414422,
            37.76211
          ],
          [
            -122.414382,
            37.76205
          ],
          [
            -122.414342,
            37.76199
          ],
          [
            -122.414332,
            37.76195
          ],
          [
            -122.414322,
            37.76189
          ],
          [
            -122.414292,
            37.76185
          ],
          [
            -122.414302,
            37.76181
          ],
          [
            -122.414312,
            37.76175
          ],
          [
            -122.414242,
            37.76167
          ],
          [
            -122.414202,
            37.76162
          ],
          [
            -122.414172,
            37.76158
          ],
          [
            -122.414202,
            37.76154
          ],
          [
            -122.414222,
            37.76149
          ],
          [
            -122.414232,
            37.76146
          ],
          [
            -122.414222,
            37.76138
          ],
          [
            -122.414202,
            37.76134
          ],
          [
            -122.414212,
            37.7613
          ],
          [
            -122.414222,
            37.76125
          ],
          [
            -122.414252,
            37.76121
          ]
        ]
      }
    },
    {
      "type": "Feature",
      "properties": {
        "FEATURE_ID": 927419,
        "FEATURE": 20,
        "SOURCE_ID": "T00398",
        "DATA_SOURC": "P",
        "SRC_DATE": "18530101",
        "HOR_ACC": "0",
        "INFORM": "\u0000\u0000\u0000\u0000\u0000\u0000\u0000\u0000\u0000\u0000\u0000\u0000\u0000\u0000\u0000\u0000\u0000\u0000\u0000\u0000\u0000\u0000\u0000\u0000\u0000\u0000\u0000\u0000\u0000\u0000\u0000\u0000\u0000\u0000\u0000\u0000\u0000\u0000\u0000\u0000\u0000\u0000\u0000\u0000\u0000\u0000\u0000\u0000\u0000\u0000\u0000\u0000\u0000\u0000\u0000\u0000\u0000\u0000\u0000\u0000\u0000\u0000\u0000\u0000\u0000\u0000\u0000\u0000\u0000\u0000\u0000\u0000\u0000\u0000\u0000\u0000\u0000\u0000\u0000\u0000\u0000\u0000\u0000\u0000\u0000\u0000\u0000\u0000\u0000\u0000\u0000\u0000\u0000\u0000\u0000\u0000\u0000\u0000\u0000\u0000\u0000\u0000\u0000\u0000\u0000\u0000\u0000\u0000\u0000\u0000\u0000\u0000\u0000\u0000\u0000\u0000\u0000\u0000\u0000\u0000\u0000\u0000\u0000\u0000\u0000\u0000\u0000\u0000\u0000\u0000\u0000\u0000\u0000\u0000\u0000\u0000\u0000\u0000\u0000\u0000\u0000\u0000\u0000\u0000\u0000\u0000\u0000\u0000\u0000\u0000\u0000\u0000\u0000\u0000\u0000\u0000\u0000\u0000\u0000\u0000\u0000\u0000\u0000\u0000\u0000\u0000\u0000\u0000\u0000\u0000\u0000\u0000\u0000\u0000\u0000\u0000\u0000\u0000\u0000\u0000\u0000\u0000\u0000\u0000\u0000\u0000\u0000\u0000\u0000\u0000\u0000\u0000\u0000\u0000\u0000\u0000\u0000\u0000\u0000\u0000\u0000\u0000\u0000\u0000\u0000\u0000\u0000\u0000\u0000\u0000\u0000\u0000\u0000\u0000\u0000\u0000\u0000\u0000\u0000\u0000\u0000\u0000\u0000\u0000\u0000\u0000\u0000\u0000\u0000\u0000\u0000\u0000\u0000\u0000\u0000\u0000\u0000\u0000\u0000\u0000\u0000\u0000\u0000\u0000\u0000\u0000\u0000\u0000\u0000\u0000\u0000\u0000\u0000\u0000",
        "RESOLUTION": 0,
        "ATTRIBUTE": "Natural.Mean High Water",
        "CLASS": "SHORELINE",
        "F_CODE": null,
        "EX_METH": "M",
        "EXTRACT_TE": "P",
        "_selecter_format": "shapefile",
        "_selecter_sourcecrs": "EPSG:4269",
        "_selecter_source": "CA37B07 1853 SF",
        "_selecter_imported": "2026-08-03T23:02:23.649Z"
      },
      "geometry": {
        "type": "LineString",
        "coordinates": [
          [
            -122.404192,
            37.77014
          ],
          [
            -122.404192,
            37.77018
          ],
          [
            -122.404162,
            37.77022
          ],
          [
            -122.404142,
            37.77026
          ],
          [
            -122.404122,
            37.7703
          ],
          [
            -122.404092,
            37.77036
          ],
          [
            -122.404072,
            37.77041
          ],
          [
            -122.404042,
            37.77046
          ],
          [
            -122.404012,
            37.7705
          ],
          [
            -122.403982,
            37.77054
          ],
          [
            -122.403962,
            37.7706
          ],
          [
            -122.403932,
            37.77065
          ],
          [
            -122.403912,
            37.7707
          ],
          [
            -122.403852,
            37.77075
          ],
          [
            -122.403772,
            37.7708
          ],
          [
            -122.403672,
            37.77083
          ],
          [
            -122.403582,
            37.77083
          ],
          [
            -122.403492,
            37.77081
          ],
          [
            -122.403432,
            37.77078
          ],
          [
            -122.403382,
            37.77075
          ],
          [
            -122.403332,
            37.77072
          ],
          [
            -122.403322,
            37.77067
          ],
          [
            -122.403302,
            37.77062
          ],
          [
            -122.403292,
            37.77057
          ],
          [
            -122.403282,
            37.77053
          ],
          [
            -122.403252,
            37.7705
          ],
          [
            -122.403212,
            37.77047
          ],
          [
            -122.403152,
            37.77041
          ],
          [
            -122.403122,
            37.7704
          ],
          [
            -122.403072,
            37.77037
          ],
          [
            -122.403012,
            37.77035
          ],
          [
            -122.402952,
            37.77033
          ],
          [
            -122.402912,
            37.77029
          ],
          [
            -122.402972,
            37.77026
          ],
          [
            -122.403012,
            37.77025
          ],
          [
            -122.403092,
            37.77024
          ],
          [
            -122.403162,
            37.77024
          ],
          [
            -122.403212,
            37.77025
          ],
          [
            -122.403282,
            37.77025
          ],
          [
            -122.403352,
            37.77024
          ],
          [
            -122.403392,
            37.77021
          ],
          [
            -122.403432,
            37.77017
          ],
          [
            -122.403482,
            37.77013
          ],
          [
            -122.403512,
            37.77005
          ],
          [
            -122.403582,
            37.77
          ],
          [
            -122.403642,
            37.76995
          ],
          [
            -122.403702,
            37.76988
          ],
          [
            -122.403752,
            37.76985
          ],
          [
            -122.403852,
            37.76985
          ],
          [
            -122.403882,
            37.76987
          ],
          [
            -122.403942,
            37.76991
          ],
          [
            -122.403962,
            37.76997
          ],
          [
            -122.403982,
            37.77002
          ],
          [
            -122.404022,
            37.77006
          ],
          [
            -122.404072,
            37.77011
          ],
          [
            -122.404112,
            37.77013
          ],
          [
            -122.404162,
            37.77013
          ],
          [
            -122.404192,
            37.77014
          ]
        ]
      }
    },
    {
      "type": "Feature",
      "properties": {
        "FEATURE_ID": 927420,
        "FEATURE": 20,
        "SOURCE_ID": "T00398",
        "DATA_SOURC": "P",
        "SRC_DATE": "18530101",
        "HOR_ACC": "0",
        "INFORM": "\u0000\u0000\u0000\u0000\u0000\u0000\u0000\u0000\u0000\u0000\u0000\u0000\u0000\u0000\u0000\u0000\u0000\u0000\u0000\u0000\u0000\u0000\u0000\u0000\u0000\u0000\u0000\u0000\u0000\u0000\u0000\u0000\u0000\u0000\u0000\u0000\u0000\u0000\u0000\u0000\u0000\u0000\u0000\u0000\u0000\u0000\u0000\u0000\u0000\u0000\u0000\u0000\u0000\u0000\u0000\u0000\u0000\u0000\u0000\u0000\u0000\u0000\u0000\u0000\u0000\u0000\u0000\u0000\u0000\u0000\u0000\u0000\u0000\u0000\u0000\u0000\u0000\u0000\u0000\u0000\u0000\u0000\u0000\u0000\u0000\u0000\u0000\u0000\u0000\u0000\u0000\u0000\u0000\u0000\u0000\u0000\u0000\u0000\u0000\u0000\u0000\u0000\u0000\u0000\u0000\u0000\u0000\u0000\u0000\u0000\u0000\u0000\u0000\u0000\u0000\u0000\u0000\u0000\u0000\u0000\u0000\u0000\u0000\u0000\u0000\u0000\u0000\u0000\u0000\u0000\u0000\u0000\u0000\u0000\u0000\u0000\u0000\u0000\u0000\u0000\u0000\u0000\u0000\u0000\u0000\u0000\u0000\u0000\u0000\u0000\u0000\u0000\u0000\u0000\u0000\u0000\u0000\u0000\u0000\u0000\u0000\u0000\u0000\u0000\u0000\u0000\u0000\u0000\u0000\u0000\u0000\u0000\u0000\u0000\u0000\u0000\u0000\u0000\u0000\u0000\u0000\u0000\u0000\u0000\u0000\u0000\u0000\u0000\u0000\u0000\u0000\u0000\u0000\u0000\u0000\u0000\u0000\u0000\u0000\u0000\u0000\u0000\u0000\u0000\u0000\u0000\u0000\u0000\u0000\u0000\u0000\u0000\u0000\u0000\u0000\u0000\u0000\u0000\u0000\u0000\u0000\u0000\u0000\u0000\u0000\u0000\u0000\u0000\u0000\u0000\u0000\u0000\u0000\u0000\u0000\u0000\u0000\u0000\u0000\u0000\u0000\u0000\u0000\u0000\u0000\u0000\u0000\u0000\u0000\u0000\u0000\u0000\u0000\u0000",
        "RESOLUTION": 0,
        "ATTRIBUTE": "Natural.Mean High Water",
        "CLASS": "SHORELINE",
        "F_CODE": null,
        "EX_METH": "M",
        "EXTRACT_TE": "P",
        "_selecter_format": "shapefile",
        "_selecter_sourcecrs": "EPSG:4269",
        "_selecter_source": "CA37B07 1853 SF",
        "_selecter_imported": "2026-08-03T23:02:23.649Z"
      },
      "geometry": {
        "type": "LineString",
        "coordinates": [
          [
            -122.389732,
            37.780569
          ],
          [
            -122.389792,
            37.780449
          ],
          [
            -122.389812,
            37.780369
          ],
          [
            -122.389852,
            37.780329
          ],
          [
            -122.389902,
            37.780299
          ],
          [
            -122.389952,
            37.780229
          ],
          [
            -122.389982,
            37.780179
          ],
          [
            -122.390022,
            37.780109
          ],
          [
            -122.390052,
            37.780069
          ],
          [
            -122.390102,
            37.780029
          ],
          [
            -122.390132,
            37.779959
          ],
          [
            -122.390152,
            37.779889
          ],
          [
            -122.390192,
            37.779849
          ],
          [
            -122.390252,
            37.779799
          ],
          [
            -122.390272,
            37.779729
          ],
          [
            -122.390312,
            37.779669
          ],
          [
            -122.390342,
            37.779609
          ],
          [
            -122.390392,
            37.779539
          ],
          [
            -122.390452,
            37.779459
          ],
          [
            -122.390512,
            37.779369
          ],
          [
            -122.390552,
            37.779269
          ],
          [
            -122.390582,
            37.779179
          ],
          [
            -122.390612,
            37.779099
          ],
          [
            -122.390642,
            37.779039
          ],
          [
            -122.390702,
            37.779029
          ],
          [
            -122.390832,
            37.778959
          ],
          [
            -122.390932,
            37.778859
          ],
          [
            -122.390972,
            37.778749
          ],
          [
            -122.391142,
            37.778719
          ],
          [
            -122.391242,
            37.778669
          ],
          [
            -122.391272,
            37.778559
          ],
          [
            -122.391272,
            37.778489
          ],
          [
            -122.391332,
            37.778399
          ],
          [
            -122.391392,
            37.778319
          ],
          [
            -122.391422,
            37.778249
          ],
          [
            -122.391442,
            37.778169
          ],
          [
            -122.391462,
            37.778109
          ],
          [
            -122.391552,
            37.778039
          ],
          [
            -122.391632,
            37.777959
          ],
          [
            -122.391682,
            37.777909
          ],
          [
            -122.391722,
            37.777839
          ],
          [
            -122.391762,
            37.777769
          ],
          [
            -122.391802,
            37.777719
          ],
          [
            -122.391842,
            37.777669
          ],
          [
            -122.391882,
            37.777579
          ],
          [
            -122.391912,
            37.777489
          ],
          [
            -122.391912,
            37.777429
          ],
          [
            -122.391902,
            37.777349
          ],
          [
            -122.391952,
            37.777299
          ],
          [
            -122.391992,
            37.777209
          ],
          [
            -122.392082,
            37.777149
          ],
          [
            -122.392132,
            37.777019
          ],
          [
            -122.392162,
            37.776879
          ],
          [
            -122.392262,
            37.776869
          ],
          [
            -122.392342,
            37.776809
          ],
          [
            -122.392442,
            37.776809
          ],
          [
            -122.392492,
            37.776799
          ]
        ]
      }
    },
    {
      "type": "Feature",
      "properties": {
        "FEATURE_ID": 926374,
        "FEATURE": 20,
        "SOURCE_ID": "T00398",
        "DATA_SOURC": "P",
        "SRC_DATE": "18530101",
        "HOR_ACC": "0",
        "INFORM": "\u0000\u0000\u0000\u0000\u0000\u0000\u0000\u0000\u0000\u0000\u0000\u0000\u0000\u0000\u0000\u0000\u0000\u0000\u0000\u0000\u0000\u0000\u0000\u0000\u0000\u0000\u0000\u0000\u0000\u0000\u0000\u0000\u0000\u0000\u0000\u0000\u0000\u0000\u0000\u0000\u0000\u0000\u0000\u0000\u0000\u0000\u0000\u0000\u0000\u0000\u0000\u0000\u0000\u0000\u0000\u0000\u0000\u0000\u0000\u0000\u0000\u0000\u0000\u0000\u0000\u0000\u0000\u0000\u0000\u0000\u0000\u0000\u0000\u0000\u0000\u0000\u0000\u0000\u0000\u0000\u0000\u0000\u0000\u0000\u0000\u0000\u0000\u0000\u0000\u0000\u0000\u0000\u0000\u0000\u0000\u0000\u0000\u0000\u0000\u0000\u0000\u0000\u0000\u0000\u0000\u0000\u0000\u0000\u0000\u0000\u0000\u0000\u0000\u0000\u0000\u0000\u0000\u0000\u0000\u0000\u0000\u0000\u0000\u0000\u0000\u0000\u0000\u0000\u0000\u0000\u0000\u0000\u0000\u0000\u0000\u0000\u0000\u0000\u0000\u0000\u0000\u0000\u0000\u0000\u0000\u0000\u0000\u0000\u0000\u0000\u0000\u0000\u0000\u0000\u0000\u0000\u0000\u0000\u0000\u0000\u0000\u0000\u0000\u0000\u0000\u0000\u0000\u0000\u0000\u0000\u0000\u0000\u0000\u0000\u0000\u0000\u0000\u0000\u0000\u0000\u0000\u0000\u0000\u0000\u0000\u0000\u0000\u0000\u0000\u0000\u0000\u0000\u0000\u0000\u0000\u0000\u0000\u0000\u0000\u0000\u0000\u0000\u0000\u0000\u0000\u0000\u0000\u0000\u0000\u0000\u0000\u0000\u0000\u0000\u0000\u0000\u0000\u0000\u0000\u0000\u0000\u0000\u0000\u0000\u0000\u0000\u0000\u0000\u0000\u0000\u0000\u0000\u0000\u0000\u0000\u0000\u0000\u0000\u0000\u0000\u0000\u0000\u0000\u0000\u0000\u0000\u0000\u0000\u0000\u0000\u0000\u0000\u0000\u0000",
        "RESOLUTION": 0,
        "ATTRIBUTE": "Natural.Mean High Water",
        "CLASS": "SHORELINE",
        "F_CODE": null,
        "EX_METH": "M",
        "EXTRACT_TE": "P",
        "_selecter_format": "shapefile",
        "_selecter_sourcecrs": "EPSG:4269",
        "_selecter_source": "CA37B07 1853 SF",
        "_selecter_imported": "2026-08-03T23:02:23.649Z"
      },
      "geometry": {
        "type": "LineString",
        "coordinates": [
          [
            -122.395622,
            37.789799
          ],
          [
            -122.395572,
            37.789789
          ],
          [
            -122.395522,
            37.789769
          ],
          [
            -122.395472,
            37.789749
          ],
          [
            -122.395442,
            37.789739
          ],
          [
            -122.395392,
            37.789699
          ],
          [
            -122.395352,
            37.789659
          ],
          [
            -122.395322,
            37.789629
          ],
          [
            -122.395302,
            37.789589
          ],
          [
            -122.395272,
            37.789529
          ],
          [
            -122.395232,
            37.789469
          ],
          [
            -122.395212,
            37.789439
          ],
          [
            -122.395192,
            37.789399
          ],
          [
            -122.395132,
            37.789379
          ],
          [
            -122.395102,
            37.789359
          ],
          [
            -122.395052,
            37.789349
          ],
          [
            -122.395002,
            37.789339
          ],
          [
            -122.394962,
            37.789329
          ],
          [
            -122.394932,
            37.789329
          ],
          [
            -122.394882,
            37.789309
          ],
          [
            -122.394732,
            37.789189
          ],
          [
            -122.394652,
            37.789129
          ],
          [
            -122.394522,
            37.789069
          ],
          [
            -122.394422,
            37.789049
          ],
          [
            -122.394352,
            37.789019
          ],
          [
            -122.394282,
            37.789009
          ],
          [
            -122.394182,
            37.788999
          ],
          [
            -122.394132,
            37.788959
          ]
        ]
      }
    },
    {
      "type": "Feature",
      "properties": {
        "FEATURE_ID": 927043,
        "FEATURE": 20,
        "SOURCE_ID": "T00398",
        "DATA_SOURC": "P",
        "SRC_DATE": "18530101",
        "HOR_ACC": "0",
        "INFORM": "\u0000\u0000\u0000\u0000\u0000\u0000\u0000\u0000\u0000\u0000\u0000\u0000\u0000\u0000\u0000\u0000\u0000\u0000\u0000\u0000\u0000\u0000\u0000\u0000\u0000\u0000\u0000\u0000\u0000\u0000\u0000\u0000\u0000\u0000\u0000\u0000\u0000\u0000\u0000\u0000\u0000\u0000\u0000\u0000\u0000\u0000\u0000\u0000\u0000\u0000\u0000\u0000\u0000\u0000\u0000\u0000\u0000\u0000\u0000\u0000\u0000\u0000\u0000\u0000\u0000\u0000\u0000\u0000\u0000\u0000\u0000\u0000\u0000\u0000\u0000\u0000\u0000\u0000\u0000\u0000\u0000\u0000\u0000\u0000\u0000\u0000\u0000\u0000\u0000\u0000\u0000\u0000\u0000\u0000\u0000\u0000\u0000\u0000\u0000\u0000\u0000\u0000\u0000\u0000\u0000\u0000\u0000\u0000\u0000\u0000\u0000\u0000\u0000\u0000\u0000\u0000\u0000\u0000\u0000\u0000\u0000\u0000\u0000\u0000\u0000\u0000\u0000\u0000\u0000\u0000\u0000\u0000\u0000\u0000\u0000\u0000\u0000\u0000\u0000\u0000\u0000\u0000\u0000\u0000\u0000\u0000\u0000\u0000\u0000\u0000\u0000\u0000\u0000\u0000\u0000\u0000\u0000\u0000\u0000\u0000\u0000\u0000\u0000\u0000\u0000\u0000\u0000\u0000\u0000\u0000\u0000\u0000\u0000\u0000\u0000\u0000\u0000\u0000\u0000\u0000\u0000\u0000\u0000\u0000\u0000\u0000\u0000\u0000\u0000\u0000\u0000\u0000\u0000\u0000\u0000\u0000\u0000\u0000\u0000\u0000\u0000\u0000\u0000\u0000\u0000\u0000\u0000\u0000\u0000\u0000\u0000\u0000\u0000\u0000\u0000\u0000\u0000\u0000\u0000\u0000\u0000\u0000\u0000\u0000\u0000\u0000\u0000\u0000\u0000\u0000\u0000\u0000\u0000\u0000\u0000\u0000\u0000\u0000\u0000\u0000\u0000\u0000\u0000\u0000\u0000\u0000\u0000\u0000\u0000\u0000\u0000\u0000\u0000\u0000",
        "RESOLUTION": 0,
        "ATTRIBUTE": "Natural.Mean High Water",
        "CLASS": "SHORELINE",
        "F_CODE": null,
        "EX_METH": "M",
        "EXTRACT_TE": "P",
        "_selecter_format": "shapefile",
        "_selecter_sourcecrs": "EPSG:4269",
        "_selecter_source": "CA37B07 1853 SF",
        "_selecter_imported": "2026-08-03T23:02:23.649Z"
      },
      "geometry": {
        "type": "LineString",
        "coordinates": [
          [
            -122.403142,
            37.76756
          ],
          [
            -122.403162,
            37.76769
          ],
          [
            -122.403202,
            37.76774
          ],
          [
            -122.403272,
            37.76778
          ],
          [
            -122.403362,
            37.76781
          ],
          [
            -122.403432,
            37.76784
          ],
          [
            -122.403502,
            37.76786
          ],
          [
            -122.403572,
            37.76786
          ],
          [
            -122.403632,
            37.76787
          ],
          [
            -122.403762,
            37.76784
          ],
          [
            -122.403822,
            37.76779
          ],
          [
            -122.403862,
            37.76775
          ],
          [
            -122.403832,
            37.7677
          ],
          [
            -122.403812,
            37.76766
          ],
          [
            -122.403752,
            37.76761
          ],
          [
            -122.403732,
            37.76758
          ],
          [
            -122.403692,
            37.76754
          ],
          [
            -122.403702,
            37.7675
          ],
          [
            -122.403732,
            37.76747
          ],
          [
            -122.403762,
            37.76744
          ],
          [
            -122.403822,
            37.76742
          ],
          [
            -122.403912,
            37.76741
          ],
          [
            -122.403962,
            37.76741
          ],
          [
            -122.404072,
            37.76743
          ],
          [
            -122.404112,
            37.76746
          ],
          [
            -122.404142,
            37.76751
          ],
          [
            -122.404152,
            37.76758
          ],
          [
            -122.404152,
            37.76765
          ],
          [
            -122.404152,
            37.7677
          ],
          [
            -122.404112,
            37.76774
          ],
          [
            -122.404062,
            37.76779
          ],
          [
            -122.404002,
            37.76781
          ],
          [
            -122.403932,
            37.76782
          ],
          [
            -122.403872,
            37.76783
          ],
          [
            -122.403822,
            37.76784
          ],
          [
            -122.403592,
            37.76791
          ],
          [
            -122.403542,
            37.76796
          ],
          [
            -122.403502,
            37.76799
          ],
          [
            -122.403462,
            37.76801
          ],
          [
            -122.403422,
            37.76802
          ],
          [
            -122.403362,
            37.76802
          ],
          [
            -122.403312,
            37.76803
          ],
          [
            -122.403262,
            37.76802
          ],
          [
            -122.403212,
            37.76801
          ],
          [
            -122.403142,
            37.76799
          ],
          [
            -122.403102,
            37.76797
          ],
          [
            -122.403052,
            37.76796
          ],
          [
            -122.403002,
            37.76796
          ],
          [
            -122.402932,
            37.76798
          ],
          [
            -122.402882,
            37.76799
          ],
          [
            -122.402842,
            37.76802
          ],
          [
            -122.402802,
            37.76804
          ],
          [
            -122.402772,
            37.76808
          ],
          [
            -122.402772,
            37.76812
          ],
          [
            -122.402782,
            37.76816
          ],
          [
            -122.402802,
            37.76822
          ],
          [
            -122.402852,
            37.76824
          ],
          [
            -122.402922,
            37.76824
          ],
          [
            -122.402982,
            37.76824
          ],
          [
            -122.403022,
            37.76824
          ],
          [
            -122.403092,
            37.76825
          ],
          [
            -122.403062,
            37.7683
          ],
          [
            -122.403032,
            37.76835
          ],
          [
            -122.403072,
            37.76839
          ],
          [
            -122.403132,
            37.76843
          ],
          [
            -122.403182,
            37.76847
          ],
          [
            -122.403232,
            37.7685
          ],
          [
            -122.403282,
            37.76855
          ],
          [
            -122.403232,
            37.76858
          ],
          [
            -122.403182,
            37.76861
          ],
          [
            -122.403112,
            37.76862
          ],
          [
            -122.403042,
            37.76864
          ],
          [
            -122.402982,
            37.76865
          ],
          [
            -122.402892,
            37.76866
          ],
          [
            -122.402842,
            37.76866
          ],
          [
            -122.402772,
            37.76866
          ],
          [
            -122.402732,
            37.76864
          ],
          [
            -122.402662,
            37.76864
          ],
          [
            -122.402612,
            37.76864
          ],
          [
            -122.402532,
            37.76867
          ],
          [
            -122.402502,
            37.76874
          ]
        ]
      }
    },
    {
      "type": "Feature",
      "properties": {
        "FEATURE_ID": 927046,
        "FEATURE": 20,
        "SOURCE_ID": "T00398",
        "DATA_SOURC": "P",
        "SRC_DATE": "18530101",
        "HOR_ACC": "0",
        "INFORM": "\u0000\u0000\u0000\u0000\u0000\u0000\u0000\u0000\u0000\u0000\u0000\u0000\u0000\u0000\u0000\u0000\u0000\u0000\u0000\u0000\u0000\u0000\u0000\u0000\u0000\u0000\u0000\u0000\u0000\u0000\u0000\u0000\u0000\u0000\u0000\u0000\u0000\u0000\u0000\u0000\u0000\u0000\u0000\u0000\u0000\u0000\u0000\u0000\u0000\u0000\u0000\u0000\u0000\u0000\u0000\u0000\u0000\u0000\u0000\u0000\u0000\u0000\u0000\u0000\u0000\u0000\u0000\u0000\u0000\u0000\u0000\u0000\u0000\u0000\u0000\u0000\u0000\u0000\u0000\u0000\u0000\u0000\u0000\u0000\u0000\u0000\u0000\u0000\u0000\u0000\u0000\u0000\u0000\u0000\u0000\u0000\u0000\u0000\u0000\u0000\u0000\u0000\u0000\u0000\u0000\u0000\u0000\u0000\u0000\u0000\u0000\u0000\u0000\u0000\u0000\u0000\u0000\u0000\u0000\u0000\u0000\u0000\u0000\u0000\u0000\u0000\u0000\u0000\u0000\u0000\u0000\u0000\u0000\u0000\u0000\u0000\u0000\u0000\u0000\u0000\u0000\u0000\u0000\u0000\u0000\u0000\u0000\u0000\u0000\u0000\u0000\u0000\u0000\u0000\u0000\u0000\u0000\u0000\u0000\u0000\u0000\u0000\u0000\u0000\u0000\u0000\u0000\u0000\u0000\u0000\u0000\u0000\u0000\u0000\u0000\u0000\u0000\u0000\u0000\u0000\u0000\u0000\u0000\u0000\u0000\u0000\u0000\u0000\u0000\u0000\u0000\u0000\u0000\u0000\u0000\u0000\u0000\u0000\u0000\u0000\u0000\u0000\u0000\u0000\u0000\u0000\u0000\u0000\u0000\u0000\u0000\u0000\u0000\u0000\u0000\u0000\u0000\u0000\u0000\u0000\u0000\u0000\u0000\u0000\u0000\u0000\u0000\u0000\u0000\u0000\u0000\u0000\u0000\u0000\u0000\u0000\u0000\u0000\u0000\u0000\u0000\u0000\u0000\u0000\u0000\u0000\u0000\u0000\u0000\u0000\u0000\u0000\u0000\u0000",
        "RESOLUTION": 0,
        "ATTRIBUTE": "Natural.Mean High Water",
        "CLASS": "SHORELINE",
        "F_CODE": null,
        "EX_METH": "M",
        "EXTRACT_TE": "P",
        "_selecter_format": "shapefile",
        "_selecter_sourcecrs": "EPSG:4269",
        "_selecter_source": "CA37B07 1853 SF",
        "_selecter_imported": "2026-08-03T23:02:23.649Z"
      },
      "geometry": {
        "type": "LineString",
        "coordinates": [
          [
            -122.417122,
            37.804739
          ],
          [
            -122.417092,
            37.804719
          ],
          [
            -122.417062,
            37.804699
          ],
          [
            -122.417052,
            37.804669
          ],
          [
            -122.417042,
            37.804629
          ],
          [
            -122.417032,
            37.804589
          ],
          [
            -122.417032,
            37.804549
          ],
          [
            -122.417032,
            37.804529
          ],
          [
            -122.417042,
            37.804499
          ],
          [
            -122.417082,
            37.804529
          ],
          [
            -122.417102,
            37.804569
          ],
          [
            -122.417132,
            37.804599
          ],
          [
            -122.417122,
            37.804619
          ],
          [
            -122.417132,
            37.804669
          ],
          [
            -122.417132,
            37.804719
          ],
          [
            -122.417122,
            37.804739
          ]
        ]
      }
    },
    {
      "type": "Feature",
      "properties": {
        "FEATURE_ID": 927047,
        "FEATURE": 20,
        "SOURCE_ID": "T00398",
        "DATA_SOURC": "P",
        "SRC_DATE": "18530101",
        "HOR_ACC": "0",
        "INFORM": "\u0000\u0000\u0000\u0000\u0000\u0000\u0000\u0000\u0000\u0000\u0000\u0000\u0000\u0000\u0000\u0000\u0000\u0000\u0000\u0000\u0000\u0000\u0000\u0000\u0000\u0000\u0000\u0000\u0000\u0000\u0000\u0000\u0000\u0000\u0000\u0000\u0000\u0000\u0000\u0000\u0000\u0000\u0000\u0000\u0000\u0000\u0000\u0000\u0000\u0000\u0000\u0000\u0000\u0000\u0000\u0000\u0000\u0000\u0000\u0000\u0000\u0000\u0000\u0000\u0000\u0000\u0000\u0000\u0000\u0000\u0000\u0000\u0000\u0000\u0000\u0000\u0000\u0000\u0000\u0000\u0000\u0000\u0000\u0000\u0000\u0000\u0000\u0000\u0000\u0000\u0000\u0000\u0000\u0000\u0000\u0000\u0000\u0000\u0000\u0000\u0000\u0000\u0000\u0000\u0000\u0000\u0000\u0000\u0000\u0000\u0000\u0000\u0000\u0000\u0000\u0000\u0000\u0000\u0000\u0000\u0000\u0000\u0000\u0000\u0000\u0000\u0000\u0000\u0000\u0000\u0000\u0000\u0000\u0000\u0000\u0000\u0000\u0000\u0000\u0000\u0000\u0000\u0000\u0000\u0000\u0000\u0000\u0000\u0000\u0000\u0000\u0000\u0000\u0000\u0000\u0000\u0000\u0000\u0000\u0000\u0000\u0000\u0000\u0000\u0000\u0000\u0000\u0000\u0000\u0000\u0000\u0000\u0000\u0000\u0000\u0000\u0000\u0000\u0000\u0000\u0000\u0000\u0000\u0000\u0000\u0000\u0000\u0000\u0000\u0000\u0000\u0000\u0000\u0000\u0000\u0000\u0000\u0000\u0000\u0000\u0000\u0000\u0000\u0000\u0000\u0000\u0000\u0000\u0000\u0000\u0000\u0000\u0000\u0000\u0000\u0000\u0000\u0000\u0000\u0000\u0000\u0000\u0000\u0000\u0000\u0000\u0000\u0000\u0000\u0000\u0000\u0000\u0000\u0000\u0000\u0000\u0000\u0000\u0000\u0000\u0000\u0000\u0000\u0000\u0000\u0000\u0000\u0000\u0000\u0000\u0000\u0000\u0000\u0000",
        "RESOLUTION": 0,
        "ATTRIBUTE": "Natural.Mean High Water",
        "CLASS": "SHORELINE",
        "F_CODE": null,
        "EX_METH": "M",
        "EXTRACT_TE": "P",
        "_selecter_format": "shapefile",
        "_selecter_sourcecrs": "EPSG:4269",
        "_selecter_source": "CA37B07 1853 SF",
        "_selecter_imported": "2026-08-03T23:02:23.649Z"
      },
      "geometry": {
        "type": "LineString",
        "coordinates": [
          [
            -122.415232,
            37.803839
          ],
          [
            -122.415112,
            37.803839
          ],
          [
            -122.415052,
            37.803899
          ],
          [
            -122.414992,
            37.803919
          ]
        ]
      }
    },
    {
      "type": "Feature",
      "properties": {
        "FEATURE_ID": 927421,
        "FEATURE": 20,
        "SOURCE_ID": "T00398",
        "DATA_SOURC": "P",
        "SRC_DATE": "18530101",
        "HOR_ACC": "0",
        "INFORM": "\u0000\u0000\u0000\u0000\u0000\u0000\u0000\u0000\u0000\u0000\u0000\u0000\u0000\u0000\u0000\u0000\u0000\u0000\u0000\u0000\u0000\u0000\u0000\u0000\u0000\u0000\u0000\u0000\u0000\u0000\u0000\u0000\u0000\u0000\u0000\u0000\u0000\u0000\u0000\u0000\u0000\u0000\u0000\u0000\u0000\u0000\u0000\u0000\u0000\u0000\u0000\u0000\u0000\u0000\u0000\u0000\u0000\u0000\u0000\u0000\u0000\u0000\u0000\u0000\u0000\u0000\u0000\u0000\u0000\u0000\u0000\u0000\u0000\u0000\u0000\u0000\u0000\u0000\u0000\u0000\u0000\u0000\u0000\u0000\u0000\u0000\u0000\u0000\u0000\u0000\u0000\u0000\u0000\u0000\u0000\u0000\u0000\u0000\u0000\u0000\u0000\u0000\u0000\u0000\u0000\u0000\u0000\u0000\u0000\u0000\u0000\u0000\u0000\u0000\u0000\u0000\u0000\u0000\u0000\u0000\u0000\u0000\u0000\u0000\u0000\u0000\u0000\u0000\u0000\u0000\u0000\u0000\u0000\u0000\u0000\u0000\u0000\u0000\u0000\u0000\u0000\u0000\u0000\u0000\u0000\u0000\u0000\u0000\u0000\u0000\u0000\u0000\u0000\u0000\u0000\u0000\u0000\u0000\u0000\u0000\u0000\u0000\u0000\u0000\u0000\u0000\u0000\u0000\u0000\u0000\u0000\u0000\u0000\u0000\u0000\u0000\u0000\u0000\u0000\u0000\u0000\u0000\u0000\u0000\u0000\u0000\u0000\u0000\u0000\u0000\u0000\u0000\u0000\u0000\u0000\u0000\u0000\u0000\u0000\u0000\u0000\u0000\u0000\u0000\u0000\u0000\u0000\u0000\u0000\u0000\u0000\u0000\u0000\u0000\u0000\u0000\u0000\u0000\u0000\u0000\u0000\u0000\u0000\u0000\u0000\u0000\u0000\u0000\u0000\u0000\u0000\u0000\u0000\u0000\u0000\u0000\u0000\u0000\u0000\u0000\u0000\u0000\u0000\u0000\u0000\u0000\u0000\u0000\u0000\u0000\u0000\u0000\u0000\u0000",
        "RESOLUTION": 0,
        "ATTRIBUTE": "Natural.Mean High Water",
        "CLASS": "SHORELINE",
        "F_CODE": null,
        "EX_METH": "M",
        "EXTRACT_TE": "P",
        "_selecter_format": "shapefile",
        "_selecter_sourcecrs": "EPSG:4269",
        "_selecter_source": "CA37B07 1853 SF",
        "_selecter_imported": "2026-08-03T23:02:23.649Z"
      },
      "geometry": {
        "type": "LineString",
        "coordinates": [
          [
            -122.382062,
            37.773849
          ],
          [
            -122.382052,
            37.773879
          ],
          [
            -122.381962,
            37.773889
          ],
          [
            -122.381892,
            37.773899
          ],
          [
            -122.381822,
            37.773939
          ],
          [
            -122.381792,
            37.773949
          ],
          [
            -122.381772,
            37.773909
          ],
          [
            -122.381722,
            37.773879
          ],
          [
            -122.381692,
            37.773839
          ],
          [
            -122.381682,
            37.773779
          ],
          [
            -122.381702,
            37.773739
          ],
          [
            -122.381702,
            37.773709
          ],
          [
            -122.381712,
            37.773669
          ],
          [
            -122.381722,
            37.773649
          ],
          [
            -122.381762,
            37.773629
          ],
          [
            -122.381822,
            37.773629
          ],
          [
            -122.381952,
            37.773639
          ],
          [
            -122.381982,
            37.773649
          ],
          [
            -122.381962,
            37.773679
          ],
          [
            -122.381962,
            37.773709
          ],
          [
            -122.382002,
            37.773749
          ],
          [
            -122.382042,
            37.773789
          ],
          [
            -122.382062,
            37.773849
          ]
        ]
      }
    },
    {
      "type": "Feature",
      "properties": {
        "FEATURE_ID": 927422,
        "FEATURE": 20,
        "SOURCE_ID": "T00398",
        "DATA_SOURC": "P",
        "SRC_DATE": "18530101",
        "HOR_ACC": "0",
        "INFORM": "\u0000\u0000\u0000\u0000\u0000\u0000\u0000\u0000\u0000\u0000\u0000\u0000\u0000\u0000\u0000\u0000\u0000\u0000\u0000\u0000\u0000\u0000\u0000\u0000\u0000\u0000\u0000\u0000\u0000\u0000\u0000\u0000\u0000\u0000\u0000\u0000\u0000\u0000\u0000\u0000\u0000\u0000\u0000\u0000\u0000\u0000\u0000\u0000\u0000\u0000\u0000\u0000\u0000\u0000\u0000\u0000\u0000\u0000\u0000\u0000\u0000\u0000\u0000\u0000\u0000\u0000\u0000\u0000\u0000\u0000\u0000\u0000\u0000\u0000\u0000\u0000\u0000\u0000\u0000\u0000\u0000\u0000\u0000\u0000\u0000\u0000\u0000\u0000\u0000\u0000\u0000\u0000\u0000\u0000\u0000\u0000\u0000\u0000\u0000\u0000\u0000\u0000\u0000\u0000\u0000\u0000\u0000\u0000\u0000\u0000\u0000\u0000\u0000\u0000\u0000\u0000\u0000\u0000\u0000\u0000\u0000\u0000\u0000\u0000\u0000\u0000\u0000\u0000\u0000\u0000\u0000\u0000\u0000\u0000\u0000\u0000\u0000\u0000\u0000\u0000\u0000\u0000\u0000\u0000\u0000\u0000\u0000\u0000\u0000\u0000\u0000\u0000\u0000\u0000\u0000\u0000\u0000\u0000\u0000\u0000\u0000\u0000\u0000\u0000\u0000\u0000\u0000\u0000\u0000\u0000\u0000\u0000\u0000\u0000\u0000\u0000\u0000\u0000\u0000\u0000\u0000\u0000\u0000\u0000\u0000\u0000\u0000\u0000\u0000\u0000\u0000\u0000\u0000\u0000\u0000\u0000\u0000\u0000\u0000\u0000\u0000\u0000\u0000\u0000\u0000\u0000\u0000\u0000\u0000\u0000\u0000\u0000\u0000\u0000\u0000\u0000\u0000\u0000\u0000\u0000\u0000\u0000\u0000\u0000\u0000\u0000\u0000\u0000\u0000\u0000\u0000\u0000\u0000\u0000\u0000\u0000\u0000\u0000\u0000\u0000\u0000\u0000\u0000\u0000\u0000\u0000\u0000\u0000\u0000\u0000\u0000\u0000\u0000\u0000",
        "RESOLUTION": 0,
        "ATTRIBUTE": "Natural.Mean High Water",
        "CLASS": "SHORELINE",
        "F_CODE": null,
        "EX_METH": "M",
        "EXTRACT_TE": "P",
        "_selecter_format": "shapefile",
        "_selecter_sourcecrs": "EPSG:4269",
        "_selecter_source": "CA37B07 1853 SF",
        "_selecter_imported": "2026-08-03T23:02:23.649Z"
      },
      "geometry": {
        "type": "LineString",
        "coordinates": [
          [
            -122.386372,
            37.76678
          ],
          [
            -122.386292,
            37.76679
          ],
          [
            -122.386232,
            37.7668
          ],
          [
            -122.386222,
            37.76675
          ],
          [
            -122.386252,
            37.76673
          ],
          [
            -122.386322,
            37.76672
          ],
          [
            -122.386362,
            37.76674
          ],
          [
            -122.386372,
            37.76678
          ]
        ]
      }
    },
    {
      "type": "Feature",
      "properties": {
        "FEATURE_ID": 927423,
        "FEATURE": 20,
        "SOURCE_ID": "T00398",
        "DATA_SOURC": "P",
        "SRC_DATE": "18530101",
        "HOR_ACC": "0",
        "INFORM": "\u0000\u0000\u0000\u0000\u0000\u0000\u0000\u0000\u0000\u0000\u0000\u0000\u0000\u0000\u0000\u0000\u0000\u0000\u0000\u0000\u0000\u0000\u0000\u0000\u0000\u0000\u0000\u0000\u0000\u0000\u0000\u0000\u0000\u0000\u0000\u0000\u0000\u0000\u0000\u0000\u0000\u0000\u0000\u0000\u0000\u0000\u0000\u0000\u0000\u0000\u0000\u0000\u0000\u0000\u0000\u0000\u0000\u0000\u0000\u0000\u0000\u0000\u0000\u0000\u0000\u0000\u0000\u0000\u0000\u0000\u0000\u0000\u0000\u0000\u0000\u0000\u0000\u0000\u0000\u0000\u0000\u0000\u0000\u0000\u0000\u0000\u0000\u0000\u0000\u0000\u0000\u0000\u0000\u0000\u0000\u0000\u0000\u0000\u0000\u0000\u0000\u0000\u0000\u0000\u0000\u0000\u0000\u0000\u0000\u0000\u0000\u0000\u0000\u0000\u0000\u0000\u0000\u0000\u0000\u0000\u0000\u0000\u0000\u0000\u0000\u0000\u0000\u0000\u0000\u0000\u0000\u0000\u0000\u0000\u0000\u0000\u0000\u0000\u0000\u0000\u0000\u0000\u0000\u0000\u0000\u0000\u0000\u0000\u0000\u0000\u0000\u0000\u0000\u0000\u0000\u0000\u0000\u0000\u0000\u0000\u0000\u0000\u0000\u0000\u0000\u0000\u0000\u0000\u0000\u0000\u0000\u0000\u0000\u0000\u0000\u0000\u0000\u0000\u0000\u0000\u0000\u0000\u0000\u0000\u0000\u0000\u0000\u0000\u0000\u0000\u0000\u0000\u0000\u0000\u0000\u0000\u0000\u0000\u0000\u0000\u0000\u0000\u0000\u0000\u0000\u0000\u0000\u0000\u0000\u0000\u0000\u0000\u0000\u0000\u0000\u0000\u0000\u0000\u0000\u0000\u0000\u0000\u0000\u0000\u0000\u0000\u0000\u0000\u0000\u0000\u0000\u0000\u0000\u0000\u0000\u0000\u0000\u0000\u0000\u0000\u0000\u0000\u0000\u0000\u0000\u0000\u0000\u0000\u0000\u0000\u0000\u0000\u0000\u0000",
        "RESOLUTION": 0,
        "ATTRIBUTE": "Natural.Mean High Water",
        "CLASS": "SHORELINE",
        "F_CODE": null,
        "EX_METH": "M",
        "EXTRACT_TE": "P",
        "_selecter_format": "shapefile",
        "_selecter_sourcecrs": "EPSG:4269",
        "_selecter_source": "CA37B07 1853 SF",
        "_selecter_imported": "2026-08-03T23:02:23.649Z"
      },
      "geometry": {
        "type": "LineString",
        "coordinates": [
          [
            -122.386102,
            37.76677
          ],
          [
            -122.386102,
            37.76682
          ],
          [
            -122.386082,
            37.76685
          ],
          [
            -122.386042,
            37.76686
          ],
          [
            -122.385972,
            37.76682
          ],
          [
            -122.385982,
            37.76677
          ],
          [
            -122.386052,
            37.76676
          ],
          [
            -122.386102,
            37.76677
          ]
        ]
      }
    },
    {
      "type": "Feature",
      "properties": {
        "FEATURE_ID": 927424,
        "FEATURE": 20,
        "SOURCE_ID": "T00398",
        "DATA_SOURC": "P",
        "SRC_DATE": "18530101",
        "HOR_ACC": "0",
        "INFORM": "\u0000\u0000\u0000\u0000\u0000\u0000\u0000\u0000\u0000\u0000\u0000\u0000\u0000\u0000\u0000\u0000\u0000\u0000\u0000\u0000\u0000\u0000\u0000\u0000\u0000\u0000\u0000\u0000\u0000\u0000\u0000\u0000\u0000\u0000\u0000\u0000\u0000\u0000\u0000\u0000\u0000\u0000\u0000\u0000\u0000\u0000\u0000\u0000\u0000\u0000\u0000\u0000\u0000\u0000\u0000\u0000\u0000\u0000\u0000\u0000\u0000\u0000\u0000\u0000\u0000\u0000\u0000\u0000\u0000\u0000\u0000\u0000\u0000\u0000\u0000\u0000\u0000\u0000\u0000\u0000\u0000\u0000\u0000\u0000\u0000\u0000\u0000\u0000\u0000\u0000\u0000\u0000\u0000\u0000\u0000\u0000\u0000\u0000\u0000\u0000\u0000\u0000\u0000\u0000\u0000\u0000\u0000\u0000\u0000\u0000\u0000\u0000\u0000\u0000\u0000\u0000\u0000\u0000\u0000\u0000\u0000\u0000\u0000\u0000\u0000\u0000\u0000\u0000\u0000\u0000\u0000\u0000\u0000\u0000\u0000\u0000\u0000\u0000\u0000\u0000\u0000\u0000\u0000\u0000\u0000\u0000\u0000\u0000\u0000\u0000\u0000\u0000\u0000\u0000\u0000\u0000\u0000\u0000\u0000\u0000\u0000\u0000\u0000\u0000\u0000\u0000\u0000\u0000\u0000\u0000\u0000\u0000\u0000\u0000\u0000\u0000\u0000\u0000\u0000\u0000\u0000\u0000\u0000\u0000\u0000\u0000\u0000\u0000\u0000\u0000\u0000\u0000\u0000\u0000\u0000\u0000\u0000\u0000\u0000\u0000\u0000\u0000\u0000\u0000\u0000\u0000\u0000\u0000\u0000\u0000\u0000\u0000\u0000\u0000\u0000\u0000\u0000\u0000\u0000\u0000\u0000\u0000\u0000\u0000\u0000\u0000\u0000\u0000\u0000\u0000\u0000\u0000\u0000\u0000\u0000\u0000\u0000\u0000\u0000\u0000\u0000\u0000\u0000\u0000\u0000\u0000\u0000\u0000\u0000\u0000\u0000\u0000\u0000\u0000",
        "RESOLUTION": 0,
        "ATTRIBUTE": "Natural.Mean High Water",
        "CLASS": "SHORELINE",
        "F_CODE": null,
        "EX_METH": "M",
        "EXTRACT_TE": "P",
        "_selecter_format": "shapefile",
        "_selecter_sourcecrs": "EPSG:4269",
        "_selecter_source": "CA37B07 1853 SF",
        "_selecter_imported": "2026-08-03T23:02:23.649Z"
      },
      "geometry": {
        "type": "LineString",
        "coordinates": [
          [
            -122.385922,
            37.76694
          ],
          [
            -122.385862,
            37.76699
          ],
          [
            -122.385792,
            37.76697
          ],
          [
            -122.385752,
            37.76693
          ],
          [
            -122.385792,
            37.7669
          ],
          [
            -122.385902,
            37.76688
          ],
          [
            -122.385922,
            37.76694
          ]
        ]
      }
    },
    {
      "type": "Feature",
      "properties": {
        "FEATURE_ID": 926380,
        "FEATURE": 20,
        "SOURCE_ID": "T00398",
        "DATA_SOURC": "P",
        "SRC_DATE": "18530101",
        "HOR_ACC": "0",
        "INFORM": "\u0000\u0000\u0000\u0000\u0000\u0000\u0000\u0000\u0000\u0000\u0000\u0000\u0000\u0000\u0000\u0000\u0000\u0000\u0000\u0000\u0000\u0000\u0000\u0000\u0000\u0000\u0000\u0000\u0000\u0000\u0000\u0000\u0000\u0000\u0000\u0000\u0000\u0000\u0000\u0000\u0000\u0000\u0000\u0000\u0000\u0000\u0000\u0000\u0000\u0000\u0000\u0000\u0000\u0000\u0000\u0000\u0000\u0000\u0000\u0000\u0000\u0000\u0000\u0000\u0000\u0000\u0000\u0000\u0000\u0000\u0000\u0000\u0000\u0000\u0000\u0000\u0000\u0000\u0000\u0000\u0000\u0000\u0000\u0000\u0000\u0000\u0000\u0000\u0000\u0000\u0000\u0000\u0000\u0000\u0000\u0000\u0000\u0000\u0000\u0000\u0000\u0000\u0000\u0000\u0000\u0000\u0000\u0000\u0000\u0000\u0000\u0000\u0000\u0000\u0000\u0000\u0000\u0000\u0000\u0000\u0000\u0000\u0000\u0000\u0000\u0000\u0000\u0000\u0000\u0000\u0000\u0000\u0000\u0000\u0000\u0000\u0000\u0000\u0000\u0000\u0000\u0000\u0000\u0000\u0000\u0000\u0000\u0000\u0000\u0000\u0000\u0000\u0000\u0000\u0000\u0000\u0000\u0000\u0000\u0000\u0000\u0000\u0000\u0000\u0000\u0000\u0000\u0000\u0000\u0000\u0000\u0000\u0000\u0000\u0000\u0000\u0000\u0000\u0000\u0000\u0000\u0000\u0000\u0000\u0000\u0000\u0000\u0000\u0000\u0000\u0000\u0000\u0000\u0000\u0000\u0000\u0000\u0000\u0000\u0000\u0000\u0000\u0000\u0000\u0000\u0000\u0000\u0000\u0000\u0000\u0000\u0000\u0000\u0000\u0000\u0000\u0000\u0000\u0000\u0000\u0000\u0000\u0000\u0000\u0000\u0000\u0000\u0000\u0000\u0000\u0000\u0000\u0000\u0000\u0000\u0000\u0000\u0000\u0000\u0000\u0000\u0000\u0000\u0000\u0000\u0000\u0000\u0000\u0000\u0000\u0000\u0000\u0000\u0000",
        "RESOLUTION": 0,
        "ATTRIBUTE": "Natural.Mean High Water",
        "CLASS": "SHORELINE",
        "F_CODE": null,
        "EX_METH": "M",
        "EXTRACT_TE": "P",
        "_selecter_format": "shapefile",
        "_selecter_sourcecrs": "EPSG:4269",
        "_selecter_source": "CA37B07 1853 SF",
        "_selecter_imported": "2026-08-03T23:02:23.649Z"
      },
      "geometry": {
        "type": "LineString",
        "coordinates": [
          [
            -122.397042,
            37.791769
          ],
          [
            -122.396952,
            37.791779
          ],
          [
            -122.396852,
            37.791829
          ],
          [
            -122.396792,
            37.791879
          ],
          [
            -122.396742,
            37.791909
          ],
          [
            -122.396702,
            37.791919
          ],
          [
            -122.396602,
            37.791919
          ],
          [
            -122.396542,
            37.791909
          ],
          [
            -122.396452,
            37.791889
          ],
          [
            -122.396412,
            37.791859
          ],
          [
            -122.396402,
            37.791819
          ],
          [
            -122.396412,
            37.791769
          ],
          [
            -122.396412,
            37.791699
          ],
          [
            -122.396452,
            37.791609
          ],
          [
            -122.396602,
            37.791449
          ],
          [
            -122.396632,
            37.791429
          ],
          [
            -122.396682,
            37.791399
          ],
          [
            -122.396862,
            37.791229
          ],
          [
            -122.396962,
            37.791159
          ],
          [
            -122.397032,
            37.791089
          ],
          [
            -122.397072,
            37.791029
          ],
          [
            -122.396982,
            37.790969
          ],
          [
            -122.396882,
            37.790959
          ],
          [
            -122.396762,
            37.790889
          ],
          [
            -122.396742,
            37.790839
          ],
          [
            -122.396632,
            37.790799
          ],
          [
            -122.396542,
            37.790749
          ],
          [
            -122.396482,
            37.790689
          ],
          [
            -122.396482,
            37.790639
          ],
          [
            -122.396502,
            37.790589
          ],
          [
            -122.396542,
            37.790569
          ],
          [
            -122.396612,
            37.790549
          ],
          [
            -122.396722,
            37.790519
          ],
          [
            -122.396782,
            37.790499
          ],
          [
            -122.396832,
            37.790359
          ],
          [
            -122.396842,
            37.790269
          ],
          [
            -122.396832,
            37.790189
          ],
          [
            -122.396802,
            37.790129
          ],
          [
            -122.396782,
            37.790099
          ],
          [
            -122.396752,
            37.790089
          ]
        ]
      }
    },
    {
      "type": "Feature",
      "properties": {
        "FEATURE_ID": 926382,
        "FEATURE": 20,
        "SOURCE_ID": "T00398",
        "DATA_SOURC": "P",
        "SRC_DATE": "18530101",
        "HOR_ACC": "0",
        "INFORM": "\u0000\u0000\u0000\u0000\u0000\u0000\u0000\u0000\u0000\u0000\u0000\u0000\u0000\u0000\u0000\u0000\u0000\u0000\u0000\u0000\u0000\u0000\u0000\u0000\u0000\u0000\u0000\u0000\u0000\u0000\u0000\u0000\u0000\u0000\u0000\u0000\u0000\u0000\u0000\u0000\u0000\u0000\u0000\u0000\u0000\u0000\u0000\u0000\u0000\u0000\u0000\u0000\u0000\u0000\u0000\u0000\u0000\u0000\u0000\u0000\u0000\u0000\u0000\u0000\u0000\u0000\u0000\u0000\u0000\u0000\u0000\u0000\u0000\u0000\u0000\u0000\u0000\u0000\u0000\u0000\u0000\u0000\u0000\u0000\u0000\u0000\u0000\u0000\u0000\u0000\u0000\u0000\u0000\u0000\u0000\u0000\u0000\u0000\u0000\u0000\u0000\u0000\u0000\u0000\u0000\u0000\u0000\u0000\u0000\u0000\u0000\u0000\u0000\u0000\u0000\u0000\u0000\u0000\u0000\u0000\u0000\u0000\u0000\u0000\u0000\u0000\u0000\u0000\u0000\u0000\u0000\u0000\u0000\u0000\u0000\u0000\u0000\u0000\u0000\u0000\u0000\u0000\u0000\u0000\u0000\u0000\u0000\u0000\u0000\u0000\u0000\u0000\u0000\u0000\u0000\u0000\u0000\u0000\u0000\u0000\u0000\u0000\u0000\u0000\u0000\u0000\u0000\u0000\u0000\u0000\u0000\u0000\u0000\u0000\u0000\u0000\u0000\u0000\u0000\u0000\u0000\u0000\u0000\u0000\u0000\u0000\u0000\u0000\u0000\u0000\u0000\u0000\u0000\u0000\u0000\u0000\u0000\u0000\u0000\u0000\u0000\u0000\u0000\u0000\u0000\u0000\u0000\u0000\u0000\u0000\u0000\u0000\u0000\u0000\u0000\u0000\u0000\u0000\u0000\u0000\u0000\u0000\u0000\u0000\u0000\u0000\u0000\u0000\u0000\u0000\u0000\u0000\u0000\u0000\u0000\u0000\u0000\u0000\u0000\u0000\u0000\u0000\u0000\u0000\u0000\u0000\u0000\u0000\u0000\u0000\u0000\u0000\u0000\u0000",
        "RESOLUTION": 0,
        "ATTRIBUTE": "Natural.Mean High Water",
        "CLASS": "SHORELINE",
        "F_CODE": null,
        "EX_METH": "M",
        "EXTRACT_TE": "P",
        "_selecter_format": "shapefile",
        "_selecter_sourcecrs": "EPSG:4269",
        "_selecter_source": "CA37B07 1853 SF",
        "_selecter_imported": "2026-08-03T23:02:23.649Z"
      },
      "geometry": {
        "type": "LineString",
        "coordinates": [
          [
            -122.414192,
            37.76396
          ],
          [
            -122.414242,
            37.76395
          ],
          [
            -122.414272,
            37.76392
          ],
          [
            -122.414322,
            37.7639
          ],
          [
            -122.414422,
            37.76387
          ],
          [
            -122.414462,
            37.76383
          ],
          [
            -122.414512,
            37.7638
          ],
          [
            -122.414572,
            37.76374
          ],
          [
            -122.414672,
            37.76369
          ],
          [
            -122.414742,
            37.76364
          ],
          [
            -122.414812,
            37.76359
          ],
          [
            -122.414882,
            37.76353
          ],
          [
            -122.414922,
            37.76348
          ],
          [
            -122.414912,
            37.76345
          ],
          [
            -122.414862,
            37.76345
          ],
          [
            -122.414812,
            37.76346
          ],
          [
            -122.414762,
            37.76347
          ],
          [
            -122.414722,
            37.76349
          ],
          [
            -122.414682,
            37.7635
          ],
          [
            -122.414652,
            37.76352
          ],
          [
            -122.414592,
            37.76354
          ],
          [
            -122.414522,
            37.76354
          ],
          [
            -122.414472,
            37.76353
          ],
          [
            -122.414402,
            37.76351
          ],
          [
            -122.414332,
            37.76351
          ],
          [
            -122.414272,
            37.76353
          ],
          [
            -122.414212,
            37.76356
          ],
          [
            -122.414192,
            37.7636
          ],
          [
            -122.414142,
            37.76366
          ],
          [
            -122.414122,
            37.76368
          ],
          [
            -122.414072,
            37.76369
          ],
          [
            -122.414012,
            37.76371
          ],
          [
            -122.413932,
            37.76373
          ],
          [
            -122.413892,
            37.76377
          ],
          [
            -122.413872,
            37.76384
          ],
          [
            -122.413872,
            37.76388
          ],
          [
            -122.413852,
            37.7639
          ],
          [
            -122.413802,
            37.76392
          ],
          [
            -122.413772,
            37.76395
          ],
          [
            -122.413752,
            37.76401
          ],
          [
            -122.413722,
            37.76407
          ],
          [
            -122.413692,
            37.76414
          ],
          [
            -122.413652,
            37.76423
          ],
          [
            -122.413632,
            37.76429
          ],
          [
            -122.413592,
            37.76435
          ],
          [
            -122.413552,
            37.76439
          ],
          [
            -122.413552,
            37.76445
          ],
          [
            -122.413502,
            37.7645
          ],
          [
            -122.413462,
            37.76454
          ],
          [
            -122.413452,
            37.76459
          ],
          [
            -122.413442,
            37.76464
          ],
          [
            -122.413462,
            37.76468
          ],
          [
            -122.413482,
            37.76472
          ],
          [
            -122.413482,
            37.76477
          ],
          [
            -122.413452,
            37.7648
          ],
          [
            -122.413452,
            37.76488
          ],
          [
            -122.413442,
            37.76498
          ],
          [
            -122.413502,
            37.76505
          ],
          [
            -122.413562,
            37.76503
          ],
          [
            -122.413592,
            37.76496
          ],
          [
            -122.413682,
            37.76475
          ],
          [
            -122.413742,
            37.76461
          ],
          [
            -122.413782,
            37.76452
          ],
          [
            -122.413792,
            37.76448
          ],
          [
            -122.413842,
            37.76442
          ],
          [
            -122.414032,
            37.76421
          ],
          [
            -122.414092,
            37.76412
          ],
          [
            -122.414132,
            37.76404
          ],
          [
            -122.414162,
            37.76399
          ],
          [
            -122.414192,
            37.76396
          ]
        ]
      }
    },
    {
      "type": "Feature",
      "properties": {
        "FEATURE_ID": 926383,
        "FEATURE": 20,
        "SOURCE_ID": "T00398",
        "DATA_SOURC": "P",
        "SRC_DATE": "18530101",
        "HOR_ACC": "0",
        "INFORM": "\u0000\u0000\u0000\u0000\u0000\u0000\u0000\u0000\u0000\u0000\u0000\u0000\u0000\u0000\u0000\u0000\u0000\u0000\u0000\u0000\u0000\u0000\u0000\u0000\u0000\u0000\u0000\u0000\u0000\u0000\u0000\u0000\u0000\u0000\u0000\u0000\u0000\u0000\u0000\u0000\u0000\u0000\u0000\u0000\u0000\u0000\u0000\u0000\u0000\u0000\u0000\u0000\u0000\u0000\u0000\u0000\u0000\u0000\u0000\u0000\u0000\u0000\u0000\u0000\u0000\u0000\u0000\u0000\u0000\u0000\u0000\u0000\u0000\u0000\u0000\u0000\u0000\u0000\u0000\u0000\u0000\u0000\u0000\u0000\u0000\u0000\u0000\u0000\u0000\u0000\u0000\u0000\u0000\u0000\u0000\u0000\u0000\u0000\u0000\u0000\u0000\u0000\u0000\u0000\u0000\u0000\u0000\u0000\u0000\u0000\u0000\u0000\u0000\u0000\u0000\u0000\u0000\u0000\u0000\u0000\u0000\u0000\u0000\u0000\u0000\u0000\u0000\u0000\u0000\u0000\u0000\u0000\u0000\u0000\u0000\u0000\u0000\u0000\u0000\u0000\u0000\u0000\u0000\u0000\u0000\u0000\u0000\u0000\u0000\u0000\u0000\u0000\u0000\u0000\u0000\u0000\u0000\u0000\u0000\u0000\u0000\u0000\u0000\u0000\u0000\u0000\u0000\u0000\u0000\u0000\u0000\u0000\u0000\u0000\u0000\u0000\u0000\u0000\u0000\u0000\u0000\u0000\u0000\u0000\u0000\u0000\u0000\u0000\u0000\u0000\u0000\u0000\u0000\u0000\u0000\u0000\u0000\u0000\u0000\u0000\u0000\u0000\u0000\u0000\u0000\u0000\u0000\u0000\u0000\u0000\u0000\u0000\u0000\u0000\u0000\u0000\u0000\u0000\u0000\u0000\u0000\u0000\u0000\u0000\u0000\u0000\u0000\u0000\u0000\u0000\u0000\u0000\u0000\u0000\u0000\u0000\u0000\u0000\u0000\u0000\u0000\u0000\u0000\u0000\u0000\u0000\u0000\u0000\u0000\u0000\u0000\u0000\u0000\u0000",
        "RESOLUTION": 0,
        "ATTRIBUTE": "Natural.Mean High Water",
        "CLASS": "SHORELINE",
        "F_CODE": null,
        "EX_METH": "M",
        "EXTRACT_TE": "P",
        "_selecter_format": "shapefile",
        "_selecter_sourcecrs": "EPSG:4269",
        "_selecter_source": "CA37B07 1853 SF",
        "_selecter_imported": "2026-08-03T23:02:23.649Z"
      },
      "geometry": {
        "type": "LineString",
        "coordinates": [
          [
            -122.412362,
            37.767
          ],
          [
            -122.412382,
            37.76692
          ],
          [
            -122.412412,
            37.76685
          ],
          [
            -122.412432,
            37.76676
          ],
          [
            -122.412482,
            37.76662
          ],
          [
            -122.412512,
            37.76652
          ],
          [
            -122.412532,
            37.76642
          ],
          [
            -122.412582,
            37.76637
          ],
          [
            -122.412642,
            37.76631
          ],
          [
            -122.412652,
            37.76637
          ],
          [
            -122.412622,
            37.76645
          ],
          [
            -122.412642,
            37.76661
          ],
          [
            -122.412582,
            37.76669
          ],
          [
            -122.412552,
            37.76682
          ],
          [
            -122.412502,
            37.76696
          ],
          [
            -122.412452,
            37.76702
          ],
          [
            -122.412422,
            37.76706
          ],
          [
            -122.412362,
            37.7671
          ],
          [
            -122.412362,
            37.767
          ]
        ]
      }
    },
    {
      "type": "Feature",
      "properties": {
        "FEATURE_ID": 927052,
        "FEATURE": 20,
        "SOURCE_ID": "T00398",
        "DATA_SOURC": "P",
        "SRC_DATE": "18530101",
        "HOR_ACC": "0",
        "INFORM": "\u0000\u0000\u0000\u0000\u0000\u0000\u0000\u0000\u0000\u0000\u0000\u0000\u0000\u0000\u0000\u0000\u0000\u0000\u0000\u0000\u0000\u0000\u0000\u0000\u0000\u0000\u0000\u0000\u0000\u0000\u0000\u0000\u0000\u0000\u0000\u0000\u0000\u0000\u0000\u0000\u0000\u0000\u0000\u0000\u0000\u0000\u0000\u0000\u0000\u0000\u0000\u0000\u0000\u0000\u0000\u0000\u0000\u0000\u0000\u0000\u0000\u0000\u0000\u0000\u0000\u0000\u0000\u0000\u0000\u0000\u0000\u0000\u0000\u0000\u0000\u0000\u0000\u0000\u0000\u0000\u0000\u0000\u0000\u0000\u0000\u0000\u0000\u0000\u0000\u0000\u0000\u0000\u0000\u0000\u0000\u0000\u0000\u0000\u0000\u0000\u0000\u0000\u0000\u0000\u0000\u0000\u0000\u0000\u0000\u0000\u0000\u0000\u0000\u0000\u0000\u0000\u0000\u0000\u0000\u0000\u0000\u0000\u0000\u0000\u0000\u0000\u0000\u0000\u0000\u0000\u0000\u0000\u0000\u0000\u0000\u0000\u0000\u0000\u0000\u0000\u0000\u0000\u0000\u0000\u0000\u0000\u0000\u0000\u0000\u0000\u0000\u0000\u0000\u0000\u0000\u0000\u0000\u0000\u0000\u0000\u0000\u0000\u0000\u0000\u0000\u0000\u0000\u0000\u0000\u0000\u0000\u0000\u0000\u0000\u0000\u0000\u0000\u0000\u0000\u0000\u0000\u0000\u0000\u0000\u0000\u0000\u0000\u0000\u0000\u0000\u0000\u0000\u0000\u0000\u0000\u0000\u0000\u0000\u0000\u0000\u0000\u0000\u0000\u0000\u0000\u0000\u0000\u0000\u0000\u0000\u0000\u0000\u0000\u0000\u0000\u0000\u0000\u0000\u0000\u0000\u0000\u0000\u0000\u0000\u0000\u0000\u0000\u0000\u0000\u0000\u0000\u0000\u0000\u0000\u0000\u0000\u0000\u0000\u0000\u0000\u0000\u0000\u0000\u0000\u0000\u0000\u0000\u0000\u0000\u0000\u0000\u0000\u0000\u0000",
        "RESOLUTION": 0,
        "ATTRIBUTE": "Natural.Mean High Water",
        "CLASS": "SHORELINE",
        "F_CODE": null,
        "EX_METH": "M",
        "EXTRACT_TE": "P",
        "_selecter_format": "shapefile",
        "_selecter_sourcecrs": "EPSG:4269",
        "_selecter_source": "CA37B07 1853 SF",
        "_selecter_imported": "2026-08-03T23:02:23.649Z"
      },
      "geometry": {
        "type": "LineString",
        "coordinates": [
          [
            -122.414682,
            37.803979
          ],
          [
            -122.414542,
            37.804039
          ],
          [
            -122.414252,
            37.804039
          ],
          [
            -122.414152,
            37.804069
          ],
          [
            -122.414062,
            37.804129
          ]
        ]
      }
    },
    {
      "type": "Feature",
      "properties": {
        "FEATURE_ID": 927055,
        "FEATURE": 20,
        "SOURCE_ID": "T00398",
        "DATA_SOURC": "P",
        "SRC_DATE": "18530101",
        "HOR_ACC": "0",
        "INFORM": "\u0000\u0000\u0000\u0000\u0000\u0000\u0000\u0000\u0000\u0000\u0000\u0000\u0000\u0000\u0000\u0000\u0000\u0000\u0000\u0000\u0000\u0000\u0000\u0000\u0000\u0000\u0000\u0000\u0000\u0000\u0000\u0000\u0000\u0000\u0000\u0000\u0000\u0000\u0000\u0000\u0000\u0000\u0000\u0000\u0000\u0000\u0000\u0000\u0000\u0000\u0000\u0000\u0000\u0000\u0000\u0000\u0000\u0000\u0000\u0000\u0000\u0000\u0000\u0000\u0000\u0000\u0000\u0000\u0000\u0000\u0000\u0000\u0000\u0000\u0000\u0000\u0000\u0000\u0000\u0000\u0000\u0000\u0000\u0000\u0000\u0000\u0000\u0000\u0000\u0000\u0000\u0000\u0000\u0000\u0000\u0000\u0000\u0000\u0000\u0000\u0000\u0000\u0000\u0000\u0000\u0000\u0000\u0000\u0000\u0000\u0000\u0000\u0000\u0000\u0000\u0000\u0000\u0000\u0000\u0000\u0000\u0000\u0000\u0000\u0000\u0000\u0000\u0000\u0000\u0000\u0000\u0000\u0000\u0000\u0000\u0000\u0000\u0000\u0000\u0000\u0000\u0000\u0000\u0000\u0000\u0000\u0000\u0000\u0000\u0000\u0000\u0000\u0000\u0000\u0000\u0000\u0000\u0000\u0000\u0000\u0000\u0000\u0000\u0000\u0000\u0000\u0000\u0000\u0000\u0000\u0000\u0000\u0000\u0000\u0000\u0000\u0000\u0000\u0000\u0000\u0000\u0000\u0000\u0000\u0000\u0000\u0000\u0000\u0000\u0000\u0000\u0000\u0000\u0000\u0000\u0000\u0000\u0000\u0000\u0000\u0000\u0000\u0000\u0000\u0000\u0000\u0000\u0000\u0000\u0000\u0000\u0000\u0000\u0000\u0000\u0000\u0000\u0000\u0000\u0000\u0000\u0000\u0000\u0000\u0000\u0000\u0000\u0000\u0000\u0000\u0000\u0000\u0000\u0000\u0000\u0000\u0000\u0000\u0000\u0000\u0000\u0000\u0000\u0000\u0000\u0000\u0000\u0000\u0000\u0000\u0000\u0000\u0000\u0000",
        "RESOLUTION": 0,
        "ATTRIBUTE": "Natural.Mean High Water",
        "CLASS": "SHORELINE",
        "F_CODE": null,
        "EX_METH": "M",
        "EXTRACT_TE": "P",
        "_selecter_format": "shapefile",
        "_selecter_sourcecrs": "EPSG:4269",
        "_selecter_source": "CA37B07 1853 SF",
        "_selecter_imported": "2026-08-03T23:02:23.649Z"
      },
      "geometry": {
        "type": "LineString",
        "coordinates": [
          [
            -122.413872,
            37.804159
          ],
          [
            -122.413762,
            37.804199
          ],
          [
            -122.413682,
            37.804219
          ],
          [
            -122.413592,
            37.804269
          ],
          [
            -122.413492,
            37.804299
          ],
          [
            -122.413502,
            37.804349
          ],
          [
            -122.413432,
            37.804379
          ],
          [
            -122.413312,
            37.804479
          ]
        ]
      }
    },
    {
      "type": "Feature",
      "properties": {
        "FEATURE_ID": 927057,
        "FEATURE": 20,
        "SOURCE_ID": "T00398",
        "DATA_SOURC": "P",
        "SRC_DATE": "18530101",
        "HOR_ACC": "0",
        "INFORM": "\u0000\u0000\u0000\u0000\u0000\u0000\u0000\u0000\u0000\u0000\u0000\u0000\u0000\u0000\u0000\u0000\u0000\u0000\u0000\u0000\u0000\u0000\u0000\u0000\u0000\u0000\u0000\u0000\u0000\u0000\u0000\u0000\u0000\u0000\u0000\u0000\u0000\u0000\u0000\u0000\u0000\u0000\u0000\u0000\u0000\u0000\u0000\u0000\u0000\u0000\u0000\u0000\u0000\u0000\u0000\u0000\u0000\u0000\u0000\u0000\u0000\u0000\u0000\u0000\u0000\u0000\u0000\u0000\u0000\u0000\u0000\u0000\u0000\u0000\u0000\u0000\u0000\u0000\u0000\u0000\u0000\u0000\u0000\u0000\u0000\u0000\u0000\u0000\u0000\u0000\u0000\u0000\u0000\u0000\u0000\u0000\u0000\u0000\u0000\u0000\u0000\u0000\u0000\u0000\u0000\u0000\u0000\u0000\u0000\u0000\u0000\u0000\u0000\u0000\u0000\u0000\u0000\u0000\u0000\u0000\u0000\u0000\u0000\u0000\u0000\u0000\u0000\u0000\u0000\u0000\u0000\u0000\u0000\u0000\u0000\u0000\u0000\u0000\u0000\u0000\u0000\u0000\u0000\u0000\u0000\u0000\u0000\u0000\u0000\u0000\u0000\u0000\u0000\u0000\u0000\u0000\u0000\u0000\u0000\u0000\u0000\u0000\u0000\u0000\u0000\u0000\u0000\u0000\u0000\u0000\u0000\u0000\u0000\u0000\u0000\u0000\u0000\u0000\u0000\u0000\u0000\u0000\u0000\u0000\u0000\u0000\u0000\u0000\u0000\u0000\u0000\u0000\u0000\u0000\u0000\u0000\u0000\u0000\u0000\u0000\u0000\u0000\u0000\u0000\u0000\u0000\u0000\u0000\u0000\u0000\u0000\u0000\u0000\u0000\u0000\u0000\u0000\u0000\u0000\u0000\u0000\u0000\u0000\u0000\u0000\u0000\u0000\u0000\u0000\u0000\u0000\u0000\u0000\u0000\u0000\u0000\u0000\u0000\u0000\u0000\u0000\u0000\u0000\u0000\u0000\u0000\u0000\u0000\u0000\u0000\u0000\u0000\u0000\u0000",
        "RESOLUTION": 0,
        "ATTRIBUTE": "Natural.Mean High Water",
        "CLASS": "SHORELINE",
        "F_CODE": null,
        "EX_METH": "M",
        "EXTRACT_TE": "P",
        "_selecter_format": "shapefile",
        "_selecter_sourcecrs": "EPSG:4269",
        "_selecter_source": "CA37B07 1853 SF",
        "_selecter_imported": "2026-08-03T23:02:23.649Z"
      },
      "geometry": {
        "type": "LineString",
        "coordinates": [
          [
            -122.412872,
            37.804629
          ],
          [
            -122.412782,
            37.804639
          ],
          [
            -122.412682,
            37.804679
          ],
          [
            -122.412592,
            37.804709
          ],
          [
            -122.412582,
            37.804739
          ]
        ]
      }
    },
    {
      "type": "Feature",
      "properties": {
        "FEATURE_ID": 927062,
        "FEATURE": 20,
        "SOURCE_ID": "T00398",
        "DATA_SOURC": "P",
        "SRC_DATE": "18530101",
        "HOR_ACC": "0",
        "INFORM": "\u0000\u0000\u0000\u0000\u0000\u0000\u0000\u0000\u0000\u0000\u0000\u0000\u0000\u0000\u0000\u0000\u0000\u0000\u0000\u0000\u0000\u0000\u0000\u0000\u0000\u0000\u0000\u0000\u0000\u0000\u0000\u0000\u0000\u0000\u0000\u0000\u0000\u0000\u0000\u0000\u0000\u0000\u0000\u0000\u0000\u0000\u0000\u0000\u0000\u0000\u0000\u0000\u0000\u0000\u0000\u0000\u0000\u0000\u0000\u0000\u0000\u0000\u0000\u0000\u0000\u0000\u0000\u0000\u0000\u0000\u0000\u0000\u0000\u0000\u0000\u0000\u0000\u0000\u0000\u0000\u0000\u0000\u0000\u0000\u0000\u0000\u0000\u0000\u0000\u0000\u0000\u0000\u0000\u0000\u0000\u0000\u0000\u0000\u0000\u0000\u0000\u0000\u0000\u0000\u0000\u0000\u0000\u0000\u0000\u0000\u0000\u0000\u0000\u0000\u0000\u0000\u0000\u0000\u0000\u0000\u0000\u0000\u0000\u0000\u0000\u0000\u0000\u0000\u0000\u0000\u0000\u0000\u0000\u0000\u0000\u0000\u0000\u0000\u0000\u0000\u0000\u0000\u0000\u0000\u0000\u0000\u0000\u0000\u0000\u0000\u0000\u0000\u0000\u0000\u0000\u0000\u0000\u0000\u0000\u0000\u0000\u0000\u0000\u0000\u0000\u0000\u0000\u0000\u0000\u0000\u0000\u0000\u0000\u0000\u0000\u0000\u0000\u0000\u0000\u0000\u0000\u0000\u0000\u0000\u0000\u0000\u0000\u0000\u0000\u0000\u0000\u0000\u0000\u0000\u0000\u0000\u0000\u0000\u0000\u0000\u0000\u0000\u0000\u0000\u0000\u0000\u0000\u0000\u0000\u0000\u0000\u0000\u0000\u0000\u0000\u0000\u0000\u0000\u0000\u0000\u0000\u0000\u0000\u0000\u0000\u0000\u0000\u0000\u0000\u0000\u0000\u0000\u0000\u0000\u0000\u0000\u0000\u0000\u0000\u0000\u0000\u0000\u0000\u0000\u0000\u0000\u0000\u0000\u0000\u0000\u0000\u0000\u0000\u0000",
        "RESOLUTION": 0,
        "ATTRIBUTE": "Natural.Mean High Water",
        "CLASS": "SHORELINE",
        "F_CODE": null,
        "EX_METH": "M",
        "EXTRACT_TE": "P",
        "_selecter_format": "shapefile",
        "_selecter_sourcecrs": "EPSG:4269",
        "_selecter_source": "CA37B07 1853 SF",
        "_selecter_imported": "2026-08-03T23:02:23.649Z"
      },
      "geometry": {
        "type": "LineString",
        "coordinates": [
          [
            -122.399892,
            37.799009
          ],
          [
            -122.399872,
            37.798989
          ],
          [
            -122.399862,
            37.798969
          ],
          [
            -122.399852,
            37.798949
          ],
          [
            -122.399832,
            37.798919
          ]
        ]
      }
    },
    {
      "type": "Feature",
      "properties": {
        "FEATURE_ID": 927065,
        "FEATURE": 20,
        "SOURCE_ID": "T00398",
        "DATA_SOURC": "P",
        "SRC_DATE": "18530101",
        "HOR_ACC": "0",
        "INFORM": "\u0000\u0000\u0000\u0000\u0000\u0000\u0000\u0000\u0000\u0000\u0000\u0000\u0000\u0000\u0000\u0000\u0000\u0000\u0000\u0000\u0000\u0000\u0000\u0000\u0000\u0000\u0000\u0000\u0000\u0000\u0000\u0000\u0000\u0000\u0000\u0000\u0000\u0000\u0000\u0000\u0000\u0000\u0000\u0000\u0000\u0000\u0000\u0000\u0000\u0000\u0000\u0000\u0000\u0000\u0000\u0000\u0000\u0000\u0000\u0000\u0000\u0000\u0000\u0000\u0000\u0000\u0000\u0000\u0000\u0000\u0000\u0000\u0000\u0000\u0000\u0000\u0000\u0000\u0000\u0000\u0000\u0000\u0000\u0000\u0000\u0000\u0000\u0000\u0000\u0000\u0000\u0000\u0000\u0000\u0000\u0000\u0000\u0000\u0000\u0000\u0000\u0000\u0000\u0000\u0000\u0000\u0000\u0000\u0000\u0000\u0000\u0000\u0000\u0000\u0000\u0000\u0000\u0000\u0000\u0000\u0000\u0000\u0000\u0000\u0000\u0000\u0000\u0000\u0000\u0000\u0000\u0000\u0000\u0000\u0000\u0000\u0000\u0000\u0000\u0000\u0000\u0000\u0000\u0000\u0000\u0000\u0000\u0000\u0000\u0000\u0000\u0000\u0000\u0000\u0000\u0000\u0000\u0000\u0000\u0000\u0000\u0000\u0000\u0000\u0000\u0000\u0000\u0000\u0000\u0000\u0000\u0000\u0000\u0000\u0000\u0000\u0000\u0000\u0000\u0000\u0000\u0000\u0000\u0000\u0000\u0000\u0000\u0000\u0000\u0000\u0000\u0000\u0000\u0000\u0000\u0000\u0000\u0000\u0000\u0000\u0000\u0000\u0000\u0000\u0000\u0000\u0000\u0000\u0000\u0000\u0000\u0000\u0000\u0000\u0000\u0000\u0000\u0000\u0000\u0000\u0000\u0000\u0000\u0000\u0000\u0000\u0000\u0000\u0000\u0000\u0000\u0000\u0000\u0000\u0000\u0000\u0000\u0000\u0000\u0000\u0000\u0000\u0000\u0000\u0000\u0000\u0000\u0000\u0000\u0000\u0000\u0000\u0000\u0000",
        "RESOLUTION": 0,
        "ATTRIBUTE": "Natural.Mean High Water",
        "CLASS": "SHORELINE",
        "F_CODE": null,
        "EX_METH": "M",
        "EXTRACT_TE": "P",
        "_selecter_format": "shapefile",
        "_selecter_sourcecrs": "EPSG:4269",
        "_selecter_source": "CA37B07 1853 SF",
        "_selecter_imported": "2026-08-03T23:02:23.649Z"
      },
      "geometry": {
        "type": "LineString",
        "coordinates": [
          [
            -122.399812,
            37.798869
          ],
          [
            -122.399832,
            37.798849
          ],
          [
            -122.399822,
            37.798829
          ],
          [
            -122.399822,
            37.798809
          ],
          [
            -122.399772,
            37.798779
          ],
          [
            -122.399742,
            37.798769
          ],
          [
            -122.399712,
            37.798769
          ],
          [
            -122.399692,
            37.798769
          ]
        ]
      }
    },
    {
      "type": "Feature",
      "properties": {
        "FEATURE_ID": 926018,
        "FEATURE": 20,
        "SOURCE_ID": "T00398",
        "DATA_SOURC": "P",
        "SRC_DATE": "18530101",
        "HOR_ACC": "0",
        "INFORM": "\u0000\u0000\u0000\u0000\u0000\u0000\u0000\u0000\u0000\u0000\u0000\u0000\u0000\u0000\u0000\u0000\u0000\u0000\u0000\u0000\u0000\u0000\u0000\u0000\u0000\u0000\u0000\u0000\u0000\u0000\u0000\u0000\u0000\u0000\u0000\u0000\u0000\u0000\u0000\u0000\u0000\u0000\u0000\u0000\u0000\u0000\u0000\u0000\u0000\u0000\u0000\u0000\u0000\u0000\u0000\u0000\u0000\u0000\u0000\u0000\u0000\u0000\u0000\u0000\u0000\u0000\u0000\u0000\u0000\u0000\u0000\u0000\u0000\u0000\u0000\u0000\u0000\u0000\u0000\u0000\u0000\u0000\u0000\u0000\u0000\u0000\u0000\u0000\u0000\u0000\u0000\u0000\u0000\u0000\u0000\u0000\u0000\u0000\u0000\u0000\u0000\u0000\u0000\u0000\u0000\u0000\u0000\u0000\u0000\u0000\u0000\u0000\u0000\u0000\u0000\u0000\u0000\u0000\u0000\u0000\u0000\u0000\u0000\u0000\u0000\u0000\u0000\u0000\u0000\u0000\u0000\u0000\u0000\u0000\u0000\u0000\u0000\u0000\u0000\u0000\u0000\u0000\u0000\u0000\u0000\u0000\u0000\u0000\u0000\u0000\u0000\u0000\u0000\u0000\u0000\u0000\u0000\u0000\u0000\u0000\u0000\u0000\u0000\u0000\u0000\u0000\u0000\u0000\u0000\u0000\u0000\u0000\u0000\u0000\u0000\u0000\u0000\u0000\u0000\u0000\u0000\u0000\u0000\u0000\u0000\u0000\u0000\u0000\u0000\u0000\u0000\u0000\u0000\u0000\u0000\u0000\u0000\u0000\u0000\u0000\u0000\u0000\u0000\u0000\u0000\u0000\u0000\u0000\u0000\u0000\u0000\u0000\u0000\u0000\u0000\u0000\u0000\u0000\u0000\u0000\u0000\u0000\u0000\u0000\u0000\u0000\u0000\u0000\u0000\u0000\u0000\u0000\u0000\u0000\u0000\u0000\u0000\u0000\u0000\u0000\u0000\u0000\u0000\u0000\u0000\u0000\u0000\u0000\u0000\u0000\u0000\u0000\u0000\u0000",
        "RESOLUTION": 0,
        "ATTRIBUTE": "Natural.Mean High Water",
        "CLASS": "SHORELINE",
        "F_CODE": null,
        "EX_METH": "M",
        "EXTRACT_TE": "P",
        "_selecter_format": "shapefile",
        "_selecter_sourcecrs": "EPSG:4269",
        "_selecter_source": "CA37B07 1853 SF",
        "_selecter_imported": "2026-08-03T23:02:23.649Z"
      },
      "geometry": {
        "type": "LineString",
        "coordinates": [
          [
            -122.409642,
            37.805709
          ],
          [
            -122.409562,
            37.805709
          ],
          [
            -122.409512,
            37.805749
          ],
          [
            -122.409452,
            37.805789
          ],
          [
            -122.409332,
            37.805799
          ],
          [
            -122.409282,
            37.805819
          ],
          [
            -122.409262,
            37.805879
          ]
        ]
      }
    },
    {
      "type": "Feature",
      "properties": {
        "FEATURE_ID": 926019,
        "FEATURE": 20,
        "SOURCE_ID": "T00398",
        "DATA_SOURC": "P",
        "SRC_DATE": "18530101",
        "HOR_ACC": "0",
        "INFORM": "\u0000\u0000\u0000\u0000\u0000\u0000\u0000\u0000\u0000\u0000\u0000\u0000\u0000\u0000\u0000\u0000\u0000\u0000\u0000\u0000\u0000\u0000\u0000\u0000\u0000\u0000\u0000\u0000\u0000\u0000\u0000\u0000\u0000\u0000\u0000\u0000\u0000\u0000\u0000\u0000\u0000\u0000\u0000\u0000\u0000\u0000\u0000\u0000\u0000\u0000\u0000\u0000\u0000\u0000\u0000\u0000\u0000\u0000\u0000\u0000\u0000\u0000\u0000\u0000\u0000\u0000\u0000\u0000\u0000\u0000\u0000\u0000\u0000\u0000\u0000\u0000\u0000\u0000\u0000\u0000\u0000\u0000\u0000\u0000\u0000\u0000\u0000\u0000\u0000\u0000\u0000\u0000\u0000\u0000\u0000\u0000\u0000\u0000\u0000\u0000\u0000\u0000\u0000\u0000\u0000\u0000\u0000\u0000\u0000\u0000\u0000\u0000\u0000\u0000\u0000\u0000\u0000\u0000\u0000\u0000\u0000\u0000\u0000\u0000\u0000\u0000\u0000\u0000\u0000\u0000\u0000\u0000\u0000\u0000\u0000\u0000\u0000\u0000\u0000\u0000\u0000\u0000\u0000\u0000\u0000\u0000\u0000\u0000\u0000\u0000\u0000\u0000\u0000\u0000\u0000\u0000\u0000\u0000\u0000\u0000\u0000\u0000\u0000\u0000\u0000\u0000\u0000\u0000\u0000\u0000\u0000\u0000\u0000\u0000\u0000\u0000\u0000\u0000\u0000\u0000\u0000\u0000\u0000\u0000\u0000\u0000\u0000\u0000\u0000\u0000\u0000\u0000\u0000\u0000\u0000\u0000\u0000\u0000\u0000\u0000\u0000\u0000\u0000\u0000\u0000\u0000\u0000\u0000\u0000\u0000\u0000\u0000\u0000\u0000\u0000\u0000\u0000\u0000\u0000\u0000\u0000\u0000\u0000\u0000\u0000\u0000\u0000\u0000\u0000\u0000\u0000\u0000\u0000\u0000\u0000\u0000\u0000\u0000\u0000\u0000\u0000\u0000\u0000\u0000\u0000\u0000\u0000\u0000\u0000\u0000\u0000\u0000\u0000\u0000",
        "RESOLUTION": 0,
        "ATTRIBUTE": "Natural.Mean High Water",
        "CLASS": "SHORELINE",
        "F_CODE": null,
        "EX_METH": "M",
        "EXTRACT_TE": "P",
        "_selecter_format": "shapefile",
        "_selecter_sourcecrs": "EPSG:4269",
        "_selecter_source": "CA37B07 1853 SF",
        "_selecter_imported": "2026-08-03T23:02:23.649Z"
      },
      "geometry": {
        "type": "LineString",
        "coordinates": [
          [
            -122.409972,
            37.805639
          ],
          [
            -122.409932,
            37.805619
          ],
          [
            -122.409842,
            37.805639
          ]
        ]
      }
    },
    {
      "type": "Feature",
      "properties": {
        "FEATURE_ID": 926031,
        "FEATURE": 26,
        "SOURCE_ID": "T00398",
        "DATA_SOURC": "P",
        "SRC_DATE": "18530101",
        "HOR_ACC": "0",
        "INFORM": "\u0000\u0000\u0000\u0000\u0000\u0000\u0000\u0000\u0000\u0000\u0000\u0000\u0000\u0000\u0000\u0000\u0000\u0000\u0000\u0000\u0000\u0000\u0000\u0000\u0000\u0000\u0000\u0000\u0000\u0000\u0000\u0000\u0000\u0000\u0000\u0000\u0000\u0000\u0000\u0000\u0000\u0000\u0000\u0000\u0000\u0000\u0000\u0000\u0000\u0000\u0000\u0000\u0000\u0000\u0000\u0000\u0000\u0000\u0000\u0000\u0000\u0000\u0000\u0000\u0000\u0000\u0000\u0000\u0000\u0000\u0000\u0000\u0000\u0000\u0000\u0000\u0000\u0000\u0000\u0000\u0000\u0000\u0000\u0000\u0000\u0000\u0000\u0000\u0000\u0000\u0000\u0000\u0000\u0000\u0000\u0000\u0000\u0000\u0000\u0000\u0000\u0000\u0000\u0000\u0000\u0000\u0000\u0000\u0000\u0000\u0000\u0000\u0000\u0000\u0000\u0000\u0000\u0000\u0000\u0000\u0000\u0000\u0000\u0000\u0000\u0000\u0000\u0000\u0000\u0000\u0000\u0000\u0000\u0000\u0000\u0000\u0000\u0000\u0000\u0000\u0000\u0000\u0000\u0000\u0000\u0000\u0000\u0000\u0000\u0000\u0000\u0000\u0000\u0000\u0000\u0000\u0000\u0000\u0000\u0000\u0000\u0000\u0000\u0000\u0000\u0000\u0000\u0000\u0000\u0000\u0000\u0000\u0000\u0000\u0000\u0000\u0000\u0000\u0000\u0000\u0000\u0000\u0000\u0000\u0000\u0000\u0000\u0000\u0000\u0000\u0000\u0000\u0000\u0000\u0000\u0000\u0000\u0000\u0000\u0000\u0000\u0000\u0000\u0000\u0000\u0000\u0000\u0000\u0000\u0000\u0000\u0000\u0000\u0000\u0000\u0000\u0000\u0000\u0000\u0000\u0000\u0000\u0000\u0000\u0000\u0000\u0000\u0000\u0000\u0000\u0000\u0000\u0000\u0000\u0000\u0000\u0000\u0000\u0000\u0000\u0000\u0000\u0000\u0000\u0000\u0000\u0000\u0000\u0000\u0000\u0000\u0000\u0000\u0000",
        "RESOLUTION": 0,
        "ATTRIBUTE": "Undetermined.Approximate",
        "CLASS": "SHORELINE",
        "F_CODE": null,
        "EX_METH": "M",
        "EXTRACT_TE": "P",
        "_selecter_format": "shapefile",
        "_selecter_sourcecrs": "EPSG:4269",
        "_selecter_source": "CA37B07 1853 SF",
        "_selecter_imported": "2026-08-03T23:02:23.649Z"
      },
      "geometry": {
        "type": "LineString",
        "coordinates": [
          [
            -122.412492,
            37.804769
          ],
          [
            -122.412452,
            37.804819
          ],
          [
            -122.412372,
            37.804879
          ],
          [
            -122.412272,
            37.804949
          ]
        ]
      }
    },
    {
      "type": "Feature",
      "properties": {
        "FEATURE_ID": 926357,
        "FEATURE": 26,
        "SOURCE_ID": "T00398",
        "DATA_SOURC": "P",
        "SRC_DATE": "18530101",
        "HOR_ACC": "0",
        "INFORM": "\u0000\u0000\u0000\u0000\u0000\u0000\u0000\u0000\u0000\u0000\u0000\u0000\u0000\u0000\u0000\u0000\u0000\u0000\u0000\u0000\u0000\u0000\u0000\u0000\u0000\u0000\u0000\u0000\u0000\u0000\u0000\u0000\u0000\u0000\u0000\u0000\u0000\u0000\u0000\u0000\u0000\u0000\u0000\u0000\u0000\u0000\u0000\u0000\u0000\u0000\u0000\u0000\u0000\u0000\u0000\u0000\u0000\u0000\u0000\u0000\u0000\u0000\u0000\u0000\u0000\u0000\u0000\u0000\u0000\u0000\u0000\u0000\u0000\u0000\u0000\u0000\u0000\u0000\u0000\u0000\u0000\u0000\u0000\u0000\u0000\u0000\u0000\u0000\u0000\u0000\u0000\u0000\u0000\u0000\u0000\u0000\u0000\u0000\u0000\u0000\u0000\u0000\u0000\u0000\u0000\u0000\u0000\u0000\u0000\u0000\u0000\u0000\u0000\u0000\u0000\u0000\u0000\u0000\u0000\u0000\u0000\u0000\u0000\u0000\u0000\u0000\u0000\u0000\u0000\u0000\u0000\u0000\u0000\u0000\u0000\u0000\u0000\u0000\u0000\u0000\u0000\u0000\u0000\u0000\u0000\u0000\u0000\u0000\u0000\u0000\u0000\u0000\u0000\u0000\u0000\u0000\u0000\u0000\u0000\u0000\u0000\u0000\u0000\u0000\u0000\u0000\u0000\u0000\u0000\u0000\u0000\u0000\u0000\u0000\u0000\u0000\u0000\u0000\u0000\u0000\u0000\u0000\u0000\u0000\u0000\u0000\u0000\u0000\u0000\u0000\u0000\u0000\u0000\u0000\u0000\u0000\u0000\u0000\u0000\u0000\u0000\u0000\u0000\u0000\u0000\u0000\u0000\u0000\u0000\u0000\u0000\u0000\u0000\u0000\u0000\u0000\u0000\u0000\u0000\u0000\u0000\u0000\u0000\u0000\u0000\u0000\u0000\u0000\u0000\u0000\u0000\u0000\u0000\u0000\u0000\u0000\u0000\u0000\u0000\u0000\u0000\u0000\u0000\u0000\u0000\u0000\u0000\u0000\u0000\u0000\u0000\u0000\u0000\u0000",
        "RESOLUTION": 0,
        "ATTRIBUTE": "Undetermined.Approximate",
        "CLASS": "SHORELINE",
        "F_CODE": null,
        "EX_METH": "M",
        "EXTRACT_TE": "P",
        "_selecter_format": "shapefile",
        "_selecter_sourcecrs": "EPSG:4269",
        "_selecter_source": "CA37B07 1853 SF",
        "_selecter_imported": "2026-08-03T23:02:23.649Z"
      },
      "geometry": {
        "type": "LineString",
        "coordinates": [
          [
            -122.399942,
            37.799429
          ],
          [
            -122.399942,
            37.799399
          ],
          [
            -122.399932,
            37.799369
          ],
          [
            -122.399922,
            37.799349
          ],
          [
            -122.399942,
            37.799329
          ],
          [
            -122.399942,
            37.799309
          ],
          [
            -122.399932,
            37.799289
          ],
          [
            -122.399922,
            37.799259
          ],
          [
            -122.399912,
            37.799239
          ],
          [
            -122.399912,
            37.799219
          ],
          [
            -122.399912,
            37.799199
          ],
          [
            -122.399912,
            37.799169
          ],
          [
            -122.399912,
            37.799149
          ],
          [
            -122.399912,
            37.799119
          ],
          [
            -122.399902,
            37.799099
          ],
          [
            -122.399902,
            37.799079
          ],
          [
            -122.399892,
            37.799049
          ],
          [
            -122.399892,
            37.799029
          ],
          [
            -122.399892,
            37.799009
          ]
        ]
      }
    },
    {
      "type": "Feature",
      "properties": {
        "FEATURE_ID": 927050,
        "FEATURE": 26,
        "SOURCE_ID": "T00398",
        "DATA_SOURC": "P",
        "SRC_DATE": "18530101",
        "HOR_ACC": "0",
        "INFORM": "\u0000\u0000\u0000\u0000\u0000\u0000\u0000\u0000\u0000\u0000\u0000\u0000\u0000\u0000\u0000\u0000\u0000\u0000\u0000\u0000\u0000\u0000\u0000\u0000\u0000\u0000\u0000\u0000\u0000\u0000\u0000\u0000\u0000\u0000\u0000\u0000\u0000\u0000\u0000\u0000\u0000\u0000\u0000\u0000\u0000\u0000\u0000\u0000\u0000\u0000\u0000\u0000\u0000\u0000\u0000\u0000\u0000\u0000\u0000\u0000\u0000\u0000\u0000\u0000\u0000\u0000\u0000\u0000\u0000\u0000\u0000\u0000\u0000\u0000\u0000\u0000\u0000\u0000\u0000\u0000\u0000\u0000\u0000\u0000\u0000\u0000\u0000\u0000\u0000\u0000\u0000\u0000\u0000\u0000\u0000\u0000\u0000\u0000\u0000\u0000\u0000\u0000\u0000\u0000\u0000\u0000\u0000\u0000\u0000\u0000\u0000\u0000\u0000\u0000\u0000\u0000\u0000\u0000\u0000\u0000\u0000\u0000\u0000\u0000\u0000\u0000\u0000\u0000\u0000\u0000\u0000\u0000\u0000\u0000\u0000\u0000\u0000\u0000\u0000\u0000\u0000\u0000\u0000\u0000\u0000\u0000\u0000\u0000\u0000\u0000\u0000\u0000\u0000\u0000\u0000\u0000\u0000\u0000\u0000\u0000\u0000\u0000\u0000\u0000\u0000\u0000\u0000\u0000\u0000\u0000\u0000\u0000\u0000\u0000\u0000\u0000\u0000\u0000\u0000\u0000\u0000\u0000\u0000\u0000\u0000\u0000\u0000\u0000\u0000\u0000\u0000\u0000\u0000\u0000\u0000\u0000\u0000\u0000\u0000\u0000\u0000\u0000\u0000\u0000\u0000\u0000\u0000\u0000\u0000\u0000\u0000\u0000\u0000\u0000\u0000\u0000\u0000\u0000\u0000\u0000\u0000\u0000\u0000\u0000\u0000\u0000\u0000\u0000\u0000\u0000\u0000\u0000\u0000\u0000\u0000\u0000\u0000\u0000\u0000\u0000\u0000\u0000\u0000\u0000\u0000\u0000\u0000\u0000\u0000\u0000\u0000\u0000\u0000\u0000",
        "RESOLUTION": 0,
        "ATTRIBUTE": "Undetermined.Approximate",
        "CLASS": "SHORELINE",
        "F_CODE": null,
        "EX_METH": "M",
        "EXTRACT_TE": "P",
        "_selecter_format": "shapefile",
        "_selecter_sourcecrs": "EPSG:4269",
        "_selecter_source": "CA37B07 1853 SF",
        "_selecter_imported": "2026-08-03T23:02:23.649Z"
      },
      "geometry": {
        "type": "LineString",
        "coordinates": [
          [
            -122.414892,
            37.803969
          ],
          [
            -122.414832,
            37.803969
          ]
        ]
      }
    },
    {
      "type": "Feature",
      "properties": {
        "FEATURE_ID": 926381,
        "FEATURE": 26,
        "SOURCE_ID": "T00398",
        "DATA_SOURC": "P",
        "SRC_DATE": "18530101",
        "HOR_ACC": "0",
        "INFORM": "\u0000\u0000\u0000\u0000\u0000\u0000\u0000\u0000\u0000\u0000\u0000\u0000\u0000\u0000\u0000\u0000\u0000\u0000\u0000\u0000\u0000\u0000\u0000\u0000\u0000\u0000\u0000\u0000\u0000\u0000\u0000\u0000\u0000\u0000\u0000\u0000\u0000\u0000\u0000\u0000\u0000\u0000\u0000\u0000\u0000\u0000\u0000\u0000\u0000\u0000\u0000\u0000\u0000\u0000\u0000\u0000\u0000\u0000\u0000\u0000\u0000\u0000\u0000\u0000\u0000\u0000\u0000\u0000\u0000\u0000\u0000\u0000\u0000\u0000\u0000\u0000\u0000\u0000\u0000\u0000\u0000\u0000\u0000\u0000\u0000\u0000\u0000\u0000\u0000\u0000\u0000\u0000\u0000\u0000\u0000\u0000\u0000\u0000\u0000\u0000\u0000\u0000\u0000\u0000\u0000\u0000\u0000\u0000\u0000\u0000\u0000\u0000\u0000\u0000\u0000\u0000\u0000\u0000\u0000\u0000\u0000\u0000\u0000\u0000\u0000\u0000\u0000\u0000\u0000\u0000\u0000\u0000\u0000\u0000\u0000\u0000\u0000\u0000\u0000\u0000\u0000\u0000\u0000\u0000\u0000\u0000\u0000\u0000\u0000\u0000\u0000\u0000\u0000\u0000\u0000\u0000\u0000\u0000\u0000\u0000\u0000\u0000\u0000\u0000\u0000\u0000\u0000\u0000\u0000\u0000\u0000\u0000\u0000\u0000\u0000\u0000\u0000\u0000\u0000\u0000\u0000\u0000\u0000\u0000\u0000\u0000\u0000\u0000\u0000\u0000\u0000\u0000\u0000\u0000\u0000\u0000\u0000\u0000\u0000\u0000\u0000\u0000\u0000\u0000\u0000\u0000\u0000\u0000\u0000\u0000\u0000\u0000\u0000\u0000\u0000\u0000\u0000\u0000\u0000\u0000\u0000\u0000\u0000\u0000\u0000\u0000\u0000\u0000\u0000\u0000\u0000\u0000\u0000\u0000\u0000\u0000\u0000\u0000\u0000\u0000\u0000\u0000\u0000\u0000\u0000\u0000\u0000\u0000\u0000\u0000\u0000\u0000\u0000\u0000",
        "RESOLUTION": 0,
        "ATTRIBUTE": "Undetermined.Approximate",
        "CLASS": "SHORELINE",
        "F_CODE": null,
        "EX_METH": "M",
        "EXTRACT_TE": "P",
        "_selecter_format": "shapefile",
        "_selecter_sourcecrs": "EPSG:4269",
        "_selecter_source": "CA37B07 1853 SF",
        "_selecter_imported": "2026-08-03T23:02:23.649Z"
      },
      "geometry": {
        "type": "LineString",
        "coordinates": [
          [
            -122.394132,
            37.788959
          ],
          [
            -122.393852,
            37.788879
          ]
        ]
      }
    },
    {
      "type": "Feature",
      "properties": {
        "FEATURE_ID": 926023,
        "FEATURE": 28,
        "SOURCE_ID": "T00398",
        "DATA_SOURC": "P",
        "SRC_DATE": "18530101",
        "HOR_ACC": "0",
        "INFORM": "\u0000\u0000\u0000\u0000\u0000\u0000\u0000\u0000\u0000\u0000\u0000\u0000\u0000\u0000\u0000\u0000\u0000\u0000\u0000\u0000\u0000\u0000\u0000\u0000\u0000\u0000\u0000\u0000\u0000\u0000\u0000\u0000\u0000\u0000\u0000\u0000\u0000\u0000\u0000\u0000\u0000\u0000\u0000\u0000\u0000\u0000\u0000\u0000\u0000\u0000\u0000\u0000\u0000\u0000\u0000\u0000\u0000\u0000\u0000\u0000\u0000\u0000\u0000\u0000\u0000\u0000\u0000\u0000\u0000\u0000\u0000\u0000\u0000\u0000\u0000\u0000\u0000\u0000\u0000\u0000\u0000\u0000\u0000\u0000\u0000\u0000\u0000\u0000\u0000\u0000\u0000\u0000\u0000\u0000\u0000\u0000\u0000\u0000\u0000\u0000\u0000\u0000\u0000\u0000\u0000\u0000\u0000\u0000\u0000\u0000\u0000\u0000\u0000\u0000\u0000\u0000\u0000\u0000\u0000\u0000\u0000\u0000\u0000\u0000\u0000\u0000\u0000\u0000\u0000\u0000\u0000\u0000\u0000\u0000\u0000\u0000\u0000\u0000\u0000\u0000\u0000\u0000\u0000\u0000\u0000\u0000\u0000\u0000\u0000\u0000\u0000\u0000\u0000\u0000\u0000\u0000\u0000\u0000\u0000\u0000\u0000\u0000\u0000\u0000\u0000\u0000\u0000\u0000\u0000\u0000\u0000\u0000\u0000\u0000\u0000\u0000\u0000\u0000\u0000\u0000\u0000\u0000\u0000\u0000\u0000\u0000\u0000\u0000\u0000\u0000\u0000\u0000\u0000\u0000\u0000\u0000\u0000\u0000\u0000\u0000\u0000\u0000\u0000\u0000\u0000\u0000\u0000\u0000\u0000\u0000\u0000\u0000\u0000\u0000\u0000\u0000\u0000\u0000\u0000\u0000\u0000\u0000\u0000\u0000\u0000\u0000\u0000\u0000\u0000\u0000\u0000\u0000\u0000\u0000\u0000\u0000\u0000\u0000\u0000\u0000\u0000\u0000\u0000\u0000\u0000\u0000\u0000\u0000\u0000\u0000\u0000\u0000\u0000\u0000",
        "RESOLUTION": 0,
        "ATTRIBUTE": "Shoreline/Alongshore Feature Boundary",
        "CLASS": "SHORELINE",
        "F_CODE": null,
        "EX_METH": "M",
        "EXTRACT_TE": "P",
        "_selecter_format": "shapefile",
        "_selecter_sourcecrs": "EPSG:4269",
        "_selecter_source": "CA37B07 1853 SF",
        "_selecter_imported": "2026-08-03T23:02:23.649Z"
      },
      "geometry": {
        "type": "LineString",
        "coordinates": [
          [
            -122.409642,
            37.805709
          ],
          [
            -122.409842,
            37.805639
          ]
        ]
      }
    },
    {
      "type": "Feature",
      "properties": {
        "FEATURE_ID": 926026,
        "FEATURE": 28,
        "SOURCE_ID": "T00398",
        "DATA_SOURC": "P",
        "SRC_DATE": "18530101",
        "HOR_ACC": "0",
        "INFORM": "\u0000\u0000\u0000\u0000\u0000\u0000\u0000\u0000\u0000\u0000\u0000\u0000\u0000\u0000\u0000\u0000\u0000\u0000\u0000\u0000\u0000\u0000\u0000\u0000\u0000\u0000\u0000\u0000\u0000\u0000\u0000\u0000\u0000\u0000\u0000\u0000\u0000\u0000\u0000\u0000\u0000\u0000\u0000\u0000\u0000\u0000\u0000\u0000\u0000\u0000\u0000\u0000\u0000\u0000\u0000\u0000\u0000\u0000\u0000\u0000\u0000\u0000\u0000\u0000\u0000\u0000\u0000\u0000\u0000\u0000\u0000\u0000\u0000\u0000\u0000\u0000\u0000\u0000\u0000\u0000\u0000\u0000\u0000\u0000\u0000\u0000\u0000\u0000\u0000\u0000\u0000\u0000\u0000\u0000\u0000\u0000\u0000\u0000\u0000\u0000\u0000\u0000\u0000\u0000\u0000\u0000\u0000\u0000\u0000\u0000\u0000\u0000\u0000\u0000\u0000\u0000\u0000\u0000\u0000\u0000\u0000\u0000\u0000\u0000\u0000\u0000\u0000\u0000\u0000\u0000\u0000\u0000\u0000\u0000\u0000\u0000\u0000\u0000\u0000\u0000\u0000\u0000\u0000\u0000\u0000\u0000\u0000\u0000\u0000\u0000\u0000\u0000\u0000\u0000\u0000\u0000\u0000\u0000\u0000\u0000\u0000\u0000\u0000\u0000\u0000\u0000\u0000\u0000\u0000\u0000\u0000\u0000\u0000\u0000\u0000\u0000\u0000\u0000\u0000\u0000\u0000\u0000\u0000\u0000\u0000\u0000\u0000\u0000\u0000\u0000\u0000\u0000\u0000\u0000\u0000\u0000\u0000\u0000\u0000\u0000\u0000\u0000\u0000\u0000\u0000\u0000\u0000\u0000\u0000\u0000\u0000\u0000\u0000\u0000\u0000\u0000\u0000\u0000\u0000\u0000\u0000\u0000\u0000\u0000\u0000\u0000\u0000\u0000\u0000\u0000\u0000\u0000\u0000\u0000\u0000\u0000\u0000\u0000\u0000\u0000\u0000\u0000\u0000\u0000\u0000\u0000\u0000\u0000\u0000\u0000\u0000\u0000\u0000\u0000",
        "RESOLUTION": 0,
        "ATTRIBUTE": "Shoreline/Alongshore Feature Boundary",
        "CLASS": "SHORELINE",
        "F_CODE": null,
        "EX_METH": "M",
        "EXTRACT_TE": "P",
        "_selecter_format": "shapefile",
        "_selecter_sourcecrs": "EPSG:4269",
        "_selecter_source": "CA37B07 1853 SF",
        "_selecter_imported": "2026-08-03T23:02:23.649Z"
      },
      "geometry": {
        "type": "LineString",
        "coordinates": [
          [
            -122.411572,
            37.805109
          ],
          [
            -122.411672,
            37.805089
          ]
        ]
      }
    },
    {
      "type": "Feature",
      "properties": {
        "FEATURE_ID": 926694,
        "FEATURE": 28,
        "SOURCE_ID": "T00398",
        "DATA_SOURC": "P",
        "SRC_DATE": "18530101",
        "HOR_ACC": "0",
        "INFORM": "\u0000\u0000\u0000\u0000\u0000\u0000\u0000\u0000\u0000\u0000\u0000\u0000\u0000\u0000\u0000\u0000\u0000\u0000\u0000\u0000\u0000\u0000\u0000\u0000\u0000\u0000\u0000\u0000\u0000\u0000\u0000\u0000\u0000\u0000\u0000\u0000\u0000\u0000\u0000\u0000\u0000\u0000\u0000\u0000\u0000\u0000\u0000\u0000\u0000\u0000\u0000\u0000\u0000\u0000\u0000\u0000\u0000\u0000\u0000\u0000\u0000\u0000\u0000\u0000\u0000\u0000\u0000\u0000\u0000\u0000\u0000\u0000\u0000\u0000\u0000\u0000\u0000\u0000\u0000\u0000\u0000\u0000\u0000\u0000\u0000\u0000\u0000\u0000\u0000\u0000\u0000\u0000\u0000\u0000\u0000\u0000\u0000\u0000\u0000\u0000\u0000\u0000\u0000\u0000\u0000\u0000\u0000\u0000\u0000\u0000\u0000\u0000\u0000\u0000\u0000\u0000\u0000\u0000\u0000\u0000\u0000\u0000\u0000\u0000\u0000\u0000\u0000\u0000\u0000\u0000\u0000\u0000\u0000\u0000\u0000\u0000\u0000\u0000\u0000\u0000\u0000\u0000\u0000\u0000\u0000\u0000\u0000\u0000\u0000\u0000\u0000\u0000\u0000\u0000\u0000\u0000\u0000\u0000\u0000\u0000\u0000\u0000\u0000\u0000\u0000\u0000\u0000\u0000\u0000\u0000\u0000\u0000\u0000\u0000\u0000\u0000\u0000\u0000\u0000\u0000\u0000\u0000\u0000\u0000\u0000\u0000\u0000\u0000\u0000\u0000\u0000\u0000\u0000\u0000\u0000\u0000\u0000\u0000\u0000\u0000\u0000\u0000\u0000\u0000\u0000\u0000\u0000\u0000\u0000\u0000\u0000\u0000\u0000\u0000\u0000\u0000\u0000\u0000\u0000\u0000\u0000\u0000\u0000\u0000\u0000\u0000\u0000\u0000\u0000\u0000\u0000\u0000\u0000\u0000\u0000\u0000\u0000\u0000\u0000\u0000\u0000\u0000\u0000\u0000\u0000\u0000\u0000\u0000\u0000\u0000\u0000\u0000\u0000\u0000",
        "RESOLUTION": 0,
        "ATTRIBUTE": "Shoreline/Alongshore Feature Boundary",
        "CLASS": "SHORELINE",
        "F_CODE": null,
        "EX_METH": "M",
        "EXTRACT_TE": "P",
        "_selecter_format": "shapefile",
        "_selecter_sourcecrs": "EPSG:4269",
        "_selecter_source": "CA37B07 1853 SF",
        "_selecter_imported": "2026-08-03T23:02:23.649Z"
      },
      "geometry": {
        "type": "LineString",
        "coordinates": [
          [
            -122.390572,
            37.789059
          ],
          [
            -122.390712,
            37.788969
          ]
        ]
      }
    },
    {
      "type": "Feature",
      "properties": {
        "FEATURE_ID": 926699,
        "FEATURE": 28,
        "SOURCE_ID": "T00398",
        "DATA_SOURC": "P",
        "SRC_DATE": "18530101",
        "HOR_ACC": "0",
        "INFORM": "\u0000\u0000\u0000\u0000\u0000\u0000\u0000\u0000\u0000\u0000\u0000\u0000\u0000\u0000\u0000\u0000\u0000\u0000\u0000\u0000\u0000\u0000\u0000\u0000\u0000\u0000\u0000\u0000\u0000\u0000\u0000\u0000\u0000\u0000\u0000\u0000\u0000\u0000\u0000\u0000\u0000\u0000\u0000\u0000\u0000\u0000\u0000\u0000\u0000\u0000\u0000\u0000\u0000\u0000\u0000\u0000\u0000\u0000\u0000\u0000\u0000\u0000\u0000\u0000\u0000\u0000\u0000\u0000\u0000\u0000\u0000\u0000\u0000\u0000\u0000\u0000\u0000\u0000\u0000\u0000\u0000\u0000\u0000\u0000\u0000\u0000\u0000\u0000\u0000\u0000\u0000\u0000\u0000\u0000\u0000\u0000\u0000\u0000\u0000\u0000\u0000\u0000\u0000\u0000\u0000\u0000\u0000\u0000\u0000\u0000\u0000\u0000\u0000\u0000\u0000\u0000\u0000\u0000\u0000\u0000\u0000\u0000\u0000\u0000\u0000\u0000\u0000\u0000\u0000\u0000\u0000\u0000\u0000\u0000\u0000\u0000\u0000\u0000\u0000\u0000\u0000\u0000\u0000\u0000\u0000\u0000\u0000\u0000\u0000\u0000\u0000\u0000\u0000\u0000\u0000\u0000\u0000\u0000\u0000\u0000\u0000\u0000\u0000\u0000\u0000\u0000\u0000\u0000\u0000\u0000\u0000\u0000\u0000\u0000\u0000\u0000\u0000\u0000\u0000\u0000\u0000\u0000\u0000\u0000\u0000\u0000\u0000\u0000\u0000\u0000\u0000\u0000\u0000\u0000\u0000\u0000\u0000\u0000\u0000\u0000\u0000\u0000\u0000\u0000\u0000\u0000\u0000\u0000\u0000\u0000\u0000\u0000\u0000\u0000\u0000\u0000\u0000\u0000\u0000\u0000\u0000\u0000\u0000\u0000\u0000\u0000\u0000\u0000\u0000\u0000\u0000\u0000\u0000\u0000\u0000\u0000\u0000\u0000\u0000\u0000\u0000\u0000\u0000\u0000\u0000\u0000\u0000\u0000\u0000\u0000\u0000\u0000\u0000\u0000",
        "RESOLUTION": 0,
        "ATTRIBUTE": "Shoreline/Alongshore Feature Boundary",
        "CLASS": "SHORELINE",
        "F_CODE": null,
        "EX_METH": "M",
        "EXTRACT_TE": "P",
        "_selecter_format": "shapefile",
        "_selecter_sourcecrs": "EPSG:4269",
        "_selecter_source": "CA37B07 1853 SF",
        "_selecter_imported": "2026-08-03T23:02:23.649Z"
      },
      "geometry": {
        "type": "LineString",
        "coordinates": [
          [
            -122.390472,
            37.789239
          ],
          [
            -122.390452,
            37.789309
          ]
        ]
      }
    },
    {
      "type": "Feature",
      "properties": {
        "FEATURE_ID": 926702,
        "FEATURE": 28,
        "SOURCE_ID": "T00398",
        "DATA_SOURC": "P",
        "SRC_DATE": "18530101",
        "HOR_ACC": "0",
        "INFORM": "\u0000\u0000\u0000\u0000\u0000\u0000\u0000\u0000\u0000\u0000\u0000\u0000\u0000\u0000\u0000\u0000\u0000\u0000\u0000\u0000\u0000\u0000\u0000\u0000\u0000\u0000\u0000\u0000\u0000\u0000\u0000\u0000\u0000\u0000\u0000\u0000\u0000\u0000\u0000\u0000\u0000\u0000\u0000\u0000\u0000\u0000\u0000\u0000\u0000\u0000\u0000\u0000\u0000\u0000\u0000\u0000\u0000\u0000\u0000\u0000\u0000\u0000\u0000\u0000\u0000\u0000\u0000\u0000\u0000\u0000\u0000\u0000\u0000\u0000\u0000\u0000\u0000\u0000\u0000\u0000\u0000\u0000\u0000\u0000\u0000\u0000\u0000\u0000\u0000\u0000\u0000\u0000\u0000\u0000\u0000\u0000\u0000\u0000\u0000\u0000\u0000\u0000\u0000\u0000\u0000\u0000\u0000\u0000\u0000\u0000\u0000\u0000\u0000\u0000\u0000\u0000\u0000\u0000\u0000\u0000\u0000\u0000\u0000\u0000\u0000\u0000\u0000\u0000\u0000\u0000\u0000\u0000\u0000\u0000\u0000\u0000\u0000\u0000\u0000\u0000\u0000\u0000\u0000\u0000\u0000\u0000\u0000\u0000\u0000\u0000\u0000\u0000\u0000\u0000\u0000\u0000\u0000\u0000\u0000\u0000\u0000\u0000\u0000\u0000\u0000\u0000\u0000\u0000\u0000\u0000\u0000\u0000\u0000\u0000\u0000\u0000\u0000\u0000\u0000\u0000\u0000\u0000\u0000\u0000\u0000\u0000\u0000\u0000\u0000\u0000\u0000\u0000\u0000\u0000\u0000\u0000\u0000\u0000\u0000\u0000\u0000\u0000\u0000\u0000\u0000\u0000\u0000\u0000\u0000\u0000\u0000\u0000\u0000\u0000\u0000\u0000\u0000\u0000\u0000\u0000\u0000\u0000\u0000\u0000\u0000\u0000\u0000\u0000\u0000\u0000\u0000\u0000\u0000\u0000\u0000\u0000\u0000\u0000\u0000\u0000\u0000\u0000\u0000\u0000\u0000\u0000\u0000\u0000\u0000\u0000\u0000\u0000\u0000\u0000",
        "RESOLUTION": 0,
        "ATTRIBUTE": "Shoreline/Alongshore Feature Boundary",
        "CLASS": "SHORELINE",
        "F_CODE": null,
        "EX_METH": "M",
        "EXTRACT_TE": "P",
        "_selecter_format": "shapefile",
        "_selecter_sourcecrs": "EPSG:4269",
        "_selecter_source": "CA37B07 1853 SF",
        "_selecter_imported": "2026-08-03T23:02:23.649Z"
      },
      "geometry": {
        "type": "LineString",
        "coordinates": [
          [
            -122.390452,
            37.789499
          ],
          [
            -122.390452,
            37.789399
          ]
        ]
      }
    },
    {
      "type": "Feature",
      "properties": {
        "FEATURE_ID": 926706,
        "FEATURE": 28,
        "SOURCE_ID": "T00398",
        "DATA_SOURC": "P",
        "SRC_DATE": "18530101",
        "HOR_ACC": "0",
        "INFORM": "\u0000\u0000\u0000\u0000\u0000\u0000\u0000\u0000\u0000\u0000\u0000\u0000\u0000\u0000\u0000\u0000\u0000\u0000\u0000\u0000\u0000\u0000\u0000\u0000\u0000\u0000\u0000\u0000\u0000\u0000\u0000\u0000\u0000\u0000\u0000\u0000\u0000\u0000\u0000\u0000\u0000\u0000\u0000\u0000\u0000\u0000\u0000\u0000\u0000\u0000\u0000\u0000\u0000\u0000\u0000\u0000\u0000\u0000\u0000\u0000\u0000\u0000\u0000\u0000\u0000\u0000\u0000\u0000\u0000\u0000\u0000\u0000\u0000\u0000\u0000\u0000\u0000\u0000\u0000\u0000\u0000\u0000\u0000\u0000\u0000\u0000\u0000\u0000\u0000\u0000\u0000\u0000\u0000\u0000\u0000\u0000\u0000\u0000\u0000\u0000\u0000\u0000\u0000\u0000\u0000\u0000\u0000\u0000\u0000\u0000\u0000\u0000\u0000\u0000\u0000\u0000\u0000\u0000\u0000\u0000\u0000\u0000\u0000\u0000\u0000\u0000\u0000\u0000\u0000\u0000\u0000\u0000\u0000\u0000\u0000\u0000\u0000\u0000\u0000\u0000\u0000\u0000\u0000\u0000\u0000\u0000\u0000\u0000\u0000\u0000\u0000\u0000\u0000\u0000\u0000\u0000\u0000\u0000\u0000\u0000\u0000\u0000\u0000\u0000\u0000\u0000\u0000\u0000\u0000\u0000\u0000\u0000\u0000\u0000\u0000\u0000\u0000\u0000\u0000\u0000\u0000\u0000\u0000\u0000\u0000\u0000\u0000\u0000\u0000\u0000\u0000\u0000\u0000\u0000\u0000\u0000\u0000\u0000\u0000\u0000\u0000\u0000\u0000\u0000\u0000\u0000\u0000\u0000\u0000\u0000\u0000\u0000\u0000\u0000\u0000\u0000\u0000\u0000\u0000\u0000\u0000\u0000\u0000\u0000\u0000\u0000\u0000\u0000\u0000\u0000\u0000\u0000\u0000\u0000\u0000\u0000\u0000\u0000\u0000\u0000\u0000\u0000\u0000\u0000\u0000\u0000\u0000\u0000\u0000\u0000\u0000\u0000\u0000\u0000",
        "RESOLUTION": 0,
        "ATTRIBUTE": "Shoreline/Alongshore Feature Boundary",
        "CLASS": "SHORELINE",
        "F_CODE": null,
        "EX_METH": "M",
        "EXTRACT_TE": "P",
        "_selecter_format": "shapefile",
        "_selecter_sourcecrs": "EPSG:4269",
        "_selecter_source": "CA37B07 1853 SF",
        "_selecter_imported": "2026-08-03T23:02:23.649Z"
      },
      "geometry": {
        "type": "LineString",
        "coordinates": [
          [
            -122.389732,
            37.780569
          ],
          [
            -122.389792,
            37.780859
          ]
        ]
      }
    },
    {
      "type": "Feature",
      "properties": {
        "FEATURE_ID": 927409,
        "FEATURE": 28,
        "SOURCE_ID": "T00398",
        "DATA_SOURC": "P",
        "SRC_DATE": "18530101",
        "HOR_ACC": "0",
        "INFORM": "\u0000\u0000\u0000\u0000\u0000\u0000\u0000\u0000\u0000\u0000\u0000\u0000\u0000\u0000\u0000\u0000\u0000\u0000\u0000\u0000\u0000\u0000\u0000\u0000\u0000\u0000\u0000\u0000\u0000\u0000\u0000\u0000\u0000\u0000\u0000\u0000\u0000\u0000\u0000\u0000\u0000\u0000\u0000\u0000\u0000\u0000\u0000\u0000\u0000\u0000\u0000\u0000\u0000\u0000\u0000\u0000\u0000\u0000\u0000\u0000\u0000\u0000\u0000\u0000\u0000\u0000\u0000\u0000\u0000\u0000\u0000\u0000\u0000\u0000\u0000\u0000\u0000\u0000\u0000\u0000\u0000\u0000\u0000\u0000\u0000\u0000\u0000\u0000\u0000\u0000\u0000\u0000\u0000\u0000\u0000\u0000\u0000\u0000\u0000\u0000\u0000\u0000\u0000\u0000\u0000\u0000\u0000\u0000\u0000\u0000\u0000\u0000\u0000\u0000\u0000\u0000\u0000\u0000\u0000\u0000\u0000\u0000\u0000\u0000\u0000\u0000\u0000\u0000\u0000\u0000\u0000\u0000\u0000\u0000\u0000\u0000\u0000\u0000\u0000\u0000\u0000\u0000\u0000\u0000\u0000\u0000\u0000\u0000\u0000\u0000\u0000\u0000\u0000\u0000\u0000\u0000\u0000\u0000\u0000\u0000\u0000\u0000\u0000\u0000\u0000\u0000\u0000\u0000\u0000\u0000\u0000\u0000\u0000\u0000\u0000\u0000\u0000\u0000\u0000\u0000\u0000\u0000\u0000\u0000\u0000\u0000\u0000\u0000\u0000\u0000\u0000\u0000\u0000\u0000\u0000\u0000\u0000\u0000\u0000\u0000\u0000\u0000\u0000\u0000\u0000\u0000\u0000\u0000\u0000\u0000\u0000\u0000\u0000\u0000\u0000\u0000\u0000\u0000\u0000\u0000\u0000\u0000\u0000\u0000\u0000\u0000\u0000\u0000\u0000\u0000\u0000\u0000\u0000\u0000\u0000\u0000\u0000\u0000\u0000\u0000\u0000\u0000\u0000\u0000\u0000\u0000\u0000\u0000\u0000\u0000\u0000\u0000\u0000\u0000",
        "RESOLUTION": 0,
        "ATTRIBUTE": "Shoreline/Alongshore Feature Boundary",
        "CLASS": "SHORELINE",
        "F_CODE": null,
        "EX_METH": "M",
        "EXTRACT_TE": "P",
        "_selecter_format": "shapefile",
        "_selecter_sourcecrs": "EPSG:4269",
        "_selecter_source": "CA37B07 1853 SF",
        "_selecter_imported": "2026-08-03T23:02:23.649Z"
      },
      "geometry": {
        "type": "LineString",
        "coordinates": [
          [
            -122.396622,
            37.792819
          ],
          [
            -122.396512,
            37.792899
          ]
        ]
      }
    },
    {
      "type": "Feature",
      "properties": {
        "FEATURE_ID": 926356,
        "FEATURE": 28,
        "SOURCE_ID": "T00398",
        "DATA_SOURC": "P",
        "SRC_DATE": "18530101",
        "HOR_ACC": "0",
        "INFORM": "\u0000\u0000\u0000\u0000\u0000\u0000\u0000\u0000\u0000\u0000\u0000\u0000\u0000\u0000\u0000\u0000\u0000\u0000\u0000\u0000\u0000\u0000\u0000\u0000\u0000\u0000\u0000\u0000\u0000\u0000\u0000\u0000\u0000\u0000\u0000\u0000\u0000\u0000\u0000\u0000\u0000\u0000\u0000\u0000\u0000\u0000\u0000\u0000\u0000\u0000\u0000\u0000\u0000\u0000\u0000\u0000\u0000\u0000\u0000\u0000\u0000\u0000\u0000\u0000\u0000\u0000\u0000\u0000\u0000\u0000\u0000\u0000\u0000\u0000\u0000\u0000\u0000\u0000\u0000\u0000\u0000\u0000\u0000\u0000\u0000\u0000\u0000\u0000\u0000\u0000\u0000\u0000\u0000\u0000\u0000\u0000\u0000\u0000\u0000\u0000\u0000\u0000\u0000\u0000\u0000\u0000\u0000\u0000\u0000\u0000\u0000\u0000\u0000\u0000\u0000\u0000\u0000\u0000\u0000\u0000\u0000\u0000\u0000\u0000\u0000\u0000\u0000\u0000\u0000\u0000\u0000\u0000\u0000\u0000\u0000\u0000\u0000\u0000\u0000\u0000\u0000\u0000\u0000\u0000\u0000\u0000\u0000\u0000\u0000\u0000\u0000\u0000\u0000\u0000\u0000\u0000\u0000\u0000\u0000\u0000\u0000\u0000\u0000\u0000\u0000\u0000\u0000\u0000\u0000\u0000\u0000\u0000\u0000\u0000\u0000\u0000\u0000\u0000\u0000\u0000\u0000\u0000\u0000\u0000\u0000\u0000\u0000\u0000\u0000\u0000\u0000\u0000\u0000\u0000\u0000\u0000\u0000\u0000\u0000\u0000\u0000\u0000\u0000\u0000\u0000\u0000\u0000\u0000\u0000\u0000\u0000\u0000\u0000\u0000\u0000\u0000\u0000\u0000\u0000\u0000\u0000\u0000\u0000\u0000\u0000\u0000\u0000\u0000\u0000\u0000\u0000\u0000\u0000\u0000\u0000\u0000\u0000\u0000\u0000\u0000\u0000\u0000\u0000\u0000\u0000\u0000\u0000\u0000\u0000\u0000\u0000\u0000\u0000\u0000",
        "RESOLUTION": 0,
        "ATTRIBUTE": "Shoreline/Alongshore Feature Boundary",
        "CLASS": "SHORELINE",
        "F_CODE": null,
        "EX_METH": "M",
        "EXTRACT_TE": "P",
        "_selecter_format": "shapefile",
        "_selecter_sourcecrs": "EPSG:4269",
        "_selecter_source": "CA37B07 1853 SF",
        "_selecter_imported": "2026-08-03T23:02:23.649Z"
      },
      "geometry": {
        "type": "LineString",
        "coordinates": [
          [
            -122.403392,
            37.803439
          ],
          [
            -122.403432,
            37.803489
          ]
        ]
      }
    },
    {
      "type": "Feature",
      "properties": {
        "FEATURE_ID": 927417,
        "FEATURE": 28,
        "SOURCE_ID": "T00398",
        "DATA_SOURC": "P",
        "SRC_DATE": "18530101",
        "HOR_ACC": "0",
        "INFORM": "\u0000\u0000\u0000\u0000\u0000\u0000\u0000\u0000\u0000\u0000\u0000\u0000\u0000\u0000\u0000\u0000\u0000\u0000\u0000\u0000\u0000\u0000\u0000\u0000\u0000\u0000\u0000\u0000\u0000\u0000\u0000\u0000\u0000\u0000\u0000\u0000\u0000\u0000\u0000\u0000\u0000\u0000\u0000\u0000\u0000\u0000\u0000\u0000\u0000\u0000\u0000\u0000\u0000\u0000\u0000\u0000\u0000\u0000\u0000\u0000\u0000\u0000\u0000\u0000\u0000\u0000\u0000\u0000\u0000\u0000\u0000\u0000\u0000\u0000\u0000\u0000\u0000\u0000\u0000\u0000\u0000\u0000\u0000\u0000\u0000\u0000\u0000\u0000\u0000\u0000\u0000\u0000\u0000\u0000\u0000\u0000\u0000\u0000\u0000\u0000\u0000\u0000\u0000\u0000\u0000\u0000\u0000\u0000\u0000\u0000\u0000\u0000\u0000\u0000\u0000\u0000\u0000\u0000\u0000\u0000\u0000\u0000\u0000\u0000\u0000\u0000\u0000\u0000\u0000\u0000\u0000\u0000\u0000\u0000\u0000\u0000\u0000\u0000\u0000\u0000\u0000\u0000\u0000\u0000\u0000\u0000\u0000\u0000\u0000\u0000\u0000\u0000\u0000\u0000\u0000\u0000\u0000\u0000\u0000\u0000\u0000\u0000\u0000\u0000\u0000\u0000\u0000\u0000\u0000\u0000\u0000\u0000\u0000\u0000\u0000\u0000\u0000\u0000\u0000\u0000\u0000\u0000\u0000\u0000\u0000\u0000\u0000\u0000\u0000\u0000\u0000\u0000\u0000\u0000\u0000\u0000\u0000\u0000\u0000\u0000\u0000\u0000\u0000\u0000\u0000\u0000\u0000\u0000\u0000\u0000\u0000\u0000\u0000\u0000\u0000\u0000\u0000\u0000\u0000\u0000\u0000\u0000\u0000\u0000\u0000\u0000\u0000\u0000\u0000\u0000\u0000\u0000\u0000\u0000\u0000\u0000\u0000\u0000\u0000\u0000\u0000\u0000\u0000\u0000\u0000\u0000\u0000\u0000\u0000\u0000\u0000\u0000\u0000\u0000",
        "RESOLUTION": 0,
        "ATTRIBUTE": "Shoreline/Alongshore Feature Boundary",
        "CLASS": "SHORELINE",
        "F_CODE": null,
        "EX_METH": "M",
        "EXTRACT_TE": "P",
        "_selecter_format": "shapefile",
        "_selecter_sourcecrs": "EPSG:4269",
        "_selecter_source": "CA37B07 1853 SF",
        "_selecter_imported": "2026-08-03T23:02:23.649Z"
      },
      "geometry": {
        "type": "LineString",
        "coordinates": [
          [
            -122.396272,
            37.789689
          ],
          [
            -122.396222,
            37.789679
          ],
          [
            -122.396092,
            37.789679
          ],
          [
            -122.395972,
            37.789709
          ],
          [
            -122.395832,
            37.789759
          ],
          [
            -122.395732,
            37.789799
          ],
          [
            -122.395622,
            37.789799
          ]
        ]
      }
    },
    {
      "type": "Feature",
      "properties": {
        "FEATURE_ID": 926370,
        "FEATURE": 28,
        "SOURCE_ID": "T00398",
        "DATA_SOURC": "P",
        "SRC_DATE": "18530101",
        "HOR_ACC": "0",
        "INFORM": "\u0000\u0000\u0000\u0000\u0000\u0000\u0000\u0000\u0000\u0000\u0000\u0000\u0000\u0000\u0000\u0000\u0000\u0000\u0000\u0000\u0000\u0000\u0000\u0000\u0000\u0000\u0000\u0000\u0000\u0000\u0000\u0000\u0000\u0000\u0000\u0000\u0000\u0000\u0000\u0000\u0000\u0000\u0000\u0000\u0000\u0000\u0000\u0000\u0000\u0000\u0000\u0000\u0000\u0000\u0000\u0000\u0000\u0000\u0000\u0000\u0000\u0000\u0000\u0000\u0000\u0000\u0000\u0000\u0000\u0000\u0000\u0000\u0000\u0000\u0000\u0000\u0000\u0000\u0000\u0000\u0000\u0000\u0000\u0000\u0000\u0000\u0000\u0000\u0000\u0000\u0000\u0000\u0000\u0000\u0000\u0000\u0000\u0000\u0000\u0000\u0000\u0000\u0000\u0000\u0000\u0000\u0000\u0000\u0000\u0000\u0000\u0000\u0000\u0000\u0000\u0000\u0000\u0000\u0000\u0000\u0000\u0000\u0000\u0000\u0000\u0000\u0000\u0000\u0000\u0000\u0000\u0000\u0000\u0000\u0000\u0000\u0000\u0000\u0000\u0000\u0000\u0000\u0000\u0000\u0000\u0000\u0000\u0000\u0000\u0000\u0000\u0000\u0000\u0000\u0000\u0000\u0000\u0000\u0000\u0000\u0000\u0000\u0000\u0000\u0000\u0000\u0000\u0000\u0000\u0000\u0000\u0000\u0000\u0000\u0000\u0000\u0000\u0000\u0000\u0000\u0000\u0000\u0000\u0000\u0000\u0000\u0000\u0000\u0000\u0000\u0000\u0000\u0000\u0000\u0000\u0000\u0000\u0000\u0000\u0000\u0000\u0000\u0000\u0000\u0000\u0000\u0000\u0000\u0000\u0000\u0000\u0000\u0000\u0000\u0000\u0000\u0000\u0000\u0000\u0000\u0000\u0000\u0000\u0000\u0000\u0000\u0000\u0000\u0000\u0000\u0000\u0000\u0000\u0000\u0000\u0000\u0000\u0000\u0000\u0000\u0000\u0000\u0000\u0000\u0000\u0000\u0000\u0000\u0000\u0000\u0000\u0000\u0000\u0000",
        "RESOLUTION": 0,
        "ATTRIBUTE": "Shoreline/Alongshore Feature Boundary",
        "CLASS": "SHORELINE",
        "F_CODE": null,
        "EX_METH": "M",
        "EXTRACT_TE": "P",
        "_selecter_format": "shapefile",
        "_selecter_sourcecrs": "EPSG:4269",
        "_selecter_source": "CA37B07 1853 SF",
        "_selecter_imported": "2026-08-03T23:02:23.649Z"
      },
      "geometry": {
        "type": "LineString",
        "coordinates": [
          [
            -122.396752,
            37.790089
          ],
          [
            -122.396672,
            37.789979
          ],
          [
            -122.396622,
            37.789889
          ],
          [
            -122.396432,
            37.789799
          ],
          [
            -122.396302,
            37.789689
          ],
          [
            -122.396272,
            37.789689
          ]
        ]
      }
    },
    {
      "type": "Feature",
      "properties": {
        "FEATURE_ID": 927049,
        "FEATURE": 28,
        "SOURCE_ID": "T00398",
        "DATA_SOURC": "P",
        "SRC_DATE": "18530101",
        "HOR_ACC": "0",
        "INFORM": "\u0000\u0000\u0000\u0000\u0000\u0000\u0000\u0000\u0000\u0000\u0000\u0000\u0000\u0000\u0000\u0000\u0000\u0000\u0000\u0000\u0000\u0000\u0000\u0000\u0000\u0000\u0000\u0000\u0000\u0000\u0000\u0000\u0000\u0000\u0000\u0000\u0000\u0000\u0000\u0000\u0000\u0000\u0000\u0000\u0000\u0000\u0000\u0000\u0000\u0000\u0000\u0000\u0000\u0000\u0000\u0000\u0000\u0000\u0000\u0000\u0000\u0000\u0000\u0000\u0000\u0000\u0000\u0000\u0000\u0000\u0000\u0000\u0000\u0000\u0000\u0000\u0000\u0000\u0000\u0000\u0000\u0000\u0000\u0000\u0000\u0000\u0000\u0000\u0000\u0000\u0000\u0000\u0000\u0000\u0000\u0000\u0000\u0000\u0000\u0000\u0000\u0000\u0000\u0000\u0000\u0000\u0000\u0000\u0000\u0000\u0000\u0000\u0000\u0000\u0000\u0000\u0000\u0000\u0000\u0000\u0000\u0000\u0000\u0000\u0000\u0000\u0000\u0000\u0000\u0000\u0000\u0000\u0000\u0000\u0000\u0000\u0000\u0000\u0000\u0000\u0000\u0000\u0000\u0000\u0000\u0000\u0000\u0000\u0000\u0000\u0000\u0000\u0000\u0000\u0000\u0000\u0000\u0000\u0000\u0000\u0000\u0000\u0000\u0000\u0000\u0000\u0000\u0000\u0000\u0000\u0000\u0000\u0000\u0000\u0000\u0000\u0000\u0000\u0000\u0000\u0000\u0000\u0000\u0000\u0000\u0000\u0000\u0000\u0000\u0000\u0000\u0000\u0000\u0000\u0000\u0000\u0000\u0000\u0000\u0000\u0000\u0000\u0000\u0000\u0000\u0000\u0000\u0000\u0000\u0000\u0000\u0000\u0000\u0000\u0000\u0000\u0000\u0000\u0000\u0000\u0000\u0000\u0000\u0000\u0000\u0000\u0000\u0000\u0000\u0000\u0000\u0000\u0000\u0000\u0000\u0000\u0000\u0000\u0000\u0000\u0000\u0000\u0000\u0000\u0000\u0000\u0000\u0000\u0000\u0000\u0000\u0000\u0000\u0000",
        "RESOLUTION": 0,
        "ATTRIBUTE": "Shoreline/Alongshore Feature Boundary",
        "CLASS": "SHORELINE",
        "F_CODE": null,
        "EX_METH": "M",
        "EXTRACT_TE": "P",
        "_selecter_format": "shapefile",
        "_selecter_sourcecrs": "EPSG:4269",
        "_selecter_source": "CA37B07 1853 SF",
        "_selecter_imported": "2026-08-03T23:02:23.649Z"
      },
      "geometry": {
        "type": "LineString",
        "coordinates": [
          [
            -122.414892,
            37.803969
          ],
          [
            -122.414992,
            37.803919
          ]
        ]
      }
    },
    {
      "type": "Feature",
      "properties": {
        "FEATURE_ID": 926378,
        "FEATURE": 28,
        "SOURCE_ID": "T00398",
        "DATA_SOURC": "P",
        "SRC_DATE": "18530101",
        "HOR_ACC": "0",
        "INFORM": "\u0000\u0000\u0000\u0000\u0000\u0000\u0000\u0000\u0000\u0000\u0000\u0000\u0000\u0000\u0000\u0000\u0000\u0000\u0000\u0000\u0000\u0000\u0000\u0000\u0000\u0000\u0000\u0000\u0000\u0000\u0000\u0000\u0000\u0000\u0000\u0000\u0000\u0000\u0000\u0000\u0000\u0000\u0000\u0000\u0000\u0000\u0000\u0000\u0000\u0000\u0000\u0000\u0000\u0000\u0000\u0000\u0000\u0000\u0000\u0000\u0000\u0000\u0000\u0000\u0000\u0000\u0000\u0000\u0000\u0000\u0000\u0000\u0000\u0000\u0000\u0000\u0000\u0000\u0000\u0000\u0000\u0000\u0000\u0000\u0000\u0000\u0000\u0000\u0000\u0000\u0000\u0000\u0000\u0000\u0000\u0000\u0000\u0000\u0000\u0000\u0000\u0000\u0000\u0000\u0000\u0000\u0000\u0000\u0000\u0000\u0000\u0000\u0000\u0000\u0000\u0000\u0000\u0000\u0000\u0000\u0000\u0000\u0000\u0000\u0000\u0000\u0000\u0000\u0000\u0000\u0000\u0000\u0000\u0000\u0000\u0000\u0000\u0000\u0000\u0000\u0000\u0000\u0000\u0000\u0000\u0000\u0000\u0000\u0000\u0000\u0000\u0000\u0000\u0000\u0000\u0000\u0000\u0000\u0000\u0000\u0000\u0000\u0000\u0000\u0000\u0000\u0000\u0000\u0000\u0000\u0000\u0000\u0000\u0000\u0000\u0000\u0000\u0000\u0000\u0000\u0000\u0000\u0000\u0000\u0000\u0000\u0000\u0000\u0000\u0000\u0000\u0000\u0000\u0000\u0000\u0000\u0000\u0000\u0000\u0000\u0000\u0000\u0000\u0000\u0000\u0000\u0000\u0000\u0000\u0000\u0000\u0000\u0000\u0000\u0000\u0000\u0000\u0000\u0000\u0000\u0000\u0000\u0000\u0000\u0000\u0000\u0000\u0000\u0000\u0000\u0000\u0000\u0000\u0000\u0000\u0000\u0000\u0000\u0000\u0000\u0000\u0000\u0000\u0000\u0000\u0000\u0000\u0000\u0000\u0000\u0000\u0000\u0000\u0000",
        "RESOLUTION": 0,
        "ATTRIBUTE": "Shoreline/Alongshore Feature Boundary",
        "CLASS": "SHORELINE",
        "F_CODE": null,
        "EX_METH": "M",
        "EXTRACT_TE": "P",
        "_selecter_format": "shapefile",
        "_selecter_sourcecrs": "EPSG:4269",
        "_selecter_source": "CA37B07 1853 SF",
        "_selecter_imported": "2026-08-03T23:02:23.649Z"
      },
      "geometry": {
        "type": "LineString",
        "coordinates": [
          [
            -122.392042,
            37.788949
          ],
          [
            -122.392552,
            37.788829
          ]
        ]
      }
    },
    {
      "type": "Feature",
      "properties": {
        "FEATURE_ID": 927054,
        "FEATURE": 28,
        "SOURCE_ID": "T00398",
        "DATA_SOURC": "P",
        "SRC_DATE": "18530101",
        "HOR_ACC": "0",
        "INFORM": "\u0000\u0000\u0000\u0000\u0000\u0000\u0000\u0000\u0000\u0000\u0000\u0000\u0000\u0000\u0000\u0000\u0000\u0000\u0000\u0000\u0000\u0000\u0000\u0000\u0000\u0000\u0000\u0000\u0000\u0000\u0000\u0000\u0000\u0000\u0000\u0000\u0000\u0000\u0000\u0000\u0000\u0000\u0000\u0000\u0000\u0000\u0000\u0000\u0000\u0000\u0000\u0000\u0000\u0000\u0000\u0000\u0000\u0000\u0000\u0000\u0000\u0000\u0000\u0000\u0000\u0000\u0000\u0000\u0000\u0000\u0000\u0000\u0000\u0000\u0000\u0000\u0000\u0000\u0000\u0000\u0000\u0000\u0000\u0000\u0000\u0000\u0000\u0000\u0000\u0000\u0000\u0000\u0000\u0000\u0000\u0000\u0000\u0000\u0000\u0000\u0000\u0000\u0000\u0000\u0000\u0000\u0000\u0000\u0000\u0000\u0000\u0000\u0000\u0000\u0000\u0000\u0000\u0000\u0000\u0000\u0000\u0000\u0000\u0000\u0000\u0000\u0000\u0000\u0000\u0000\u0000\u0000\u0000\u0000\u0000\u0000\u0000\u0000\u0000\u0000\u0000\u0000\u0000\u0000\u0000\u0000\u0000\u0000\u0000\u0000\u0000\u0000\u0000\u0000\u0000\u0000\u0000\u0000\u0000\u0000\u0000\u0000\u0000\u0000\u0000\u0000\u0000\u0000\u0000\u0000\u0000\u0000\u0000\u0000\u0000\u0000\u0000\u0000\u0000\u0000\u0000\u0000\u0000\u0000\u0000\u0000\u0000\u0000\u0000\u0000\u0000\u0000\u0000\u0000\u0000\u0000\u0000\u0000\u0000\u0000\u0000\u0000\u0000\u0000\u0000\u0000\u0000\u0000\u0000\u0000\u0000\u0000\u0000\u0000\u0000\u0000\u0000\u0000\u0000\u0000\u0000\u0000\u0000\u0000\u0000\u0000\u0000\u0000\u0000\u0000\u0000\u0000\u0000\u0000\u0000\u0000\u0000\u0000\u0000\u0000\u0000\u0000\u0000\u0000\u0000\u0000\u0000\u0000\u0000\u0000\u0000\u0000\u0000\u0000",
        "RESOLUTION": 0,
        "ATTRIBUTE": "Shoreline/Alongshore Feature Boundary",
        "CLASS": "SHORELINE",
        "F_CODE": null,
        "EX_METH": "M",
        "EXTRACT_TE": "P",
        "_selecter_format": "shapefile",
        "_selecter_sourcecrs": "EPSG:4269",
        "_selecter_source": "CA37B07 1853 SF",
        "_selecter_imported": "2026-08-03T23:02:23.649Z"
      },
      "geometry": {
        "type": "LineString",
        "coordinates": [
          [
            -122.413872,
            37.804159
          ],
          [
            -122.414062,
            37.804129
          ]
        ]
      }
    },
    {
      "type": "Feature",
      "properties": {
        "FEATURE_ID": 927059,
        "FEATURE": 28,
        "SOURCE_ID": "T00398",
        "DATA_SOURC": "P",
        "SRC_DATE": "18530101",
        "HOR_ACC": "0",
        "INFORM": "\u0000\u0000\u0000\u0000\u0000\u0000\u0000\u0000\u0000\u0000\u0000\u0000\u0000\u0000\u0000\u0000\u0000\u0000\u0000\u0000\u0000\u0000\u0000\u0000\u0000\u0000\u0000\u0000\u0000\u0000\u0000\u0000\u0000\u0000\u0000\u0000\u0000\u0000\u0000\u0000\u0000\u0000\u0000\u0000\u0000\u0000\u0000\u0000\u0000\u0000\u0000\u0000\u0000\u0000\u0000\u0000\u0000\u0000\u0000\u0000\u0000\u0000\u0000\u0000\u0000\u0000\u0000\u0000\u0000\u0000\u0000\u0000\u0000\u0000\u0000\u0000\u0000\u0000\u0000\u0000\u0000\u0000\u0000\u0000\u0000\u0000\u0000\u0000\u0000\u0000\u0000\u0000\u0000\u0000\u0000\u0000\u0000\u0000\u0000\u0000\u0000\u0000\u0000\u0000\u0000\u0000\u0000\u0000\u0000\u0000\u0000\u0000\u0000\u0000\u0000\u0000\u0000\u0000\u0000\u0000\u0000\u0000\u0000\u0000\u0000\u0000\u0000\u0000\u0000\u0000\u0000\u0000\u0000\u0000\u0000\u0000\u0000\u0000\u0000\u0000\u0000\u0000\u0000\u0000\u0000\u0000\u0000\u0000\u0000\u0000\u0000\u0000\u0000\u0000\u0000\u0000\u0000\u0000\u0000\u0000\u0000\u0000\u0000\u0000\u0000\u0000\u0000\u0000\u0000\u0000\u0000\u0000\u0000\u0000\u0000\u0000\u0000\u0000\u0000\u0000\u0000\u0000\u0000\u0000\u0000\u0000\u0000\u0000\u0000\u0000\u0000\u0000\u0000\u0000\u0000\u0000\u0000\u0000\u0000\u0000\u0000\u0000\u0000\u0000\u0000\u0000\u0000\u0000\u0000\u0000\u0000\u0000\u0000\u0000\u0000\u0000\u0000\u0000\u0000\u0000\u0000\u0000\u0000\u0000\u0000\u0000\u0000\u0000\u0000\u0000\u0000\u0000\u0000\u0000\u0000\u0000\u0000\u0000\u0000\u0000\u0000\u0000\u0000\u0000\u0000\u0000\u0000\u0000\u0000\u0000\u0000\u0000\u0000\u0000",
        "RESOLUTION": 0,
        "ATTRIBUTE": "Shoreline/Alongshore Feature Boundary",
        "CLASS": "SHORELINE",
        "F_CODE": null,
        "EX_METH": "M",
        "EXTRACT_TE": "P",
        "_selecter_format": "shapefile",
        "_selecter_sourcecrs": "EPSG:4269",
        "_selecter_source": "CA37B07 1853 SF",
        "_selecter_imported": "2026-08-03T23:02:23.649Z"
      },
      "geometry": {
        "type": "LineString",
        "coordinates": [
          [
            -122.412872,
            37.804629
          ],
          [
            -122.413312,
            37.804479
          ]
        ]
      }
    },
    {
      "type": "Feature",
      "properties": {
        "FEATURE_ID": 927064,
        "FEATURE": 28,
        "SOURCE_ID": "T00398",
        "DATA_SOURC": "P",
        "SRC_DATE": "18530101",
        "HOR_ACC": "0",
        "INFORM": "\u0000\u0000\u0000\u0000\u0000\u0000\u0000\u0000\u0000\u0000\u0000\u0000\u0000\u0000\u0000\u0000\u0000\u0000\u0000\u0000\u0000\u0000\u0000\u0000\u0000\u0000\u0000\u0000\u0000\u0000\u0000\u0000\u0000\u0000\u0000\u0000\u0000\u0000\u0000\u0000\u0000\u0000\u0000\u0000\u0000\u0000\u0000\u0000\u0000\u0000\u0000\u0000\u0000\u0000\u0000\u0000\u0000\u0000\u0000\u0000\u0000\u0000\u0000\u0000\u0000\u0000\u0000\u0000\u0000\u0000\u0000\u0000\u0000\u0000\u0000\u0000\u0000\u0000\u0000\u0000\u0000\u0000\u0000\u0000\u0000\u0000\u0000\u0000\u0000\u0000\u0000\u0000\u0000\u0000\u0000\u0000\u0000\u0000\u0000\u0000\u0000\u0000\u0000\u0000\u0000\u0000\u0000\u0000\u0000\u0000\u0000\u0000\u0000\u0000\u0000\u0000\u0000\u0000\u0000\u0000\u0000\u0000\u0000\u0000\u0000\u0000\u0000\u0000\u0000\u0000\u0000\u0000\u0000\u0000\u0000\u0000\u0000\u0000\u0000\u0000\u0000\u0000\u0000\u0000\u0000\u0000\u0000\u0000\u0000\u0000\u0000\u0000\u0000\u0000\u0000\u0000\u0000\u0000\u0000\u0000\u0000\u0000\u0000\u0000\u0000\u0000\u0000\u0000\u0000\u0000\u0000\u0000\u0000\u0000\u0000\u0000\u0000\u0000\u0000\u0000\u0000\u0000\u0000\u0000\u0000\u0000\u0000\u0000\u0000\u0000\u0000\u0000\u0000\u0000\u0000\u0000\u0000\u0000\u0000\u0000\u0000\u0000\u0000\u0000\u0000\u0000\u0000\u0000\u0000\u0000\u0000\u0000\u0000\u0000\u0000\u0000\u0000\u0000\u0000\u0000\u0000\u0000\u0000\u0000\u0000\u0000\u0000\u0000\u0000\u0000\u0000\u0000\u0000\u0000\u0000\u0000\u0000\u0000\u0000\u0000\u0000\u0000\u0000\u0000\u0000\u0000\u0000\u0000\u0000\u0000\u0000\u0000\u0000\u0000",
        "RESOLUTION": 0,
        "ATTRIBUTE": "Shoreline/Alongshore Feature Boundary",
        "CLASS": "SHORELINE",
        "F_CODE": null,
        "EX_METH": "M",
        "EXTRACT_TE": "P",
        "_selecter_format": "shapefile",
        "_selecter_sourcecrs": "EPSG:4269",
        "_selecter_source": "CA37B07 1853 SF",
        "_selecter_imported": "2026-08-03T23:02:23.649Z"
      },
      "geometry": {
        "type": "LineString",
        "coordinates": [
          [
            -122.399812,
            37.798869
          ],
          [
            -122.399832,
            37.798919
          ]
        ]
      }
    },
    {
      "type": "Feature",
      "properties": {
        "FEATURE_ID": 926017,
        "FEATURE": 28,
        "SOURCE_ID": "T00398",
        "DATA_SOURC": "P",
        "SRC_DATE": "18530101",
        "HOR_ACC": "0",
        "INFORM": "\u0000\u0000\u0000\u0000\u0000\u0000\u0000\u0000\u0000\u0000\u0000\u0000\u0000\u0000\u0000\u0000\u0000\u0000\u0000\u0000\u0000\u0000\u0000\u0000\u0000\u0000\u0000\u0000\u0000\u0000\u0000\u0000\u0000\u0000\u0000\u0000\u0000\u0000\u0000\u0000\u0000\u0000\u0000\u0000\u0000\u0000\u0000\u0000\u0000\u0000\u0000\u0000\u0000\u0000\u0000\u0000\u0000\u0000\u0000\u0000\u0000\u0000\u0000\u0000\u0000\u0000\u0000\u0000\u0000\u0000\u0000\u0000\u0000\u0000\u0000\u0000\u0000\u0000\u0000\u0000\u0000\u0000\u0000\u0000\u0000\u0000\u0000\u0000\u0000\u0000\u0000\u0000\u0000\u0000\u0000\u0000\u0000\u0000\u0000\u0000\u0000\u0000\u0000\u0000\u0000\u0000\u0000\u0000\u0000\u0000\u0000\u0000\u0000\u0000\u0000\u0000\u0000\u0000\u0000\u0000\u0000\u0000\u0000\u0000\u0000\u0000\u0000\u0000\u0000\u0000\u0000\u0000\u0000\u0000\u0000\u0000\u0000\u0000\u0000\u0000\u0000\u0000\u0000\u0000\u0000\u0000\u0000\u0000\u0000\u0000\u0000\u0000\u0000\u0000\u0000\u0000\u0000\u0000\u0000\u0000\u0000\u0000\u0000\u0000\u0000\u0000\u0000\u0000\u0000\u0000\u0000\u0000\u0000\u0000\u0000\u0000\u0000\u0000\u0000\u0000\u0000\u0000\u0000\u0000\u0000\u0000\u0000\u0000\u0000\u0000\u0000\u0000\u0000\u0000\u0000\u0000\u0000\u0000\u0000\u0000\u0000\u0000\u0000\u0000\u0000\u0000\u0000\u0000\u0000\u0000\u0000\u0000\u0000\u0000\u0000\u0000\u0000\u0000\u0000\u0000\u0000\u0000\u0000\u0000\u0000\u0000\u0000\u0000\u0000\u0000\u0000\u0000\u0000\u0000\u0000\u0000\u0000\u0000\u0000\u0000\u0000\u0000\u0000\u0000\u0000\u0000\u0000\u0000\u0000\u0000\u0000\u0000\u0000\u0000",
        "RESOLUTION": 0,
        "ATTRIBUTE": "Shoreline/Alongshore Feature Boundary",
        "CLASS": "SHORELINE",
        "F_CODE": null,
        "EX_METH": "M",
        "EXTRACT_TE": "P",
        "_selecter_format": "shapefile",
        "_selecter_sourcecrs": "EPSG:4269",
        "_selecter_source": "CA37B07 1853 SF",
        "_selecter_imported": "2026-08-03T23:02:23.649Z"
      },
      "geometry": {
        "type": "LineString",
        "coordinates": [
          [
            -122.408782,
            37.805939
          ],
          [
            -122.409262,
            37.805879
          ]
        ]
      }
    },
    {
      "type": "Feature",
      "properties": {
        "FEATURE_ID": 926021,
        "FEATURE": 28,
        "SOURCE_ID": "T00398",
        "DATA_SOURC": "P",
        "SRC_DATE": "18530101",
        "HOR_ACC": "0",
        "INFORM": "\u0000\u0000\u0000\u0000\u0000\u0000\u0000\u0000\u0000\u0000\u0000\u0000\u0000\u0000\u0000\u0000\u0000\u0000\u0000\u0000\u0000\u0000\u0000\u0000\u0000\u0000\u0000\u0000\u0000\u0000\u0000\u0000\u0000\u0000\u0000\u0000\u0000\u0000\u0000\u0000\u0000\u0000\u0000\u0000\u0000\u0000\u0000\u0000\u0000\u0000\u0000\u0000\u0000\u0000\u0000\u0000\u0000\u0000\u0000\u0000\u0000\u0000\u0000\u0000\u0000\u0000\u0000\u0000\u0000\u0000\u0000\u0000\u0000\u0000\u0000\u0000\u0000\u0000\u0000\u0000\u0000\u0000\u0000\u0000\u0000\u0000\u0000\u0000\u0000\u0000\u0000\u0000\u0000\u0000\u0000\u0000\u0000\u0000\u0000\u0000\u0000\u0000\u0000\u0000\u0000\u0000\u0000\u0000\u0000\u0000\u0000\u0000\u0000\u0000\u0000\u0000\u0000\u0000\u0000\u0000\u0000\u0000\u0000\u0000\u0000\u0000\u0000\u0000\u0000\u0000\u0000\u0000\u0000\u0000\u0000\u0000\u0000\u0000\u0000\u0000\u0000\u0000\u0000\u0000\u0000\u0000\u0000\u0000\u0000\u0000\u0000\u0000\u0000\u0000\u0000\u0000\u0000\u0000\u0000\u0000\u0000\u0000\u0000\u0000\u0000\u0000\u0000\u0000\u0000\u0000\u0000\u0000\u0000\u0000\u0000\u0000\u0000\u0000\u0000\u0000\u0000\u0000\u0000\u0000\u0000\u0000\u0000\u0000\u0000\u0000\u0000\u0000\u0000\u0000\u0000\u0000\u0000\u0000\u0000\u0000\u0000\u0000\u0000\u0000\u0000\u0000\u0000\u0000\u0000\u0000\u0000\u0000\u0000\u0000\u0000\u0000\u0000\u0000\u0000\u0000\u0000\u0000\u0000\u0000\u0000\u0000\u0000\u0000\u0000\u0000\u0000\u0000\u0000\u0000\u0000\u0000\u0000\u0000\u0000\u0000\u0000\u0000\u0000\u0000\u0000\u0000\u0000\u0000\u0000\u0000\u0000\u0000\u0000\u0000",
        "RESOLUTION": 0,
        "ATTRIBUTE": "Shoreline/Alongshore Feature Boundary",
        "CLASS": "SHORELINE",
        "F_CODE": null,
        "EX_METH": "M",
        "EXTRACT_TE": "P",
        "_selecter_format": "shapefile",
        "_selecter_sourcecrs": "EPSG:4269",
        "_selecter_source": "CA37B07 1853 SF",
        "_selecter_imported": "2026-08-03T23:02:23.649Z"
      },
      "geometry": {
        "type": "LineString",
        "coordinates": [
          [
            -122.409972,
            37.805639
          ],
          [
            -122.410142,
            37.805669
          ]
        ]
      }
    },
    {
      "type": "Feature",
      "properties": {
        "FEATURE_ID": 926025,
        "FEATURE": 57,
        "SOURCE_ID": "T00398",
        "DATA_SOURC": "P",
        "SRC_DATE": "18530101",
        "HOR_ACC": "0",
        "INFORM": "\u0000\u0000\u0000\u0000\u0000\u0000\u0000\u0000\u0000\u0000\u0000\u0000\u0000\u0000\u0000\u0000\u0000\u0000\u0000\u0000\u0000\u0000\u0000\u0000\u0000\u0000\u0000\u0000\u0000\u0000\u0000\u0000\u0000\u0000\u0000\u0000\u0000\u0000\u0000\u0000\u0000\u0000\u0000\u0000\u0000\u0000\u0000\u0000\u0000\u0000\u0000\u0000\u0000\u0000\u0000\u0000\u0000\u0000\u0000\u0000\u0000\u0000\u0000\u0000\u0000\u0000\u0000\u0000\u0000\u0000\u0000\u0000\u0000\u0000\u0000\u0000\u0000\u0000\u0000\u0000\u0000\u0000\u0000\u0000\u0000\u0000\u0000\u0000\u0000\u0000\u0000\u0000\u0000\u0000\u0000\u0000\u0000\u0000\u0000\u0000\u0000\u0000\u0000\u0000\u0000\u0000\u0000\u0000\u0000\u0000\u0000\u0000\u0000\u0000\u0000\u0000\u0000\u0000\u0000\u0000\u0000\u0000\u0000\u0000\u0000\u0000\u0000\u0000\u0000\u0000\u0000\u0000\u0000\u0000\u0000\u0000\u0000\u0000\u0000\u0000\u0000\u0000\u0000\u0000\u0000\u0000\u0000\u0000\u0000\u0000\u0000\u0000\u0000\u0000\u0000\u0000\u0000\u0000\u0000\u0000\u0000\u0000\u0000\u0000\u0000\u0000\u0000\u0000\u0000\u0000\u0000\u0000\u0000\u0000\u0000\u0000\u0000\u0000\u0000\u0000\u0000\u0000\u0000\u0000\u0000\u0000\u0000\u0000\u0000\u0000\u0000\u0000\u0000\u0000\u0000\u0000\u0000\u0000\u0000\u0000\u0000\u0000\u0000\u0000\u0000\u0000\u0000\u0000\u0000\u0000\u0000\u0000\u0000\u0000\u0000\u0000\u0000\u0000\u0000\u0000\u0000\u0000\u0000\u0000\u0000\u0000\u0000\u0000\u0000\u0000\u0000\u0000\u0000\u0000\u0000\u0000\u0000\u0000\u0000\u0000\u0000\u0000\u0000\u0000\u0000\u0000\u0000\u0000\u0000\u0000\u0000\u0000\u0000\u0000",
        "RESOLUTION": 0,
        "ATTRIBUTE": "Undetermined Alongshore Feature",
        "CLASS": "ALONGSHORE FEATURE",
        "F_CODE": null,
        "EX_METH": "M",
        "EXTRACT_TE": "P",
        "_selecter_format": "shapefile",
        "_selecter_sourcecrs": "EPSG:4269",
        "_selecter_source": "CA37B07 1853 SF",
        "_selecter_imported": "2026-08-03T23:02:23.649Z"
      },
      "geometry": {
        "type": "LineString",
        "coordinates": [
          [
            -122.411672,
            37.805089
          ],
          [
            -122.411692,
            37.805319
          ],
          [
            -122.411642,
            37.805319
          ],
          [
            -122.411632,
            37.805229
          ],
          [
            -122.411592,
            37.805199
          ],
          [
            -122.411572,
            37.805109
          ]
        ]
      }
    },
    {
      "type": "Feature",
      "properties": {
        "FEATURE_ID": 926693,
        "FEATURE": 57,
        "SOURCE_ID": "T00398",
        "DATA_SOURC": "P",
        "SRC_DATE": "18530101",
        "HOR_ACC": "0",
        "INFORM": "\u0000\u0000\u0000\u0000\u0000\u0000\u0000\u0000\u0000\u0000\u0000\u0000\u0000\u0000\u0000\u0000\u0000\u0000\u0000\u0000\u0000\u0000\u0000\u0000\u0000\u0000\u0000\u0000\u0000\u0000\u0000\u0000\u0000\u0000\u0000\u0000\u0000\u0000\u0000\u0000\u0000\u0000\u0000\u0000\u0000\u0000\u0000\u0000\u0000\u0000\u0000\u0000\u0000\u0000\u0000\u0000\u0000\u0000\u0000\u0000\u0000\u0000\u0000\u0000\u0000\u0000\u0000\u0000\u0000\u0000\u0000\u0000\u0000\u0000\u0000\u0000\u0000\u0000\u0000\u0000\u0000\u0000\u0000\u0000\u0000\u0000\u0000\u0000\u0000\u0000\u0000\u0000\u0000\u0000\u0000\u0000\u0000\u0000\u0000\u0000\u0000\u0000\u0000\u0000\u0000\u0000\u0000\u0000\u0000\u0000\u0000\u0000\u0000\u0000\u0000\u0000\u0000\u0000\u0000\u0000\u0000\u0000\u0000\u0000\u0000\u0000\u0000\u0000\u0000\u0000\u0000\u0000\u0000\u0000\u0000\u0000\u0000\u0000\u0000\u0000\u0000\u0000\u0000\u0000\u0000\u0000\u0000\u0000\u0000\u0000\u0000\u0000\u0000\u0000\u0000\u0000\u0000\u0000\u0000\u0000\u0000\u0000\u0000\u0000\u0000\u0000\u0000\u0000\u0000\u0000\u0000\u0000\u0000\u0000\u0000\u0000\u0000\u0000\u0000\u0000\u0000\u0000\u0000\u0000\u0000\u0000\u0000\u0000\u0000\u0000\u0000\u0000\u0000\u0000\u0000\u0000\u0000\u0000\u0000\u0000\u0000\u0000\u0000\u0000\u0000\u0000\u0000\u0000\u0000\u0000\u0000\u0000\u0000\u0000\u0000\u0000\u0000\u0000\u0000\u0000\u0000\u0000\u0000\u0000\u0000\u0000\u0000\u0000\u0000\u0000\u0000\u0000\u0000\u0000\u0000\u0000\u0000\u0000\u0000\u0000\u0000\u0000\u0000\u0000\u0000\u0000\u0000\u0000\u0000\u0000\u0000\u0000\u0000\u0000",
        "RESOLUTION": 0,
        "ATTRIBUTE": "Undetermined Alongshore Feature",
        "CLASS": "ALONGSHORE FEATURE",
        "F_CODE": null,
        "EX_METH": "M",
        "EXTRACT_TE": "P",
        "_selecter_format": "shapefile",
        "_selecter_sourcecrs": "EPSG:4269",
        "_selecter_source": "CA37B07 1853 SF",
        "_selecter_imported": "2026-08-03T23:02:23.649Z"
      },
      "geometry": {
        "type": "LineString",
        "coordinates": [
          [
            -122.390712,
            37.788969
          ],
          [
            -122.390832,
            37.789179
          ],
          [
            -122.390732,
            37.789229
          ],
          [
            -122.390572,
            37.789059
          ]
        ]
      }
    },
    {
      "type": "Feature",
      "properties": {
        "FEATURE_ID": 926697,
        "FEATURE": 57,
        "SOURCE_ID": "T00398",
        "DATA_SOURC": "P",
        "SRC_DATE": "18530101",
        "HOR_ACC": "0",
        "INFORM": "\u0000\u0000\u0000\u0000\u0000\u0000\u0000\u0000\u0000\u0000\u0000\u0000\u0000\u0000\u0000\u0000\u0000\u0000\u0000\u0000\u0000\u0000\u0000\u0000\u0000\u0000\u0000\u0000\u0000\u0000\u0000\u0000\u0000\u0000\u0000\u0000\u0000\u0000\u0000\u0000\u0000\u0000\u0000\u0000\u0000\u0000\u0000\u0000\u0000\u0000\u0000\u0000\u0000\u0000\u0000\u0000\u0000\u0000\u0000\u0000\u0000\u0000\u0000\u0000\u0000\u0000\u0000\u0000\u0000\u0000\u0000\u0000\u0000\u0000\u0000\u0000\u0000\u0000\u0000\u0000\u0000\u0000\u0000\u0000\u0000\u0000\u0000\u0000\u0000\u0000\u0000\u0000\u0000\u0000\u0000\u0000\u0000\u0000\u0000\u0000\u0000\u0000\u0000\u0000\u0000\u0000\u0000\u0000\u0000\u0000\u0000\u0000\u0000\u0000\u0000\u0000\u0000\u0000\u0000\u0000\u0000\u0000\u0000\u0000\u0000\u0000\u0000\u0000\u0000\u0000\u0000\u0000\u0000\u0000\u0000\u0000\u0000\u0000\u0000\u0000\u0000\u0000\u0000\u0000\u0000\u0000\u0000\u0000\u0000\u0000\u0000\u0000\u0000\u0000\u0000\u0000\u0000\u0000\u0000\u0000\u0000\u0000\u0000\u0000\u0000\u0000\u0000\u0000\u0000\u0000\u0000\u0000\u0000\u0000\u0000\u0000\u0000\u0000\u0000\u0000\u0000\u0000\u0000\u0000\u0000\u0000\u0000\u0000\u0000\u0000\u0000\u0000\u0000\u0000\u0000\u0000\u0000\u0000\u0000\u0000\u0000\u0000\u0000\u0000\u0000\u0000\u0000\u0000\u0000\u0000\u0000\u0000\u0000\u0000\u0000\u0000\u0000\u0000\u0000\u0000\u0000\u0000\u0000\u0000\u0000\u0000\u0000\u0000\u0000\u0000\u0000\u0000\u0000\u0000\u0000\u0000\u0000\u0000\u0000\u0000\u0000\u0000\u0000\u0000\u0000\u0000\u0000\u0000\u0000\u0000\u0000\u0000\u0000\u0000",
        "RESOLUTION": 0,
        "ATTRIBUTE": "Undetermined Alongshore Feature",
        "CLASS": "ALONGSHORE FEATURE",
        "F_CODE": null,
        "EX_METH": "M",
        "EXTRACT_TE": "P",
        "_selecter_format": "shapefile",
        "_selecter_sourcecrs": "EPSG:4269",
        "_selecter_source": "CA37B07 1853 SF",
        "_selecter_imported": "2026-08-03T23:02:23.649Z"
      },
      "geometry": {
        "type": "LineString",
        "coordinates": [
          [
            -122.390542,
            37.789249
          ],
          [
            -122.390622,
            37.789299
          ],
          [
            -122.390622,
            37.789369
          ],
          [
            -122.390572,
            37.789389
          ],
          [
            -122.390532,
            37.789349
          ],
          [
            -122.390502,
            37.789319
          ]
        ]
      }
    },
    {
      "type": "Feature",
      "properties": {
        "FEATURE_ID": 926701,
        "FEATURE": 57,
        "SOURCE_ID": "T00398",
        "DATA_SOURC": "P",
        "SRC_DATE": "18530101",
        "HOR_ACC": "0",
        "INFORM": "\u0000\u0000\u0000\u0000\u0000\u0000\u0000\u0000\u0000\u0000\u0000\u0000\u0000\u0000\u0000\u0000\u0000\u0000\u0000\u0000\u0000\u0000\u0000\u0000\u0000\u0000\u0000\u0000\u0000\u0000\u0000\u0000\u0000\u0000\u0000\u0000\u0000\u0000\u0000\u0000\u0000\u0000\u0000\u0000\u0000\u0000\u0000\u0000\u0000\u0000\u0000\u0000\u0000\u0000\u0000\u0000\u0000\u0000\u0000\u0000\u0000\u0000\u0000\u0000\u0000\u0000\u0000\u0000\u0000\u0000\u0000\u0000\u0000\u0000\u0000\u0000\u0000\u0000\u0000\u0000\u0000\u0000\u0000\u0000\u0000\u0000\u0000\u0000\u0000\u0000\u0000\u0000\u0000\u0000\u0000\u0000\u0000\u0000\u0000\u0000\u0000\u0000\u0000\u0000\u0000\u0000\u0000\u0000\u0000\u0000\u0000\u0000\u0000\u0000\u0000\u0000\u0000\u0000\u0000\u0000\u0000\u0000\u0000\u0000\u0000\u0000\u0000\u0000\u0000\u0000\u0000\u0000\u0000\u0000\u0000\u0000\u0000\u0000\u0000\u0000\u0000\u0000\u0000\u0000\u0000\u0000\u0000\u0000\u0000\u0000\u0000\u0000\u0000\u0000\u0000\u0000\u0000\u0000\u0000\u0000\u0000\u0000\u0000\u0000\u0000\u0000\u0000\u0000\u0000\u0000\u0000\u0000\u0000\u0000\u0000\u0000\u0000\u0000\u0000\u0000\u0000\u0000\u0000\u0000\u0000\u0000\u0000\u0000\u0000\u0000\u0000\u0000\u0000\u0000\u0000\u0000\u0000\u0000\u0000\u0000\u0000\u0000\u0000\u0000\u0000\u0000\u0000\u0000\u0000\u0000\u0000\u0000\u0000\u0000\u0000\u0000\u0000\u0000\u0000\u0000\u0000\u0000\u0000\u0000\u0000\u0000\u0000\u0000\u0000\u0000\u0000\u0000\u0000\u0000\u0000\u0000\u0000\u0000\u0000\u0000\u0000\u0000\u0000\u0000\u0000\u0000\u0000\u0000\u0000\u0000\u0000\u0000\u0000\u0000",
        "RESOLUTION": 0,
        "ATTRIBUTE": "Undetermined Alongshore Feature",
        "CLASS": "ALONGSHORE FEATURE",
        "F_CODE": null,
        "EX_METH": "M",
        "EXTRACT_TE": "P",
        "_selecter_format": "shapefile",
        "_selecter_sourcecrs": "EPSG:4269",
        "_selecter_source": "CA37B07 1853 SF",
        "_selecter_imported": "2026-08-03T23:02:23.649Z"
      },
      "geometry": {
        "type": "LineString",
        "coordinates": [
          [
            -122.390452,
            37.789399
          ],
          [
            -122.390512,
            37.789429
          ],
          [
            -122.390582,
            37.789419
          ],
          [
            -122.390572,
            37.789509
          ],
          [
            -122.390452,
            37.789499
          ]
        ]
      }
    },
    {
      "type": "Feature",
      "properties": {
        "FEATURE_ID": 926705,
        "FEATURE": 57,
        "SOURCE_ID": "T00398",
        "DATA_SOURC": "P",
        "SRC_DATE": "18530101",
        "HOR_ACC": "0",
        "INFORM": "\u0000\u0000\u0000\u0000\u0000\u0000\u0000\u0000\u0000\u0000\u0000\u0000\u0000\u0000\u0000\u0000\u0000\u0000\u0000\u0000\u0000\u0000\u0000\u0000\u0000\u0000\u0000\u0000\u0000\u0000\u0000\u0000\u0000\u0000\u0000\u0000\u0000\u0000\u0000\u0000\u0000\u0000\u0000\u0000\u0000\u0000\u0000\u0000\u0000\u0000\u0000\u0000\u0000\u0000\u0000\u0000\u0000\u0000\u0000\u0000\u0000\u0000\u0000\u0000\u0000\u0000\u0000\u0000\u0000\u0000\u0000\u0000\u0000\u0000\u0000\u0000\u0000\u0000\u0000\u0000\u0000\u0000\u0000\u0000\u0000\u0000\u0000\u0000\u0000\u0000\u0000\u0000\u0000\u0000\u0000\u0000\u0000\u0000\u0000\u0000\u0000\u0000\u0000\u0000\u0000\u0000\u0000\u0000\u0000\u0000\u0000\u0000\u0000\u0000\u0000\u0000\u0000\u0000\u0000\u0000\u0000\u0000\u0000\u0000\u0000\u0000\u0000\u0000\u0000\u0000\u0000\u0000\u0000\u0000\u0000\u0000\u0000\u0000\u0000\u0000\u0000\u0000\u0000\u0000\u0000\u0000\u0000\u0000\u0000\u0000\u0000\u0000\u0000\u0000\u0000\u0000\u0000\u0000\u0000\u0000\u0000\u0000\u0000\u0000\u0000\u0000\u0000\u0000\u0000\u0000\u0000\u0000\u0000\u0000\u0000\u0000\u0000\u0000\u0000\u0000\u0000\u0000\u0000\u0000\u0000\u0000\u0000\u0000\u0000\u0000\u0000\u0000\u0000\u0000\u0000\u0000\u0000\u0000\u0000\u0000\u0000\u0000\u0000\u0000\u0000\u0000\u0000\u0000\u0000\u0000\u0000\u0000\u0000\u0000\u0000\u0000\u0000\u0000\u0000\u0000\u0000\u0000\u0000\u0000\u0000\u0000\u0000\u0000\u0000\u0000\u0000\u0000\u0000\u0000\u0000\u0000\u0000\u0000\u0000\u0000\u0000\u0000\u0000\u0000\u0000\u0000\u0000\u0000\u0000\u0000\u0000\u0000\u0000\u0000",
        "RESOLUTION": 0,
        "ATTRIBUTE": "Undetermined Alongshore Feature",
        "CLASS": "ALONGSHORE FEATURE",
        "F_CODE": null,
        "EX_METH": "M",
        "EXTRACT_TE": "P",
        "_selecter_format": "shapefile",
        "_selecter_sourcecrs": "EPSG:4269",
        "_selecter_source": "CA37B07 1853 SF",
        "_selecter_imported": "2026-08-03T23:02:23.649Z"
      },
      "geometry": {
        "type": "LineString",
        "coordinates": [
          [
            -122.389792,
            37.780859
          ],
          [
            -122.389702,
            37.780869
          ],
          [
            -122.389642,
            37.780889
          ],
          [
            -122.389602,
            37.780889
          ],
          [
            -122.389542,
            37.780869
          ],
          [
            -122.389492,
            37.780849
          ],
          [
            -122.389432,
            37.780819
          ],
          [
            -122.389372,
            37.780809
          ],
          [
            -122.389352,
            37.780769
          ],
          [
            -122.389352,
            37.780719
          ],
          [
            -122.389382,
            37.780669
          ],
          [
            -122.389412,
            37.780619
          ],
          [
            -122.389462,
            37.780589
          ],
          [
            -122.389512,
            37.780599
          ],
          [
            -122.389552,
            37.780619
          ],
          [
            -122.389632,
            37.780599
          ],
          [
            -122.389682,
            37.780579
          ],
          [
            -122.389732,
            37.780569
          ]
        ]
      }
    },
    {
      "type": "Feature",
      "properties": {
        "FEATURE_ID": 926355,
        "FEATURE": 57,
        "SOURCE_ID": "T00398",
        "DATA_SOURC": "P",
        "SRC_DATE": "18530101",
        "HOR_ACC": "0",
        "INFORM": "\u0000\u0000\u0000\u0000\u0000\u0000\u0000\u0000\u0000\u0000\u0000\u0000\u0000\u0000\u0000\u0000\u0000\u0000\u0000\u0000\u0000\u0000\u0000\u0000\u0000\u0000\u0000\u0000\u0000\u0000\u0000\u0000\u0000\u0000\u0000\u0000\u0000\u0000\u0000\u0000\u0000\u0000\u0000\u0000\u0000\u0000\u0000\u0000\u0000\u0000\u0000\u0000\u0000\u0000\u0000\u0000\u0000\u0000\u0000\u0000\u0000\u0000\u0000\u0000\u0000\u0000\u0000\u0000\u0000\u0000\u0000\u0000\u0000\u0000\u0000\u0000\u0000\u0000\u0000\u0000\u0000\u0000\u0000\u0000\u0000\u0000\u0000\u0000\u0000\u0000\u0000\u0000\u0000\u0000\u0000\u0000\u0000\u0000\u0000\u0000\u0000\u0000\u0000\u0000\u0000\u0000\u0000\u0000\u0000\u0000\u0000\u0000\u0000\u0000\u0000\u0000\u0000\u0000\u0000\u0000\u0000\u0000\u0000\u0000\u0000\u0000\u0000\u0000\u0000\u0000\u0000\u0000\u0000\u0000\u0000\u0000\u0000\u0000\u0000\u0000\u0000\u0000\u0000\u0000\u0000\u0000\u0000\u0000\u0000\u0000\u0000\u0000\u0000\u0000\u0000\u0000\u0000\u0000\u0000\u0000\u0000\u0000\u0000\u0000\u0000\u0000\u0000\u0000\u0000\u0000\u0000\u0000\u0000\u0000\u0000\u0000\u0000\u0000\u0000\u0000\u0000\u0000\u0000\u0000\u0000\u0000\u0000\u0000\u0000\u0000\u0000\u0000\u0000\u0000\u0000\u0000\u0000\u0000\u0000\u0000\u0000\u0000\u0000\u0000\u0000\u0000\u0000\u0000\u0000\u0000\u0000\u0000\u0000\u0000\u0000\u0000\u0000\u0000\u0000\u0000\u0000\u0000\u0000\u0000\u0000\u0000\u0000\u0000\u0000\u0000\u0000\u0000\u0000\u0000\u0000\u0000\u0000\u0000\u0000\u0000\u0000\u0000\u0000\u0000\u0000\u0000\u0000\u0000\u0000\u0000\u0000\u0000\u0000\u0000",
        "RESOLUTION": 0,
        "ATTRIBUTE": "Undetermined Alongshore Feature",
        "CLASS": "ALONGSHORE FEATURE",
        "F_CODE": null,
        "EX_METH": "M",
        "EXTRACT_TE": "P",
        "_selecter_format": "shapefile",
        "_selecter_sourcecrs": "EPSG:4269",
        "_selecter_source": "CA37B07 1853 SF",
        "_selecter_imported": "2026-08-03T23:02:23.649Z"
      },
      "geometry": {
        "type": "LineString",
        "coordinates": [
          [
            -122.403432,
            37.803489
          ],
          [
            -122.403262,
            37.803509
          ],
          [
            -122.403272,
            37.803479
          ],
          [
            -122.403392,
            37.803439
          ]
        ]
      }
    },
    {
      "type": "Feature",
      "properties": {
        "FEATURE_ID": 927416,
        "FEATURE": 57,
        "SOURCE_ID": "T00398",
        "DATA_SOURC": "P",
        "SRC_DATE": "18530101",
        "HOR_ACC": "0",
        "INFORM": "\u0000\u0000\u0000\u0000\u0000\u0000\u0000\u0000\u0000\u0000\u0000\u0000\u0000\u0000\u0000\u0000\u0000\u0000\u0000\u0000\u0000\u0000\u0000\u0000\u0000\u0000\u0000\u0000\u0000\u0000\u0000\u0000\u0000\u0000\u0000\u0000\u0000\u0000\u0000\u0000\u0000\u0000\u0000\u0000\u0000\u0000\u0000\u0000\u0000\u0000\u0000\u0000\u0000\u0000\u0000\u0000\u0000\u0000\u0000\u0000\u0000\u0000\u0000\u0000\u0000\u0000\u0000\u0000\u0000\u0000\u0000\u0000\u0000\u0000\u0000\u0000\u0000\u0000\u0000\u0000\u0000\u0000\u0000\u0000\u0000\u0000\u0000\u0000\u0000\u0000\u0000\u0000\u0000\u0000\u0000\u0000\u0000\u0000\u0000\u0000\u0000\u0000\u0000\u0000\u0000\u0000\u0000\u0000\u0000\u0000\u0000\u0000\u0000\u0000\u0000\u0000\u0000\u0000\u0000\u0000\u0000\u0000\u0000\u0000\u0000\u0000\u0000\u0000\u0000\u0000\u0000\u0000\u0000\u0000\u0000\u0000\u0000\u0000\u0000\u0000\u0000\u0000\u0000\u0000\u0000\u0000\u0000\u0000\u0000\u0000\u0000\u0000\u0000\u0000\u0000\u0000\u0000\u0000\u0000\u0000\u0000\u0000\u0000\u0000\u0000\u0000\u0000\u0000\u0000\u0000\u0000\u0000\u0000\u0000\u0000\u0000\u0000\u0000\u0000\u0000\u0000\u0000\u0000\u0000\u0000\u0000\u0000\u0000\u0000\u0000\u0000\u0000\u0000\u0000\u0000\u0000\u0000\u0000\u0000\u0000\u0000\u0000\u0000\u0000\u0000\u0000\u0000\u0000\u0000\u0000\u0000\u0000\u0000\u0000\u0000\u0000\u0000\u0000\u0000\u0000\u0000\u0000\u0000\u0000\u0000\u0000\u0000\u0000\u0000\u0000\u0000\u0000\u0000\u0000\u0000\u0000\u0000\u0000\u0000\u0000\u0000\u0000\u0000\u0000\u0000\u0000\u0000\u0000\u0000\u0000\u0000\u0000\u0000\u0000",
        "RESOLUTION": 0,
        "ATTRIBUTE": "Undetermined Alongshore Feature",
        "CLASS": "ALONGSHORE FEATURE",
        "F_CODE": null,
        "EX_METH": "M",
        "EXTRACT_TE": "P",
        "_selecter_format": "shapefile",
        "_selecter_sourcecrs": "EPSG:4269",
        "_selecter_source": "CA37B07 1853 SF",
        "_selecter_imported": "2026-08-03T23:02:23.649Z"
      },
      "geometry": {
        "type": "LineString",
        "coordinates": [
          [
            -122.393852,
            37.788879
          ],
          [
            -122.393912,
            37.788799
          ],
          [
            -122.394132,
            37.788959
          ]
        ]
      }
    },
    {
      "type": "Feature",
      "properties": {
        "FEATURE_ID": 926368,
        "FEATURE": 57,
        "SOURCE_ID": "T00398",
        "DATA_SOURC": "P",
        "SRC_DATE": "18530101",
        "HOR_ACC": "0",
        "INFORM": "\u0000\u0000\u0000\u0000\u0000\u0000\u0000\u0000\u0000\u0000\u0000\u0000\u0000\u0000\u0000\u0000\u0000\u0000\u0000\u0000\u0000\u0000\u0000\u0000\u0000\u0000\u0000\u0000\u0000\u0000\u0000\u0000\u0000\u0000\u0000\u0000\u0000\u0000\u0000\u0000\u0000\u0000\u0000\u0000\u0000\u0000\u0000\u0000\u0000\u0000\u0000\u0000\u0000\u0000\u0000\u0000\u0000\u0000\u0000\u0000\u0000\u0000\u0000\u0000\u0000\u0000\u0000\u0000\u0000\u0000\u0000\u0000\u0000\u0000\u0000\u0000\u0000\u0000\u0000\u0000\u0000\u0000\u0000\u0000\u0000\u0000\u0000\u0000\u0000\u0000\u0000\u0000\u0000\u0000\u0000\u0000\u0000\u0000\u0000\u0000\u0000\u0000\u0000\u0000\u0000\u0000\u0000\u0000\u0000\u0000\u0000\u0000\u0000\u0000\u0000\u0000\u0000\u0000\u0000\u0000\u0000\u0000\u0000\u0000\u0000\u0000\u0000\u0000\u0000\u0000\u0000\u0000\u0000\u0000\u0000\u0000\u0000\u0000\u0000\u0000\u0000\u0000\u0000\u0000\u0000\u0000\u0000\u0000\u0000\u0000\u0000\u0000\u0000\u0000\u0000\u0000\u0000\u0000\u0000\u0000\u0000\u0000\u0000\u0000\u0000\u0000\u0000\u0000\u0000\u0000\u0000\u0000\u0000\u0000\u0000\u0000\u0000\u0000\u0000\u0000\u0000\u0000\u0000\u0000\u0000\u0000\u0000\u0000\u0000\u0000\u0000\u0000\u0000\u0000\u0000\u0000\u0000\u0000\u0000\u0000\u0000\u0000\u0000\u0000\u0000\u0000\u0000\u0000\u0000\u0000\u0000\u0000\u0000\u0000\u0000\u0000\u0000\u0000\u0000\u0000\u0000\u0000\u0000\u0000\u0000\u0000\u0000\u0000\u0000\u0000\u0000\u0000\u0000\u0000\u0000\u0000\u0000\u0000\u0000\u0000\u0000\u0000\u0000\u0000\u0000\u0000\u0000\u0000\u0000\u0000\u0000\u0000\u0000\u0000",
        "RESOLUTION": 0,
        "ATTRIBUTE": "Undetermined Alongshore Feature",
        "CLASS": "ALONGSHORE FEATURE",
        "F_CODE": null,
        "EX_METH": "M",
        "EXTRACT_TE": "P",
        "_selecter_format": "shapefile",
        "_selecter_sourcecrs": "EPSG:4269",
        "_selecter_source": "CA37B07 1853 SF",
        "_selecter_imported": "2026-08-03T23:02:23.649Z"
      },
      "geometry": {
        "type": "LineString",
        "coordinates": [
          [
            -122.396512,
            37.792899
          ],
          [
            -122.396432,
            37.792799
          ],
          [
            -122.396352,
            37.792739
          ],
          [
            -122.396292,
            37.792689
          ],
          [
            -122.396222,
            37.792669
          ],
          [
            -122.396152,
            37.792659
          ],
          [
            -122.396102,
            37.792639
          ],
          [
            -122.396052,
            37.792599
          ],
          [
            -122.396002,
            37.792549
          ],
          [
            -122.395952,
            37.792509
          ],
          [
            -122.395902,
            37.792459
          ],
          [
            -122.395912,
            37.792409
          ],
          [
            -122.395992,
            37.792439
          ],
          [
            -122.396072,
            37.792479
          ],
          [
            -122.396112,
            37.792509
          ],
          [
            -122.396172,
            37.792559
          ],
          [
            -122.396282,
            37.792579
          ],
          [
            -122.396342,
            37.792599
          ],
          [
            -122.396382,
            37.792629
          ],
          [
            -122.396492,
            37.792709
          ],
          [
            -122.396572,
            37.792769
          ],
          [
            -122.396622,
            37.792819
          ]
        ]
      }
    },
    {
      "type": "Feature",
      "properties": {
        "FEATURE_ID": 926369,
        "FEATURE": 57,
        "SOURCE_ID": "T00398",
        "DATA_SOURC": "P",
        "SRC_DATE": "18530101",
        "HOR_ACC": "0",
        "INFORM": "\u0000\u0000\u0000\u0000\u0000\u0000\u0000\u0000\u0000\u0000\u0000\u0000\u0000\u0000\u0000\u0000\u0000\u0000\u0000\u0000\u0000\u0000\u0000\u0000\u0000\u0000\u0000\u0000\u0000\u0000\u0000\u0000\u0000\u0000\u0000\u0000\u0000\u0000\u0000\u0000\u0000\u0000\u0000\u0000\u0000\u0000\u0000\u0000\u0000\u0000\u0000\u0000\u0000\u0000\u0000\u0000\u0000\u0000\u0000\u0000\u0000\u0000\u0000\u0000\u0000\u0000\u0000\u0000\u0000\u0000\u0000\u0000\u0000\u0000\u0000\u0000\u0000\u0000\u0000\u0000\u0000\u0000\u0000\u0000\u0000\u0000\u0000\u0000\u0000\u0000\u0000\u0000\u0000\u0000\u0000\u0000\u0000\u0000\u0000\u0000\u0000\u0000\u0000\u0000\u0000\u0000\u0000\u0000\u0000\u0000\u0000\u0000\u0000\u0000\u0000\u0000\u0000\u0000\u0000\u0000\u0000\u0000\u0000\u0000\u0000\u0000\u0000\u0000\u0000\u0000\u0000\u0000\u0000\u0000\u0000\u0000\u0000\u0000\u0000\u0000\u0000\u0000\u0000\u0000\u0000\u0000\u0000\u0000\u0000\u0000\u0000\u0000\u0000\u0000\u0000\u0000\u0000\u0000\u0000\u0000\u0000\u0000\u0000\u0000\u0000\u0000\u0000\u0000\u0000\u0000\u0000\u0000\u0000\u0000\u0000\u0000\u0000\u0000\u0000\u0000\u0000\u0000\u0000\u0000\u0000\u0000\u0000\u0000\u0000\u0000\u0000\u0000\u0000\u0000\u0000\u0000\u0000\u0000\u0000\u0000\u0000\u0000\u0000\u0000\u0000\u0000\u0000\u0000\u0000\u0000\u0000\u0000\u0000\u0000\u0000\u0000\u0000\u0000\u0000\u0000\u0000\u0000\u0000\u0000\u0000\u0000\u0000\u0000\u0000\u0000\u0000\u0000\u0000\u0000\u0000\u0000\u0000\u0000\u0000\u0000\u0000\u0000\u0000\u0000\u0000\u0000\u0000\u0000\u0000\u0000\u0000\u0000\u0000\u0000",
        "RESOLUTION": 0,
        "ATTRIBUTE": "Undetermined Alongshore Feature",
        "CLASS": "ALONGSHORE FEATURE",
        "F_CODE": null,
        "EX_METH": "M",
        "EXTRACT_TE": "P",
        "_selecter_format": "shapefile",
        "_selecter_sourcecrs": "EPSG:4269",
        "_selecter_source": "CA37B07 1853 SF",
        "_selecter_imported": "2026-08-03T23:02:23.649Z"
      },
      "geometry": {
        "type": "LineString",
        "coordinates": [
          [
            -122.395862,
            37.790039
          ],
          [
            -122.395622,
            37.789799
          ]
        ]
      }
    },
    {
      "type": "Feature",
      "properties": {
        "FEATURE_ID": 926371,
        "FEATURE": 57,
        "SOURCE_ID": "T00398",
        "DATA_SOURC": "P",
        "SRC_DATE": "18530101",
        "HOR_ACC": "0",
        "INFORM": "\u0000\u0000\u0000\u0000\u0000\u0000\u0000\u0000\u0000\u0000\u0000\u0000\u0000\u0000\u0000\u0000\u0000\u0000\u0000\u0000\u0000\u0000\u0000\u0000\u0000\u0000\u0000\u0000\u0000\u0000\u0000\u0000\u0000\u0000\u0000\u0000\u0000\u0000\u0000\u0000\u0000\u0000\u0000\u0000\u0000\u0000\u0000\u0000\u0000\u0000\u0000\u0000\u0000\u0000\u0000\u0000\u0000\u0000\u0000\u0000\u0000\u0000\u0000\u0000\u0000\u0000\u0000\u0000\u0000\u0000\u0000\u0000\u0000\u0000\u0000\u0000\u0000\u0000\u0000\u0000\u0000\u0000\u0000\u0000\u0000\u0000\u0000\u0000\u0000\u0000\u0000\u0000\u0000\u0000\u0000\u0000\u0000\u0000\u0000\u0000\u0000\u0000\u0000\u0000\u0000\u0000\u0000\u0000\u0000\u0000\u0000\u0000\u0000\u0000\u0000\u0000\u0000\u0000\u0000\u0000\u0000\u0000\u0000\u0000\u0000\u0000\u0000\u0000\u0000\u0000\u0000\u0000\u0000\u0000\u0000\u0000\u0000\u0000\u0000\u0000\u0000\u0000\u0000\u0000\u0000\u0000\u0000\u0000\u0000\u0000\u0000\u0000\u0000\u0000\u0000\u0000\u0000\u0000\u0000\u0000\u0000\u0000\u0000\u0000\u0000\u0000\u0000\u0000\u0000\u0000\u0000\u0000\u0000\u0000\u0000\u0000\u0000\u0000\u0000\u0000\u0000\u0000\u0000\u0000\u0000\u0000\u0000\u0000\u0000\u0000\u0000\u0000\u0000\u0000\u0000\u0000\u0000\u0000\u0000\u0000\u0000\u0000\u0000\u0000\u0000\u0000\u0000\u0000\u0000\u0000\u0000\u0000\u0000\u0000\u0000\u0000\u0000\u0000\u0000\u0000\u0000\u0000\u0000\u0000\u0000\u0000\u0000\u0000\u0000\u0000\u0000\u0000\u0000\u0000\u0000\u0000\u0000\u0000\u0000\u0000\u0000\u0000\u0000\u0000\u0000\u0000\u0000\u0000\u0000\u0000\u0000\u0000\u0000\u0000",
        "RESOLUTION": 0,
        "ATTRIBUTE": "Undetermined Alongshore Feature",
        "CLASS": "ALONGSHORE FEATURE",
        "F_CODE": null,
        "EX_METH": "M",
        "EXTRACT_TE": "P",
        "_selecter_format": "shapefile",
        "_selecter_sourcecrs": "EPSG:4269",
        "_selecter_source": "CA37B07 1853 SF",
        "_selecter_imported": "2026-08-03T23:02:23.649Z"
      },
      "geometry": {
        "type": "LineString",
        "coordinates": [
          [
            -122.396272,
            37.789689
          ],
          [
            -122.395862,
            37.790039
          ]
        ]
      }
    },
    {
      "type": "Feature",
      "properties": {
        "FEATURE_ID": 926372,
        "FEATURE": 57,
        "SOURCE_ID": "T00398",
        "DATA_SOURC": "P",
        "SRC_DATE": "18530101",
        "HOR_ACC": "0",
        "INFORM": "\u0000\u0000\u0000\u0000\u0000\u0000\u0000\u0000\u0000\u0000\u0000\u0000\u0000\u0000\u0000\u0000\u0000\u0000\u0000\u0000\u0000\u0000\u0000\u0000\u0000\u0000\u0000\u0000\u0000\u0000\u0000\u0000\u0000\u0000\u0000\u0000\u0000\u0000\u0000\u0000\u0000\u0000\u0000\u0000\u0000\u0000\u0000\u0000\u0000\u0000\u0000\u0000\u0000\u0000\u0000\u0000\u0000\u0000\u0000\u0000\u0000\u0000\u0000\u0000\u0000\u0000\u0000\u0000\u0000\u0000\u0000\u0000\u0000\u0000\u0000\u0000\u0000\u0000\u0000\u0000\u0000\u0000\u0000\u0000\u0000\u0000\u0000\u0000\u0000\u0000\u0000\u0000\u0000\u0000\u0000\u0000\u0000\u0000\u0000\u0000\u0000\u0000\u0000\u0000\u0000\u0000\u0000\u0000\u0000\u0000\u0000\u0000\u0000\u0000\u0000\u0000\u0000\u0000\u0000\u0000\u0000\u0000\u0000\u0000\u0000\u0000\u0000\u0000\u0000\u0000\u0000\u0000\u0000\u0000\u0000\u0000\u0000\u0000\u0000\u0000\u0000\u0000\u0000\u0000\u0000\u0000\u0000\u0000\u0000\u0000\u0000\u0000\u0000\u0000\u0000\u0000\u0000\u0000\u0000\u0000\u0000\u0000\u0000\u0000\u0000\u0000\u0000\u0000\u0000\u0000\u0000\u0000\u0000\u0000\u0000\u0000\u0000\u0000\u0000\u0000\u0000\u0000\u0000\u0000\u0000\u0000\u0000\u0000\u0000\u0000\u0000\u0000\u0000\u0000\u0000\u0000\u0000\u0000\u0000\u0000\u0000\u0000\u0000\u0000\u0000\u0000\u0000\u0000\u0000\u0000\u0000\u0000\u0000\u0000\u0000\u0000\u0000\u0000\u0000\u0000\u0000\u0000\u0000\u0000\u0000\u0000\u0000\u0000\u0000\u0000\u0000\u0000\u0000\u0000\u0000\u0000\u0000\u0000\u0000\u0000\u0000\u0000\u0000\u0000\u0000\u0000\u0000\u0000\u0000\u0000\u0000\u0000\u0000\u0000",
        "RESOLUTION": 0,
        "ATTRIBUTE": "Undetermined Alongshore Feature",
        "CLASS": "ALONGSHORE FEATURE",
        "F_CODE": null,
        "EX_METH": "M",
        "EXTRACT_TE": "P",
        "_selecter_format": "shapefile",
        "_selecter_sourcecrs": "EPSG:4269",
        "_selecter_source": "CA37B07 1853 SF",
        "_selecter_imported": "2026-08-03T23:02:23.649Z"
      },
      "geometry": {
        "type": "LineString",
        "coordinates": [
          [
            -122.396342,
            37.790399
          ],
          [
            -122.395862,
            37.790039
          ]
        ]
      }
    },
    {
      "type": "Feature",
      "properties": {
        "FEATURE_ID": 926373,
        "FEATURE": 57,
        "SOURCE_ID": "T00398",
        "DATA_SOURC": "P",
        "SRC_DATE": "18530101",
        "HOR_ACC": "0",
        "INFORM": "\u0000\u0000\u0000\u0000\u0000\u0000\u0000\u0000\u0000\u0000\u0000\u0000\u0000\u0000\u0000\u0000\u0000\u0000\u0000\u0000\u0000\u0000\u0000\u0000\u0000\u0000\u0000\u0000\u0000\u0000\u0000\u0000\u0000\u0000\u0000\u0000\u0000\u0000\u0000\u0000\u0000\u0000\u0000\u0000\u0000\u0000\u0000\u0000\u0000\u0000\u0000\u0000\u0000\u0000\u0000\u0000\u0000\u0000\u0000\u0000\u0000\u0000\u0000\u0000\u0000\u0000\u0000\u0000\u0000\u0000\u0000\u0000\u0000\u0000\u0000\u0000\u0000\u0000\u0000\u0000\u0000\u0000\u0000\u0000\u0000\u0000\u0000\u0000\u0000\u0000\u0000\u0000\u0000\u0000\u0000\u0000\u0000\u0000\u0000\u0000\u0000\u0000\u0000\u0000\u0000\u0000\u0000\u0000\u0000\u0000\u0000\u0000\u0000\u0000\u0000\u0000\u0000\u0000\u0000\u0000\u0000\u0000\u0000\u0000\u0000\u0000\u0000\u0000\u0000\u0000\u0000\u0000\u0000\u0000\u0000\u0000\u0000\u0000\u0000\u0000\u0000\u0000\u0000\u0000\u0000\u0000\u0000\u0000\u0000\u0000\u0000\u0000\u0000\u0000\u0000\u0000\u0000\u0000\u0000\u0000\u0000\u0000\u0000\u0000\u0000\u0000\u0000\u0000\u0000\u0000\u0000\u0000\u0000\u0000\u0000\u0000\u0000\u0000\u0000\u0000\u0000\u0000\u0000\u0000\u0000\u0000\u0000\u0000\u0000\u0000\u0000\u0000\u0000\u0000\u0000\u0000\u0000\u0000\u0000\u0000\u0000\u0000\u0000\u0000\u0000\u0000\u0000\u0000\u0000\u0000\u0000\u0000\u0000\u0000\u0000\u0000\u0000\u0000\u0000\u0000\u0000\u0000\u0000\u0000\u0000\u0000\u0000\u0000\u0000\u0000\u0000\u0000\u0000\u0000\u0000\u0000\u0000\u0000\u0000\u0000\u0000\u0000\u0000\u0000\u0000\u0000\u0000\u0000\u0000\u0000\u0000\u0000\u0000\u0000",
        "RESOLUTION": 0,
        "ATTRIBUTE": "Undetermined Alongshore Feature",
        "CLASS": "ALONGSHORE FEATURE",
        "F_CODE": null,
        "EX_METH": "M",
        "EXTRACT_TE": "P",
        "_selecter_format": "shapefile",
        "_selecter_sourcecrs": "EPSG:4269",
        "_selecter_source": "CA37B07 1853 SF",
        "_selecter_imported": "2026-08-03T23:02:23.649Z"
      },
      "geometry": {
        "type": "LineString",
        "coordinates": [
          [
            -122.396752,
            37.790089
          ],
          [
            -122.396342,
            37.790399
          ]
        ]
      }
    },
    {
      "type": "Feature",
      "properties": {
        "FEATURE_ID": 927048,
        "FEATURE": 57,
        "SOURCE_ID": "T00398",
        "DATA_SOURC": "P",
        "SRC_DATE": "18530101",
        "HOR_ACC": "0",
        "INFORM": "\u0000\u0000\u0000\u0000\u0000\u0000\u0000\u0000\u0000\u0000\u0000\u0000\u0000\u0000\u0000\u0000\u0000\u0000\u0000\u0000\u0000\u0000\u0000\u0000\u0000\u0000\u0000\u0000\u0000\u0000\u0000\u0000\u0000\u0000\u0000\u0000\u0000\u0000\u0000\u0000\u0000\u0000\u0000\u0000\u0000\u0000\u0000\u0000\u0000\u0000\u0000\u0000\u0000\u0000\u0000\u0000\u0000\u0000\u0000\u0000\u0000\u0000\u0000\u0000\u0000\u0000\u0000\u0000\u0000\u0000\u0000\u0000\u0000\u0000\u0000\u0000\u0000\u0000\u0000\u0000\u0000\u0000\u0000\u0000\u0000\u0000\u0000\u0000\u0000\u0000\u0000\u0000\u0000\u0000\u0000\u0000\u0000\u0000\u0000\u0000\u0000\u0000\u0000\u0000\u0000\u0000\u0000\u0000\u0000\u0000\u0000\u0000\u0000\u0000\u0000\u0000\u0000\u0000\u0000\u0000\u0000\u0000\u0000\u0000\u0000\u0000\u0000\u0000\u0000\u0000\u0000\u0000\u0000\u0000\u0000\u0000\u0000\u0000\u0000\u0000\u0000\u0000\u0000\u0000\u0000\u0000\u0000\u0000\u0000\u0000\u0000\u0000\u0000\u0000\u0000\u0000\u0000\u0000\u0000\u0000\u0000\u0000\u0000\u0000\u0000\u0000\u0000\u0000\u0000\u0000\u0000\u0000\u0000\u0000\u0000\u0000\u0000\u0000\u0000\u0000\u0000\u0000\u0000\u0000\u0000\u0000\u0000\u0000\u0000\u0000\u0000\u0000\u0000\u0000\u0000\u0000\u0000\u0000\u0000\u0000\u0000\u0000\u0000\u0000\u0000\u0000\u0000\u0000\u0000\u0000\u0000\u0000\u0000\u0000\u0000\u0000\u0000\u0000\u0000\u0000\u0000\u0000\u0000\u0000\u0000\u0000\u0000\u0000\u0000\u0000\u0000\u0000\u0000\u0000\u0000\u0000\u0000\u0000\u0000\u0000\u0000\u0000\u0000\u0000\u0000\u0000\u0000\u0000\u0000\u0000\u0000\u0000\u0000\u0000",
        "RESOLUTION": 0,
        "ATTRIBUTE": "Undetermined Alongshore Feature",
        "CLASS": "ALONGSHORE FEATURE",
        "F_CODE": null,
        "EX_METH": "M",
        "EXTRACT_TE": "P",
        "_selecter_format": "shapefile",
        "_selecter_sourcecrs": "EPSG:4269",
        "_selecter_source": "CA37B07 1853 SF",
        "_selecter_imported": "2026-08-03T23:02:23.649Z"
      },
      "geometry": {
        "type": "LineString",
        "coordinates": [
          [
            -122.414992,
            37.803919
          ],
          [
            -122.414992,
            37.804049
          ],
          [
            -122.415022,
            37.804289
          ],
          [
            -122.414982,
            37.804319
          ],
          [
            -122.414952,
            37.804279
          ],
          [
            -122.414922,
            37.804099
          ],
          [
            -122.414852,
            37.804079
          ],
          [
            -122.414852,
            37.804029
          ],
          [
            -122.414912,
            37.804029
          ],
          [
            -122.414892,
            37.803969
          ]
        ]
      }
    },
    {
      "type": "Feature",
      "properties": {
        "FEATURE_ID": 926375,
        "FEATURE": 57,
        "SOURCE_ID": "T00398",
        "DATA_SOURC": "P",
        "SRC_DATE": "18530101",
        "HOR_ACC": "0",
        "INFORM": "\u0000\u0000\u0000\u0000\u0000\u0000\u0000\u0000\u0000\u0000\u0000\u0000\u0000\u0000\u0000\u0000\u0000\u0000\u0000\u0000\u0000\u0000\u0000\u0000\u0000\u0000\u0000\u0000\u0000\u0000\u0000\u0000\u0000\u0000\u0000\u0000\u0000\u0000\u0000\u0000\u0000\u0000\u0000\u0000\u0000\u0000\u0000\u0000\u0000\u0000\u0000\u0000\u0000\u0000\u0000\u0000\u0000\u0000\u0000\u0000\u0000\u0000\u0000\u0000\u0000\u0000\u0000\u0000\u0000\u0000\u0000\u0000\u0000\u0000\u0000\u0000\u0000\u0000\u0000\u0000\u0000\u0000\u0000\u0000\u0000\u0000\u0000\u0000\u0000\u0000\u0000\u0000\u0000\u0000\u0000\u0000\u0000\u0000\u0000\u0000\u0000\u0000\u0000\u0000\u0000\u0000\u0000\u0000\u0000\u0000\u0000\u0000\u0000\u0000\u0000\u0000\u0000\u0000\u0000\u0000\u0000\u0000\u0000\u0000\u0000\u0000\u0000\u0000\u0000\u0000\u0000\u0000\u0000\u0000\u0000\u0000\u0000\u0000\u0000\u0000\u0000\u0000\u0000\u0000\u0000\u0000\u0000\u0000\u0000\u0000\u0000\u0000\u0000\u0000\u0000\u0000\u0000\u0000\u0000\u0000\u0000\u0000\u0000\u0000\u0000\u0000\u0000\u0000\u0000\u0000\u0000\u0000\u0000\u0000\u0000\u0000\u0000\u0000\u0000\u0000\u0000\u0000\u0000\u0000\u0000\u0000\u0000\u0000\u0000\u0000\u0000\u0000\u0000\u0000\u0000\u0000\u0000\u0000\u0000\u0000\u0000\u0000\u0000\u0000\u0000\u0000\u0000\u0000\u0000\u0000\u0000\u0000\u0000\u0000\u0000\u0000\u0000\u0000\u0000\u0000\u0000\u0000\u0000\u0000\u0000\u0000\u0000\u0000\u0000\u0000\u0000\u0000\u0000\u0000\u0000\u0000\u0000\u0000\u0000\u0000\u0000\u0000\u0000\u0000\u0000\u0000\u0000\u0000\u0000\u0000\u0000\u0000\u0000\u0000",
        "RESOLUTION": 0,
        "ATTRIBUTE": "Undetermined Alongshore Feature",
        "CLASS": "ALONGSHORE FEATURE",
        "F_CODE": null,
        "EX_METH": "M",
        "EXTRACT_TE": "P",
        "_selecter_format": "shapefile",
        "_selecter_sourcecrs": "EPSG:4269",
        "_selecter_source": "CA37B07 1853 SF",
        "_selecter_imported": "2026-08-03T23:02:23.649Z"
      },
      "geometry": {
        "type": "LineString",
        "coordinates": [
          [
            -122.394132,
            37.788959
          ],
          [
            -122.394072,
            37.789019
          ],
          [
            -122.393852,
            37.788879
          ]
        ]
      }
    },
    {
      "type": "Feature",
      "properties": {
        "FEATURE_ID": 926377,
        "FEATURE": 57,
        "SOURCE_ID": "T00398",
        "DATA_SOURC": "P",
        "SRC_DATE": "18530101",
        "HOR_ACC": "0",
        "INFORM": "\u0000\u0000\u0000\u0000\u0000\u0000\u0000\u0000\u0000\u0000\u0000\u0000\u0000\u0000\u0000\u0000\u0000\u0000\u0000\u0000\u0000\u0000\u0000\u0000\u0000\u0000\u0000\u0000\u0000\u0000\u0000\u0000\u0000\u0000\u0000\u0000\u0000\u0000\u0000\u0000\u0000\u0000\u0000\u0000\u0000\u0000\u0000\u0000\u0000\u0000\u0000\u0000\u0000\u0000\u0000\u0000\u0000\u0000\u0000\u0000\u0000\u0000\u0000\u0000\u0000\u0000\u0000\u0000\u0000\u0000\u0000\u0000\u0000\u0000\u0000\u0000\u0000\u0000\u0000\u0000\u0000\u0000\u0000\u0000\u0000\u0000\u0000\u0000\u0000\u0000\u0000\u0000\u0000\u0000\u0000\u0000\u0000\u0000\u0000\u0000\u0000\u0000\u0000\u0000\u0000\u0000\u0000\u0000\u0000\u0000\u0000\u0000\u0000\u0000\u0000\u0000\u0000\u0000\u0000\u0000\u0000\u0000\u0000\u0000\u0000\u0000\u0000\u0000\u0000\u0000\u0000\u0000\u0000\u0000\u0000\u0000\u0000\u0000\u0000\u0000\u0000\u0000\u0000\u0000\u0000\u0000\u0000\u0000\u0000\u0000\u0000\u0000\u0000\u0000\u0000\u0000\u0000\u0000\u0000\u0000\u0000\u0000\u0000\u0000\u0000\u0000\u0000\u0000\u0000\u0000\u0000\u0000\u0000\u0000\u0000\u0000\u0000\u0000\u0000\u0000\u0000\u0000\u0000\u0000\u0000\u0000\u0000\u0000\u0000\u0000\u0000\u0000\u0000\u0000\u0000\u0000\u0000\u0000\u0000\u0000\u0000\u0000\u0000\u0000\u0000\u0000\u0000\u0000\u0000\u0000\u0000\u0000\u0000\u0000\u0000\u0000\u0000\u0000\u0000\u0000\u0000\u0000\u0000\u0000\u0000\u0000\u0000\u0000\u0000\u0000\u0000\u0000\u0000\u0000\u0000\u0000\u0000\u0000\u0000\u0000\u0000\u0000\u0000\u0000\u0000\u0000\u0000\u0000\u0000\u0000\u0000\u0000\u0000\u0000",
        "RESOLUTION": 0,
        "ATTRIBUTE": "Undetermined Alongshore Feature",
        "CLASS": "ALONGSHORE FEATURE",
        "F_CODE": null,
        "EX_METH": "M",
        "EXTRACT_TE": "P",
        "_selecter_format": "shapefile",
        "_selecter_sourcecrs": "EPSG:4269",
        "_selecter_source": "CA37B07 1853 SF",
        "_selecter_imported": "2026-08-03T23:02:23.649Z"
      },
      "geometry": {
        "type": "LineString",
        "coordinates": [
          [
            -122.392552,
            37.788829
          ],
          [
            -122.392492,
            37.788869
          ],
          [
            -122.392392,
            37.788949
          ],
          [
            -122.392522,
            37.789039
          ],
          [
            -122.392422,
            37.789129
          ],
          [
            -122.392292,
            37.789039
          ],
          [
            -122.392242,
            37.789059
          ],
          [
            -122.392152,
            37.789169
          ],
          [
            -122.392072,
            37.789209
          ],
          [
            -122.392002,
            37.789239
          ],
          [
            -122.391932,
            37.789239
          ],
          [
            -122.391882,
            37.789209
          ],
          [
            -122.391782,
            37.789179
          ],
          [
            -122.391752,
            37.789119
          ],
          [
            -122.391782,
            37.789059
          ],
          [
            -122.391852,
            37.789059
          ],
          [
            -122.392002,
            37.789039
          ],
          [
            -122.392042,
            37.788949
          ]
        ]
      }
    },
    {
      "type": "Feature",
      "properties": {
        "FEATURE_ID": 927053,
        "FEATURE": 57,
        "SOURCE_ID": "T00398",
        "DATA_SOURC": "P",
        "SRC_DATE": "18530101",
        "HOR_ACC": "0",
        "INFORM": "\u0000\u0000\u0000\u0000\u0000\u0000\u0000\u0000\u0000\u0000\u0000\u0000\u0000\u0000\u0000\u0000\u0000\u0000\u0000\u0000\u0000\u0000\u0000\u0000\u0000\u0000\u0000\u0000\u0000\u0000\u0000\u0000\u0000\u0000\u0000\u0000\u0000\u0000\u0000\u0000\u0000\u0000\u0000\u0000\u0000\u0000\u0000\u0000\u0000\u0000\u0000\u0000\u0000\u0000\u0000\u0000\u0000\u0000\u0000\u0000\u0000\u0000\u0000\u0000\u0000\u0000\u0000\u0000\u0000\u0000\u0000\u0000\u0000\u0000\u0000\u0000\u0000\u0000\u0000\u0000\u0000\u0000\u0000\u0000\u0000\u0000\u0000\u0000\u0000\u0000\u0000\u0000\u0000\u0000\u0000\u0000\u0000\u0000\u0000\u0000\u0000\u0000\u0000\u0000\u0000\u0000\u0000\u0000\u0000\u0000\u0000\u0000\u0000\u0000\u0000\u0000\u0000\u0000\u0000\u0000\u0000\u0000\u0000\u0000\u0000\u0000\u0000\u0000\u0000\u0000\u0000\u0000\u0000\u0000\u0000\u0000\u0000\u0000\u0000\u0000\u0000\u0000\u0000\u0000\u0000\u0000\u0000\u0000\u0000\u0000\u0000\u0000\u0000\u0000\u0000\u0000\u0000\u0000\u0000\u0000\u0000\u0000\u0000\u0000\u0000\u0000\u0000\u0000\u0000\u0000\u0000\u0000\u0000\u0000\u0000\u0000\u0000\u0000\u0000\u0000\u0000\u0000\u0000\u0000\u0000\u0000\u0000\u0000\u0000\u0000\u0000\u0000\u0000\u0000\u0000\u0000\u0000\u0000\u0000\u0000\u0000\u0000\u0000\u0000\u0000\u0000\u0000\u0000\u0000\u0000\u0000\u0000\u0000\u0000\u0000\u0000\u0000\u0000\u0000\u0000\u0000\u0000\u0000\u0000\u0000\u0000\u0000\u0000\u0000\u0000\u0000\u0000\u0000\u0000\u0000\u0000\u0000\u0000\u0000\u0000\u0000\u0000\u0000\u0000\u0000\u0000\u0000\u0000\u0000\u0000\u0000\u0000\u0000\u0000",
        "RESOLUTION": 0,
        "ATTRIBUTE": "Undetermined Alongshore Feature",
        "CLASS": "ALONGSHORE FEATURE",
        "F_CODE": null,
        "EX_METH": "M",
        "EXTRACT_TE": "P",
        "_selecter_format": "shapefile",
        "_selecter_sourcecrs": "EPSG:4269",
        "_selecter_source": "CA37B07 1853 SF",
        "_selecter_imported": "2026-08-03T23:02:23.649Z"
      },
      "geometry": {
        "type": "LineString",
        "coordinates": [
          [
            -122.414062,
            37.804129
          ],
          [
            -122.414082,
            37.804239
          ],
          [
            -122.414062,
            37.804259
          ],
          [
            -122.414082,
            37.804309
          ],
          [
            -122.414082,
            37.804359
          ],
          [
            -122.414022,
            37.804359
          ],
          [
            -122.414002,
            37.804249
          ],
          [
            -122.413892,
            37.804249
          ],
          [
            -122.413872,
            37.804159
          ]
        ]
      }
    },
    {
      "type": "Feature",
      "properties": {
        "FEATURE_ID": 927056,
        "FEATURE": 57,
        "SOURCE_ID": "T00398",
        "DATA_SOURC": "P",
        "SRC_DATE": "18530101",
        "HOR_ACC": "0",
        "INFORM": "\u0000\u0000\u0000\u0000\u0000\u0000\u0000\u0000\u0000\u0000\u0000\u0000\u0000\u0000\u0000\u0000\u0000\u0000\u0000\u0000\u0000\u0000\u0000\u0000\u0000\u0000\u0000\u0000\u0000\u0000\u0000\u0000\u0000\u0000\u0000\u0000\u0000\u0000\u0000\u0000\u0000\u0000\u0000\u0000\u0000\u0000\u0000\u0000\u0000\u0000\u0000\u0000\u0000\u0000\u0000\u0000\u0000\u0000\u0000\u0000\u0000\u0000\u0000\u0000\u0000\u0000\u0000\u0000\u0000\u0000\u0000\u0000\u0000\u0000\u0000\u0000\u0000\u0000\u0000\u0000\u0000\u0000\u0000\u0000\u0000\u0000\u0000\u0000\u0000\u0000\u0000\u0000\u0000\u0000\u0000\u0000\u0000\u0000\u0000\u0000\u0000\u0000\u0000\u0000\u0000\u0000\u0000\u0000\u0000\u0000\u0000\u0000\u0000\u0000\u0000\u0000\u0000\u0000\u0000\u0000\u0000\u0000\u0000\u0000\u0000\u0000\u0000\u0000\u0000\u0000\u0000\u0000\u0000\u0000\u0000\u0000\u0000\u0000\u0000\u0000\u0000\u0000\u0000\u0000\u0000\u0000\u0000\u0000\u0000\u0000\u0000\u0000\u0000\u0000\u0000\u0000\u0000\u0000\u0000\u0000\u0000\u0000\u0000\u0000\u0000\u0000\u0000\u0000\u0000\u0000\u0000\u0000\u0000\u0000\u0000\u0000\u0000\u0000\u0000\u0000\u0000\u0000\u0000\u0000\u0000\u0000\u0000\u0000\u0000\u0000\u0000\u0000\u0000\u0000\u0000\u0000\u0000\u0000\u0000\u0000\u0000\u0000\u0000\u0000\u0000\u0000\u0000\u0000\u0000\u0000\u0000\u0000\u0000\u0000\u0000\u0000\u0000\u0000\u0000\u0000\u0000\u0000\u0000\u0000\u0000\u0000\u0000\u0000\u0000\u0000\u0000\u0000\u0000\u0000\u0000\u0000\u0000\u0000\u0000\u0000\u0000\u0000\u0000\u0000\u0000\u0000\u0000\u0000\u0000\u0000\u0000\u0000\u0000\u0000",
        "RESOLUTION": 0,
        "ATTRIBUTE": "Undetermined Alongshore Feature",
        "CLASS": "ALONGSHORE FEATURE",
        "F_CODE": null,
        "EX_METH": "M",
        "EXTRACT_TE": "P",
        "_selecter_format": "shapefile",
        "_selecter_sourcecrs": "EPSG:4269",
        "_selecter_source": "CA37B07 1853 SF",
        "_selecter_imported": "2026-08-03T23:02:23.649Z"
      },
      "geometry": {
        "type": "LineString",
        "coordinates": [
          [
            -122.413312,
            37.804479
          ],
          [
            -122.413312,
            37.804609
          ]
        ]
      }
    },
    {
      "type": "Feature",
      "properties": {
        "FEATURE_ID": 927058,
        "FEATURE": 57,
        "SOURCE_ID": "T00398",
        "DATA_SOURC": "P",
        "SRC_DATE": "18530101",
        "HOR_ACC": "0",
        "INFORM": "\u0000\u0000\u0000\u0000\u0000\u0000\u0000\u0000\u0000\u0000\u0000\u0000\u0000\u0000\u0000\u0000\u0000\u0000\u0000\u0000\u0000\u0000\u0000\u0000\u0000\u0000\u0000\u0000\u0000\u0000\u0000\u0000\u0000\u0000\u0000\u0000\u0000\u0000\u0000\u0000\u0000\u0000\u0000\u0000\u0000\u0000\u0000\u0000\u0000\u0000\u0000\u0000\u0000\u0000\u0000\u0000\u0000\u0000\u0000\u0000\u0000\u0000\u0000\u0000\u0000\u0000\u0000\u0000\u0000\u0000\u0000\u0000\u0000\u0000\u0000\u0000\u0000\u0000\u0000\u0000\u0000\u0000\u0000\u0000\u0000\u0000\u0000\u0000\u0000\u0000\u0000\u0000\u0000\u0000\u0000\u0000\u0000\u0000\u0000\u0000\u0000\u0000\u0000\u0000\u0000\u0000\u0000\u0000\u0000\u0000\u0000\u0000\u0000\u0000\u0000\u0000\u0000\u0000\u0000\u0000\u0000\u0000\u0000\u0000\u0000\u0000\u0000\u0000\u0000\u0000\u0000\u0000\u0000\u0000\u0000\u0000\u0000\u0000\u0000\u0000\u0000\u0000\u0000\u0000\u0000\u0000\u0000\u0000\u0000\u0000\u0000\u0000\u0000\u0000\u0000\u0000\u0000\u0000\u0000\u0000\u0000\u0000\u0000\u0000\u0000\u0000\u0000\u0000\u0000\u0000\u0000\u0000\u0000\u0000\u0000\u0000\u0000\u0000\u0000\u0000\u0000\u0000\u0000\u0000\u0000\u0000\u0000\u0000\u0000\u0000\u0000\u0000\u0000\u0000\u0000\u0000\u0000\u0000\u0000\u0000\u0000\u0000\u0000\u0000\u0000\u0000\u0000\u0000\u0000\u0000\u0000\u0000\u0000\u0000\u0000\u0000\u0000\u0000\u0000\u0000\u0000\u0000\u0000\u0000\u0000\u0000\u0000\u0000\u0000\u0000\u0000\u0000\u0000\u0000\u0000\u0000\u0000\u0000\u0000\u0000\u0000\u0000\u0000\u0000\u0000\u0000\u0000\u0000\u0000\u0000\u0000\u0000\u0000\u0000",
        "RESOLUTION": 0,
        "ATTRIBUTE": "Undetermined Alongshore Feature",
        "CLASS": "ALONGSHORE FEATURE",
        "F_CODE": null,
        "EX_METH": "M",
        "EXTRACT_TE": "P",
        "_selecter_format": "shapefile",
        "_selecter_sourcecrs": "EPSG:4269",
        "_selecter_source": "CA37B07 1853 SF",
        "_selecter_imported": "2026-08-03T23:02:23.649Z"
      },
      "geometry": {
        "type": "LineString",
        "coordinates": [
          [
            -122.413312,
            37.804609
          ],
          [
            -122.413202,
            37.804639
          ],
          [
            -122.412902,
            37.804689
          ],
          [
            -122.412872,
            37.804629
          ]
        ]
      }
    },
    {
      "type": "Feature",
      "properties": {
        "FEATURE_ID": 927063,
        "FEATURE": 57,
        "SOURCE_ID": "T00398",
        "DATA_SOURC": "P",
        "SRC_DATE": "18530101",
        "HOR_ACC": "0",
        "INFORM": "\u0000\u0000\u0000\u0000\u0000\u0000\u0000\u0000\u0000\u0000\u0000\u0000\u0000\u0000\u0000\u0000\u0000\u0000\u0000\u0000\u0000\u0000\u0000\u0000\u0000\u0000\u0000\u0000\u0000\u0000\u0000\u0000\u0000\u0000\u0000\u0000\u0000\u0000\u0000\u0000\u0000\u0000\u0000\u0000\u0000\u0000\u0000\u0000\u0000\u0000\u0000\u0000\u0000\u0000\u0000\u0000\u0000\u0000\u0000\u0000\u0000\u0000\u0000\u0000\u0000\u0000\u0000\u0000\u0000\u0000\u0000\u0000\u0000\u0000\u0000\u0000\u0000\u0000\u0000\u0000\u0000\u0000\u0000\u0000\u0000\u0000\u0000\u0000\u0000\u0000\u0000\u0000\u0000\u0000\u0000\u0000\u0000\u0000\u0000\u0000\u0000\u0000\u0000\u0000\u0000\u0000\u0000\u0000\u0000\u0000\u0000\u0000\u0000\u0000\u0000\u0000\u0000\u0000\u0000\u0000\u0000\u0000\u0000\u0000\u0000\u0000\u0000\u0000\u0000\u0000\u0000\u0000\u0000\u0000\u0000\u0000\u0000\u0000\u0000\u0000\u0000\u0000\u0000\u0000\u0000\u0000\u0000\u0000\u0000\u0000\u0000\u0000\u0000\u0000\u0000\u0000\u0000\u0000\u0000\u0000\u0000\u0000\u0000\u0000\u0000\u0000\u0000\u0000\u0000\u0000\u0000\u0000\u0000\u0000\u0000\u0000\u0000\u0000\u0000\u0000\u0000\u0000\u0000\u0000\u0000\u0000\u0000\u0000\u0000\u0000\u0000\u0000\u0000\u0000\u0000\u0000\u0000\u0000\u0000\u0000\u0000\u0000\u0000\u0000\u0000\u0000\u0000\u0000\u0000\u0000\u0000\u0000\u0000\u0000\u0000\u0000\u0000\u0000\u0000\u0000\u0000\u0000\u0000\u0000\u0000\u0000\u0000\u0000\u0000\u0000\u0000\u0000\u0000\u0000\u0000\u0000\u0000\u0000\u0000\u0000\u0000\u0000\u0000\u0000\u0000\u0000\u0000\u0000\u0000\u0000\u0000\u0000\u0000\u0000",
        "RESOLUTION": 0,
        "ATTRIBUTE": "Undetermined Alongshore Feature",
        "CLASS": "ALONGSHORE FEATURE",
        "F_CODE": null,
        "EX_METH": "M",
        "EXTRACT_TE": "P",
        "_selecter_format": "shapefile",
        "_selecter_sourcecrs": "EPSG:4269",
        "_selecter_source": "CA37B07 1853 SF",
        "_selecter_imported": "2026-08-03T23:02:23.649Z"
      },
      "geometry": {
        "type": "LineString",
        "coordinates": [
          [
            -122.399832,
            37.798919
          ],
          [
            -122.399802,
            37.798919
          ],
          [
            -122.399772,
            37.798919
          ],
          [
            -122.399742,
            37.798919
          ],
          [
            -122.399722,
            37.798929
          ],
          [
            -122.399692,
            37.798939
          ],
          [
            -122.399672,
            37.798949
          ],
          [
            -122.399642,
            37.798939
          ],
          [
            -122.399622,
            37.798929
          ],
          [
            -122.399622,
            37.798909
          ],
          [
            -122.399642,
            37.798889
          ],
          [
            -122.399672,
            37.798889
          ],
          [
            -122.399702,
            37.798879
          ],
          [
            -122.399732,
            37.798879
          ],
          [
            -122.399752,
            37.798869
          ],
          [
            -122.399782,
            37.798869
          ],
          [
            -122.399812,
            37.798869
          ]
        ]
      }
    },
    {
      "type": "Feature",
      "properties": {
        "FEATURE_ID": 926016,
        "FEATURE": 57,
        "SOURCE_ID": "T00398",
        "DATA_SOURC": "P",
        "SRC_DATE": "18530101",
        "HOR_ACC": "0",
        "INFORM": "\u0000\u0000\u0000\u0000\u0000\u0000\u0000\u0000\u0000\u0000\u0000\u0000\u0000\u0000\u0000\u0000\u0000\u0000\u0000\u0000\u0000\u0000\u0000\u0000\u0000\u0000\u0000\u0000\u0000\u0000\u0000\u0000\u0000\u0000\u0000\u0000\u0000\u0000\u0000\u0000\u0000\u0000\u0000\u0000\u0000\u0000\u0000\u0000\u0000\u0000\u0000\u0000\u0000\u0000\u0000\u0000\u0000\u0000\u0000\u0000\u0000\u0000\u0000\u0000\u0000\u0000\u0000\u0000\u0000\u0000\u0000\u0000\u0000\u0000\u0000\u0000\u0000\u0000\u0000\u0000\u0000\u0000\u0000\u0000\u0000\u0000\u0000\u0000\u0000\u0000\u0000\u0000\u0000\u0000\u0000\u0000\u0000\u0000\u0000\u0000\u0000\u0000\u0000\u0000\u0000\u0000\u0000\u0000\u0000\u0000\u0000\u0000\u0000\u0000\u0000\u0000\u0000\u0000\u0000\u0000\u0000\u0000\u0000\u0000\u0000\u0000\u0000\u0000\u0000\u0000\u0000\u0000\u0000\u0000\u0000\u0000\u0000\u0000\u0000\u0000\u0000\u0000\u0000\u0000\u0000\u0000\u0000\u0000\u0000\u0000\u0000\u0000\u0000\u0000\u0000\u0000\u0000\u0000\u0000\u0000\u0000\u0000\u0000\u0000\u0000\u0000\u0000\u0000\u0000\u0000\u0000\u0000\u0000\u0000\u0000\u0000\u0000\u0000\u0000\u0000\u0000\u0000\u0000\u0000\u0000\u0000\u0000\u0000\u0000\u0000\u0000\u0000\u0000\u0000\u0000\u0000\u0000\u0000\u0000\u0000\u0000\u0000\u0000\u0000\u0000\u0000\u0000\u0000\u0000\u0000\u0000\u0000\u0000\u0000\u0000\u0000\u0000\u0000\u0000\u0000\u0000\u0000\u0000\u0000\u0000\u0000\u0000\u0000\u0000\u0000\u0000\u0000\u0000\u0000\u0000\u0000\u0000\u0000\u0000\u0000\u0000\u0000\u0000\u0000\u0000\u0000\u0000\u0000\u0000\u0000\u0000\u0000\u0000\u0000",
        "RESOLUTION": 0,
        "ATTRIBUTE": "Undetermined Alongshore Feature",
        "CLASS": "ALONGSHORE FEATURE",
        "F_CODE": null,
        "EX_METH": "M",
        "EXTRACT_TE": "P",
        "_selecter_format": "shapefile",
        "_selecter_sourcecrs": "EPSG:4269",
        "_selecter_source": "CA37B07 1853 SF",
        "_selecter_imported": "2026-08-03T23:02:23.649Z"
      },
      "geometry": {
        "type": "LineString",
        "coordinates": [
          [
            -122.409262,
            37.805879
          ],
          [
            -122.409312,
            37.805879
          ],
          [
            -122.409322,
            37.805919
          ],
          [
            -122.409062,
            37.805969
          ],
          [
            -122.408792,
            37.805999
          ],
          [
            -122.408782,
            37.805939
          ]
        ]
      }
    },
    {
      "type": "Feature",
      "properties": {
        "FEATURE_ID": 926020,
        "FEATURE": 57,
        "SOURCE_ID": "T00398",
        "DATA_SOURC": "P",
        "SRC_DATE": "18530101",
        "HOR_ACC": "0",
        "INFORM": "\u0000\u0000\u0000\u0000\u0000\u0000\u0000\u0000\u0000\u0000\u0000\u0000\u0000\u0000\u0000\u0000\u0000\u0000\u0000\u0000\u0000\u0000\u0000\u0000\u0000\u0000\u0000\u0000\u0000\u0000\u0000\u0000\u0000\u0000\u0000\u0000\u0000\u0000\u0000\u0000\u0000\u0000\u0000\u0000\u0000\u0000\u0000\u0000\u0000\u0000\u0000\u0000\u0000\u0000\u0000\u0000\u0000\u0000\u0000\u0000\u0000\u0000\u0000\u0000\u0000\u0000\u0000\u0000\u0000\u0000\u0000\u0000\u0000\u0000\u0000\u0000\u0000\u0000\u0000\u0000\u0000\u0000\u0000\u0000\u0000\u0000\u0000\u0000\u0000\u0000\u0000\u0000\u0000\u0000\u0000\u0000\u0000\u0000\u0000\u0000\u0000\u0000\u0000\u0000\u0000\u0000\u0000\u0000\u0000\u0000\u0000\u0000\u0000\u0000\u0000\u0000\u0000\u0000\u0000\u0000\u0000\u0000\u0000\u0000\u0000\u0000\u0000\u0000\u0000\u0000\u0000\u0000\u0000\u0000\u0000\u0000\u0000\u0000\u0000\u0000\u0000\u0000\u0000\u0000\u0000\u0000\u0000\u0000\u0000\u0000\u0000\u0000\u0000\u0000\u0000\u0000\u0000\u0000\u0000\u0000\u0000\u0000\u0000\u0000\u0000\u0000\u0000\u0000\u0000\u0000\u0000\u0000\u0000\u0000\u0000\u0000\u0000\u0000\u0000\u0000\u0000\u0000\u0000\u0000\u0000\u0000\u0000\u0000\u0000\u0000\u0000\u0000\u0000\u0000\u0000\u0000\u0000\u0000\u0000\u0000\u0000\u0000\u0000\u0000\u0000\u0000\u0000\u0000\u0000\u0000\u0000\u0000\u0000\u0000\u0000\u0000\u0000\u0000\u0000\u0000\u0000\u0000\u0000\u0000\u0000\u0000\u0000\u0000\u0000\u0000\u0000\u0000\u0000\u0000\u0000\u0000\u0000\u0000\u0000\u0000\u0000\u0000\u0000\u0000\u0000\u0000\u0000\u0000\u0000\u0000\u0000\u0000\u0000\u0000",
        "RESOLUTION": 0,
        "ATTRIBUTE": "Undetermined Alongshore Feature",
        "CLASS": "ALONGSHORE FEATURE",
        "F_CODE": null,
        "EX_METH": "M",
        "EXTRACT_TE": "P",
        "_selecter_format": "shapefile",
        "_selecter_sourcecrs": "EPSG:4269",
        "_selecter_source": "CA37B07 1853 SF",
        "_selecter_imported": "2026-08-03T23:02:23.649Z"
      },
      "geometry": {
        "type": "LineString",
        "coordinates": [
          [
            -122.410142,
            37.805669
          ],
          [
            -122.410142,
            37.805729
          ],
          [
            -122.410162,
            37.805829
          ],
          [
            -122.410192,
            37.805879
          ],
          [
            -122.410182,
            37.805999
          ],
          [
            -122.410072,
            37.806009
          ],
          [
            -122.410042,
            37.805839
          ],
          [
            -122.410002,
            37.805799
          ],
          [
            -122.409972,
            37.805639
          ]
        ]
      }
    },
    {
      "type": "Feature",
      "properties": {
        "FEATURE_ID": 926022,
        "FEATURE": 57,
        "SOURCE_ID": "T00398",
        "DATA_SOURC": "P",
        "SRC_DATE": "18530101",
        "HOR_ACC": "0",
        "INFORM": "\u0000\u0000\u0000\u0000\u0000\u0000\u0000\u0000\u0000\u0000\u0000\u0000\u0000\u0000\u0000\u0000\u0000\u0000\u0000\u0000\u0000\u0000\u0000\u0000\u0000\u0000\u0000\u0000\u0000\u0000\u0000\u0000\u0000\u0000\u0000\u0000\u0000\u0000\u0000\u0000\u0000\u0000\u0000\u0000\u0000\u0000\u0000\u0000\u0000\u0000\u0000\u0000\u0000\u0000\u0000\u0000\u0000\u0000\u0000\u0000\u0000\u0000\u0000\u0000\u0000\u0000\u0000\u0000\u0000\u0000\u0000\u0000\u0000\u0000\u0000\u0000\u0000\u0000\u0000\u0000\u0000\u0000\u0000\u0000\u0000\u0000\u0000\u0000\u0000\u0000\u0000\u0000\u0000\u0000\u0000\u0000\u0000\u0000\u0000\u0000\u0000\u0000\u0000\u0000\u0000\u0000\u0000\u0000\u0000\u0000\u0000\u0000\u0000\u0000\u0000\u0000\u0000\u0000\u0000\u0000\u0000\u0000\u0000\u0000\u0000\u0000\u0000\u0000\u0000\u0000\u0000\u0000\u0000\u0000\u0000\u0000\u0000\u0000\u0000\u0000\u0000\u0000\u0000\u0000\u0000\u0000\u0000\u0000\u0000\u0000\u0000\u0000\u0000\u0000\u0000\u0000\u0000\u0000\u0000\u0000\u0000\u0000\u0000\u0000\u0000\u0000\u0000\u0000\u0000\u0000\u0000\u0000\u0000\u0000\u0000\u0000\u0000\u0000\u0000\u0000\u0000\u0000\u0000\u0000\u0000\u0000\u0000\u0000\u0000\u0000\u0000\u0000\u0000\u0000\u0000\u0000\u0000\u0000\u0000\u0000\u0000\u0000\u0000\u0000\u0000\u0000\u0000\u0000\u0000\u0000\u0000\u0000\u0000\u0000\u0000\u0000\u0000\u0000\u0000\u0000\u0000\u0000\u0000\u0000\u0000\u0000\u0000\u0000\u0000\u0000\u0000\u0000\u0000\u0000\u0000\u0000\u0000\u0000\u0000\u0000\u0000\u0000\u0000\u0000\u0000\u0000\u0000\u0000\u0000\u0000\u0000\u0000\u0000\u0000",
        "RESOLUTION": 0,
        "ATTRIBUTE": "Undetermined Alongshore Feature",
        "CLASS": "ALONGSHORE FEATURE",
        "F_CODE": null,
        "EX_METH": "M",
        "EXTRACT_TE": "P",
        "_selecter_format": "shapefile",
        "_selecter_sourcecrs": "EPSG:4269",
        "_selecter_source": "CA37B07 1853 SF",
        "_selecter_imported": "2026-08-03T23:02:23.649Z"
      },
      "geometry": {
        "type": "LineString",
        "coordinates": [
          [
            -122.409842,
            37.805639
          ],
          [
            -122.409852,
            37.805719
          ],
          [
            -122.409772,
            37.805739
          ],
          [
            -122.409782,
            37.805859
          ],
          [
            -122.409682,
            37.805869
          ],
          [
            -122.409652,
            37.805759
          ],
          [
            -122.409642,
            37.805709
          ]
        ]
      }
    },
    {
      "type": "Feature",
      "properties": {
        "FEATURE_ID": 926696,
        "FEATURE": 205,
        "SOURCE_ID": "T00398",
        "DATA_SOURC": "P",
        "SRC_DATE": "18530101",
        "HOR_ACC": "0",
        "INFORM": "\u0000\u0000\u0000\u0000\u0000\u0000\u0000\u0000\u0000\u0000\u0000\u0000\u0000\u0000\u0000\u0000\u0000\u0000\u0000\u0000\u0000\u0000\u0000\u0000\u0000\u0000\u0000\u0000\u0000\u0000\u0000\u0000\u0000\u0000\u0000\u0000\u0000\u0000\u0000\u0000\u0000\u0000\u0000\u0000\u0000\u0000\u0000\u0000\u0000\u0000\u0000\u0000\u0000\u0000\u0000\u0000\u0000\u0000\u0000\u0000\u0000\u0000\u0000\u0000\u0000\u0000\u0000\u0000\u0000\u0000\u0000\u0000\u0000\u0000\u0000\u0000\u0000\u0000\u0000\u0000\u0000\u0000\u0000\u0000\u0000\u0000\u0000\u0000\u0000\u0000\u0000\u0000\u0000\u0000\u0000\u0000\u0000\u0000\u0000\u0000\u0000\u0000\u0000\u0000\u0000\u0000\u0000\u0000\u0000\u0000\u0000\u0000\u0000\u0000\u0000\u0000\u0000\u0000\u0000\u0000\u0000\u0000\u0000\u0000\u0000\u0000\u0000\u0000\u0000\u0000\u0000\u0000\u0000\u0000\u0000\u0000\u0000\u0000\u0000\u0000\u0000\u0000\u0000\u0000\u0000\u0000\u0000\u0000\u0000\u0000\u0000\u0000\u0000\u0000\u0000\u0000\u0000\u0000\u0000\u0000\u0000\u0000\u0000\u0000\u0000\u0000\u0000\u0000\u0000\u0000\u0000\u0000\u0000\u0000\u0000\u0000\u0000\u0000\u0000\u0000\u0000\u0000\u0000\u0000\u0000\u0000\u0000\u0000\u0000\u0000\u0000\u0000\u0000\u0000\u0000\u0000\u0000\u0000\u0000\u0000\u0000\u0000\u0000\u0000\u0000\u0000\u0000\u0000\u0000\u0000\u0000\u0000\u0000\u0000\u0000\u0000\u0000\u0000\u0000\u0000\u0000\u0000\u0000\u0000\u0000\u0000\u0000\u0000\u0000\u0000\u0000\u0000\u0000\u0000\u0000\u0000\u0000\u0000\u0000\u0000\u0000\u0000\u0000\u0000\u0000\u0000\u0000\u0000\u0000\u0000\u0000\u0000\u0000\u0000",
        "RESOLUTION": 0,
        "ATTRIBUTE": "User Added Line",
        "CLASS": "CARTOGRAPHIC LIMIT",
        "F_CODE": null,
        "EX_METH": "M",
        "EXTRACT_TE": "P",
        "_selecter_format": "shapefile",
        "_selecter_sourcecrs": "EPSG:4269",
        "_selecter_source": "CA37B07 1853 SF",
        "_selecter_imported": "2026-08-03T23:02:23.649Z"
      },
      "geometry": {
        "type": "LineString",
        "coordinates": [
          [
            -122.390472,
            37.789239
          ],
          [
            -122.390542,
            37.789249
          ]
        ]
      }
    },
    {
      "type": "Feature",
      "properties": {
        "FEATURE_ID": 926698,
        "FEATURE": 205,
        "SOURCE_ID": "T00398",
        "DATA_SOURC": "P",
        "SRC_DATE": "18530101",
        "HOR_ACC": "0",
        "INFORM": "\u0000\u0000\u0000\u0000\u0000\u0000\u0000\u0000\u0000\u0000\u0000\u0000\u0000\u0000\u0000\u0000\u0000\u0000\u0000\u0000\u0000\u0000\u0000\u0000\u0000\u0000\u0000\u0000\u0000\u0000\u0000\u0000\u0000\u0000\u0000\u0000\u0000\u0000\u0000\u0000\u0000\u0000\u0000\u0000\u0000\u0000\u0000\u0000\u0000\u0000\u0000\u0000\u0000\u0000\u0000\u0000\u0000\u0000\u0000\u0000\u0000\u0000\u0000\u0000\u0000\u0000\u0000\u0000\u0000\u0000\u0000\u0000\u0000\u0000\u0000\u0000\u0000\u0000\u0000\u0000\u0000\u0000\u0000\u0000\u0000\u0000\u0000\u0000\u0000\u0000\u0000\u0000\u0000\u0000\u0000\u0000\u0000\u0000\u0000\u0000\u0000\u0000\u0000\u0000\u0000\u0000\u0000\u0000\u0000\u0000\u0000\u0000\u0000\u0000\u0000\u0000\u0000\u0000\u0000\u0000\u0000\u0000\u0000\u0000\u0000\u0000\u0000\u0000\u0000\u0000\u0000\u0000\u0000\u0000\u0000\u0000\u0000\u0000\u0000\u0000\u0000\u0000\u0000\u0000\u0000\u0000\u0000\u0000\u0000\u0000\u0000\u0000\u0000\u0000\u0000\u0000\u0000\u0000\u0000\u0000\u0000\u0000\u0000\u0000\u0000\u0000\u0000\u0000\u0000\u0000\u0000\u0000\u0000\u0000\u0000\u0000\u0000\u0000\u0000\u0000\u0000\u0000\u0000\u0000\u0000\u0000\u0000\u0000\u0000\u0000\u0000\u0000\u0000\u0000\u0000\u0000\u0000\u0000\u0000\u0000\u0000\u0000\u0000\u0000\u0000\u0000\u0000\u0000\u0000\u0000\u0000\u0000\u0000\u0000\u0000\u0000\u0000\u0000\u0000\u0000\u0000\u0000\u0000\u0000\u0000\u0000\u0000\u0000\u0000\u0000\u0000\u0000\u0000\u0000\u0000\u0000\u0000\u0000\u0000\u0000\u0000\u0000\u0000\u0000\u0000\u0000\u0000\u0000\u0000\u0000\u0000\u0000\u0000\u0000",
        "RESOLUTION": 0,
        "ATTRIBUTE": "User Added Line",
        "CLASS": "CARTOGRAPHIC LIMIT",
        "F_CODE": null,
        "EX_METH": "M",
        "EXTRACT_TE": "P",
        "_selecter_format": "shapefile",
        "_selecter_sourcecrs": "EPSG:4269",
        "_selecter_source": "CA37B07 1853 SF",
        "_selecter_imported": "2026-08-03T23:02:23.649Z"
      },
      "geometry": {
        "type": "LineString",
        "coordinates": [
          [
            -122.390502,
            37.789319
          ],
          [
            -122.390452,
            37.789309
          ]
        ]
      }
    },
    {
      "type": "Feature",
      "properties": {
        "FEATURE_ID": 926707,
        "FEATURE": 205,
        "SOURCE_ID": "T00398",
        "DATA_SOURC": "P",
        "SRC_DATE": "18530101",
        "HOR_ACC": "0",
        "INFORM": "\u0000\u0000\u0000\u0000\u0000\u0000\u0000\u0000\u0000\u0000\u0000\u0000\u0000\u0000\u0000\u0000\u0000\u0000\u0000\u0000\u0000\u0000\u0000\u0000\u0000\u0000\u0000\u0000\u0000\u0000\u0000\u0000\u0000\u0000\u0000\u0000\u0000\u0000\u0000\u0000\u0000\u0000\u0000\u0000\u0000\u0000\u0000\u0000\u0000\u0000\u0000\u0000\u0000\u0000\u0000\u0000\u0000\u0000\u0000\u0000\u0000\u0000\u0000\u0000\u0000\u0000\u0000\u0000\u0000\u0000\u0000\u0000\u0000\u0000\u0000\u0000\u0000\u0000\u0000\u0000\u0000\u0000\u0000\u0000\u0000\u0000\u0000\u0000\u0000\u0000\u0000\u0000\u0000\u0000\u0000\u0000\u0000\u0000\u0000\u0000\u0000\u0000\u0000\u0000\u0000\u0000\u0000\u0000\u0000\u0000\u0000\u0000\u0000\u0000\u0000\u0000\u0000\u0000\u0000\u0000\u0000\u0000\u0000\u0000\u0000\u0000\u0000\u0000\u0000\u0000\u0000\u0000\u0000\u0000\u0000\u0000\u0000\u0000\u0000\u0000\u0000\u0000\u0000\u0000\u0000\u0000\u0000\u0000\u0000\u0000\u0000\u0000\u0000\u0000\u0000\u0000\u0000\u0000\u0000\u0000\u0000\u0000\u0000\u0000\u0000\u0000\u0000\u0000\u0000\u0000\u0000\u0000\u0000\u0000\u0000\u0000\u0000\u0000\u0000\u0000\u0000\u0000\u0000\u0000\u0000\u0000\u0000\u0000\u0000\u0000\u0000\u0000\u0000\u0000\u0000\u0000\u0000\u0000\u0000\u0000\u0000\u0000\u0000\u0000\u0000\u0000\u0000\u0000\u0000\u0000\u0000\u0000\u0000\u0000\u0000\u0000\u0000\u0000\u0000\u0000\u0000\u0000\u0000\u0000\u0000\u0000\u0000\u0000\u0000\u0000\u0000\u0000\u0000\u0000\u0000\u0000\u0000\u0000\u0000\u0000\u0000\u0000\u0000\u0000\u0000\u0000\u0000\u0000\u0000\u0000\u0000\u0000\u0000\u0000",
        "RESOLUTION": 0,
        "ATTRIBUTE": "User Added Line",
        "CLASS": "CARTOGRAPHIC LIMIT",
        "F_CODE": null,
        "EX_METH": "M",
        "EXTRACT_TE": "P",
        "_selecter_format": "shapefile",
        "_selecter_sourcecrs": "EPSG:4269",
        "_selecter_source": "CA37B07 1853 SF",
        "_selecter_imported": "2026-08-03T23:02:23.649Z"
      },
      "geometry": {
        "type": "LineString",
        "coordinates": [
          [
            -122.392492,
            37.776799
          ],
          [
            -122.392532,
            37.776779
          ]
        ]
      }
    },
    {
      "type": "Feature",
      "properties": {
        "FEATURE_ID": 926708,
        "FEATURE": 205,
        "SOURCE_ID": "T00398",
        "DATA_SOURC": "P",
        "SRC_DATE": "18530101",
        "HOR_ACC": "0",
        "INFORM": "\u0000\u0000\u0000\u0000\u0000\u0000\u0000\u0000\u0000\u0000\u0000\u0000\u0000\u0000\u0000\u0000\u0000\u0000\u0000\u0000\u0000\u0000\u0000\u0000\u0000\u0000\u0000\u0000\u0000\u0000\u0000\u0000\u0000\u0000\u0000\u0000\u0000\u0000\u0000\u0000\u0000\u0000\u0000\u0000\u0000\u0000\u0000\u0000\u0000\u0000\u0000\u0000\u0000\u0000\u0000\u0000\u0000\u0000\u0000\u0000\u0000\u0000\u0000\u0000\u0000\u0000\u0000\u0000\u0000\u0000\u0000\u0000\u0000\u0000\u0000\u0000\u0000\u0000\u0000\u0000\u0000\u0000\u0000\u0000\u0000\u0000\u0000\u0000\u0000\u0000\u0000\u0000\u0000\u0000\u0000\u0000\u0000\u0000\u0000\u0000\u0000\u0000\u0000\u0000\u0000\u0000\u0000\u0000\u0000\u0000\u0000\u0000\u0000\u0000\u0000\u0000\u0000\u0000\u0000\u0000\u0000\u0000\u0000\u0000\u0000\u0000\u0000\u0000\u0000\u0000\u0000\u0000\u0000\u0000\u0000\u0000\u0000\u0000\u0000\u0000\u0000\u0000\u0000\u0000\u0000\u0000\u0000\u0000\u0000\u0000\u0000\u0000\u0000\u0000\u0000\u0000\u0000\u0000\u0000\u0000\u0000\u0000\u0000\u0000\u0000\u0000\u0000\u0000\u0000\u0000\u0000\u0000\u0000\u0000\u0000\u0000\u0000\u0000\u0000\u0000\u0000\u0000\u0000\u0000\u0000\u0000\u0000\u0000\u0000\u0000\u0000\u0000\u0000\u0000\u0000\u0000\u0000\u0000\u0000\u0000\u0000\u0000\u0000\u0000\u0000\u0000\u0000\u0000\u0000\u0000\u0000\u0000\u0000\u0000\u0000\u0000\u0000\u0000\u0000\u0000\u0000\u0000\u0000\u0000\u0000\u0000\u0000\u0000\u0000\u0000\u0000\u0000\u0000\u0000\u0000\u0000\u0000\u0000\u0000\u0000\u0000\u0000\u0000\u0000\u0000\u0000\u0000\u0000\u0000\u0000\u0000\u0000\u0000\u0000",
        "RESOLUTION": 0,
        "ATTRIBUTE": "User Added Line",
        "CLASS": "CARTOGRAPHIC LIMIT",
        "F_CODE": null,
        "EX_METH": "M",
        "EXTRACT_TE": "P",
        "_selecter_format": "shapefile",
        "_selecter_sourcecrs": "EPSG:4269",
        "_selecter_source": "CA37B07 1853 SF",
        "_selecter_imported": "2026-08-03T23:02:23.649Z"
      },
      "geometry": {
        "type": "LineString",
        "coordinates": [
          [
            -122.414252,
            37.76121
          ],
          [
            -122.414262,
            37.76084
          ]
        ]
      }
    },
    {
      "type": "Feature",
      "properties": {
        "FEATURE_ID": 926709,
        "FEATURE": 205,
        "SOURCE_ID": "T00398",
        "DATA_SOURC": "P",
        "SRC_DATE": "18530101",
        "HOR_ACC": "0",
        "INFORM": "\u0000\u0000\u0000\u0000\u0000\u0000\u0000\u0000\u0000\u0000\u0000\u0000\u0000\u0000\u0000\u0000\u0000\u0000\u0000\u0000\u0000\u0000\u0000\u0000\u0000\u0000\u0000\u0000\u0000\u0000\u0000\u0000\u0000\u0000\u0000\u0000\u0000\u0000\u0000\u0000\u0000\u0000\u0000\u0000\u0000\u0000\u0000\u0000\u0000\u0000\u0000\u0000\u0000\u0000\u0000\u0000\u0000\u0000\u0000\u0000\u0000\u0000\u0000\u0000\u0000\u0000\u0000\u0000\u0000\u0000\u0000\u0000\u0000\u0000\u0000\u0000\u0000\u0000\u0000\u0000\u0000\u0000\u0000\u0000\u0000\u0000\u0000\u0000\u0000\u0000\u0000\u0000\u0000\u0000\u0000\u0000\u0000\u0000\u0000\u0000\u0000\u0000\u0000\u0000\u0000\u0000\u0000\u0000\u0000\u0000\u0000\u0000\u0000\u0000\u0000\u0000\u0000\u0000\u0000\u0000\u0000\u0000\u0000\u0000\u0000\u0000\u0000\u0000\u0000\u0000\u0000\u0000\u0000\u0000\u0000\u0000\u0000\u0000\u0000\u0000\u0000\u0000\u0000\u0000\u0000\u0000\u0000\u0000\u0000\u0000\u0000\u0000\u0000\u0000\u0000\u0000\u0000\u0000\u0000\u0000\u0000\u0000\u0000\u0000\u0000\u0000\u0000\u0000\u0000\u0000\u0000\u0000\u0000\u0000\u0000\u0000\u0000\u0000\u0000\u0000\u0000\u0000\u0000\u0000\u0000\u0000\u0000\u0000\u0000\u0000\u0000\u0000\u0000\u0000\u0000\u0000\u0000\u0000\u0000\u0000\u0000\u0000\u0000\u0000\u0000\u0000\u0000\u0000\u0000\u0000\u0000\u0000\u0000\u0000\u0000\u0000\u0000\u0000\u0000\u0000\u0000\u0000\u0000\u0000\u0000\u0000\u0000\u0000\u0000\u0000\u0000\u0000\u0000\u0000\u0000\u0000\u0000\u0000\u0000\u0000\u0000\u0000\u0000\u0000\u0000\u0000\u0000\u0000\u0000\u0000\u0000\u0000\u0000\u0000",
        "RESOLUTION": 0,
        "ATTRIBUTE": "User Added Line",
        "CLASS": "CARTOGRAPHIC LIMIT",
        "F_CODE": null,
        "EX_METH": "M",
        "EXTRACT_TE": "P",
        "_selecter_format": "shapefile",
        "_selecter_sourcecrs": "EPSG:4269",
        "_selecter_source": "CA37B07 1853 SF",
        "_selecter_imported": "2026-08-03T23:02:23.649Z"
      },
      "geometry": {
        "type": "LineString",
        "coordinates": [
          [
            -122.413052,
            37.76084
          ],
          [
            -122.413102,
            37.76125
          ]
        ]
      }
    },
    {
      "type": "Feature",
      "properties": {
        "FEATURE_ID": 926711,
        "FEATURE": 205,
        "SOURCE_ID": "T00398",
        "DATA_SOURC": "P",
        "SRC_DATE": "18530101",
        "HOR_ACC": "0",
        "INFORM": "\u0000\u0000\u0000\u0000\u0000\u0000\u0000\u0000\u0000\u0000\u0000\u0000\u0000\u0000\u0000\u0000\u0000\u0000\u0000\u0000\u0000\u0000\u0000\u0000\u0000\u0000\u0000\u0000\u0000\u0000\u0000\u0000\u0000\u0000\u0000\u0000\u0000\u0000\u0000\u0000\u0000\u0000\u0000\u0000\u0000\u0000\u0000\u0000\u0000\u0000\u0000\u0000\u0000\u0000\u0000\u0000\u0000\u0000\u0000\u0000\u0000\u0000\u0000\u0000\u0000\u0000\u0000\u0000\u0000\u0000\u0000\u0000\u0000\u0000\u0000\u0000\u0000\u0000\u0000\u0000\u0000\u0000\u0000\u0000\u0000\u0000\u0000\u0000\u0000\u0000\u0000\u0000\u0000\u0000\u0000\u0000\u0000\u0000\u0000\u0000\u0000\u0000\u0000\u0000\u0000\u0000\u0000\u0000\u0000\u0000\u0000\u0000\u0000\u0000\u0000\u0000\u0000\u0000\u0000\u0000\u0000\u0000\u0000\u0000\u0000\u0000\u0000\u0000\u0000\u0000\u0000\u0000\u0000\u0000\u0000\u0000\u0000\u0000\u0000\u0000\u0000\u0000\u0000\u0000\u0000\u0000\u0000\u0000\u0000\u0000\u0000\u0000\u0000\u0000\u0000\u0000\u0000\u0000\u0000\u0000\u0000\u0000\u0000\u0000\u0000\u0000\u0000\u0000\u0000\u0000\u0000\u0000\u0000\u0000\u0000\u0000\u0000\u0000\u0000\u0000\u0000\u0000\u0000\u0000\u0000\u0000\u0000\u0000\u0000\u0000\u0000\u0000\u0000\u0000\u0000\u0000\u0000\u0000\u0000\u0000\u0000\u0000\u0000\u0000\u0000\u0000\u0000\u0000\u0000\u0000\u0000\u0000\u0000\u0000\u0000\u0000\u0000\u0000\u0000\u0000\u0000\u0000\u0000\u0000\u0000\u0000\u0000\u0000\u0000\u0000\u0000\u0000\u0000\u0000\u0000\u0000\u0000\u0000\u0000\u0000\u0000\u0000\u0000\u0000\u0000\u0000\u0000\u0000\u0000\u0000\u0000\u0000\u0000\u0000",
        "RESOLUTION": 0,
        "ATTRIBUTE": "User Added Line",
        "CLASS": "CARTOGRAPHIC LIMIT",
        "F_CODE": null,
        "EX_METH": "M",
        "EXTRACT_TE": "P",
        "_selecter_format": "shapefile",
        "_selecter_sourcecrs": "EPSG:4269",
        "_selecter_source": "CA37B07 1853 SF",
        "_selecter_imported": "2026-08-03T23:02:23.649Z"
      },
      "geometry": {
        "type": "LineString",
        "coordinates": [
          [
            -122.403272,
            37.76747
          ],
          [
            -122.403142,
            37.76756
          ]
        ]
      }
    },
    {
      "type": "Feature",
      "properties": {
        "FEATURE_ID": 926359,
        "FEATURE": 205,
        "SOURCE_ID": "T00398",
        "DATA_SOURC": "P",
        "SRC_DATE": "18530101",
        "HOR_ACC": "0",
        "INFORM": "\u0000\u0000\u0000\u0000\u0000\u0000\u0000\u0000\u0000\u0000\u0000\u0000\u0000\u0000\u0000\u0000\u0000\u0000\u0000\u0000\u0000\u0000\u0000\u0000\u0000\u0000\u0000\u0000\u0000\u0000\u0000\u0000\u0000\u0000\u0000\u0000\u0000\u0000\u0000\u0000\u0000\u0000\u0000\u0000\u0000\u0000\u0000\u0000\u0000\u0000\u0000\u0000\u0000\u0000\u0000\u0000\u0000\u0000\u0000\u0000\u0000\u0000\u0000\u0000\u0000\u0000\u0000\u0000\u0000\u0000\u0000\u0000\u0000\u0000\u0000\u0000\u0000\u0000\u0000\u0000\u0000\u0000\u0000\u0000\u0000\u0000\u0000\u0000\u0000\u0000\u0000\u0000\u0000\u0000\u0000\u0000\u0000\u0000\u0000\u0000\u0000\u0000\u0000\u0000\u0000\u0000\u0000\u0000\u0000\u0000\u0000\u0000\u0000\u0000\u0000\u0000\u0000\u0000\u0000\u0000\u0000\u0000\u0000\u0000\u0000\u0000\u0000\u0000\u0000\u0000\u0000\u0000\u0000\u0000\u0000\u0000\u0000\u0000\u0000\u0000\u0000\u0000\u0000\u0000\u0000\u0000\u0000\u0000\u0000\u0000\u0000\u0000\u0000\u0000\u0000\u0000\u0000\u0000\u0000\u0000\u0000\u0000\u0000\u0000\u0000\u0000\u0000\u0000\u0000\u0000\u0000\u0000\u0000\u0000\u0000\u0000\u0000\u0000\u0000\u0000\u0000\u0000\u0000\u0000\u0000\u0000\u0000\u0000\u0000\u0000\u0000\u0000\u0000\u0000\u0000\u0000\u0000\u0000\u0000\u0000\u0000\u0000\u0000\u0000\u0000\u0000\u0000\u0000\u0000\u0000\u0000\u0000\u0000\u0000\u0000\u0000\u0000\u0000\u0000\u0000\u0000\u0000\u0000\u0000\u0000\u0000\u0000\u0000\u0000\u0000\u0000\u0000\u0000\u0000\u0000\u0000\u0000\u0000\u0000\u0000\u0000\u0000\u0000\u0000\u0000\u0000\u0000\u0000\u0000\u0000\u0000\u0000\u0000\u0000",
        "RESOLUTION": 0,
        "ATTRIBUTE": "User Added Line",
        "CLASS": "CARTOGRAPHIC LIMIT",
        "F_CODE": null,
        "EX_METH": "M",
        "EXTRACT_TE": "P",
        "_selecter_format": "shapefile",
        "_selecter_sourcecrs": "EPSG:4269",
        "_selecter_source": "CA37B07 1853 SF",
        "_selecter_imported": "2026-08-03T23:02:23.649Z"
      },
      "geometry": {
        "type": "LineString",
        "coordinates": [
          [
            -122.396792,
            37.795759
          ],
          [
            -122.396722,
            37.795789
          ]
        ]
      }
    },
    {
      "type": "Feature",
      "properties": {
        "FEATURE_ID": 927044,
        "FEATURE": 205,
        "SOURCE_ID": "T00398",
        "DATA_SOURC": "P",
        "SRC_DATE": "18530101",
        "HOR_ACC": "0",
        "INFORM": "\u0000\u0000\u0000\u0000\u0000\u0000\u0000\u0000\u0000\u0000\u0000\u0000\u0000\u0000\u0000\u0000\u0000\u0000\u0000\u0000\u0000\u0000\u0000\u0000\u0000\u0000\u0000\u0000\u0000\u0000\u0000\u0000\u0000\u0000\u0000\u0000\u0000\u0000\u0000\u0000\u0000\u0000\u0000\u0000\u0000\u0000\u0000\u0000\u0000\u0000\u0000\u0000\u0000\u0000\u0000\u0000\u0000\u0000\u0000\u0000\u0000\u0000\u0000\u0000\u0000\u0000\u0000\u0000\u0000\u0000\u0000\u0000\u0000\u0000\u0000\u0000\u0000\u0000\u0000\u0000\u0000\u0000\u0000\u0000\u0000\u0000\u0000\u0000\u0000\u0000\u0000\u0000\u0000\u0000\u0000\u0000\u0000\u0000\u0000\u0000\u0000\u0000\u0000\u0000\u0000\u0000\u0000\u0000\u0000\u0000\u0000\u0000\u0000\u0000\u0000\u0000\u0000\u0000\u0000\u0000\u0000\u0000\u0000\u0000\u0000\u0000\u0000\u0000\u0000\u0000\u0000\u0000\u0000\u0000\u0000\u0000\u0000\u0000\u0000\u0000\u0000\u0000\u0000\u0000\u0000\u0000\u0000\u0000\u0000\u0000\u0000\u0000\u0000\u0000\u0000\u0000\u0000\u0000\u0000\u0000\u0000\u0000\u0000\u0000\u0000\u0000\u0000\u0000\u0000\u0000\u0000\u0000\u0000\u0000\u0000\u0000\u0000\u0000\u0000\u0000\u0000\u0000\u0000\u0000\u0000\u0000\u0000\u0000\u0000\u0000\u0000\u0000\u0000\u0000\u0000\u0000\u0000\u0000\u0000\u0000\u0000\u0000\u0000\u0000\u0000\u0000\u0000\u0000\u0000\u0000\u0000\u0000\u0000\u0000\u0000\u0000\u0000\u0000\u0000\u0000\u0000\u0000\u0000\u0000\u0000\u0000\u0000\u0000\u0000\u0000\u0000\u0000\u0000\u0000\u0000\u0000\u0000\u0000\u0000\u0000\u0000\u0000\u0000\u0000\u0000\u0000\u0000\u0000\u0000\u0000\u0000\u0000\u0000\u0000",
        "RESOLUTION": 0,
        "ATTRIBUTE": "User Added Line",
        "CLASS": "CARTOGRAPHIC LIMIT",
        "F_CODE": null,
        "EX_METH": "M",
        "EXTRACT_TE": "P",
        "_selecter_format": "shapefile",
        "_selecter_sourcecrs": "EPSG:4269",
        "_selecter_source": "CA37B07 1853 SF",
        "_selecter_imported": "2026-08-03T23:02:23.649Z"
      },
      "geometry": {
        "type": "LineString",
        "coordinates": [
          [
            -122.402502,
            37.76874
          ],
          [
            -122.402522,
            37.76884
          ],
          [
            -122.402562,
            37.76889
          ],
          [
            -122.402592,
            37.76892
          ],
          [
            -122.402622,
            37.76898
          ],
          [
            -122.402652,
            37.76906
          ]
        ]
      }
    },
    {
      "type": "Feature",
      "properties": {
        "FEATURE_ID": 927045,
        "FEATURE": 205,
        "SOURCE_ID": "T00398",
        "DATA_SOURC": "P",
        "SRC_DATE": "18530101",
        "HOR_ACC": "0",
        "INFORM": "\u0000\u0000\u0000\u0000\u0000\u0000\u0000\u0000\u0000\u0000\u0000\u0000\u0000\u0000\u0000\u0000\u0000\u0000\u0000\u0000\u0000\u0000\u0000\u0000\u0000\u0000\u0000\u0000\u0000\u0000\u0000\u0000\u0000\u0000\u0000\u0000\u0000\u0000\u0000\u0000\u0000\u0000\u0000\u0000\u0000\u0000\u0000\u0000\u0000\u0000\u0000\u0000\u0000\u0000\u0000\u0000\u0000\u0000\u0000\u0000\u0000\u0000\u0000\u0000\u0000\u0000\u0000\u0000\u0000\u0000\u0000\u0000\u0000\u0000\u0000\u0000\u0000\u0000\u0000\u0000\u0000\u0000\u0000\u0000\u0000\u0000\u0000\u0000\u0000\u0000\u0000\u0000\u0000\u0000\u0000\u0000\u0000\u0000\u0000\u0000\u0000\u0000\u0000\u0000\u0000\u0000\u0000\u0000\u0000\u0000\u0000\u0000\u0000\u0000\u0000\u0000\u0000\u0000\u0000\u0000\u0000\u0000\u0000\u0000\u0000\u0000\u0000\u0000\u0000\u0000\u0000\u0000\u0000\u0000\u0000\u0000\u0000\u0000\u0000\u0000\u0000\u0000\u0000\u0000\u0000\u0000\u0000\u0000\u0000\u0000\u0000\u0000\u0000\u0000\u0000\u0000\u0000\u0000\u0000\u0000\u0000\u0000\u0000\u0000\u0000\u0000\u0000\u0000\u0000\u0000\u0000\u0000\u0000\u0000\u0000\u0000\u0000\u0000\u0000\u0000\u0000\u0000\u0000\u0000\u0000\u0000\u0000\u0000\u0000\u0000\u0000\u0000\u0000\u0000\u0000\u0000\u0000\u0000\u0000\u0000\u0000\u0000\u0000\u0000\u0000\u0000\u0000\u0000\u0000\u0000\u0000\u0000\u0000\u0000\u0000\u0000\u0000\u0000\u0000\u0000\u0000\u0000\u0000\u0000\u0000\u0000\u0000\u0000\u0000\u0000\u0000\u0000\u0000\u0000\u0000\u0000\u0000\u0000\u0000\u0000\u0000\u0000\u0000\u0000\u0000\u0000\u0000\u0000\u0000\u0000\u0000\u0000\u0000\u0000",
        "RESOLUTION": 0,
        "ATTRIBUTE": "User Added Line",
        "CLASS": "CARTOGRAPHIC LIMIT",
        "F_CODE": null,
        "EX_METH": "M",
        "EXTRACT_TE": "P",
        "_selecter_format": "shapefile",
        "_selecter_sourcecrs": "EPSG:4269",
        "_selecter_source": "CA37B07 1853 SF",
        "_selecter_imported": "2026-08-03T23:02:23.649Z"
      },
      "geometry": {
        "type": "LineString",
        "coordinates": [
          [
            -122.386882,
            37.76124
          ],
          [
            -122.386752,
            37.76093
          ]
        ]
      }
    },
    {
      "type": "Feature",
      "properties": {
        "FEATURE_ID": 926014,
        "FEATURE": 205,
        "SOURCE_ID": "T00398",
        "DATA_SOURC": "P",
        "SRC_DATE": "18530101",
        "HOR_ACC": "0",
        "INFORM": "\u0000\u0000\u0000\u0000\u0000\u0000\u0000\u0000\u0000\u0000\u0000\u0000\u0000\u0000\u0000\u0000\u0000\u0000\u0000\u0000\u0000\u0000\u0000\u0000\u0000\u0000\u0000\u0000\u0000\u0000\u0000\u0000\u0000\u0000\u0000\u0000\u0000\u0000\u0000\u0000\u0000\u0000\u0000\u0000\u0000\u0000\u0000\u0000\u0000\u0000\u0000\u0000\u0000\u0000\u0000\u0000\u0000\u0000\u0000\u0000\u0000\u0000\u0000\u0000\u0000\u0000\u0000\u0000\u0000\u0000\u0000\u0000\u0000\u0000\u0000\u0000\u0000\u0000\u0000\u0000\u0000\u0000\u0000\u0000\u0000\u0000\u0000\u0000\u0000\u0000\u0000\u0000\u0000\u0000\u0000\u0000\u0000\u0000\u0000\u0000\u0000\u0000\u0000\u0000\u0000\u0000\u0000\u0000\u0000\u0000\u0000\u0000\u0000\u0000\u0000\u0000\u0000\u0000\u0000\u0000\u0000\u0000\u0000\u0000\u0000\u0000\u0000\u0000\u0000\u0000\u0000\u0000\u0000\u0000\u0000\u0000\u0000\u0000\u0000\u0000\u0000\u0000\u0000\u0000\u0000\u0000\u0000\u0000\u0000\u0000\u0000\u0000\u0000\u0000\u0000\u0000\u0000\u0000\u0000\u0000\u0000\u0000\u0000\u0000\u0000\u0000\u0000\u0000\u0000\u0000\u0000\u0000\u0000\u0000\u0000\u0000\u0000\u0000\u0000\u0000\u0000\u0000\u0000\u0000\u0000\u0000\u0000\u0000\u0000\u0000\u0000\u0000\u0000\u0000\u0000\u0000\u0000\u0000\u0000\u0000\u0000\u0000\u0000\u0000\u0000\u0000\u0000\u0000\u0000\u0000\u0000\u0000\u0000\u0000\u0000\u0000\u0000\u0000\u0000\u0000\u0000\u0000\u0000\u0000\u0000\u0000\u0000\u0000\u0000\u0000\u0000\u0000\u0000\u0000\u0000\u0000\u0000\u0000\u0000\u0000\u0000\u0000\u0000\u0000\u0000\u0000\u0000\u0000\u0000\u0000\u0000\u0000\u0000\u0000",
        "RESOLUTION": 0,
        "ATTRIBUTE": "User Added Line",
        "CLASS": "CARTOGRAPHIC LIMIT",
        "F_CODE": null,
        "EX_METH": "M",
        "EXTRACT_TE": "P",
        "_selecter_format": "shapefile",
        "_selecter_sourcecrs": "EPSG:4269",
        "_selecter_source": "CA37B07 1853 SF",
        "_selecter_imported": "2026-08-03T23:02:23.649Z"
      },
      "geometry": {
        "type": "LineString",
        "coordinates": [
          [
            -122.421342,
            37.806639
          ],
          [
            -122.421222,
            37.806639
          ]
        ]
      }
    }
  ]
}