{
"type": "FeatureCollection",
"name": "Capital_Bikeshare_Locations",
"crs": { "type": "name", "properties": { "name": "urn:ogc:def:crs:OGC:1.3:CRS84" } },
"features": [
{ "type": "Feature", "properties": { "NAME": "Silver Spring Metro / Colesville Rd & Wayne Ave", "STATION_TYPE": "classic", "STATION_ID": "0825881b-1f3f-11e7-bf6b-3863bb334450", "STATION_STATUS": null, "LAST_REPORTED": "2026-06-22T16:30:30Z", "NUM_DOCKS_AVAILABLE": 5, "NUM_DOCKS_DISABLED": 0, "NUM_BIKES_AVAILABLE": 12, "NUM_EBIKES_AVAILABLE": 8, "NUM_BIKES_DISABLED": 1, "IS_INSTALLED": "YES", "IS_RETURNING": "YES", "IS_RENTING": "YES", "HAS_KIOSK": "YES", "IOS": "https://dc.lft.to/lastmile_qr_scan", "ANDROID": "https://dc.lft.to/lastmile_qr_scan", "ELECTRIC_BIKE_SURCHARGE_WAIVER": "NO", "EIGHTD_HAS_KEY_DISPENSER": "NO", "CAPACITY": 19, "RENTAL_METHODS": "KEY,CREDITCARD", "REGION_ID": "44", "REGION_NAME": "Montgomery County, MD (South)", "GIS_ID": null, "LATITUDE": 38.995256, "LONGITUDE": -77.029124, "GIS_LAST_MOD_DTTM": "2026-06-22T16:32:06Z", "OBJECTID": 357728254 }, "geometry": { "type": "Point", "coordinates": [ -77.029126821031468, 38.995263999102754 ] } },
{ "type": "Feature", "properties": { "NAME": "15th & M St NW", "STATION_TYPE": "classic", "STATION_ID": "7fcbf92d-a257-4973-828b-181d5602eee5", "STATION_STATUS": null, "LAST_REPORTED": "2026-06-22T16:30:29Z", "NUM_DOCKS_AVAILABLE": 14, "NUM_DOCKS_DISABLED": 0, "NUM_BIKES_AVAILABLE": 4, "NUM_EBIKES_AVAILABLE": 2, "NUM_BIKES_DISABLED": 0, "IS_INSTALLED": "YES", "IS_RETURNING": "YES", "IS_RENTING": "YES", "HAS_KIOSK": "YES", "IOS": "https://dc.lft.to/lastmile_qr_scan", "ANDROID": "https://dc.lft.to/lastmile_qr_scan", "ELECTRIC_BIKE_SURCHARGE_WAIVER": "NO", "EIGHTD_HAS_KEY_DISPENSER": "NO", "CAPACITY": 19, "RENTAL_METHODS": "KEY,CREDITCARD", "REGION_ID": "42", "REGION_NAME": "Washington, DC", "GIS_ID": null, "LATITUDE": 38.905424, "LONGITUDE": -77.034674, "GIS_LAST_MOD_DTTM": "2026-06-22T16:32:06Z", "OBJECTID": 357728255 }, "geometry": { "type": "Point", "coordinates": [ -77.034681736530217, 38.905431962664323 ] } },
{ "type": "Feature", "properties": { "NAME": "10th & U St NW", "STATION_TYPE": "classic", "STATION_ID": "082483c2-1f3f-11e7-bf6b-3863bb334450", "STATION_STATUS": null, "LAST_REPORTED": "2026-06-22T16:30:29Z", "NUM_DOCKS_AVAILABLE": 19, "NUM_DOCKS_DISABLED": 0, "NUM_BIKES_AVAILABLE": 0, "NUM_EBIKES_AVAILABLE": 0, "NUM_BIKES_DISABLED": 0, "IS_INSTALLED": "YES", "IS_RETURNING": "YES", "IS_RENTING": "YES", "HAS_KIOSK": "YES", "IOS": "https://dc.lft.to/lastmile_qr_scan", "ANDROID": "https://dc.lft.to/lastmile_qr_scan", "ELECTRIC_BIKE_SURCHARGE_WAIVER": "NO", "EIGHTD_HAS_KEY_DISPENSER": "NO", "CAPACITY": 19, "RENTAL_METHODS": "KEY,CREDITCARD", "REGION_ID": "42", "REGION_NAME": "Washington, DC", "GIS_ID": null, "LATITUDE": 38.9172, "LONGITUDE": -77.0259, "GIS_LAST_MOD_DTTM": "2026-06-22T16:32:06Z", "OBJECTID": 357728256 }, "geometry": { "type": "Point", "coordinates": [ -77.025900858838455, 38.917208142692459 ] } },
{ "type": "Feature", "properties": { "NAME": "20th St & Virginia Ave NW", "STATION_TYPE": "classic", "STATION_ID": "082543d4-1f3f-11e7-bf6b-3863bb334450", "STATION_STATUS": null, "LAST_REPORTED": "2026-06-22T16:30:30Z", "NUM_DOCKS_AVAILABLE": 2, "NUM_DOCKS_DISABLED": 0, "NUM_BIKES_AVAILABLE": 13, "NUM_EBIKES_AVAILABLE": 5, "NUM_BIKES_DISABLED": 0, "IS_INSTALLED": "YES", "IS_RETURNING": "YES", "IS_RENTING": "YES", "HAS_KIOSK": "YES", "IOS": "https://dc.lft.to/lastmile_qr_scan", "ANDROID": "https://dc.lft.to/lastmile_qr_scan", "ELECTRIC_BIKE_SURCHARGE_WAIVER": "NO", "EIGHTD_HAS_KEY_DISPENSER": "NO", "CAPACITY": 15, "RENTAL_METHODS": "KEY,CREDITCARD", "REGION_ID": "42", "REGION_NAME": "Washington, DC", "GIS_ID": null, "LATITUDE": 38.894722, "LONGITUDE": -77.045128, "GIS_LAST_MOD_DTTM": "2026-06-22T16:32:06Z", "OBJECTID": 357728257 }, "geometry": { "type": "Point", "coordinates": [ -77.045131832861514, 38.894726459853246 ] } },
{ "type": "Feature", "properties": { "NAME": "Fleet St & Waterfront St", "STATION_TYPE": "classic", "STATION_ID": "d4e8307d-5fb2-4ece-a66a-1522b1ebf79c", "STATION_STATUS": null, "LAST_REPORTED": "2026-06-22T16:30:31Z", "NUM_DOCKS_AVAILABLE": 13, "NUM_DOCKS_DISABLED": 0, "NUM_BIKES_AVAILABLE": 2, "NUM_EBIKES_AVAILABLE": 2, "NUM_BIKES_DISABLED": 0, "IS_INSTALLED": "YES", "IS_RETURNING": "YES", "IS_RENTING": "YES", "HAS_KIOSK": "YES", "IOS": "https://dc.lft.to/lastmile_qr_scan", "ANDROID": "https://dc.lft.to/lastmile_qr_scan", "ELECTRIC_BIKE_SURCHARGE_WAIVER": "NO", "EIGHTD_HAS_KEY_DISPENSER": "NO", "CAPACITY": 15, "RENTAL_METHODS": "KEY,CREDITCARD", "REGION_ID": "133", "REGION_NAME": "Prince George's County", "GIS_ID": null, "LATITUDE": 38.782633, "LONGITUDE": -77.016059, "GIS_LAST_MOD_DTTM": "2026-06-22T16:32:06Z", "OBJECTID": 357728258 }, "geometry": { "type": "Point", "coordinates": [ -77.016057695006523, 38.782641897421804 ] } },
{ "type": "Feature", "properties": { "NAME": "Monroe St & E Park Dr ", "STATION_TYPE": "classic", "STATION_ID": "2069026080266492516", "STATION_STATUS": null, "LAST_REPORTED": "2026-06-22T16:30:32Z", "NUM_DOCKS_AVAILABLE": 4, "NUM_DOCKS_DISABLED": 0, "NUM_BIKES_AVAILABLE": 7, "NUM_EBIKES_AVAILABLE": 1, "NUM_BIKES_DISABLED": 0, "IS_INSTALLED": "YES", "IS_RETURNING": "YES", "IS_RENTING": "YES", "HAS_KIOSK": "YES", "IOS": "https://dc.lft.to/lastmile_qr_scan", "ANDROID": "https://dc.lft.to/lastmile_qr_scan", "ELECTRIC_BIKE_SURCHARGE_WAIVER": "NO", "EIGHTD_HAS_KEY_DISPENSER": "NO", "CAPACITY": 11, "RENTAL_METHODS": "KEY,CREDITCARD", "REGION_ID": "104", "REGION_NAME": "Fairfax, VA", "GIS_ID": null, "LATITUDE": 38.950009, "LONGITUDE": -77.389696, "GIS_LAST_MOD_DTTM": "2026-06-22T16:32:06Z", "OBJECTID": 357728259 }, "geometry": { "type": "Point", "coordinates": [ -77.389699150470776, 38.950018334181316 ] } },
{ "type": "Feature", "properties": { "NAME": "Woody Ward Rec Center", "STATION_TYPE": "classic", "STATION_ID": "c51f0090-a4f9-416d-a18b-6e0505b1dca1", "STATION_STATUS": null, "LAST_REPORTED": "2026-06-22T16:30:41Z", "NUM_DOCKS_AVAILABLE": 15, "NUM_DOCKS_DISABLED": 0, "NUM_BIKES_AVAILABLE": 0, "NUM_EBIKES_AVAILABLE": 0, "NUM_BIKES_DISABLED": 0, "IS_INSTALLED": "YES", "IS_RETURNING": "YES", "IS_RENTING": "YES", "HAS_KIOSK": "YES", "IOS": "https://dc.lft.to/lastmile_qr_scan", "ANDROID": "https://dc.lft.to/lastmile_qr_scan", "ELECTRIC_BIKE_SURCHARGE_WAIVER": "NO", "EIGHTD_HAS_KEY_DISPENSER": "NO", "CAPACITY": 15, "RENTAL_METHODS": "KEY,CREDITCARD", "REGION_ID": "42", "REGION_NAME": "Washington, DC", "GIS_ID": null, "LATITUDE": 38.879575, "LONGITUDE": -76.926596, "GIS_LAST_MOD_DTTM": "2026-06-22T16:32:06Z", "OBJECTID": 357728260 }, "geometry": { "type": "Point", "coordinates": [ -76.926600203871686, 38.879587044075599 ] } },
{ "type": "Feature", "properties": { "NAME": "Crystal Dr & 23rd St S", "STATION_TYPE": "classic", "STATION_ID": "08247310-1f3f-11e7-bf6b-3863bb334450", "STATION_STATUS": null, "LAST_REPORTED": "2026-06-22T16:30:42Z", "NUM_DOCKS_AVAILABLE": 10, "NUM_DOCKS_DISABLED": 0, "NUM_BIKES_AVAILABLE": 7, "NUM_EBIKES_AVAILABLE": 3, "NUM_BIKES_DISABLED": 0, "IS_INSTALLED": "YES", "IS_RETURNING": "YES", "IS_RENTING": "YES", "HAS_KIOSK": "YES", "IOS": "https://dc.lft.to/lastmile_qr_scan", "ANDROID": "https://dc.lft.to/lastmile_qr_scan", "ELECTRIC_BIKE_SURCHARGE_WAIVER": "NO", "EIGHTD_HAS_KEY_DISPENSER": "NO", "CAPACITY": 17, "RENTAL_METHODS": "KEY,CREDITCARD", "REGION_ID": "41", "REGION_NAME": "Arlington, VA", "GIS_ID": null, "LATITUDE": 38.853328, "LONGITUDE": -77.049806, "GIS_LAST_MOD_DTTM": "2026-06-22T16:32:06Z", "OBJECTID": 357728261 }, "geometry": { "type": "Point", "coordinates": [ -77.049806094311961, 38.853339959673363 ] } },
{ "type": "Feature", "properties": { "NAME": "4th & D St NW / Judiciary Square", "STATION_TYPE": "classic", "STATION_ID": "0824cb9b-1f3f-11e7-bf6b-3863bb334450", "STATION_STATUS": null, "LAST_REPORTED": "2026-06-22T16:30:42Z", "NUM_DOCKS_AVAILABLE": 2, "NUM_DOCKS_DISABLED": 0, "NUM_BIKES_AVAILABLE": 13, "NUM_EBIKES_AVAILABLE": 6, "NUM_BIKES_DISABLED": 0, "IS_INSTALLED": "YES", "IS_RETURNING": "YES", "IS_RENTING": "YES", "HAS_KIOSK": "YES", "IOS": "https://dc.lft.to/lastmile_qr_scan", "ANDROID": "https://dc.lft.to/lastmile_qr_scan", "ELECTRIC_BIKE_SURCHARGE_WAIVER": "NO", "EIGHTD_HAS_KEY_DISPENSER": "NO", "CAPACITY": 15, "RENTAL_METHODS": "KEY,CREDITCARD", "REGION_ID": "42", "REGION_NAME": "Washington, DC", "GIS_ID": null, "LATITUDE": 38.895344, "LONGITUDE": -77.016106, "GIS_LAST_MOD_DTTM": "2026-06-22T16:32:06Z", "OBJECTID": 357728262 }, "geometry": { "type": "Point", "coordinates": [ -77.01610612352377, 38.895355645853307 ] } },
{ "type": "Feature", "properties": { "NAME": "Park Pl & Rock Creek Church Rd NW", "STATION_TYPE": "classic", "STATION_ID": "9b9156b3-51c3-44c8-af49-46e3f4dea30f", "STATION_STATUS": null, "LAST_REPORTED": "2026-06-22T16:30:43Z", "NUM_DOCKS_AVAILABLE": 3, "NUM_DOCKS_DISABLED": 0, "NUM_BIKES_AVAILABLE": 16, "NUM_EBIKES_AVAILABLE": 3, "NUM_BIKES_DISABLED": 0, "IS_INSTALLED": "YES", "IS_RETURNING": "YES", "IS_RENTING": "YES", "HAS_KIOSK": "YES", "IOS": "https://dc.lft.to/lastmile_qr_scan", "ANDROID": "https://dc.lft.to/lastmile_qr_scan", "ELECTRIC_BIKE_SURCHARGE_WAIVER": "NO", "EIGHTD_HAS_KEY_DISPENSER": "NO", "CAPACITY": 19, "RENTAL_METHODS": "KEY,CREDITCARD", "REGION_ID": "42", "REGION_NAME": "Washington, DC", "GIS_ID": null, "LATITUDE": 38.937135, "LONGITUDE": -77.019125, "GIS_LAST_MOD_DTTM": "2026-06-22T16:32:06Z", "OBJECTID": 357728263 }, "geometry": { "type": "Point", "coordinates": [ -77.019125991524092, 38.937144850479633 ] } },
{ "type": "Feature", "properties": { "NAME": "Canal Center Plaza & Fairfax St", "STATION_TYPE": "classic", "STATION_ID": "2087542402526233418", "STATION_STATUS": null, "LAST_REPORTED": "2026-06-22T16:30:43Z", "NUM_DOCKS_AVAILABLE": 4, "NUM_DOCKS_DISABLED": 0, "NUM_BIKES_AVAILABLE": 9, "NUM_EBIKES_AVAILABLE": 7, "NUM_BIKES_DISABLED": 2, "IS_INSTALLED": "YES", "IS_RETURNING": "YES", "IS_RENTING": "YES", "HAS_KIOSK": "YES", "IOS": "https://dc.lft.to/lastmile_qr_scan", "ANDROID": "https://dc.lft.to/lastmile_qr_scan", "ELECTRIC_BIKE_SURCHARGE_WAIVER": "NO", "EIGHTD_HAS_KEY_DISPENSER": "NO", "CAPACITY": 15, "RENTAL_METHODS": "KEY,CREDITCARD", "REGION_ID": "40", "REGION_NAME": "Alexandria, VA", "GIS_ID": null, "LATITUDE": 38.814659, "LONGITUDE": -77.040146, "GIS_LAST_MOD_DTTM": "2026-06-22T16:32:06Z", "OBJECTID": 357728264 }, "geometry": { "type": "Point", "coordinates": [ -77.040153068658569, 38.814670353735508 ] } },
{ "type": "Feature", "properties": { "NAME": "Greenbelt Metro", "STATION_TYPE": "classic", "STATION_ID": "2207057116552099254", "STATION_STATUS": null, "LAST_REPORTED": "2026-06-22T16:30:44Z", "NUM_DOCKS_AVAILABLE": 16, "NUM_DOCKS_DISABLED": 0, "NUM_BIKES_AVAILABLE": 1, "NUM_EBIKES_AVAILABLE": 1, "NUM_BIKES_DISABLED": 2, "IS_INSTALLED": "YES", "IS_RETURNING": "YES", "IS_RENTING": "YES", "HAS_KIOSK": "YES", "IOS": "https://dc.lft.to/lastmile_qr_scan", "ANDROID": "https://dc.lft.to/lastmile_qr_scan", "ELECTRIC_BIKE_SURCHARGE_WAIVER": "NO", "EIGHTD_HAS_KEY_DISPENSER": "NO", "CAPACITY": 19, "RENTAL_METHODS": "KEY,CREDITCARD", "REGION_ID": "133", "REGION_NAME": "Prince George's County", "GIS_ID": null, "LATITUDE": 39.010286, "LONGITUDE": -76.909764, "GIS_LAST_MOD_DTTM": "2026-06-22T16:32:06Z", "OBJECTID": 357728265 }, "geometry": { "type": "Point", "coordinates": [ -76.909769915569143, 39.01029451367269 ] } },
{ "type": "Feature", "properties": { "NAME": "North Capitol & K St NE", "STATION_TYPE": "classic", "STATION_ID": "7995da4d-4d99-4797-bb9f-37a51a28cc09", "STATION_STATUS": null, "LAST_REPORTED": "2026-06-22T16:30:45Z", "NUM_DOCKS_AVAILABLE": 4, "NUM_DOCKS_DISABLED": 0, "NUM_BIKES_AVAILABLE": 14, "NUM_EBIKES_AVAILABLE": 0, "NUM_BIKES_DISABLED": 1, "IS_INSTALLED": "YES", "IS_RETURNING": "YES", "IS_RENTING": "YES", "HAS_KIOSK": "YES", "IOS": "https://dc.lft.to/lastmile_qr_scan", "ANDROID": "https://dc.lft.to/lastmile_qr_scan", "ELECTRIC_BIKE_SURCHARGE_WAIVER": "NO", "EIGHTD_HAS_KEY_DISPENSER": "NO", "CAPACITY": 19, "RENTAL_METHODS": "KEY,CREDITCARD", "REGION_ID": "42", "REGION_NAME": "Washington, DC", "GIS_ID": null, "LATITUDE": 38.902444, "LONGITUDE": -77.008246, "GIS_LAST_MOD_DTTM": "2026-06-22T16:32:06Z", "OBJECTID": 357728266 }, "geometry": { "type": "Point", "coordinates": [ -77.00824522693371, 38.902455054653622 ] } },
{ "type": "Feature", "properties": { "NAME": "Duke St & John Carlyle St", "STATION_TYPE": "classic", "STATION_ID": "0825f465-1f3f-11e7-bf6b-3863bb334450", "STATION_STATUS": null, "LAST_REPORTED": "2026-06-22T16:30:45Z", "NUM_DOCKS_AVAILABLE": 14, "NUM_DOCKS_DISABLED": 0, "NUM_BIKES_AVAILABLE": 1, "NUM_EBIKES_AVAILABLE": 1, "NUM_BIKES_DISABLED": 0, "IS_INSTALLED": "YES", "IS_RETURNING": "YES", "IS_RENTING": "YES", "HAS_KIOSK": "YES", "IOS": "https://dc.lft.to/lastmile_qr_scan", "ANDROID": "https://dc.lft.to/lastmile_qr_scan", "ELECTRIC_BIKE_SURCHARGE_WAIVER": "NO", "EIGHTD_HAS_KEY_DISPENSER": "NO", "CAPACITY": 15, "RENTAL_METHODS": "KEY,CREDITCARD", "REGION_ID": "40", "REGION_NAME": "Alexandria, VA", "GIS_ID": null, "LATITUDE": 38.804378, "LONGITUDE": -77.060866, "GIS_LAST_MOD_DTTM": "2026-06-22T16:32:06Z", "OBJECTID": 357728267 }, "geometry": { "type": "Point", "coordinates": [ -77.060870263021286, 38.804382689832018 ] } },
{ "type": "Feature", "properties": { "NAME": "21st & I St NW", "STATION_TYPE": "classic", "STATION_ID": "08247b29-1f3f-11e7-bf6b-3863bb334450", "STATION_STATUS": null, "LAST_REPORTED": "2026-06-22T16:30:46Z", "NUM_DOCKS_AVAILABLE": 18, "NUM_DOCKS_DISABLED": 0, "NUM_BIKES_AVAILABLE": 27, "NUM_EBIKES_AVAILABLE": 22, "NUM_BIKES_DISABLED": 2, "IS_INSTALLED": "YES", "IS_RETURNING": "YES", "IS_RENTING": "YES", "HAS_KIOSK": "YES", "IOS": "https://dc.lft.to/lastmile_qr_scan", "ANDROID": "https://dc.lft.to/lastmile_qr_scan", "ELECTRIC_BIKE_SURCHARGE_WAIVER": "NO", "EIGHTD_HAS_KEY_DISPENSER": "NO", "CAPACITY": 47, "RENTAL_METHODS": "KEY,CREDITCARD", "REGION_ID": "42", "REGION_NAME": "Washington, DC", "GIS_ID": null, "LATITUDE": 38.900711, "LONGITUDE": -77.046449, "GIS_LAST_MOD_DTTM": "2026-06-22T16:32:06Z", "OBJECTID": 357728268 }, "geometry": { "type": "Point", "coordinates": [ -77.046449850454621, 38.900716505982366 ] } },
{ "type": "Feature", "properties": { "NAME": "Westpark & Park Run Dr", "STATION_TYPE": "classic", "STATION_ID": "0826373c-1f3f-11e7-bf6b-3863bb334450", "STATION_STATUS": null, "LAST_REPORTED": "2026-06-22T16:30:38Z", "NUM_DOCKS_AVAILABLE": 4, "NUM_DOCKS_DISABLED": 0, "NUM_BIKES_AVAILABLE": 6, "NUM_EBIKES_AVAILABLE": 0, "NUM_BIKES_DISABLED": 1, "IS_INSTALLED": "YES", "IS_RETURNING": "YES", "IS_RENTING": "YES", "HAS_KIOSK": "YES", "IOS": "https://dc.lft.to/lastmile_qr_scan", "ANDROID": "https://dc.lft.to/lastmile_qr_scan", "ELECTRIC_BIKE_SURCHARGE_WAIVER": "NO", "EIGHTD_HAS_KEY_DISPENSER": "NO", "CAPACITY": 11, "RENTAL_METHODS": "KEY,CREDITCARD", "REGION_ID": "104", "REGION_NAME": "Fairfax, VA", "GIS_ID": null, "LATITUDE": 38.928854, "LONGITUDE": -77.22518, "GIS_LAST_MOD_DTTM": "2026-06-22T16:32:06Z", "OBJECTID": 357728269 }, "geometry": { "type": "Point", "coordinates": [ -77.225181619504397, 38.928858036876818 ] } },
{ "type": "Feature", "properties": { "NAME": "11th & F St NW", "STATION_TYPE": "classic", "STATION_ID": "0824e72a-1f3f-11e7-bf6b-3863bb334450", "STATION_STATUS": null, "LAST_REPORTED": "2026-06-22T16:30:36Z", "NUM_DOCKS_AVAILABLE": 1, "NUM_DOCKS_DISABLED": 0, "NUM_BIKES_AVAILABLE": 25, "NUM_EBIKES_AVAILABLE": 8, "NUM_BIKES_DISABLED": 2, "IS_INSTALLED": "YES", "IS_RETURNING": "YES", "IS_RENTING": "YES", "HAS_KIOSK": "NO", "IOS": "https://dc.lft.to/lastmile_qr_scan", "ANDROID": "https://dc.lft.to/lastmile_qr_scan", "ELECTRIC_BIKE_SURCHARGE_WAIVER": "NO", "EIGHTD_HAS_KEY_DISPENSER": "NO", "CAPACITY": 28, "RENTAL_METHODS": "KEY,CREDITCARD", "REGION_ID": "42", "REGION_NAME": "Washington, DC", "GIS_ID": null, "LATITUDE": 38.897857, "LONGITUDE": -77.026975, "GIS_LAST_MOD_DTTM": "2026-06-22T16:32:06Z", "OBJECTID": 357728270 }, "geometry": { "type": "Point", "coordinates": [ -77.02697745389348, 38.897866975058101 ] } },
{ "type": "Feature", "properties": { "NAME": "17th & G St NW", "STATION_TYPE": "classic", "STATION_ID": "0825fca2-1f3f-11e7-bf6b-3863bb334450", "STATION_STATUS": null, "LAST_REPORTED": "2026-06-22T16:30:34Z", "NUM_DOCKS_AVAILABLE": 1, "NUM_DOCKS_DISABLED": 0, "NUM_BIKES_AVAILABLE": 32, "NUM_EBIKES_AVAILABLE": 21, "NUM_BIKES_DISABLED": 1, "IS_INSTALLED": "YES", "IS_RETURNING": "YES", "IS_RENTING": "YES", "HAS_KIOSK": "YES", "IOS": "https://dc.lft.to/lastmile_qr_scan", "ANDROID": "https://dc.lft.to/lastmile_qr_scan", "ELECTRIC_BIKE_SURCHARGE_WAIVER": "NO", "EIGHTD_HAS_KEY_DISPENSER": "NO", "CAPACITY": 35, "RENTAL_METHODS": "KEY,CREDITCARD", "REGION_ID": "42", "REGION_NAME": "Washington, DC", "GIS_ID": null, "LATITUDE": 38.898301, "LONGITUDE": -77.039643, "GIS_LAST_MOD_DTTM": "2026-06-22T16:32:06Z", "OBJECTID": 357728271 }, "geometry": { "type": "Point", "coordinates": [ -77.03964680573732, 38.898304771928004 ] } },
{ "type": "Feature", "properties": { "NAME": "Kennebec St & 11th St N", "STATION_TYPE": "classic", "STATION_ID": "08261fb3-1f3f-11e7-bf6b-3863bb334450", "STATION_STATUS": null, "LAST_REPORTED": "2026-06-22T16:30:35Z", "NUM_DOCKS_AVAILABLE": 3, "NUM_DOCKS_DISABLED": 0, "NUM_BIKES_AVAILABLE": 11, "NUM_EBIKES_AVAILABLE": 3, "NUM_BIKES_DISABLED": 1, "IS_INSTALLED": "YES", "IS_RETURNING": "YES", "IS_RENTING": "YES", "HAS_KIOSK": "YES", "IOS": "https://dc.lft.to/lastmile_qr_scan", "ANDROID": "https://dc.lft.to/lastmile_qr_scan", "ELECTRIC_BIKE_SURCHARGE_WAIVER": "NO", "EIGHTD_HAS_KEY_DISPENSER": "NO", "CAPACITY": 15, "RENTAL_METHODS": "KEY,CREDITCARD", "REGION_ID": "41", "REGION_NAME": "Arlington, VA", "GIS_ID": null, "LATITUDE": 38.880992, "LONGITUDE": -77.135271, "GIS_LAST_MOD_DTTM": "2026-06-22T16:32:06Z", "OBJECTID": 357728272 }, "geometry": { "type": "Point", "coordinates": [ -77.135272729596736, 38.881000134608591 ] } },
{ "type": "Feature", "properties": { "NAME": "Virginia Hospital Center", "STATION_TYPE": "classic", "STATION_ID": "5f060548-684b-469b-8825-66c80d77a874", "STATION_STATUS": null, "LAST_REPORTED": "2026-06-22T16:30:34Z", "NUM_DOCKS_AVAILABLE": 8, "NUM_DOCKS_DISABLED": 0, "NUM_BIKES_AVAILABLE": 7, "NUM_EBIKES_AVAILABLE": 3, "NUM_BIKES_DISABLED": 0, "IS_INSTALLED": "YES", "IS_RETURNING": "YES", "IS_RENTING": "YES", "HAS_KIOSK": "YES", "IOS": "https://dc.lft.to/lastmile_qr_scan", "ANDROID": "https://dc.lft.to/lastmile_qr_scan", "ELECTRIC_BIKE_SURCHARGE_WAIVER": "NO", "EIGHTD_HAS_KEY_DISPENSER": "NO", "CAPACITY": 15, "RENTAL_METHODS": "KEY,CREDITCARD", "REGION_ID": "41", "REGION_NAME": "Arlington, VA", "GIS_ID": null, "LATITUDE": 38.887914, "LONGITUDE": -77.128015, "GIS_LAST_MOD_DTTM": "2026-06-22T16:32:06Z", "OBJECTID": 357728273 }, "geometry": { "type": "Point", "coordinates": [ -77.12801277866474, 38.887917755913719 ] } },
{ "type": "Feature", "properties": { "NAME": "Wheaton Library & Community Rec Center", "STATION_TYPE": "classic", "STATION_ID": "2f12b7e0-a0f1-49ed-92d8-784133ea9168", "STATION_STATUS": null, "LAST_REPORTED": "2026-06-22T16:30:38Z", "NUM_DOCKS_AVAILABLE": 1, "NUM_DOCKS_DISABLED": 0, "NUM_BIKES_AVAILABLE": 10, "NUM_EBIKES_AVAILABLE": 3, "NUM_BIKES_DISABLED": 0, "IS_INSTALLED": "YES", "IS_RETURNING": "YES", "IS_RENTING": "YES", "HAS_KIOSK": "YES", "IOS": "https://dc.lft.to/lastmile_qr_scan", "ANDROID": "https://dc.lft.to/lastmile_qr_scan", "ELECTRIC_BIKE_SURCHARGE_WAIVER": "NO", "EIGHTD_HAS_KEY_DISPENSER": "NO", "CAPACITY": 11, "RENTAL_METHODS": "KEY,CREDITCARD", "REGION_ID": "44", "REGION_NAME": "Montgomery County, MD (South)", "GIS_ID": null, "LATITUDE": 39.047323, "LONGITUDE": -77.051097, "GIS_LAST_MOD_DTTM": "2026-06-22T16:32:06Z", "OBJECTID": 357728274 }, "geometry": { "type": "Point", "coordinates": [ -77.051097033583858, 39.047332554427889 ] } },
{ "type": "Feature", "properties": { "NAME": "Franklin St & S Washington St", "STATION_TYPE": "classic", "STATION_ID": "0826242b-1f3f-11e7-bf6b-3863bb334450", "STATION_STATUS": null, "LAST_REPORTED": "2026-06-22T16:30:36Z", "NUM_DOCKS_AVAILABLE": 11, "NUM_DOCKS_DISABLED": 0, "NUM_BIKES_AVAILABLE": 8, "NUM_EBIKES_AVAILABLE": 2, "NUM_BIKES_DISABLED": 0, "IS_INSTALLED": "YES", "IS_RETURNING": "YES", "IS_RENTING": "YES", "HAS_KIOSK": "YES", "IOS": "https://dc.lft.to/lastmile_qr_scan", "ANDROID": "https://dc.lft.to/lastmile_qr_scan", "ELECTRIC_BIKE_SURCHARGE_WAIVER": "NO", "EIGHTD_HAS_KEY_DISPENSER": "NO", "CAPACITY": 19, "RENTAL_METHODS": "KEY,CREDITCARD", "REGION_ID": "40", "REGION_NAME": "Alexandria, VA", "GIS_ID": null, "LATITUDE": 38.798133, "LONGITUDE": -77.0487, "GIS_LAST_MOD_DTTM": "2026-06-22T16:32:06Z", "OBJECTID": 357728275 }, "geometry": { "type": "Point", "coordinates": [ -77.048697011369086, 38.798136502134106 ] } },
{ "type": "Feature", "properties": { "NAME": "Connecticut Ave & Macomb St NW / Cleveland Park", "STATION_TYPE": "classic", "STATION_ID": "08247f59-1f3f-11e7-bf6b-3863bb334450", "STATION_STATUS": null, "LAST_REPORTED": "2026-06-22T16:30:37Z", "NUM_DOCKS_AVAILABLE": 6, "NUM_DOCKS_DISABLED": 0, "NUM_BIKES_AVAILABLE": 5, "NUM_EBIKES_AVAILABLE": 1, "NUM_BIKES_DISABLED": 0, "IS_INSTALLED": "YES", "IS_RETURNING": "YES", "IS_RENTING": "YES", "HAS_KIOSK": "YES", "IOS": "https://dc.lft.to/lastmile_qr_scan", "ANDROID": "https://dc.lft.to/lastmile_qr_scan", "ELECTRIC_BIKE_SURCHARGE_WAIVER": "NO", "EIGHTD_HAS_KEY_DISPENSER": "NO", "CAPACITY": 11, "RENTAL_METHODS": "KEY,CREDITCARD", "REGION_ID": "42", "REGION_NAME": "Washington, DC", "GIS_ID": null, "LATITUDE": 38.933626, "LONGITUDE": -77.05753, "GIS_LAST_MOD_DTTM": "2026-06-22T16:32:06Z", "OBJECTID": 357728276 }, "geometry": { "type": "Point", "coordinates": [ -77.057532054483545, 38.933637034041602 ] } },
{ "type": "Feature", "properties": { "NAME": "Eads St & 12th St S", "STATION_TYPE": "classic", "STATION_ID": "0825bc56-1f3f-11e7-bf6b-3863bb334450", "STATION_STATUS": null, "LAST_REPORTED": "2026-06-22T16:30:37Z", "NUM_DOCKS_AVAILABLE": 8, "NUM_DOCKS_DISABLED": 0, "NUM_BIKES_AVAILABLE": 12, "NUM_EBIKES_AVAILABLE": 7, "NUM_BIKES_DISABLED": 1, "IS_INSTALLED": "YES", "IS_RETURNING": "YES", "IS_RENTING": "YES", "HAS_KIOSK": "YES", "IOS": "https://dc.lft.to/lastmile_qr_scan", "ANDROID": "https://dc.lft.to/lastmile_qr_scan", "ELECTRIC_BIKE_SURCHARGE_WAIVER": "NO", "EIGHTD_HAS_KEY_DISPENSER": "NO", "CAPACITY": 21, "RENTAL_METHODS": "KEY,CREDITCARD", "REGION_ID": "41", "REGION_NAME": "Arlington, VA", "GIS_ID": null, "LATITUDE": 38.862841, "LONGITUDE": -77.054277, "GIS_LAST_MOD_DTTM": "2026-06-22T16:32:06Z", "OBJECTID": 357728277 }, "geometry": { "type": "Point", "coordinates": [ -77.054283343915216, 38.862850862663599 ] } },
{ "type": "Feature", "properties": { "NAME": "Anacostia Roller Skating Pavilion", "STATION_TYPE": "classic", "STATION_ID": "d2a6b8ef-0d6d-4037-84e4-b905142031fa", "STATION_STATUS": null, "LAST_REPORTED": "2026-06-22T16:30:37Z", "NUM_DOCKS_AVAILABLE": 14, "NUM_DOCKS_DISABLED": 0, "NUM_BIKES_AVAILABLE": 4, "NUM_EBIKES_AVAILABLE": 0, "NUM_BIKES_DISABLED": 0, "IS_INSTALLED": "YES", "IS_RETURNING": "YES", "IS_RENTING": "YES", "HAS_KIOSK": "YES", "IOS": "https://dc.lft.to/lastmile_qr_scan", "ANDROID": "https://dc.lft.to/lastmile_qr_scan", "ELECTRIC_BIKE_SURCHARGE_WAIVER": "NO", "EIGHTD_HAS_KEY_DISPENSER": "NO", "CAPACITY": 19, "RENTAL_METHODS": "KEY,CREDITCARD", "REGION_ID": "42", "REGION_NAME": "Washington, DC", "GIS_ID": null, "LATITUDE": 38.878771, "LONGITUDE": -76.97093, "GIS_LAST_MOD_DTTM": "2026-06-22T16:32:06Z", "OBJECTID": 357728278 }, "geometry": { "type": "Point", "coordinates": [ -76.970936820582523, 38.878777719903894 ] } },
{ "type": "Feature", "properties": { "NAME": "Friendship Blvd & Willard Ave", "STATION_TYPE": "classic", "STATION_ID": "0825bd74-1f3f-11e7-bf6b-3863bb334450", "STATION_STATUS": null, "LAST_REPORTED": "2026-06-22T16:30:40Z", "NUM_DOCKS_AVAILABLE": 7, "NUM_DOCKS_DISABLED": 0, "NUM_BIKES_AVAILABLE": 12, "NUM_EBIKES_AVAILABLE": 1, "NUM_BIKES_DISABLED": 0, "IS_INSTALLED": "YES", "IS_RETURNING": "YES", "IS_RENTING": "YES", "HAS_KIOSK": "YES", "IOS": "https://dc.lft.to/lastmile_qr_scan", "ANDROID": "https://dc.lft.to/lastmile_qr_scan", "ELECTRIC_BIKE_SURCHARGE_WAIVER": "NO", "EIGHTD_HAS_KEY_DISPENSER": "NO", "CAPACITY": 19, "RENTAL_METHODS": "KEY,CREDITCARD", "REGION_ID": "44", "REGION_NAME": "Montgomery County, MD (South)", "GIS_ID": null, "LATITUDE": 38.96115, "LONGITUDE": -77.088659, "GIS_LAST_MOD_DTTM": "2026-06-22T16:32:06Z", "OBJECTID": 357728279 }, "geometry": { "type": "Point", "coordinates": [ -77.08866096125098, 38.961155892474508 ] } },
{ "type": "Feature", "properties": { "NAME": "Wilson Blvd & N Vermont St", "STATION_TYPE": "classic", "STATION_ID": "72c402d9-63d9-4025-95a9-1577a34e5f52", "STATION_STATUS": null, "LAST_REPORTED": "2026-06-22T16:30:51Z", "NUM_DOCKS_AVAILABLE": 3, "NUM_DOCKS_DISABLED": 0, "NUM_BIKES_AVAILABLE": 9, "NUM_EBIKES_AVAILABLE": 0, "NUM_BIKES_DISABLED": 0, "IS_INSTALLED": "YES", "IS_RETURNING": "YES", "IS_RENTING": "YES", "HAS_KIOSK": "YES", "IOS": "https://dc.lft.to/lastmile_qr_scan", "ANDROID": "https://dc.lft.to/lastmile_qr_scan", "ELECTRIC_BIKE_SURCHARGE_WAIVER": "NO", "EIGHTD_HAS_KEY_DISPENSER": "NO", "CAPACITY": 12, "RENTAL_METHODS": "KEY,CREDITCARD", "REGION_ID": "41", "REGION_NAME": "Arlington, VA", "GIS_ID": null, "LATITUDE": 38.879477, "LONGITUDE": -77.114563, "GIS_LAST_MOD_DTTM": "2026-06-22T16:32:06Z", "OBJECTID": 357728280 }, "geometry": { "type": "Point", "coordinates": [ -77.114559622016145, 38.879481852661996 ] } },
{ "type": "Feature", "properties": { "NAME": "Pooks Hill Rd & Linden Ave", "STATION_TYPE": "classic", "STATION_ID": "08264525-1f3f-11e7-bf6b-3863bb334450", "STATION_STATUS": null, "LAST_REPORTED": "2026-06-22T16:30:50Z", "NUM_DOCKS_AVAILABLE": 12, "NUM_DOCKS_DISABLED": 0, "NUM_BIKES_AVAILABLE": 2, "NUM_EBIKES_AVAILABLE": 1, "NUM_BIKES_DISABLED": 1, "IS_INSTALLED": "YES", "IS_RETURNING": "YES", "IS_RENTING": "YES", "HAS_KIOSK": "YES", "IOS": "https://dc.lft.to/lastmile_qr_scan", "ANDROID": "https://dc.lft.to/lastmile_qr_scan", "ELECTRIC_BIKE_SURCHARGE_WAIVER": "NO", "EIGHTD_HAS_KEY_DISPENSER": "NO", "CAPACITY": 15, "RENTAL_METHODS": "KEY,CREDITCARD", "REGION_ID": "44", "REGION_NAME": "Montgomery County, MD (South)", "GIS_ID": null, "LATITUDE": 39.014716, "LONGITUDE": -77.107143, "GIS_LAST_MOD_DTTM": "2026-06-22T16:32:06Z", "OBJECTID": 357728281 }, "geometry": { "type": "Point", "coordinates": [ -77.107144747792574, 39.01472127045519 ] } },
{ "type": "Feature", "properties": { "NAME": "Loughboro Rd & Dalecarlia Pkwy NW / Sibley Hospital", "STATION_TYPE": "classic", "STATION_ID": "e710493d-96af-49da-a8ed-8e3e7301c82c", "STATION_STATUS": null, "LAST_REPORTED": "2026-06-22T16:30:51Z", "NUM_DOCKS_AVAILABLE": 1, "NUM_DOCKS_DISABLED": 0, "NUM_BIKES_AVAILABLE": 18, "NUM_EBIKES_AVAILABLE": 3, "NUM_BIKES_DISABLED": 0, "IS_INSTALLED": "YES", "IS_RETURNING": "YES", "IS_RENTING": "YES", "HAS_KIOSK": "YES", "IOS": "https://dc.lft.to/lastmile_qr_scan", "ANDROID": "https://dc.lft.to/lastmile_qr_scan", "ELECTRIC_BIKE_SURCHARGE_WAIVER": "NO", "EIGHTD_HAS_KEY_DISPENSER": "NO", "CAPACITY": 19, "RENTAL_METHODS": "KEY,CREDITCARD", "REGION_ID": "42", "REGION_NAME": "Washington, DC", "GIS_ID": null, "LATITUDE": 38.935839, "LONGITUDE": -77.106913, "GIS_LAST_MOD_DTTM": "2026-06-22T16:32:06Z", "OBJECTID": 357728282 }, "geometry": { "type": "Point", "coordinates": [ -77.106910872465022, 38.935845365488397 ] } },
{ "type": "Feature", "properties": { "NAME": "National Airport", "STATION_TYPE": "classic", "STATION_ID": "0248fa3b-6df4-4fdc-ae31-ee2e4d177da8", "STATION_STATUS": null, "LAST_REPORTED": "2026-06-22T16:30:51Z", "NUM_DOCKS_AVAILABLE": 9, "NUM_DOCKS_DISABLED": 0, "NUM_BIKES_AVAILABLE": 10, "NUM_EBIKES_AVAILABLE": 1, "NUM_BIKES_DISABLED": 0, "IS_INSTALLED": "YES", "IS_RETURNING": "YES", "IS_RENTING": "YES", "HAS_KIOSK": "YES", "IOS": "https://dc.lft.to/lastmile_qr_scan", "ANDROID": "https://dc.lft.to/lastmile_qr_scan", "ELECTRIC_BIKE_SURCHARGE_WAIVER": "NO", "EIGHTD_HAS_KEY_DISPENSER": "NO", "CAPACITY": 19, "RENTAL_METHODS": "KEY,CREDITCARD", "REGION_ID": "41", "REGION_NAME": "Arlington, VA", "GIS_ID": null, "LATITUDE": 38.852903, "LONGITUDE": -77.045916, "GIS_LAST_MOD_DTTM": "2026-06-22T16:32:06Z", "OBJECTID": 357728283 }, "geometry": { "type": "Point", "coordinates": [ -77.045923354341724, 38.852909146785308 ] } },
{ "type": "Feature", "properties": { "NAME": "15th St & New York Ave NW", "STATION_TYPE": "classic", "STATION_ID": "0824a43b-1f3f-11e7-bf6b-3863bb334450", "STATION_STATUS": null, "LAST_REPORTED": "2026-06-22T16:30:49Z", "NUM_DOCKS_AVAILABLE": 15, "NUM_DOCKS_DISABLED": 0, "NUM_BIKES_AVAILABLE": 8, "NUM_EBIKES_AVAILABLE": 5, "NUM_BIKES_DISABLED": 0, "IS_INSTALLED": "YES", "IS_RETURNING": "YES", "IS_RENTING": "YES", "HAS_KIOSK": "YES", "IOS": "https://dc.lft.to/lastmile_qr_scan", "ANDROID": "https://dc.lft.to/lastmile_qr_scan", "ELECTRIC_BIKE_SURCHARGE_WAIVER": "NO", "EIGHTD_HAS_KEY_DISPENSER": "NO", "CAPACITY": 23, "RENTAL_METHODS": "KEY,CREDITCARD", "REGION_ID": "42", "REGION_NAME": "Washington, DC", "GIS_ID": null, "LATITUDE": 38.899032, "LONGITUDE": -77.033354, "GIS_LAST_MOD_DTTM": "2026-06-22T16:32:06Z", "OBJECTID": 357728284 }, "geometry": { "type": "Point", "coordinates": [ -77.033352902346991, 38.899036415927156 ] } },
{ "type": "Feature", "properties": { "NAME": "7th & E St SW", "STATION_TYPE": "classic", "STATION_ID": "082654f4-1f3f-11e7-bf6b-3863bb334450", "STATION_STATUS": null, "LAST_REPORTED": "2026-06-22T16:30:47Z", "NUM_DOCKS_AVAILABLE": 4, "NUM_DOCKS_DISABLED": 0, "NUM_BIKES_AVAILABLE": 13, "NUM_EBIKES_AVAILABLE": 1, "NUM_BIKES_DISABLED": 0, "IS_INSTALLED": "YES", "IS_RETURNING": "YES", "IS_RENTING": "YES", "HAS_KIOSK": "YES", "IOS": "https://dc.lft.to/lastmile_qr_scan", "ANDROID": "https://dc.lft.to/lastmile_qr_scan", "ELECTRIC_BIKE_SURCHARGE_WAIVER": "NO", "EIGHTD_HAS_KEY_DISPENSER": "NO", "CAPACITY": 19, "RENTAL_METHODS": "KEY,CREDITCARD", "REGION_ID": "42", "REGION_NAME": "Washington, DC", "GIS_ID": null, "LATITUDE": 38.88345, "LONGITUDE": -77.021741, "GIS_LAST_MOD_DTTM": "2026-06-22T16:32:06Z", "OBJECTID": 357728285 }, "geometry": { "type": "Point", "coordinates": [ -77.021739417127549, 38.883454666588847 ] } },
{ "type": "Feature", "properties": { "NAME": "18th & Monroe St NE", "STATION_TYPE": "classic", "STATION_ID": "0826547e-1f3f-11e7-bf6b-3863bb334450", "STATION_STATUS": null, "LAST_REPORTED": "2026-06-22T16:30:48Z", "NUM_DOCKS_AVAILABLE": 4, "NUM_DOCKS_DISABLED": 0, "NUM_BIKES_AVAILABLE": 15, "NUM_EBIKES_AVAILABLE": 1, "NUM_BIKES_DISABLED": 0, "IS_INSTALLED": "YES", "IS_RETURNING": "YES", "IS_RENTING": "YES", "HAS_KIOSK": "YES", "IOS": "https://dc.lft.to/lastmile_qr_scan", "ANDROID": "https://dc.lft.to/lastmile_qr_scan", "ELECTRIC_BIKE_SURCHARGE_WAIVER": "NO", "EIGHTD_HAS_KEY_DISPENSER": "NO", "CAPACITY": 19, "RENTAL_METHODS": "KEY,CREDITCARD", "REGION_ID": "42", "REGION_NAME": "Washington, DC", "GIS_ID": null, "LATITUDE": 38.93293, "LONGITUDE": -76.979517, "GIS_LAST_MOD_DTTM": "2026-06-22T16:32:06Z", "OBJECTID": 357728286 }, "geometry": { "type": "Point", "coordinates": [ -76.979518752753407, 38.932937744392966 ] } },
{ "type": "Feature", "properties": { "NAME": "18th & New Hampshire Ave NW", "STATION_TYPE": "classic", "STATION_ID": "101824b5-2dd0-464c-bc7e-30481e00e6d7", "STATION_STATUS": null, "LAST_REPORTED": "2026-06-22T16:30:56Z", "NUM_DOCKS_AVAILABLE": 18, "NUM_DOCKS_DISABLED": 0, "NUM_BIKES_AVAILABLE": 1, "NUM_EBIKES_AVAILABLE": 1, "NUM_BIKES_DISABLED": 0, "IS_INSTALLED": "YES", "IS_RETURNING": "YES", "IS_RENTING": "YES", "HAS_KIOSK": "YES", "IOS": "https://dc.lft.to/lastmile_qr_scan", "ANDROID": "https://dc.lft.to/lastmile_qr_scan", "ELECTRIC_BIKE_SURCHARGE_WAIVER": "NO", "EIGHTD_HAS_KEY_DISPENSER": "NO", "CAPACITY": 19, "RENTAL_METHODS": "KEY,CREDITCARD", "REGION_ID": "42", "REGION_NAME": "Washington, DC", "GIS_ID": null, "LATITUDE": 38.911268, "LONGITUDE": -77.041829, "GIS_LAST_MOD_DTTM": "2026-06-22T16:32:06Z", "OBJECTID": 357728287 }, "geometry": { "type": "Point", "coordinates": [ -77.041833190080382, 38.911276038394575 ] } },
{ "type": "Feature", "properties": { "NAME": "Temporary Rd & Old Reston Ave", "STATION_TYPE": "classic", "STATION_ID": "08263d19-1f3f-11e7-bf6b-3863bb334450", "STATION_STATUS": null, "LAST_REPORTED": "2026-06-22T16:30:57Z", "NUM_DOCKS_AVAILABLE": 8, "NUM_DOCKS_DISABLED": 0, "NUM_BIKES_AVAILABLE": 3, "NUM_EBIKES_AVAILABLE": 2, "NUM_BIKES_DISABLED": 0, "IS_INSTALLED": "YES", "IS_RETURNING": "YES", "IS_RENTING": "YES", "HAS_KIOSK": "YES", "IOS": "https://dc.lft.to/lastmile_qr_scan", "ANDROID": "https://dc.lft.to/lastmile_qr_scan", "ELECTRIC_BIKE_SURCHARGE_WAIVER": "NO", "EIGHTD_HAS_KEY_DISPENSER": "NO", "CAPACITY": 11, "RENTAL_METHODS": "KEY,CREDITCARD", "REGION_ID": "104", "REGION_NAME": "Fairfax, VA", "GIS_ID": null, "LATITUDE": 38.960084, "LONGITUDE": -77.353414, "GIS_LAST_MOD_DTTM": "2026-06-22T16:32:06Z", "OBJECTID": 357728288 }, "geometry": { "type": "Point", "coordinates": [ -77.353421014958897, 38.960087846354931 ] } },
{ "type": "Feature", "properties": { "NAME": "2nd & V St SW / James Creek Marina", "STATION_TYPE": "classic", "STATION_ID": "4784f152-5012-49fc-b1bb-723a6d73aa09", "STATION_STATUS": null, "LAST_REPORTED": "2026-06-22T16:30:56Z", "NUM_DOCKS_AVAILABLE": 8, "NUM_DOCKS_DISABLED": 0, "NUM_BIKES_AVAILABLE": 11, "NUM_EBIKES_AVAILABLE": 1, "NUM_BIKES_DISABLED": 0, "IS_INSTALLED": "YES", "IS_RETURNING": "YES", "IS_RENTING": "YES", "HAS_KIOSK": "YES", "IOS": "https://dc.lft.to/lastmile_qr_scan", "ANDROID": "https://dc.lft.to/lastmile_qr_scan", "ELECTRIC_BIKE_SURCHARGE_WAIVER": "NO", "EIGHTD_HAS_KEY_DISPENSER": "NO", "CAPACITY": 19, "RENTAL_METHODS": "KEY,CREDITCARD", "REGION_ID": "42", "REGION_NAME": "Washington, DC", "GIS_ID": null, "LATITUDE": 38.863743, "LONGITUDE": -77.013814, "GIS_LAST_MOD_DTTM": "2026-06-22T16:32:06Z", "OBJECTID": 357728289 }, "geometry": { "type": "Point", "coordinates": [ -77.013817567793623, 38.863754497441654 ] } },
{ "type": "Feature", "properties": { "NAME": "Reston Station Blvd & Sunset Hills Rd", "STATION_TYPE": "classic", "STATION_ID": "3c6a1bf0-3aac-4406-990d-966cc8edca52", "STATION_STATUS": null, "LAST_REPORTED": "2026-06-22T16:30:52Z", "NUM_DOCKS_AVAILABLE": 9, "NUM_DOCKS_DISABLED": 0, "NUM_BIKES_AVAILABLE": 2, "NUM_EBIKES_AVAILABLE": 0, "NUM_BIKES_DISABLED": 0, "IS_INSTALLED": "YES", "IS_RETURNING": "YES", "IS_RENTING": "YES", "HAS_KIOSK": "YES", "IOS": "https://dc.lft.to/lastmile_qr_scan", "ANDROID": "https://dc.lft.to/lastmile_qr_scan", "ELECTRIC_BIKE_SURCHARGE_WAIVER": "NO", "EIGHTD_HAS_KEY_DISPENSER": "NO", "CAPACITY": 11, "RENTAL_METHODS": "KEY,CREDITCARD", "REGION_ID": "104", "REGION_NAME": "Fairfax, VA", "GIS_ID": null, "LATITUDE": 38.946735, "LONGITUDE": -77.331008, "GIS_LAST_MOD_DTTM": "2026-06-22T16:32:06Z", "OBJECTID": 357728290 }, "geometry": { "type": "Point", "coordinates": [ -77.331009927821327, 38.946740038021829 ] } },
{ "type": "Feature", "properties": { "NAME": "20th & L St NW", "STATION_TYPE": "classic", "STATION_ID": "08252c4a-1f3f-11e7-bf6b-3863bb334450", "STATION_STATUS": null, "LAST_REPORTED": "2026-06-22T16:30:54Z", "NUM_DOCKS_AVAILABLE": 16, "NUM_DOCKS_DISABLED": 0, "NUM_BIKES_AVAILABLE": 8, "NUM_EBIKES_AVAILABLE": 7, "NUM_BIKES_DISABLED": 0, "IS_INSTALLED": "YES", "IS_RETURNING": "YES", "IS_RENTING": "YES", "HAS_KIOSK": "NO", "IOS": "https://dc.lft.to/lastmile_qr_scan", "ANDROID": "https://dc.lft.to/lastmile_qr_scan", "ELECTRIC_BIKE_SURCHARGE_WAIVER": "NO", "EIGHTD_HAS_KEY_DISPENSER": "NO", "CAPACITY": 24, "RENTAL_METHODS": "KEY,CREDITCARD", "REGION_ID": "42", "REGION_NAME": "Washington, DC", "GIS_ID": null, "LATITUDE": 38.903584, "LONGITUDE": -77.044789, "GIS_LAST_MOD_DTTM": "2026-06-22T16:32:06Z", "OBJECTID": 357728291 }, "geometry": { "type": "Point", "coordinates": [ -77.044791578374713, 38.903590819742661 ] } },
{ "type": "Feature", "properties": { "NAME": "10th & K St NW", "STATION_TYPE": "classic", "STATION_ID": "08251d5a-1f3f-11e7-bf6b-3863bb334450", "STATION_STATUS": null, "LAST_REPORTED": "2026-06-22T16:30:54Z", "NUM_DOCKS_AVAILABLE": 12, "NUM_DOCKS_DISABLED": 0, "NUM_BIKES_AVAILABLE": 11, "NUM_EBIKES_AVAILABLE": 8, "NUM_BIKES_DISABLED": 1, "IS_INSTALLED": "YES", "IS_RETURNING": "YES", "IS_RENTING": "YES", "HAS_KIOSK": "NO", "IOS": "https://dc.lft.to/lastmile_qr_scan", "ANDROID": "https://dc.lft.to/lastmile_qr_scan", "ELECTRIC_BIKE_SURCHARGE_WAIVER": "NO", "EIGHTD_HAS_KEY_DISPENSER": "NO", "CAPACITY": 24, "RENTAL_METHODS": "KEY,CREDITCARD", "REGION_ID": "42", "REGION_NAME": "Washington, DC", "GIS_ID": null, "LATITUDE": 38.9024, "LONGITUDE": -77.02622, "GIS_LAST_MOD_DTTM": "2026-06-22T16:32:06Z", "OBJECTID": 357728292 }, "geometry": { "type": "Point", "coordinates": [ -77.026218284582384, 38.902407361582526 ] } },
{ "type": "Feature", "properties": { "NAME": "19th & Savannah St SE", "STATION_TYPE": "classic", "STATION_ID": "d61b3881-e324-4c6d-aa92-849716c70b04", "STATION_STATUS": null, "LAST_REPORTED": "2026-06-22T16:30:54Z", "NUM_DOCKS_AVAILABLE": 9, "NUM_DOCKS_DISABLED": 0, "NUM_BIKES_AVAILABLE": 2, "NUM_EBIKES_AVAILABLE": 0, "NUM_BIKES_DISABLED": 0, "IS_INSTALLED": "YES", "IS_RETURNING": "YES", "IS_RENTING": "YES", "HAS_KIOSK": "YES", "IOS": "https://dc.lft.to/lastmile_qr_scan", "ANDROID": "https://dc.lft.to/lastmile_qr_scan", "ELECTRIC_BIKE_SURCHARGE_WAIVER": "NO", "EIGHTD_HAS_KEY_DISPENSER": "NO", "CAPACITY": 11, "RENTAL_METHODS": "KEY,CREDITCARD", "REGION_ID": "42", "REGION_NAME": "Washington, DC", "GIS_ID": null, "LATITUDE": 38.84623, "LONGITUDE": -76.97703, "GIS_LAST_MOD_DTTM": "2026-06-22T16:32:06Z", "OBJECTID": 357728293 }, "geometry": { "type": "Point", "coordinates": [ -76.977032369389704, 38.846240668132964 ] } },
{ "type": "Feature", "properties": { "NAME": "Anacostia Library", "STATION_TYPE": "classic", "STATION_ID": "0824980b-1f3f-11e7-bf6b-3863bb334450", "STATION_STATUS": null, "LAST_REPORTED": "2026-06-22T16:30:54Z", "NUM_DOCKS_AVAILABLE": 9, "NUM_DOCKS_DISABLED": 0, "NUM_BIKES_AVAILABLE": 2, "NUM_EBIKES_AVAILABLE": 1, "NUM_BIKES_DISABLED": 1, "IS_INSTALLED": "YES", "IS_RETURNING": "YES", "IS_RENTING": "YES", "HAS_KIOSK": "YES", "IOS": "https://dc.lft.to/lastmile_qr_scan", "ANDROID": "https://dc.lft.to/lastmile_qr_scan", "ELECTRIC_BIKE_SURCHARGE_WAIVER": "NO", "EIGHTD_HAS_KEY_DISPENSER": "NO", "CAPACITY": 11, "RENTAL_METHODS": "KEY,CREDITCARD", "REGION_ID": "42", "REGION_NAME": "Washington, DC", "GIS_ID": null, "LATITUDE": 38.865784, "LONGITUDE": -76.9784, "GIS_LAST_MOD_DTTM": "2026-06-22T16:32:06Z", "OBJECTID": 357728294 }, "geometry": { "type": "Point", "coordinates": [ -76.9783972766365, 38.865789219198838 ] } },
{ "type": "Feature", "properties": { "NAME": "South Dakota Ave & Bladensburg Rd NE", "STATION_TYPE": "classic", "STATION_ID": "183f8ffb-756c-4271-8d9a-a5cde3f13116", "STATION_STATUS": null, "LAST_REPORTED": "2026-06-22T16:30:54Z", "NUM_DOCKS_AVAILABLE": 3, "NUM_DOCKS_DISABLED": 0, "NUM_BIKES_AVAILABLE": 12, "NUM_EBIKES_AVAILABLE": 0, "NUM_BIKES_DISABLED": 0, "IS_INSTALLED": "YES", "IS_RETURNING": "YES", "IS_RENTING": "YES", "HAS_KIOSK": "YES", "IOS": "https://dc.lft.to/lastmile_qr_scan", "ANDROID": "https://dc.lft.to/lastmile_qr_scan", "ELECTRIC_BIKE_SURCHARGE_WAIVER": "NO", "EIGHTD_HAS_KEY_DISPENSER": "NO", "CAPACITY": 15, "RENTAL_METHODS": "KEY,CREDITCARD", "REGION_ID": "42", "REGION_NAME": "Washington, DC", "GIS_ID": null, "LATITUDE": 38.9252, "LONGITUDE": -76.964896, "GIS_LAST_MOD_DTTM": "2026-06-22T16:32:06Z", "OBJECTID": 357728295 }, "geometry": { "type": "Point", "coordinates": [ -76.964898054482404, 38.925205135656654 ] } },
{ "type": "Feature", "properties": { "NAME": "Howard Rd & Suitland Pkwy SE", "STATION_TYPE": "classic", "STATION_ID": "2149526661010893184", "STATION_STATUS": null, "LAST_REPORTED": "2026-06-22T16:30:33Z", "NUM_DOCKS_AVAILABLE": 6, "NUM_DOCKS_DISABLED": 0, "NUM_BIKES_AVAILABLE": 10, "NUM_EBIKES_AVAILABLE": 5, "NUM_BIKES_DISABLED": 0, "IS_INSTALLED": "YES", "IS_RETURNING": "YES", "IS_RENTING": "YES", "HAS_KIOSK": "NO", "IOS": "https://dc.lft.to/lastmile_qr_scan", "ANDROID": "https://dc.lft.to/lastmile_qr_scan", "ELECTRIC_BIKE_SURCHARGE_WAIVER": "NO", "EIGHTD_HAS_KEY_DISPENSER": "NO", "CAPACITY": 16, "RENTAL_METHODS": "KEY,CREDITCARD", "REGION_ID": "42", "REGION_NAME": "Washington, DC", "GIS_ID": null, "LATITUDE": 38.865149, "LONGITUDE": -77.001045, "GIS_LAST_MOD_DTTM": "2026-06-22T16:32:06Z", "OBJECTID": 357728296 }, "geometry": { "type": "Point", "coordinates": [ -77.001050835068867, 38.865160623389585 ] } },
{ "type": "Feature", "properties": { "NAME": "11th & S St NW", "STATION_TYPE": "classic", "STATION_ID": "082603fc-1f3f-11e7-bf6b-3863bb334450", "STATION_STATUS": null, "LAST_REPORTED": "2026-06-22T16:30:54Z", "NUM_DOCKS_AVAILABLE": 22, "NUM_DOCKS_DISABLED": 0, "NUM_BIKES_AVAILABLE": 1, "NUM_EBIKES_AVAILABLE": 0, "NUM_BIKES_DISABLED": 0, "IS_INSTALLED": "YES", "IS_RETURNING": "YES", "IS_RENTING": "YES", "HAS_KIOSK": "YES", "IOS": "https://dc.lft.to/lastmile_qr_scan", "ANDROID": "https://dc.lft.to/lastmile_qr_scan", "ELECTRIC_BIKE_SURCHARGE_WAIVER": "NO", "EIGHTD_HAS_KEY_DISPENSER": "NO", "CAPACITY": 23, "RENTAL_METHODS": "KEY,CREDITCARD", "REGION_ID": "42", "REGION_NAME": "Washington, DC", "GIS_ID": null, "LATITUDE": 38.913674, "LONGITUDE": -77.027078, "GIS_LAST_MOD_DTTM": "2026-06-22T16:32:06Z", "OBJECTID": 357728297 }, "geometry": { "type": "Point", "coordinates": [ -77.027075681088547, 38.913685617205175 ] } },
{ "type": "Feature", "properties": { "NAME": "11th & V St NW", "STATION_TYPE": "classic", "STATION_ID": "c361d993-ebd8-4110-b10e-6bd2055fbe05", "STATION_STATUS": null, "LAST_REPORTED": "2026-06-22T16:30:55Z", "NUM_DOCKS_AVAILABLE": 18, "NUM_DOCKS_DISABLED": 0, "NUM_BIKES_AVAILABLE": 0, "NUM_EBIKES_AVAILABLE": 0, "NUM_BIKES_DISABLED": 0, "IS_INSTALLED": "YES", "IS_RETURNING": "YES", "IS_RENTING": "YES", "HAS_KIOSK": "YES", "IOS": "https://dc.lft.to/lastmile_qr_scan", "ANDROID": "https://dc.lft.to/lastmile_qr_scan", "ELECTRIC_BIKE_SURCHARGE_WAIVER": "NO", "EIGHTD_HAS_KEY_DISPENSER": "NO", "CAPACITY": 18, "RENTAL_METHODS": "KEY,CREDITCARD", "REGION_ID": "42", "REGION_NAME": "Washington, DC", "GIS_ID": null, "LATITUDE": 38.918199, "LONGITUDE": -77.027171, "GIS_LAST_MOD_DTTM": "2026-06-22T16:32:06Z", "OBJECTID": 357728298 }, "geometry": { "type": "Point", "coordinates": [ -77.027169647200139, 38.918207779366853 ] } },
{ "type": "Feature", "properties": { "NAME": "Glebe Rd & 11th St N", "STATION_TYPE": "classic", "STATION_ID": "082528fb-1f3f-11e7-bf6b-3863bb334450", "STATION_STATUS": null, "LAST_REPORTED": "2026-06-22T16:30:55Z", "NUM_DOCKS_AVAILABLE": 4, "NUM_DOCKS_DISABLED": 0, "NUM_BIKES_AVAILABLE": 6, "NUM_EBIKES_AVAILABLE": 4, "NUM_BIKES_DISABLED": 2, "IS_INSTALLED": "YES", "IS_RETURNING": "YES", "IS_RENTING": "YES", "HAS_KIOSK": "YES", "IOS": "https://dc.lft.to/lastmile_qr_scan", "ANDROID": "https://dc.lft.to/lastmile_qr_scan", "ELECTRIC_BIKE_SURCHARGE_WAIVER": "NO", "EIGHTD_HAS_KEY_DISPENSER": "NO", "CAPACITY": 12, "RENTAL_METHODS": "KEY,CREDITCARD", "REGION_ID": "41", "REGION_NAME": "Arlington, VA", "GIS_ID": null, "LATITUDE": 38.883921, "LONGITUDE": -77.116817, "GIS_LAST_MOD_DTTM": "2026-06-22T16:32:06Z", "OBJECTID": 357728299 }, "geometry": { "type": "Point", "coordinates": [ -77.116814257178135, 38.88392976725968 ] } },
{ "type": "Feature", "properties": { "NAME": "15th St & Massachusetts Ave SE", "STATION_TYPE": "classic", "STATION_ID": "08251a1b-1f3f-11e7-bf6b-3863bb334450", "STATION_STATUS": null, "LAST_REPORTED": "2026-06-22T16:30:54Z", "NUM_DOCKS_AVAILABLE": 12, "NUM_DOCKS_DISABLED": 0, "NUM_BIKES_AVAILABLE": 3, "NUM_EBIKES_AVAILABLE": 1, "NUM_BIKES_DISABLED": 1, "IS_INSTALLED": "YES", "IS_RETURNING": "YES", "IS_RENTING": "YES", "HAS_KIOSK": "NO", "IOS": "https://dc.lft.to/lastmile_qr_scan", "ANDROID": "https://dc.lft.to/lastmile_qr_scan", "ELECTRIC_BIKE_SURCHARGE_WAIVER": "NO", "EIGHTD_HAS_KEY_DISPENSER": "NO", "CAPACITY": 16, "RENTAL_METHODS": "KEY,CREDITCARD", "REGION_ID": "42", "REGION_NAME": "Washington, DC", "GIS_ID": null, "LATITUDE": 38.88732, "LONGITUDE": -76.983569, "GIS_LAST_MOD_DTTM": "2026-06-22T16:32:06Z", "OBJECTID": 357728300 }, "geometry": { "type": "Point", "coordinates": [ -76.98356599586586, 38.887329139263862 ] } },
{ "type": "Feature", "properties": { "NAME": "Columbia Pike & S George Mason Dr", "STATION_TYPE": "classic", "STATION_ID": "7a00f0f5-f757-4715-9e89-58253ac36de0", "STATION_STATUS": null, "LAST_REPORTED": "2026-06-22T16:29:32Z", "NUM_DOCKS_AVAILABLE": 12, "NUM_DOCKS_DISABLED": 0, "NUM_BIKES_AVAILABLE": 3, "NUM_EBIKES_AVAILABLE": 1, "NUM_BIKES_DISABLED": 0, "IS_INSTALLED": "YES", "IS_RETURNING": "YES", "IS_RENTING": "YES", "HAS_KIOSK": "YES", "IOS": "https://dc.lft.to/lastmile_qr_scan", "ANDROID": "https://dc.lft.to/lastmile_qr_scan", "ELECTRIC_BIKE_SURCHARGE_WAIVER": "NO", "EIGHTD_HAS_KEY_DISPENSER": "NO", "CAPACITY": 15, "RENTAL_METHODS": "KEY,CREDITCARD", "REGION_ID": "41", "REGION_NAME": "Arlington, VA", "GIS_ID": null, "LATITUDE": 38.859306, "LONGITUDE": -77.102019, "GIS_LAST_MOD_DTTM": "2026-06-22T16:32:06Z", "OBJECTID": 357728301 }, "geometry": { "type": "Point", "coordinates": [ -77.102026281846847, 38.859314627126743 ] } },
{ "type": "Feature", "properties": { "NAME": "34th St & Wisconsin Ave NW", "STATION_TYPE": "classic", "STATION_ID": "0824a988-1f3f-11e7-bf6b-3863bb334450", "STATION_STATUS": null, "LAST_REPORTED": "2026-06-22T16:29:34Z", "NUM_DOCKS_AVAILABLE": 9, "NUM_DOCKS_DISABLED": 0, "NUM_BIKES_AVAILABLE": 5, "NUM_EBIKES_AVAILABLE": 5, "NUM_BIKES_DISABLED": 1, "IS_INSTALLED": "YES", "IS_RETURNING": "YES", "IS_RENTING": "YES", "HAS_KIOSK": "YES", "IOS": "https://dc.lft.to/lastmile_qr_scan", "ANDROID": "https://dc.lft.to/lastmile_qr_scan", "ELECTRIC_BIKE_SURCHARGE_WAIVER": "NO", "EIGHTD_HAS_KEY_DISPENSER": "NO", "CAPACITY": 15, "RENTAL_METHODS": "KEY,CREDITCARD", "REGION_ID": "42", "REGION_NAME": "Washington, DC", "GIS_ID": null, "LATITUDE": 38.916442, "LONGITUDE": -77.0682, "GIS_LAST_MOD_DTTM": "2026-06-22T16:32:06Z", "OBJECTID": 357728302 }, "geometry": { "type": "Point", "coordinates": [ -77.068207295944461, 38.916452422515412 ] } },
{ "type": "Feature", "properties": { "NAME": "7th St & Florida Ave NW", "STATION_TYPE": "classic", "STATION_ID": "082485e8-1f3f-11e7-bf6b-3863bb334450", "STATION_STATUS": null, "LAST_REPORTED": "2026-06-22T16:29:34Z", "NUM_DOCKS_AVAILABLE": 15, "NUM_DOCKS_DISABLED": 0, "NUM_BIKES_AVAILABLE": 0, "NUM_EBIKES_AVAILABLE": 0, "NUM_BIKES_DISABLED": 0, "IS_INSTALLED": "YES", "IS_RETURNING": "YES", "IS_RENTING": "YES", "HAS_KIOSK": "YES", "IOS": "https://dc.lft.to/lastmile_qr_scan", "ANDROID": "https://dc.lft.to/lastmile_qr_scan", "ELECTRIC_BIKE_SURCHARGE_WAIVER": "NO", "EIGHTD_HAS_KEY_DISPENSER": "NO", "CAPACITY": 15, "RENTAL_METHODS": "KEY,CREDITCARD", "REGION_ID": "42", "REGION_NAME": "Washington, DC", "GIS_ID": null, "LATITUDE": 38.916137, "LONGITUDE": -77.022003, "GIS_LAST_MOD_DTTM": "2026-06-22T16:32:06Z", "OBJECTID": 357728303 }, "geometry": { "type": "Point", "coordinates": [ -77.022003060804124, 38.916145958391724 ] } },
{ "type": "Feature", "properties": { "NAME": "North Capitol & Douglas St NW / Reservoir Park Rec ", "STATION_TYPE": "classic", "STATION_ID": "2023408083066081290", "STATION_STATUS": null, "LAST_REPORTED": "2026-06-22T16:29:37Z", "NUM_DOCKS_AVAILABLE": 12, "NUM_DOCKS_DISABLED": 0, "NUM_BIKES_AVAILABLE": 7, "NUM_EBIKES_AVAILABLE": 4, "NUM_BIKES_DISABLED": 0, "IS_INSTALLED": "YES", "IS_RETURNING": "YES", "IS_RENTING": "YES", "HAS_KIOSK": "YES", "IOS": "https://dc.lft.to/lastmile_qr_scan", "ANDROID": "https://dc.lft.to/lastmile_qr_scan", "ELECTRIC_BIKE_SURCHARGE_WAIVER": "NO", "EIGHTD_HAS_KEY_DISPENSER": "NO", "CAPACITY": 19, "RENTAL_METHODS": "KEY,CREDITCARD", "REGION_ID": "42", "REGION_NAME": "Washington, DC", "GIS_ID": null, "LATITUDE": 38.923613, "LONGITUDE": -77.009814, "GIS_LAST_MOD_DTTM": "2026-06-22T16:32:06Z", "OBJECTID": 357728304 }, "geometry": { "type": "Point", "coordinates": [ -77.009816029199385, 38.923624529905872 ] } },
{ "type": "Feature", "properties": { "NAME": "11th & C St SE", "STATION_TYPE": "classic", "STATION_ID": "3f1dfbbd-7b34-4efd-91a3-60acad4cf42f", "STATION_STATUS": null, "LAST_REPORTED": "2026-06-22T16:29:38Z", "NUM_DOCKS_AVAILABLE": 16, "NUM_DOCKS_DISABLED": 0, "NUM_BIKES_AVAILABLE": 3, "NUM_EBIKES_AVAILABLE": 0, "NUM_BIKES_DISABLED": 0, "IS_INSTALLED": "YES", "IS_RETURNING": "YES", "IS_RENTING": "YES", "HAS_KIOSK": "YES", "IOS": "https://dc.lft.to/lastmile_qr_scan", "ANDROID": "https://dc.lft.to/lastmile_qr_scan", "ELECTRIC_BIKE_SURCHARGE_WAIVER": "NO", "EIGHTD_HAS_KEY_DISPENSER": "NO", "CAPACITY": 19, "RENTAL_METHODS": "KEY,CREDITCARD", "REGION_ID": "42", "REGION_NAME": "Washington, DC", "GIS_ID": null, "LATITUDE": 38.885908, "LONGITUDE": -76.991476, "GIS_LAST_MOD_DTTM": "2026-06-22T16:32:06Z", "OBJECTID": 357728305 }, "geometry": { "type": "Point", "coordinates": [ -76.99147310224177, 38.885915668080244 ] } },
{ "type": "Feature", "properties": { "NAME": "King Farm Blvd & Pleasant Dr", "STATION_TYPE": "classic", "STATION_ID": "0825b738-1f3f-11e7-bf6b-3863bb334450", "STATION_STATUS": null, "LAST_REPORTED": "2026-06-22T16:29:37Z", "NUM_DOCKS_AVAILABLE": 11, "NUM_DOCKS_DISABLED": 0, "NUM_BIKES_AVAILABLE": 7, "NUM_EBIKES_AVAILABLE": 0, "NUM_BIKES_DISABLED": 0, "IS_INSTALLED": "YES", "IS_RETURNING": "YES", "IS_RENTING": "YES", "HAS_KIOSK": "YES", "IOS": "https://dc.lft.to/lastmile_qr_scan", "ANDROID": "https://dc.lft.to/lastmile_qr_scan", "ELECTRIC_BIKE_SURCHARGE_WAIVER": "NO", "EIGHTD_HAS_KEY_DISPENSER": "NO", "CAPACITY": 18, "RENTAL_METHODS": "KEY,CREDITCARD", "REGION_ID": "43", "REGION_NAME": "Montgomery County, MD (North)", "GIS_ID": null, "LATITUDE": 39.114688, "LONGITUDE": -77.171487, "GIS_LAST_MOD_DTTM": "2026-06-22T16:32:06Z", "OBJECTID": 357728306 }, "geometry": { "type": "Point", "coordinates": [ -77.171493210521234, 39.114697312103893 ] } },
{ "type": "Feature", "properties": { "NAME": "Maine Ave & 7th St SW", "STATION_TYPE": "classic", "STATION_ID": "0824a68f-1f3f-11e7-bf6b-3863bb334450", "STATION_STATUS": null, "LAST_REPORTED": "2026-06-22T16:29:52Z", "NUM_DOCKS_AVAILABLE": 2, "NUM_DOCKS_DISABLED": 0, "NUM_BIKES_AVAILABLE": 19, "NUM_EBIKES_AVAILABLE": 12, "NUM_BIKES_DISABLED": 0, "IS_INSTALLED": "YES", "IS_RETURNING": "YES", "IS_RENTING": "YES", "HAS_KIOSK": "YES", "IOS": "https://dc.lft.to/lastmile_qr_scan", "ANDROID": "https://dc.lft.to/lastmile_qr_scan", "ELECTRIC_BIKE_SURCHARGE_WAIVER": "NO", "EIGHTD_HAS_KEY_DISPENSER": "NO", "CAPACITY": 21, "RENTAL_METHODS": "KEY,CREDITCARD", "REGION_ID": "42", "REGION_NAME": "Washington, DC", "GIS_ID": null, "LATITUDE": 38.878694, "LONGITUDE": -77.023054, "GIS_LAST_MOD_DTTM": "2026-06-22T16:32:06Z", "OBJECTID": 357728307 }, "geometry": { "type": "Point", "coordinates": [ -77.023051789771458, 38.878697984673288 ] } },
{ "type": "Feature", "properties": { "NAME": "Town Center Pkwy & Bowman Towne Dr", "STATION_TYPE": "classic", "STATION_ID": "08263885-1f3f-11e7-bf6b-3863bb334450", "STATION_STATUS": null, "LAST_REPORTED": "2026-06-22T16:29:53Z", "NUM_DOCKS_AVAILABLE": 7, "NUM_DOCKS_DISABLED": 0, "NUM_BIKES_AVAILABLE": 3, "NUM_EBIKES_AVAILABLE": 0, "NUM_BIKES_DISABLED": 1, "IS_INSTALLED": "YES", "IS_RETURNING": "YES", "IS_RENTING": "YES", "HAS_KIOSK": "YES", "IOS": "https://dc.lft.to/lastmile_qr_scan", "ANDROID": "https://dc.lft.to/lastmile_qr_scan", "ELECTRIC_BIKE_SURCHARGE_WAIVER": "NO", "EIGHTD_HAS_KEY_DISPENSER": "NO", "CAPACITY": 11, "RENTAL_METHODS": "KEY,CREDITCARD", "REGION_ID": "104", "REGION_NAME": "Fairfax, VA", "GIS_ID": null, "LATITUDE": 38.962524, "LONGITUDE": -77.361902, "GIS_LAST_MOD_DTTM": "2026-06-22T16:32:06Z", "OBJECTID": 357728308 }, "geometry": { "type": "Point", "coordinates": [ -77.361902310304714, 38.962530183967857 ] } },
{ "type": "Feature", "properties": { "NAME": "Crystal City Metro / 18th St & S Bell St", "STATION_TYPE": "classic", "STATION_ID": "08246f1f-1f3f-11e7-bf6b-3863bb334450", "STATION_STATUS": null, "LAST_REPORTED": "2026-06-22T16:29:55Z", "NUM_DOCKS_AVAILABLE": 4, "NUM_DOCKS_DISABLED": 0, "NUM_BIKES_AVAILABLE": 15, "NUM_EBIKES_AVAILABLE": 4, "NUM_BIKES_DISABLED": 0, "IS_INSTALLED": "YES", "IS_RETURNING": "YES", "IS_RENTING": "YES", "HAS_KIOSK": "YES", "IOS": "https://dc.lft.to/lastmile_qr_scan", "ANDROID": "https://dc.lft.to/lastmile_qr_scan", "ELECTRIC_BIKE_SURCHARGE_WAIVER": "NO", "EIGHTD_HAS_KEY_DISPENSER": "NO", "CAPACITY": 19, "RENTAL_METHODS": "KEY,CREDITCARD", "REGION_ID": "41", "REGION_NAME": "Arlington, VA", "GIS_ID": null, "LATITUDE": 38.857785, "LONGITUDE": -77.051698, "GIS_LAST_MOD_DTTM": "2026-06-22T16:32:06Z", "OBJECTID": 357728309 }, "geometry": { "type": "Point", "coordinates": [ -77.051698705356031, 38.857789301653789 ] } },
{ "type": "Feature", "properties": { "NAME": "Route 7 & Jefferson Dr", "STATION_TYPE": "classic", "STATION_ID": "2215676500665468412", "STATION_STATUS": null, "LAST_REPORTED": "2026-06-22T16:29:57Z", "NUM_DOCKS_AVAILABLE": 9, "NUM_DOCKS_DISABLED": 0, "NUM_BIKES_AVAILABLE": 2, "NUM_EBIKES_AVAILABLE": 1, "NUM_BIKES_DISABLED": 0, "IS_INSTALLED": "YES", "IS_RETURNING": "YES", "IS_RENTING": "YES", "HAS_KIOSK": "YES", "IOS": "https://dc.lft.to/lastmile_qr_scan", "ANDROID": "https://dc.lft.to/lastmile_qr_scan", "ELECTRIC_BIKE_SURCHARGE_WAIVER": "NO", "EIGHTD_HAS_KEY_DISPENSER": "NO", "CAPACITY": 11, "RENTAL_METHODS": "KEY,CREDITCARD", "REGION_ID": "104", "REGION_NAME": "Fairfax, VA", "GIS_ID": null, "LATITUDE": 38.846641, "LONGITUDE": -77.118946, "GIS_LAST_MOD_DTTM": "2026-06-22T16:32:06Z", "OBJECTID": 357728310 }, "geometry": { "type": "Point", "coordinates": [ -77.118953497331461, 38.84665075730237 ] } },
{ "type": "Feature", "properties": { "NAME": "Vermont Ave & I St NW", "STATION_TYPE": "classic", "STATION_ID": "08263241-1f3f-11e7-bf6b-3863bb334450", "STATION_STATUS": null, "LAST_REPORTED": "2026-06-22T16:29:53Z", "NUM_DOCKS_AVAILABLE": 14, "NUM_DOCKS_DISABLED": 0, "NUM_BIKES_AVAILABLE": 10, "NUM_EBIKES_AVAILABLE": 7, "NUM_BIKES_DISABLED": 0, "IS_INSTALLED": "YES", "IS_RETURNING": "YES", "IS_RENTING": "YES", "HAS_KIOSK": "YES", "IOS": "https://dc.lft.to/lastmile_qr_scan", "ANDROID": "https://dc.lft.to/lastmile_qr_scan", "ELECTRIC_BIKE_SURCHARGE_WAIVER": "NO", "EIGHTD_HAS_KEY_DISPENSER": "NO", "CAPACITY": 25, "RENTAL_METHODS": "KEY,CREDITCARD", "REGION_ID": "42", "REGION_NAME": "Washington, DC", "GIS_ID": null, "LATITUDE": 38.901136, "LONGITUDE": -77.034451, "GIS_LAST_MOD_DTTM": "2026-06-22T16:32:06Z", "OBJECTID": 357728311 }, "geometry": { "type": "Point", "coordinates": [ -77.034449084042791, 38.901144054228133 ] } },
{ "type": "Feature", "properties": { "NAME": "TJ Cmty Ctr / 2nd St & S Old Glebe Rd", "STATION_TYPE": "classic", "STATION_ID": "0825bfcd-1f3f-11e7-bf6b-3863bb334450", "STATION_STATUS": null, "LAST_REPORTED": "2026-06-22T16:29:52Z", "NUM_DOCKS_AVAILABLE": 10, "NUM_DOCKS_DISABLED": 0, "NUM_BIKES_AVAILABLE": 2, "NUM_EBIKES_AVAILABLE": 1, "NUM_BIKES_DISABLED": 0, "IS_INSTALLED": "YES", "IS_RETURNING": "YES", "IS_RENTING": "YES", "HAS_KIOSK": "NO", "IOS": "https://dc.lft.to/lastmile_qr_scan", "ANDROID": "https://dc.lft.to/lastmile_qr_scan", "ELECTRIC_BIKE_SURCHARGE_WAIVER": "NO", "EIGHTD_HAS_KEY_DISPENSER": "NO", "CAPACITY": 12, "RENTAL_METHODS": "KEY,CREDITCARD", "REGION_ID": "41", "REGION_NAME": "Arlington, VA", "GIS_ID": null, "LATITUDE": 38.869418, "LONGITUDE": -77.095596, "GIS_LAST_MOD_DTTM": "2026-06-22T16:32:06Z", "OBJECTID": 357728312 }, "geometry": { "type": "Point", "coordinates": [ -77.095599235606855, 38.869427514862288 ] } },
{ "type": "Feature", "properties": { "NAME": "Ridge Heights Rd & Seahawks Dr", "STATION_TYPE": "classic", "STATION_ID": "071dcbf5-3f1e-45e0-a4a5-8717adb8743f", "STATION_STATUS": null, "LAST_REPORTED": "2026-06-22T16:29:42Z", "NUM_DOCKS_AVAILABLE": 4, "NUM_DOCKS_DISABLED": 0, "NUM_BIKES_AVAILABLE": 8, "NUM_EBIKES_AVAILABLE": 0, "NUM_BIKES_DISABLED": 0, "IS_INSTALLED": "YES", "IS_RETURNING": "YES", "IS_RENTING": "YES", "HAS_KIOSK": "YES", "IOS": "https://dc.lft.to/lastmile_qr_scan", "ANDROID": "https://dc.lft.to/lastmile_qr_scan", "ELECTRIC_BIKE_SURCHARGE_WAIVER": "NO", "EIGHTD_HAS_KEY_DISPENSER": "NO", "CAPACITY": 12, "RENTAL_METHODS": "KEY,CREDITCARD", "REGION_ID": "104", "REGION_NAME": "Fairfax, VA", "GIS_ID": null, "LATITUDE": 38.936061, "LONGITUDE": -77.337775, "GIS_LAST_MOD_DTTM": "2026-06-22T16:32:06Z", "OBJECTID": 357728313 }, "geometry": { "type": "Point", "coordinates": [ -77.337777059494812, 38.936072807614615 ] } },
{ "type": "Feature", "properties": { "NAME": "Ballenger Ave & Dulaney St", "STATION_TYPE": "classic", "STATION_ID": "0825f872-1f3f-11e7-bf6b-3863bb334450", "STATION_STATUS": null, "LAST_REPORTED": "2026-06-22T16:29:43Z", "NUM_DOCKS_AVAILABLE": 18, "NUM_DOCKS_DISABLED": 0, "NUM_BIKES_AVAILABLE": 1, "NUM_EBIKES_AVAILABLE": 0, "NUM_BIKES_DISABLED": 0, "IS_INSTALLED": "YES", "IS_RETURNING": "YES", "IS_RENTING": "YES", "HAS_KIOSK": "YES", "IOS": "https://dc.lft.to/lastmile_qr_scan", "ANDROID": "https://dc.lft.to/lastmile_qr_scan", "ELECTRIC_BIKE_SURCHARGE_WAIVER": "NO", "EIGHTD_HAS_KEY_DISPENSER": "NO", "CAPACITY": 19, "RENTAL_METHODS": "KEY,CREDITCARD", "REGION_ID": "40", "REGION_NAME": "Alexandria, VA", "GIS_ID": null, "LATITUDE": 38.802677, "LONGITUDE": -77.063562, "GIS_LAST_MOD_DTTM": "2026-06-22T16:32:06Z", "OBJECTID": 357728314 }, "geometry": { "type": "Point", "coordinates": [ -77.063562741949269, 38.802687654910351 ] } },
{ "type": "Feature", "properties": { "NAME": "Massachusetts Ave & 6th St NE", "STATION_TYPE": "classic", "STATION_ID": "880978b9-5084-4576-a206-8d94cdbf4427", "STATION_STATUS": null, "LAST_REPORTED": "2026-06-22T16:29:45Z", "NUM_DOCKS_AVAILABLE": 14, "NUM_DOCKS_DISABLED": 0, "NUM_BIKES_AVAILABLE": 5, "NUM_EBIKES_AVAILABLE": 0, "NUM_BIKES_DISABLED": 0, "IS_INSTALLED": "YES", "IS_RETURNING": "YES", "IS_RENTING": "YES", "HAS_KIOSK": "YES", "IOS": "https://dc.lft.to/lastmile_qr_scan", "ANDROID": "https://dc.lft.to/lastmile_qr_scan", "ELECTRIC_BIKE_SURCHARGE_WAIVER": "NO", "EIGHTD_HAS_KEY_DISPENSER": "NO", "CAPACITY": 19, "RENTAL_METHODS": "KEY,CREDITCARD", "REGION_ID": "42", "REGION_NAME": "Washington, DC", "GIS_ID": null, "LATITUDE": 38.892875, "LONGITUDE": -76.998413, "GIS_LAST_MOD_DTTM": "2026-06-22T16:32:06Z", "OBJECTID": 357728315 }, "geometry": { "type": "Point", "coordinates": [ -76.998411550954643, 38.892879444011534 ] } },
{ "type": "Feature", "properties": { "NAME": "18th & R St NW", "STATION_TYPE": "classic", "STATION_ID": "0825fd75-1f3f-11e7-bf6b-3863bb334450", "STATION_STATUS": null, "LAST_REPORTED": "2026-06-22T16:29:49Z", "NUM_DOCKS_AVAILABLE": 19, "NUM_DOCKS_DISABLED": 0, "NUM_BIKES_AVAILABLE": 0, "NUM_EBIKES_AVAILABLE": 0, "NUM_BIKES_DISABLED": 0, "IS_INSTALLED": "YES", "IS_RETURNING": "YES", "IS_RENTING": "YES", "HAS_KIOSK": "YES", "IOS": "https://dc.lft.to/lastmile_qr_scan", "ANDROID": "https://dc.lft.to/lastmile_qr_scan", "ELECTRIC_BIKE_SURCHARGE_WAIVER": "NO", "EIGHTD_HAS_KEY_DISPENSER": "NO", "CAPACITY": 19, "RENTAL_METHODS": "KEY,CREDITCARD", "REGION_ID": "42", "REGION_NAME": "Washington, DC", "GIS_ID": null, "LATITUDE": 38.912648, "LONGITUDE": -77.041834, "GIS_LAST_MOD_DTTM": "2026-06-22T16:32:06Z", "OBJECTID": 357728316 }, "geometry": { "type": "Point", "coordinates": [ -77.041833998535878, 38.912654314390828 ] } },
{ "type": "Feature", "properties": { "NAME": "New Jersey Ave & R St NW", "STATION_TYPE": "classic", "STATION_ID": "08255427-1f3f-11e7-bf6b-3863bb334450", "STATION_STATUS": null, "LAST_REPORTED": "2026-06-22T16:29:49Z", "NUM_DOCKS_AVAILABLE": 14, "NUM_DOCKS_DISABLED": 0, "NUM_BIKES_AVAILABLE": 0, "NUM_EBIKES_AVAILABLE": 0, "NUM_BIKES_DISABLED": 0, "IS_INSTALLED": "YES", "IS_RETURNING": "YES", "IS_RENTING": "YES", "HAS_KIOSK": "YES", "IOS": "https://dc.lft.to/lastmile_qr_scan", "ANDROID": "https://dc.lft.to/lastmile_qr_scan", "ELECTRIC_BIKE_SURCHARGE_WAIVER": "NO", "EIGHTD_HAS_KEY_DISPENSER": "NO", "CAPACITY": 15, "RENTAL_METHODS": "KEY,CREDITCARD", "REGION_ID": "42", "REGION_NAME": "Washington, DC", "GIS_ID": null, "LATITUDE": 38.912659, "LONGITUDE": -77.017669, "GIS_LAST_MOD_DTTM": "2026-06-22T16:32:06Z", "OBJECTID": 357728317 }, "geometry": { "type": "Point", "coordinates": [ -77.017666616718614, 38.912669476504441 ] } },
{ "type": "Feature", "properties": { "NAME": "Eckington Pl & Q St NE", "STATION_TYPE": "classic", "STATION_ID": "0824bc00-1f3f-11e7-bf6b-3863bb334450", "STATION_STATUS": null, "LAST_REPORTED": "2026-06-22T16:29:49Z", "NUM_DOCKS_AVAILABLE": 19, "NUM_DOCKS_DISABLED": 0, "NUM_BIKES_AVAILABLE": 3, "NUM_EBIKES_AVAILABLE": 3, "NUM_BIKES_DISABLED": 0, "IS_INSTALLED": "YES", "IS_RETURNING": "YES", "IS_RENTING": "YES", "HAS_KIOSK": "YES", "IOS": "https://dc.lft.to/lastmile_qr_scan", "ANDROID": "https://dc.lft.to/lastmile_qr_scan", "ELECTRIC_BIKE_SURCHARGE_WAIVER": "NO", "EIGHTD_HAS_KEY_DISPENSER": "NO", "CAPACITY": 23, "RENTAL_METHODS": "KEY,CREDITCARD", "REGION_ID": "42", "REGION_NAME": "Washington, DC", "GIS_ID": null, "LATITUDE": 38.91066, "LONGITUDE": -77.004615, "GIS_LAST_MOD_DTTM": "2026-06-22T16:32:06Z", "OBJECTID": 357728318 }, "geometry": { "type": "Point", "coordinates": [ -77.004614252157978, 38.91067086943157 ] } },
{ "type": "Feature", "properties": { "NAME": "13th & D St NE", "STATION_TYPE": "classic", "STATION_ID": "0824c309-1f3f-11e7-bf6b-3863bb334450", "STATION_STATUS": null, "LAST_REPORTED": "2026-06-22T16:29:50Z", "NUM_DOCKS_AVAILABLE": 35, "NUM_DOCKS_DISABLED": 0, "NUM_BIKES_AVAILABLE": 0, "NUM_EBIKES_AVAILABLE": 0, "NUM_BIKES_DISABLED": 0, "IS_INSTALLED": "YES", "IS_RETURNING": "YES", "IS_RENTING": "YES", "HAS_KIOSK": "YES", "IOS": "https://dc.lft.to/lastmile_qr_scan", "ANDROID": "https://dc.lft.to/lastmile_qr_scan", "ELECTRIC_BIKE_SURCHARGE_WAIVER": "NO", "EIGHTD_HAS_KEY_DISPENSER": "NO", "CAPACITY": 35, "RENTAL_METHODS": "KEY,CREDITCARD", "REGION_ID": "42", "REGION_NAME": "Washington, DC", "GIS_ID": null, "LATITUDE": 38.894832, "LONGITUDE": -76.987633, "GIS_LAST_MOD_DTTM": "2026-06-22T16:32:06Z", "OBJECTID": 357728319 }, "geometry": { "type": "Point", "coordinates": [ -76.987633424015144, 38.894842625104666 ] } },
{ "type": "Feature", "properties": { "NAME": "Oak Leaf & Lockwood", "STATION_TYPE": "classic", "STATION_ID": "90682a3e-9cb2-43d1-b104-61c50043d35b", "STATION_STATUS": null, "LAST_REPORTED": "2026-06-22T16:30:02Z", "NUM_DOCKS_AVAILABLE": 14, "NUM_DOCKS_DISABLED": 0, "NUM_BIKES_AVAILABLE": 5, "NUM_EBIKES_AVAILABLE": 0, "NUM_BIKES_DISABLED": 0, "IS_INSTALLED": "YES", "IS_RETURNING": "YES", "IS_RENTING": "YES", "HAS_KIOSK": "YES", "IOS": "https://dc.lft.to/lastmile_qr_scan", "ANDROID": "https://dc.lft.to/lastmile_qr_scan", "ELECTRIC_BIKE_SURCHARGE_WAIVER": "NO", "EIGHTD_HAS_KEY_DISPENSER": "NO", "CAPACITY": 19, "RENTAL_METHODS": "KEY,CREDITCARD", "REGION_ID": "44", "REGION_NAME": "Montgomery County, MD (South)", "GIS_ID": null, "LATITUDE": 39.037981, "LONGITUDE": -76.994539, "GIS_LAST_MOD_DTTM": "2026-06-22T16:32:06Z", "OBJECTID": 357728320 }, "geometry": { "type": "Point", "coordinates": [ -76.994538886861051, 39.037993169150944 ] } },
{ "type": "Feature", "properties": { "NAME": "Whiting & Lane Dr", "STATION_TYPE": "classic", "STATION_ID": "5ac39643-b36d-415f-bbb4-1a5e2c61d98d", "STATION_STATUS": null, "LAST_REPORTED": "2026-06-22T16:30:03Z", "NUM_DOCKS_AVAILABLE": 10, "NUM_DOCKS_DISABLED": 0, "NUM_BIKES_AVAILABLE": 1, "NUM_EBIKES_AVAILABLE": 0, "NUM_BIKES_DISABLED": 0, "IS_INSTALLED": "YES", "IS_RETURNING": "YES", "IS_RENTING": "YES", "HAS_KIOSK": "YES", "IOS": "https://dc.lft.to/lastmile_qr_scan", "ANDROID": "https://dc.lft.to/lastmile_qr_scan", "ELECTRIC_BIKE_SURCHARGE_WAIVER": "NO", "EIGHTD_HAS_KEY_DISPENSER": "NO", "CAPACITY": 11, "RENTAL_METHODS": "KEY,CREDITCARD", "REGION_ID": "40", "REGION_NAME": "Alexandria, VA", "GIS_ID": null, "LATITUDE": 38.809709, "LONGITUDE": -77.135788, "GIS_LAST_MOD_DTTM": "2026-06-22T16:32:06Z", "OBJECTID": 357728321 }, "geometry": { "type": "Point", "coordinates": [ -77.135793999185935, 38.809715635231193 ] } },
{ "type": "Feature", "properties": { "NAME": "New Jersey Ave & F St NW", "STATION_TYPE": "classic", "STATION_ID": "96ce48cf-5d98-4dfb-86b1-f461230cd193", "STATION_STATUS": null, "LAST_REPORTED": "2026-06-22T16:30:01Z", "NUM_DOCKS_AVAILABLE": 10, "NUM_DOCKS_DISABLED": 0, "NUM_BIKES_AVAILABLE": 23, "NUM_EBIKES_AVAILABLE": 7, "NUM_BIKES_DISABLED": 0, "IS_INSTALLED": "YES", "IS_RETURNING": "YES", "IS_RENTING": "YES", "HAS_KIOSK": "YES", "IOS": "https://dc.lft.to/lastmile_qr_scan", "ANDROID": "https://dc.lft.to/lastmile_qr_scan", "ELECTRIC_BIKE_SURCHARGE_WAIVER": "NO", "EIGHTD_HAS_KEY_DISPENSER": "NO", "CAPACITY": 33, "RENTAL_METHODS": "KEY,CREDITCARD", "REGION_ID": "42", "REGION_NAME": "Washington, DC", "GIS_ID": null, "LATITUDE": 38.897108, "LONGITUDE": -77.011616, "GIS_LAST_MOD_DTTM": "2026-06-22T16:32:06Z", "OBJECTID": 357728322 }, "geometry": { "type": "Point", "coordinates": [ -77.011622233818798, 38.897112809549476 ] } },
{ "type": "Feature", "properties": { "NAME": "Kennedy Center", "STATION_TYPE": "classic", "STATION_ID": "08249e19-1f3f-11e7-bf6b-3863bb334450", "STATION_STATUS": null, "LAST_REPORTED": "2026-06-22T16:30:03Z", "NUM_DOCKS_AVAILABLE": 13, "NUM_DOCKS_DISABLED": 0, "NUM_BIKES_AVAILABLE": 6, "NUM_EBIKES_AVAILABLE": 1, "NUM_BIKES_DISABLED": 0, "IS_INSTALLED": "YES", "IS_RETURNING": "YES", "IS_RENTING": "YES", "HAS_KIOSK": "YES", "IOS": "https://dc.lft.to/lastmile_qr_scan", "ANDROID": "https://dc.lft.to/lastmile_qr_scan", "ELECTRIC_BIKE_SURCHARGE_WAIVER": "NO", "EIGHTD_HAS_KEY_DISPENSER": "NO", "CAPACITY": 19, "RENTAL_METHODS": "KEY,CREDITCARD", "REGION_ID": "42", "REGION_NAME": "Washington, DC", "GIS_ID": null, "LATITUDE": 38.897293, "LONGITUDE": -77.05557, "GIS_LAST_MOD_DTTM": "2026-06-22T16:32:06Z", "OBJECTID": 357728323 }, "geometry": { "type": "Point", "coordinates": [ -77.055577610918192, 38.897298350232418 ] } },
{ "type": "Feature", "properties": { "NAME": "Tenleytown / Wisconsin Ave & Albemarle St NW", "STATION_TYPE": "classic", "STATION_ID": "08249f58-1f3f-11e7-bf6b-3863bb334450", "STATION_STATUS": null, "LAST_REPORTED": "2026-06-22T16:30:04Z", "NUM_DOCKS_AVAILABLE": 10, "NUM_DOCKS_DISABLED": 0, "NUM_BIKES_AVAILABLE": 5, "NUM_EBIKES_AVAILABLE": 1, "NUM_BIKES_DISABLED": 0, "IS_INSTALLED": "YES", "IS_RETURNING": "YES", "IS_RENTING": "YES", "HAS_KIOSK": "YES", "IOS": "https://dc.lft.to/lastmile_qr_scan", "ANDROID": "https://dc.lft.to/lastmile_qr_scan", "ELECTRIC_BIKE_SURCHARGE_WAIVER": "NO", "EIGHTD_HAS_KEY_DISPENSER": "NO", "CAPACITY": 15, "RENTAL_METHODS": "KEY,CREDITCARD", "REGION_ID": "42", "REGION_NAME": "Washington, DC", "GIS_ID": null, "LATITUDE": 38.947607, "LONGITUDE": -77.079382, "GIS_LAST_MOD_DTTM": "2026-06-22T16:32:06Z", "OBJECTID": 357728324 }, "geometry": { "type": "Point", "coordinates": [ -77.079380790823166, 38.947614120346437 ] } },
{ "type": "Feature", "properties": { "NAME": "Tysons Metro South", "STATION_TYPE": "classic", "STATION_ID": "0826359a-1f3f-11e7-bf6b-3863bb334450", "STATION_STATUS": null, "LAST_REPORTED": "2026-06-22T16:30:46Z", "NUM_DOCKS_AVAILABLE": 6, "NUM_DOCKS_DISABLED": 0, "NUM_BIKES_AVAILABLE": 3, "NUM_EBIKES_AVAILABLE": 0, "NUM_BIKES_DISABLED": 2, "IS_INSTALLED": "YES", "IS_RETURNING": "YES", "IS_RENTING": "YES", "HAS_KIOSK": "YES", "IOS": "https://dc.lft.to/lastmile_qr_scan", "ANDROID": "https://dc.lft.to/lastmile_qr_scan", "ELECTRIC_BIKE_SURCHARGE_WAIVER": "NO", "EIGHTD_HAS_KEY_DISPENSER": "NO", "CAPACITY": 11, "RENTAL_METHODS": "KEY,CREDITCARD", "REGION_ID": "104", "REGION_NAME": "Fairfax, VA", "GIS_ID": null, "LATITUDE": 38.919475, "LONGITUDE": -77.221179, "GIS_LAST_MOD_DTTM": "2026-06-22T16:32:06Z", "OBJECTID": 357728325 }, "geometry": { "type": "Point", "coordinates": [ -77.221185209941126, 38.919478971186408 ] } },
{ "type": "Feature", "properties": { "NAME": "Valley Ave & Wheeler Rd SE", "STATION_TYPE": "classic", "STATION_ID": "0cabc1c7-cf6f-4afd-9242-c011b77f6330", "STATION_STATUS": null, "LAST_REPORTED": "2026-06-22T16:30:48Z", "NUM_DOCKS_AVAILABLE": 16, "NUM_DOCKS_DISABLED": 0, "NUM_BIKES_AVAILABLE": 2, "NUM_EBIKES_AVAILABLE": 0, "NUM_BIKES_DISABLED": 1, "IS_INSTALLED": "YES", "IS_RETURNING": "YES", "IS_RENTING": "YES", "HAS_KIOSK": "YES", "IOS": "https://dc.lft.to/lastmile_qr_scan", "ANDROID": "https://dc.lft.to/lastmile_qr_scan", "ELECTRIC_BIKE_SURCHARGE_WAIVER": "NO", "EIGHTD_HAS_KEY_DISPENSER": "NO", "CAPACITY": 19, "RENTAL_METHODS": "KEY,CREDITCARD", "REGION_ID": "42", "REGION_NAME": "Washington, DC", "GIS_ID": null, "LATITUDE": 38.836646, "LONGITUDE": -76.993589, "GIS_LAST_MOD_DTTM": "2026-06-22T16:32:06Z", "OBJECTID": 357728326 }, "geometry": { "type": "Point", "coordinates": [ -76.993586771640693, 38.836657760249743 ] } },
{ "type": "Feature", "properties": { "NAME": "11th & O St NW", "STATION_TYPE": "classic", "STATION_ID": "08261d35-1f3f-11e7-bf6b-3863bb334450", "STATION_STATUS": null, "LAST_REPORTED": "2026-06-22T16:30:48Z", "NUM_DOCKS_AVAILABLE": 23, "NUM_DOCKS_DISABLED": 0, "NUM_BIKES_AVAILABLE": 0, "NUM_EBIKES_AVAILABLE": 0, "NUM_BIKES_DISABLED": 1, "IS_INSTALLED": "YES", "IS_RETURNING": "YES", "IS_RENTING": "YES", "HAS_KIOSK": "NO", "IOS": "https://dc.lft.to/lastmile_qr_scan", "ANDROID": "https://dc.lft.to/lastmile_qr_scan", "ELECTRIC_BIKE_SURCHARGE_WAIVER": "NO", "EIGHTD_HAS_KEY_DISPENSER": "NO", "CAPACITY": 24, "RENTAL_METHODS": "KEY,CREDITCARD", "REGION_ID": "42", "REGION_NAME": "Washington, DC", "GIS_ID": null, "LATITUDE": 38.908431, "LONGITUDE": -77.027088, "GIS_LAST_MOD_DTTM": "2026-06-22T16:32:06Z", "OBJECTID": 357728327 }, "geometry": { "type": "Point", "coordinates": [ -77.0270852202854, 38.908442759562121 ] } },
{ "type": "Feature", "properties": { "NAME": "Shady Grove Metro East", "STATION_TYPE": "classic", "STATION_ID": "08265563-1f3f-11e7-bf6b-3863bb334450", "STATION_STATUS": null, "LAST_REPORTED": "2026-06-22T16:30:47Z", "NUM_DOCKS_AVAILABLE": 18, "NUM_DOCKS_DISABLED": 0, "NUM_BIKES_AVAILABLE": 1, "NUM_EBIKES_AVAILABLE": 0, "NUM_BIKES_DISABLED": 0, "IS_INSTALLED": "YES", "IS_RETURNING": "YES", "IS_RENTING": "YES", "HAS_KIOSK": "YES", "IOS": "https://dc.lft.to/lastmile_qr_scan", "ANDROID": "https://dc.lft.to/lastmile_qr_scan", "ELECTRIC_BIKE_SURCHARGE_WAIVER": "NO", "EIGHTD_HAS_KEY_DISPENSER": "NO", "CAPACITY": 19, "RENTAL_METHODS": "KEY,CREDITCARD", "REGION_ID": "43", "REGION_NAME": "Montgomery County, MD (North)", "GIS_ID": null, "LATITUDE": 39.121327, "LONGITUDE": -77.164969, "GIS_LAST_MOD_DTTM": "2026-06-22T16:32:06Z", "OBJECTID": 357728328 }, "geometry": { "type": "Point", "coordinates": [ -77.164975507729821, 39.121336526521297 ] } },
{ "type": "Feature", "properties": { "NAME": "20th & O St NW / Dupont South", "STATION_TYPE": "classic", "STATION_ID": "0824c8d2-1f3f-11e7-bf6b-3863bb334450", "STATION_STATUS": null, "LAST_REPORTED": "2026-06-22T16:30:47Z", "NUM_DOCKS_AVAILABLE": 27, "NUM_DOCKS_DISABLED": 0, "NUM_BIKES_AVAILABLE": 8, "NUM_EBIKES_AVAILABLE": 0, "NUM_BIKES_DISABLED": 0, "IS_INSTALLED": "YES", "IS_RETURNING": "YES", "IS_RENTING": "YES", "HAS_KIOSK": "YES", "IOS": "https://dc.lft.to/lastmile_qr_scan", "ANDROID": "https://dc.lft.to/lastmile_qr_scan", "ELECTRIC_BIKE_SURCHARGE_WAIVER": "NO", "EIGHTD_HAS_KEY_DISPENSER": "NO", "CAPACITY": 35, "RENTAL_METHODS": "KEY,CREDITCARD", "REGION_ID": "42", "REGION_NAME": "Washington, DC", "GIS_ID": null, "LATITUDE": 38.908905, "LONGITUDE": -77.04478, "GIS_LAST_MOD_DTTM": "2026-06-22T16:32:06Z", "OBJECTID": 357728329 }, "geometry": { "type": "Point", "coordinates": [ -77.044783392255624, 38.908914758458636 ] } },
{ "type": "Feature", "properties": { "NAME": "8th Rd & S Frederick St", "STATION_TYPE": "classic", "STATION_ID": "1cc6ee60-b82f-4264-a490-6c3e5e656ccd", "STATION_STATUS": null, "LAST_REPORTED": "2026-06-22T16:30:50Z", "NUM_DOCKS_AVAILABLE": 11, "NUM_DOCKS_DISABLED": 0, "NUM_BIKES_AVAILABLE": 0, "NUM_EBIKES_AVAILABLE": 0, "NUM_BIKES_DISABLED": 1, "IS_INSTALLED": "YES", "IS_RETURNING": "YES", "IS_RENTING": "YES", "HAS_KIOSK": "YES", "IOS": "https://dc.lft.to/lastmile_qr_scan", "ANDROID": "https://dc.lft.to/lastmile_qr_scan", "ELECTRIC_BIKE_SURCHARGE_WAIVER": "NO", "EIGHTD_HAS_KEY_DISPENSER": "NO", "CAPACITY": 12, "RENTAL_METHODS": "KEY,CREDITCARD", "REGION_ID": "41", "REGION_NAME": "Arlington, VA", "GIS_ID": null, "LATITUDE": 38.857049, "LONGITUDE": -77.116339, "GIS_LAST_MOD_DTTM": "2026-06-22T16:32:06Z", "OBJECTID": 357728330 }, "geometry": { "type": "Point", "coordinates": [ -77.116343992413192, 38.857058137884295 ] } },
{ "type": "Feature", "properties": { "NAME": "Columbia Pike & Monroe St", "STATION_TYPE": "classic", "STATION_ID": "08254c82-1f3f-11e7-bf6b-3863bb334450", "STATION_STATUS": null, "LAST_REPORTED": "2026-06-22T16:30:50Z", "NUM_DOCKS_AVAILABLE": 7, "NUM_DOCKS_DISABLED": 0, "NUM_BIKES_AVAILABLE": 5, "NUM_EBIKES_AVAILABLE": 2, "NUM_BIKES_DISABLED": 0, "IS_INSTALLED": "YES", "IS_RETURNING": "YES", "IS_RENTING": "YES", "HAS_KIOSK": "YES", "IOS": "https://dc.lft.to/lastmile_qr_scan", "ANDROID": "https://dc.lft.to/lastmile_qr_scan", "ELECTRIC_BIKE_SURCHARGE_WAIVER": "NO", "EIGHTD_HAS_KEY_DISPENSER": "NO", "CAPACITY": 12, "RENTAL_METHODS": "KEY,CREDITCARD", "REGION_ID": "41", "REGION_NAME": "Arlington, VA", "GIS_ID": null, "LATITUDE": 38.860344, "LONGITUDE": -77.093672, "GIS_LAST_MOD_DTTM": "2026-06-22T16:32:06Z", "OBJECTID": 357728331 }, "geometry": { "type": "Point", "coordinates": [ -77.093674456736821, 38.860348587458141 ] } },
{ "type": "Feature", "properties": { "NAME": "13th St & Eastern Ave", "STATION_TYPE": "classic", "STATION_ID": "08254ebb-1f3f-11e7-bf6b-3863bb334450", "STATION_STATUS": null, "LAST_REPORTED": "2026-06-22T16:30:49Z", "NUM_DOCKS_AVAILABLE": 14, "NUM_DOCKS_DISABLED": 0, "NUM_BIKES_AVAILABLE": 0, "NUM_EBIKES_AVAILABLE": 0, "NUM_BIKES_DISABLED": 1, "IS_INSTALLED": "YES", "IS_RETURNING": "YES", "IS_RENTING": "YES", "HAS_KIOSK": "YES", "IOS": "https://dc.lft.to/lastmile_qr_scan", "ANDROID": "https://dc.lft.to/lastmile_qr_scan", "ELECTRIC_BIKE_SURCHARGE_WAIVER": "NO", "EIGHTD_HAS_KEY_DISPENSER": "NO", "CAPACITY": 15, "RENTAL_METHODS": "KEY,CREDITCARD", "REGION_ID": "44", "REGION_NAME": "Montgomery County, MD (South)", "GIS_ID": null, "LATITUDE": 38.987, "LONGITUDE": -77.029417, "GIS_LAST_MOD_DTTM": "2026-06-22T16:32:06Z", "OBJECTID": 357728332 }, "geometry": { "type": "Point", "coordinates": [ -77.029423542817597, 38.987003403323513 ] } },
{ "type": "Feature", "properties": { "NAME": "10th & H St NE", "STATION_TYPE": "classic", "STATION_ID": "fe755eaf-7f1f-48df-bc40-f51d2af775d1", "STATION_STATUS": null, "LAST_REPORTED": "2026-06-22T16:30:52Z", "NUM_DOCKS_AVAILABLE": 17, "NUM_DOCKS_DISABLED": 0, "NUM_BIKES_AVAILABLE": 0, "NUM_EBIKES_AVAILABLE": 0, "NUM_BIKES_DISABLED": 1, "IS_INSTALLED": "YES", "IS_RETURNING": "YES", "IS_RENTING": "YES", "HAS_KIOSK": "YES", "IOS": "https://dc.lft.to/lastmile_qr_scan", "ANDROID": "https://dc.lft.to/lastmile_qr_scan", "ELECTRIC_BIKE_SURCHARGE_WAIVER": "NO", "EIGHTD_HAS_KEY_DISPENSER": "NO", "CAPACITY": 19, "RENTAL_METHODS": "KEY,CREDITCARD", "REGION_ID": "42", "REGION_NAME": "Washington, DC", "GIS_ID": null, "LATITUDE": 38.899984, "LONGITUDE": -76.992725, "GIS_LAST_MOD_DTTM": "2026-06-22T16:32:06Z", "OBJECTID": 357728333 }, "geometry": { "type": "Point", "coordinates": [ -76.992727992801875, 38.899995837733364 ] } },
{ "type": "Feature", "properties": { "NAME": "Hains Point/Buckeye & Ohio Dr SW", "STATION_TYPE": "classic", "STATION_ID": "0825bb32-1f3f-11e7-bf6b-3863bb334450", "STATION_STATUS": null, "LAST_REPORTED": "2026-06-22T16:30:50Z", "NUM_DOCKS_AVAILABLE": 8, "NUM_DOCKS_DISABLED": 0, "NUM_BIKES_AVAILABLE": 9, "NUM_EBIKES_AVAILABLE": 3, "NUM_BIKES_DISABLED": 0, "IS_INSTALLED": "YES", "IS_RETURNING": "YES", "IS_RENTING": "YES", "HAS_KIOSK": "NO", "IOS": "https://dc.lft.to/lastmile_qr_scan", "ANDROID": "https://dc.lft.to/lastmile_qr_scan", "ELECTRIC_BIKE_SURCHARGE_WAIVER": "NO", "EIGHTD_HAS_KEY_DISPENSER": "NO", "CAPACITY": 17, "RENTAL_METHODS": "KEY,CREDITCARD", "REGION_ID": "42", "REGION_NAME": "Washington, DC", "GIS_ID": null, "LATITUDE": 38.878433, "LONGITUDE": -77.03023, "GIS_LAST_MOD_DTTM": "2026-06-22T16:32:06Z", "OBJECTID": 357728334 }, "geometry": { "type": "Point", "coordinates": [ -77.030231604033091, 38.878444111641649 ] } },
{ "type": "Feature", "properties": { "NAME": "18th St & Wyoming Ave NW", "STATION_TYPE": "classic", "STATION_ID": "08254770-1f3f-11e7-bf6b-3863bb334450", "STATION_STATUS": null, "LAST_REPORTED": "2026-06-22T16:30:27Z", "NUM_DOCKS_AVAILABLE": 23, "NUM_DOCKS_DISABLED": 0, "NUM_BIKES_AVAILABLE": 0, "NUM_EBIKES_AVAILABLE": 0, "NUM_BIKES_DISABLED": 0, "IS_INSTALLED": "YES", "IS_RETURNING": "YES", "IS_RENTING": "YES", "HAS_KIOSK": "NO", "IOS": "https://dc.lft.to/lastmile_qr_scan", "ANDROID": "https://dc.lft.to/lastmile_qr_scan", "ELECTRIC_BIKE_SURCHARGE_WAIVER": "NO", "EIGHTD_HAS_KEY_DISPENSER": "NO", "CAPACITY": 24, "RENTAL_METHODS": "KEY,CREDITCARD", "REGION_ID": "42", "REGION_NAME": "Washington, DC", "GIS_ID": null, "LATITUDE": 38.919129, "LONGITUDE": -77.041464, "GIS_LAST_MOD_DTTM": "2026-06-22T16:32:06Z", "OBJECTID": 357728335 }, "geometry": { "type": "Point", "coordinates": [ -77.04146880223503, 38.919140445936961 ] } },
{ "type": "Feature", "properties": { "NAME": "8th & H St NW", "STATION_TYPE": "classic", "STATION_ID": "0824b9cc-1f3f-11e7-bf6b-3863bb334450", "STATION_STATUS": null, "LAST_REPORTED": "2026-06-22T16:30:58Z", "NUM_DOCKS_AVAILABLE": 16, "NUM_DOCKS_DISABLED": 0, "NUM_BIKES_AVAILABLE": 17, "NUM_EBIKES_AVAILABLE": 1, "NUM_BIKES_DISABLED": 0, "IS_INSTALLED": "YES", "IS_RETURNING": "YES", "IS_RENTING": "YES", "HAS_KIOSK": "YES", "IOS": "https://dc.lft.to/lastmile_qr_scan", "ANDROID": "https://dc.lft.to/lastmile_qr_scan", "ELECTRIC_BIKE_SURCHARGE_WAIVER": "NO", "EIGHTD_HAS_KEY_DISPENSER": "NO", "CAPACITY": 33, "RENTAL_METHODS": "KEY,CREDITCARD", "REGION_ID": "42", "REGION_NAME": "Washington, DC", "GIS_ID": null, "LATITUDE": 38.8997, "LONGITUDE": -77.023086, "GIS_LAST_MOD_DTTM": "2026-06-22T16:32:06Z", "OBJECTID": 357728336 }, "geometry": { "type": "Point", "coordinates": [ -77.023093163364962, 38.899705513511165 ] } },
{ "type": "Feature", "properties": { "NAME": "Marion Barry Ave & Naylor Rd SE", "STATION_TYPE": "classic", "STATION_ID": "08247ed8-1f3f-11e7-bf6b-3863bb334450", "STATION_STATUS": null, "LAST_REPORTED": "2026-06-22T16:30:59Z", "NUM_DOCKS_AVAILABLE": 9, "NUM_DOCKS_DISABLED": 0, "NUM_BIKES_AVAILABLE": 10, "NUM_EBIKES_AVAILABLE": 1, "NUM_BIKES_DISABLED": 0, "IS_INSTALLED": "YES", "IS_RETURNING": "YES", "IS_RENTING": "YES", "HAS_KIOSK": "YES", "IOS": "https://dc.lft.to/lastmile_qr_scan", "ANDROID": "https://dc.lft.to/lastmile_qr_scan", "ELECTRIC_BIKE_SURCHARGE_WAIVER": "NO", "EIGHTD_HAS_KEY_DISPENSER": "NO", "CAPACITY": 19, "RENTAL_METHODS": "KEY,CREDITCARD", "REGION_ID": "42", "REGION_NAME": "Washington, DC", "GIS_ID": null, "LATITUDE": 38.861663, "LONGITUDE": -76.969184, "GIS_LAST_MOD_DTTM": "2026-06-22T16:32:06Z", "OBJECTID": 357728337 }, "geometry": { "type": "Point", "coordinates": [ -76.969180919483662, 38.861670303746379 ] } },
{ "type": "Feature", "properties": { "NAME": "S Kenmore St & 24th St S", "STATION_TYPE": "classic", "STATION_ID": "08254e55-1f3f-11e7-bf6b-3863bb334450", "STATION_STATUS": null, "LAST_REPORTED": "2026-06-22T16:30:58Z", "NUM_DOCKS_AVAILABLE": 7, "NUM_DOCKS_DISABLED": 0, "NUM_BIKES_AVAILABLE": 5, "NUM_EBIKES_AVAILABLE": 2, "NUM_BIKES_DISABLED": 0, "IS_INSTALLED": "YES", "IS_RETURNING": "YES", "IS_RENTING": "YES", "HAS_KIOSK": "YES", "IOS": "https://dc.lft.to/lastmile_qr_scan", "ANDROID": "https://dc.lft.to/lastmile_qr_scan", "ELECTRIC_BIKE_SURCHARGE_WAIVER": "NO", "EIGHTD_HAS_KEY_DISPENSER": "NO", "CAPACITY": 12, "RENTAL_METHODS": "KEY,CREDITCARD", "REGION_ID": "41", "REGION_NAME": "Arlington, VA", "GIS_ID": null, "LATITUDE": 38.848454, "LONGITUDE": -77.084918, "GIS_LAST_MOD_DTTM": "2026-06-22T16:32:06Z", "OBJECTID": 357728338 }, "geometry": { "type": "Point", "coordinates": [ -77.084915273976179, 38.848464152464267 ] } },
{ "type": "Feature", "properties": { "NAME": "Medical Center Metro ", "STATION_TYPE": "classic", "STATION_ID": "0826168f-1f3f-11e7-bf6b-3863bb334450", "STATION_STATUS": null, "LAST_REPORTED": "2026-06-22T16:30:57Z", "NUM_DOCKS_AVAILABLE": 11, "NUM_DOCKS_DISABLED": 0, "NUM_BIKES_AVAILABLE": 5, "NUM_EBIKES_AVAILABLE": 1, "NUM_BIKES_DISABLED": 1, "IS_INSTALLED": "YES", "IS_RETURNING": "YES", "IS_RENTING": "YES", "HAS_KIOSK": "YES", "IOS": "https://dc.lft.to/lastmile_qr_scan", "ANDROID": "https://dc.lft.to/lastmile_qr_scan", "ELECTRIC_BIKE_SURCHARGE_WAIVER": "NO", "EIGHTD_HAS_KEY_DISPENSER": "NO", "CAPACITY": 19, "RENTAL_METHODS": "KEY,CREDITCARD", "REGION_ID": "44", "REGION_NAME": "Montgomery County, MD (South)", "GIS_ID": null, "LATITUDE": 38.999378, "LONGITUDE": -77.097882, "GIS_LAST_MOD_DTTM": "2026-06-22T16:32:06Z", "OBJECTID": 357728339 }, "geometry": { "type": "Point", "coordinates": [ -77.097886255289552, 38.999388456518751 ] } },
{ "type": "Feature", "properties": { "NAME": "15th & L St NW", "STATION_TYPE": "classic", "STATION_ID": "0825fc3a-1f3f-11e7-bf6b-3863bb334450", "STATION_STATUS": null, "LAST_REPORTED": "2026-06-22T16:30:58Z", "NUM_DOCKS_AVAILABLE": 3, "NUM_DOCKS_DISABLED": 0, "NUM_BIKES_AVAILABLE": 23, "NUM_EBIKES_AVAILABLE": 5, "NUM_BIKES_DISABLED": 0, "IS_INSTALLED": "YES", "IS_RETURNING": "YES", "IS_RENTING": "YES", "HAS_KIOSK": "YES", "IOS": "https://dc.lft.to/lastmile_qr_scan", "ANDROID": "https://dc.lft.to/lastmile_qr_scan", "ELECTRIC_BIKE_SURCHARGE_WAIVER": "NO", "EIGHTD_HAS_KEY_DISPENSER": "NO", "CAPACITY": 27, "RENTAL_METHODS": "KEY,CREDITCARD", "REGION_ID": "42", "REGION_NAME": "Washington, DC", "GIS_ID": null, "LATITUDE": 38.903967, "LONGITUDE": -77.034602, "GIS_LAST_MOD_DTTM": "2026-06-22T16:32:06Z", "OBJECTID": 357728340 }, "geometry": { "type": "Point", "coordinates": [ -77.034600325079637, 38.90397263356612 ] } },
{ "type": "Feature", "properties": { "NAME": "Ridge Rd & Southern Ave SE", "STATION_TYPE": "classic", "STATION_ID": "5d8d5182-ea42-49ec-8cae-8891759f5751", "STATION_STATUS": null, "LAST_REPORTED": "2026-06-22T16:30:58Z", "NUM_DOCKS_AVAILABLE": 15, "NUM_DOCKS_DISABLED": 0, "NUM_BIKES_AVAILABLE": 0, "NUM_EBIKES_AVAILABLE": 0, "NUM_BIKES_DISABLED": 0, "IS_INSTALLED": "YES", "IS_RETURNING": "YES", "IS_RENTING": "YES", "HAS_KIOSK": "YES", "IOS": "https://dc.lft.to/lastmile_qr_scan", "ANDROID": "https://dc.lft.to/lastmile_qr_scan", "ELECTRIC_BIKE_SURCHARGE_WAIVER": "NO", "EIGHTD_HAS_KEY_DISPENSER": "NO", "CAPACITY": 15, "RENTAL_METHODS": "KEY,CREDITCARD", "REGION_ID": "42", "REGION_NAME": "Washington, DC", "GIS_ID": null, "LATITUDE": 38.872976, "LONGITUDE": -76.935246, "GIS_LAST_MOD_DTTM": "2026-06-22T16:32:06Z", "OBJECTID": 357728341 }, "geometry": { "type": "Point", "coordinates": [ -76.935249874535316, 38.872979994100568 ] } },
{ "type": "Feature", "properties": { "NAME": "3rd & D St SE", "STATION_TYPE": "classic", "STATION_ID": "08249407-1f3f-11e7-bf6b-3863bb334450", "STATION_STATUS": null, "LAST_REPORTED": "2026-06-22T16:30:54Z", "NUM_DOCKS_AVAILABLE": 9, "NUM_DOCKS_DISABLED": 0, "NUM_BIKES_AVAILABLE": 6, "NUM_EBIKES_AVAILABLE": 2, "NUM_BIKES_DISABLED": 0, "IS_INSTALLED": "YES", "IS_RETURNING": "YES", "IS_RENTING": "YES", "HAS_KIOSK": "YES", "IOS": "https://dc.lft.to/lastmile_qr_scan", "ANDROID": "https://dc.lft.to/lastmile_qr_scan", "ELECTRIC_BIKE_SURCHARGE_WAIVER": "NO", "EIGHTD_HAS_KEY_DISPENSER": "NO", "CAPACITY": 15, "RENTAL_METHODS": "KEY,CREDITCARD", "REGION_ID": "42", "REGION_NAME": "Washington, DC", "GIS_ID": null, "LATITUDE": 38.8851, "LONGITUDE": -77.0023, "GIS_LAST_MOD_DTTM": "2026-06-22T16:32:06Z", "OBJECTID": 357728342 }, "geometry": { "type": "Point", "coordinates": [ -77.00230744034269, 38.885105201840091 ] } },
{ "type": "Feature", "properties": { "NAME": "S Four Mile Run Dr & Shirlington Rd", "STATION_TYPE": "classic", "STATION_ID": "08254a91-1f3f-11e7-bf6b-3863bb334450", "STATION_STATUS": null, "LAST_REPORTED": "2026-06-22T16:30:54Z", "NUM_DOCKS_AVAILABLE": 8, "NUM_DOCKS_DISABLED": 0, "NUM_BIKES_AVAILABLE": 4, "NUM_EBIKES_AVAILABLE": 1, "NUM_BIKES_DISABLED": 0, "IS_INSTALLED": "YES", "IS_RETURNING": "YES", "IS_RENTING": "YES", "HAS_KIOSK": "YES", "IOS": "https://dc.lft.to/lastmile_qr_scan", "ANDROID": "https://dc.lft.to/lastmile_qr_scan", "ELECTRIC_BIKE_SURCHARGE_WAIVER": "NO", "EIGHTD_HAS_KEY_DISPENSER": "NO", "CAPACITY": 12, "RENTAL_METHODS": "KEY,CREDITCARD", "REGION_ID": "41", "REGION_NAME": "Arlington, VA", "GIS_ID": null, "LATITUDE": 38.8444, "LONGITUDE": -77.085931, "GIS_LAST_MOD_DTTM": "2026-06-22T16:32:06Z", "OBJECTID": 357728343 }, "geometry": { "type": "Point", "coordinates": [ -77.085935662098109, 38.844409604714947 ] } },
{ "type": "Feature", "properties": { "NAME": "23rd & E St NW ", "STATION_TYPE": "classic", "STATION_ID": "0824e7c1-1f3f-11e7-bf6b-3863bb334450", "STATION_STATUS": null, "LAST_REPORTED": "2026-06-22T16:30:56Z", "NUM_DOCKS_AVAILABLE": 2, "NUM_DOCKS_DISABLED": 0, "NUM_BIKES_AVAILABLE": 18, "NUM_EBIKES_AVAILABLE": 13, "NUM_BIKES_DISABLED": 0, "IS_INSTALLED": "YES", "IS_RETURNING": "YES", "IS_RENTING": "YES", "HAS_KIOSK": "NO", "IOS": "https://dc.lft.to/lastmile_qr_scan", "ANDROID": "https://dc.lft.to/lastmile_qr_scan", "ELECTRIC_BIKE_SURCHARGE_WAIVER": "NO", "EIGHTD_HAS_KEY_DISPENSER": "NO", "CAPACITY": 20, "RENTAL_METHODS": "KEY,CREDITCARD", "REGION_ID": "42", "REGION_NAME": "Washington, DC", "GIS_ID": null, "LATITUDE": 38.896104, "LONGITUDE": -77.049882, "GIS_LAST_MOD_DTTM": "2026-06-22T16:32:06Z", "OBJECTID": 357728344 }, "geometry": { "type": "Point", "coordinates": [ -77.049882067521153, 38.896111816746803 ] } },
{ "type": "Feature", "properties": { "NAME": "Minnesota Ave & R St SE", "STATION_TYPE": "classic", "STATION_ID": "0541e06c-642c-4f31-9f24-19bfcbb8811d", "STATION_STATUS": null, "LAST_REPORTED": "2026-06-22T16:30:56Z", "NUM_DOCKS_AVAILABLE": 19, "NUM_DOCKS_DISABLED": 0, "NUM_BIKES_AVAILABLE": 0, "NUM_EBIKES_AVAILABLE": 0, "NUM_BIKES_DISABLED": 0, "IS_INSTALLED": "YES", "IS_RETURNING": "YES", "IS_RENTING": "YES", "HAS_KIOSK": "YES", "IOS": "https://dc.lft.to/lastmile_qr_scan", "ANDROID": "https://dc.lft.to/lastmile_qr_scan", "ELECTRIC_BIKE_SURCHARGE_WAIVER": "NO", "EIGHTD_HAS_KEY_DISPENSER": "NO", "CAPACITY": 19, "RENTAL_METHODS": "KEY,CREDITCARD", "REGION_ID": "42", "REGION_NAME": "Washington, DC", "GIS_ID": null, "LATITUDE": 38.869337, "LONGITUDE": -76.978519, "GIS_LAST_MOD_DTTM": "2026-06-22T16:32:06Z", "OBJECTID": 357728345 }, "geometry": { "type": "Point", "coordinates": [ -76.978522955295873, 38.869347564892536 ] } },
{ "type": "Feature", "properties": { "NAME": "Wilson Blvd & N Franklin Rd", "STATION_TYPE": "classic", "STATION_ID": "0824fb6c-1f3f-11e7-bf6b-3863bb334450", "STATION_STATUS": null, "LAST_REPORTED": "2026-06-22T16:30:57Z", "NUM_DOCKS_AVAILABLE": 2, "NUM_DOCKS_DISABLED": 0, "NUM_BIKES_AVAILABLE": 9, "NUM_EBIKES_AVAILABLE": 0, "NUM_BIKES_DISABLED": 0, "IS_INSTALLED": "YES", "IS_RETURNING": "YES", "IS_RENTING": "YES", "HAS_KIOSK": "YES", "IOS": "https://dc.lft.to/lastmile_qr_scan", "ANDROID": "https://dc.lft.to/lastmile_qr_scan", "ELECTRIC_BIKE_SURCHARGE_WAIVER": "NO", "EIGHTD_HAS_KEY_DISPENSER": "NO", "CAPACITY": 12, "RENTAL_METHODS": "KEY,CREDITCARD", "REGION_ID": "41", "REGION_NAME": "Arlington, VA", "GIS_ID": null, "LATITUDE": 38.8904, "LONGITUDE": -77.0889, "GIS_LAST_MOD_DTTM": "2026-06-22T16:32:06Z", "OBJECTID": 357728346 }, "geometry": { "type": "Point", "coordinates": [ -77.088907307210022, 38.890404348471179 ] } },
{ "type": "Feature", "properties": { "NAME": "17th & Corcoran St NW", "STATION_TYPE": "classic", "STATION_ID": "08249549-1f3f-11e7-bf6b-3863bb334450", "STATION_STATUS": null, "LAST_REPORTED": "2026-06-22T16:30:57Z", "NUM_DOCKS_AVAILABLE": 19, "NUM_DOCKS_DISABLED": 0, "NUM_BIKES_AVAILABLE": 0, "NUM_EBIKES_AVAILABLE": 0, "NUM_BIKES_DISABLED": 0, "IS_INSTALLED": "YES", "IS_RETURNING": "YES", "IS_RENTING": "YES", "HAS_KIOSK": "YES", "IOS": "https://dc.lft.to/lastmile_qr_scan", "ANDROID": "https://dc.lft.to/lastmile_qr_scan", "ELECTRIC_BIKE_SURCHARGE_WAIVER": "NO", "EIGHTD_HAS_KEY_DISPENSER": "NO", "CAPACITY": 19, "RENTAL_METHODS": "KEY,CREDITCARD", "REGION_ID": "42", "REGION_NAME": "Washington, DC", "GIS_ID": null, "LATITUDE": 38.9121, "LONGITUDE": -77.0387, "GIS_LAST_MOD_DTTM": "2026-06-22T16:32:06Z", "OBJECTID": 357728347 }, "geometry": { "type": "Point", "coordinates": [ -77.038697475218186, 38.912105886522944 ] } },
{ "type": "Feature", "properties": { "NAME": "Huntington Ave & Metroview Pkwy", "STATION_TYPE": "classic", "STATION_ID": "2116135560983319330", "STATION_STATUS": null, "LAST_REPORTED": "2026-06-22T16:30:55Z", "NUM_DOCKS_AVAILABLE": 2, "NUM_DOCKS_DISABLED": 0, "NUM_BIKES_AVAILABLE": 8, "NUM_EBIKES_AVAILABLE": 3, "NUM_BIKES_DISABLED": 1, "IS_INSTALLED": "YES", "IS_RETURNING": "YES", "IS_RENTING": "YES", "HAS_KIOSK": "YES", "IOS": "https://dc.lft.to/lastmile_qr_scan", "ANDROID": "https://dc.lft.to/lastmile_qr_scan", "ELECTRIC_BIKE_SURCHARGE_WAIVER": "NO", "EIGHTD_HAS_KEY_DISPENSER": "NO", "CAPACITY": 11, "RENTAL_METHODS": "KEY,CREDITCARD", "REGION_ID": "104", "REGION_NAME": "Fairfax, VA", "GIS_ID": null, "LATITUDE": 38.797242, "LONGITUDE": -77.074949, "GIS_LAST_MOD_DTTM": "2026-06-22T16:32:06Z", "OBJECTID": 357728348 }, "geometry": { "type": "Point", "coordinates": [ -77.074954403517793, 38.797248759758112 ] } },
{ "type": "Feature", "properties": { "NAME": "15th & Chapin St NW", "STATION_TYPE": "classic", "STATION_ID": "2161098507849464176", "STATION_STATUS": null, "LAST_REPORTED": "2026-06-22T16:30:55Z", "NUM_DOCKS_AVAILABLE": 10, "NUM_DOCKS_DISABLED": 0, "NUM_BIKES_AVAILABLE": 1, "NUM_EBIKES_AVAILABLE": 0, "NUM_BIKES_DISABLED": 0, "IS_INSTALLED": "YES", "IS_RETURNING": "YES", "IS_RENTING": "YES", "HAS_KIOSK": "YES", "IOS": "https://dc.lft.to/lastmile_qr_scan", "ANDROID": "https://dc.lft.to/lastmile_qr_scan", "ELECTRIC_BIKE_SURCHARGE_WAIVER": "NO", "EIGHTD_HAS_KEY_DISPENSER": "NO", "CAPACITY": 11, "RENTAL_METHODS": "KEY,CREDITCARD", "REGION_ID": "42", "REGION_NAME": "Washington, DC", "GIS_ID": null, "LATITUDE": 38.921468, "LONGITUDE": -77.035244, "GIS_LAST_MOD_DTTM": "2026-06-22T16:32:06Z", "OBJECTID": 357728349 }, "geometry": { "type": "Point", "coordinates": [ -77.035243059588566, 38.921475646400168 ] } },
{ "type": "Feature", "properties": { "NAME": "Arlington Mill Cmty Center / Columbia Pike & S Dinwiddie St", "STATION_TYPE": "classic", "STATION_ID": "08257239-1f3f-11e7-bf6b-3863bb334450", "STATION_STATUS": null, "LAST_REPORTED": "2026-06-22T16:31:04Z", "NUM_DOCKS_AVAILABLE": 14, "NUM_DOCKS_DISABLED": 0, "NUM_BIKES_AVAILABLE": 0, "NUM_EBIKES_AVAILABLE": 0, "NUM_BIKES_DISABLED": 1, "IS_INSTALLED": "YES", "IS_RETURNING": "YES", "IS_RENTING": "YES", "HAS_KIOSK": "YES", "IOS": "https://dc.lft.to/lastmile_qr_scan", "ANDROID": "https://dc.lft.to/lastmile_qr_scan", "ELECTRIC_BIKE_SURCHARGE_WAIVER": "NO", "EIGHTD_HAS_KEY_DISPENSER": "NO", "CAPACITY": 15, "RENTAL_METHODS": "KEY,CREDITCARD", "REGION_ID": "41", "REGION_NAME": "Arlington, VA", "GIS_ID": null, "LATITUDE": 38.856319, "LONGITUDE": -77.11153, "GIS_LAST_MOD_DTTM": "2026-06-22T16:32:06Z", "OBJECTID": 357728350 }, "geometry": { "type": "Point", "coordinates": [ -77.111526955257972, 38.856324147158475 ] } },
{ "type": "Feature", "properties": { "NAME": "Rhode Island & Connecticut Ave NW", "STATION_TYPE": "classic", "STATION_ID": "0824f644-1f3f-11e7-bf6b-3863bb334450", "STATION_STATUS": null, "LAST_REPORTED": "2026-06-22T16:31:05Z", "NUM_DOCKS_AVAILABLE": 7, "NUM_DOCKS_DISABLED": 0, "NUM_BIKES_AVAILABLE": 17, "NUM_EBIKES_AVAILABLE": 7, "NUM_BIKES_DISABLED": 0, "IS_INSTALLED": "YES", "IS_RETURNING": "YES", "IS_RENTING": "YES", "HAS_KIOSK": "NO", "IOS": "https://dc.lft.to/lastmile_qr_scan", "ANDROID": "https://dc.lft.to/lastmile_qr_scan", "ELECTRIC_BIKE_SURCHARGE_WAIVER": "NO", "EIGHTD_HAS_KEY_DISPENSER": "NO", "CAPACITY": 24, "RENTAL_METHODS": "KEY,CREDITCARD", "REGION_ID": "42", "REGION_NAME": "Washington, DC", "GIS_ID": null, "LATITUDE": 38.905996, "LONGITUDE": -77.039802, "GIS_LAST_MOD_DTTM": "2026-06-22T16:32:06Z", "OBJECTID": 357728351 }, "geometry": { "type": "Point", "coordinates": [ -77.039800966211359, 38.906006865301585 ] } },
{ "type": "Feature", "properties": { "NAME": "Four Mile Rd & Milan Dr", "STATION_TYPE": "classic", "STATION_ID": "2087539912692721944", "STATION_STATUS": null, "LAST_REPORTED": "2026-06-22T16:31:05Z", "NUM_DOCKS_AVAILABLE": 5, "NUM_DOCKS_DISABLED": 0, "NUM_BIKES_AVAILABLE": 10, "NUM_EBIKES_AVAILABLE": 0, "NUM_BIKES_DISABLED": 0, "IS_INSTALLED": "YES", "IS_RETURNING": "YES", "IS_RENTING": "YES", "HAS_KIOSK": "YES", "IOS": "https://dc.lft.to/lastmile_qr_scan", "ANDROID": "https://dc.lft.to/lastmile_qr_scan", "ELECTRIC_BIKE_SURCHARGE_WAIVER": "NO", "EIGHTD_HAS_KEY_DISPENSER": "NO", "CAPACITY": 15, "RENTAL_METHODS": "KEY,CREDITCARD", "REGION_ID": "40", "REGION_NAME": "Alexandria, VA", "GIS_ID": null, "LATITUDE": 38.842968, "LONGITUDE": -77.068949, "GIS_LAST_MOD_DTTM": "2026-06-22T16:32:06Z", "OBJECTID": 357728352 }, "geometry": { "type": "Point", "coordinates": [ -77.068954946713816, 38.842979518914433 ] } },
{ "type": "Feature", "properties": { "NAME": "12th & Varnum St NE", "STATION_TYPE": "classic", "STATION_ID": "e800b2e8-5d8c-4ca1-920b-9622fa2a87ea", "STATION_STATUS": null, "LAST_REPORTED": "2026-06-22T16:31:04Z", "NUM_DOCKS_AVAILABLE": 2, "NUM_DOCKS_DISABLED": 0, "NUM_BIKES_AVAILABLE": 13, "NUM_EBIKES_AVAILABLE": 2, "NUM_BIKES_DISABLED": 0, "IS_INSTALLED": "YES", "IS_RETURNING": "YES", "IS_RENTING": "YES", "HAS_KIOSK": "YES", "IOS": "https://dc.lft.to/lastmile_qr_scan", "ANDROID": "https://dc.lft.to/lastmile_qr_scan", "ELECTRIC_BIKE_SURCHARGE_WAIVER": "NO", "EIGHTD_HAS_KEY_DISPENSER": "NO", "CAPACITY": 15, "RENTAL_METHODS": "KEY,CREDITCARD", "REGION_ID": "42", "REGION_NAME": "Washington, DC", "GIS_ID": null, "LATITUDE": 38.943596, "LONGITUDE": -76.990157, "GIS_LAST_MOD_DTTM": "2026-06-22T16:32:06Z", "OBJECTID": 357728353 }, "geometry": { "type": "Point", "coordinates": [ -76.990162721018621, 38.943604947878491 ] } },
{ "type": "Feature", "properties": { "NAME": "14th St & Luzon Ave NW", "STATION_TYPE": "classic", "STATION_ID": "eda09ed8-ca5e-4187-938c-3260cabdf82d", "STATION_STATUS": null, "LAST_REPORTED": "2026-06-22T16:31:05Z", "NUM_DOCKS_AVAILABLE": 6, "NUM_DOCKS_DISABLED": 0, "NUM_BIKES_AVAILABLE": 9, "NUM_EBIKES_AVAILABLE": 2, "NUM_BIKES_DISABLED": 0, "IS_INSTALLED": "YES", "IS_RETURNING": "YES", "IS_RENTING": "YES", "HAS_KIOSK": "YES", "IOS": "https://dc.lft.to/lastmile_qr_scan", "ANDROID": "https://dc.lft.to/lastmile_qr_scan", "ELECTRIC_BIKE_SURCHARGE_WAIVER": "NO", "EIGHTD_HAS_KEY_DISPENSER": "NO", "CAPACITY": 15, "RENTAL_METHODS": "KEY,CREDITCARD", "REGION_ID": "42", "REGION_NAME": "Washington, DC", "GIS_ID": null, "LATITUDE": 38.969489, "LONGITUDE": -77.033509, "GIS_LAST_MOD_DTTM": "2026-06-22T16:32:06Z", "OBJECTID": 357728354 }, "geometry": { "type": "Point", "coordinates": [ -77.033512815872214, 38.969499319593275 ] } },
{ "type": "Feature", "properties": { "NAME": "S Jordan St & Venable St", "STATION_TYPE": "classic", "STATION_ID": "599f7a69-823e-419a-b70e-8f9666dd4bd1", "STATION_STATUS": null, "LAST_REPORTED": "2026-06-22T16:31:04Z", "NUM_DOCKS_AVAILABLE": 7, "NUM_DOCKS_DISABLED": 0, "NUM_BIKES_AVAILABLE": 8, "NUM_EBIKES_AVAILABLE": 2, "NUM_BIKES_DISABLED": 0, "IS_INSTALLED": "YES", "IS_RETURNING": "YES", "IS_RENTING": "YES", "HAS_KIOSK": "YES", "IOS": "https://dc.lft.to/lastmile_qr_scan", "ANDROID": "https://dc.lft.to/lastmile_qr_scan", "ELECTRIC_BIKE_SURCHARGE_WAIVER": "NO", "EIGHTD_HAS_KEY_DISPENSER": "NO", "CAPACITY": 15, "RENTAL_METHODS": "KEY,CREDITCARD", "REGION_ID": "40", "REGION_NAME": "Alexandria, VA", "GIS_ID": null, "LATITUDE": 38.811361, "LONGITUDE": -77.109975, "GIS_LAST_MOD_DTTM": "2026-06-22T16:32:06Z", "OBJECTID": 357728355 }, "geometry": { "type": "Point", "coordinates": [ -77.109982971450506, 38.811364351430015 ] } },
{ "type": "Feature", "properties": { "NAME": "8th & V St NW", "STATION_TYPE": "classic", "STATION_ID": "3900eddf-b06d-4763-af70-1126603508d0", "STATION_STATUS": null, "LAST_REPORTED": "2026-06-22T16:31:04Z", "NUM_DOCKS_AVAILABLE": 14, "NUM_DOCKS_DISABLED": 0, "NUM_BIKES_AVAILABLE": 2, "NUM_EBIKES_AVAILABLE": 0, "NUM_BIKES_DISABLED": 1, "IS_INSTALLED": "YES", "IS_RETURNING": "YES", "IS_RENTING": "YES", "HAS_KIOSK": "YES", "IOS": "https://dc.lft.to/lastmile_qr_scan", "ANDROID": "https://dc.lft.to/lastmile_qr_scan", "ELECTRIC_BIKE_SURCHARGE_WAIVER": "NO", "EIGHTD_HAS_KEY_DISPENSER": "NO", "CAPACITY": 19, "RENTAL_METHODS": "KEY,CREDITCARD", "REGION_ID": "42", "REGION_NAME": "Washington, DC", "GIS_ID": null, "LATITUDE": 38.917716, "LONGITUDE": -77.022684, "GIS_LAST_MOD_DTTM": "2026-06-22T16:32:06Z", "OBJECTID": 357728356 }, "geometry": { "type": "Point", "coordinates": [ -77.022683879744662, 38.917722286447272 ] } },
{ "type": "Feature", "properties": { "NAME": "19th & I St NW", "STATION_TYPE": "classic", "STATION_ID": "08253908-1f3f-11e7-bf6b-3863bb334450", "STATION_STATUS": null, "LAST_REPORTED": "2026-06-22T16:31:04Z", "NUM_DOCKS_AVAILABLE": 6, "NUM_DOCKS_DISABLED": 0, "NUM_BIKES_AVAILABLE": 17, "NUM_EBIKES_AVAILABLE": 7, "NUM_BIKES_DISABLED": 0, "IS_INSTALLED": "YES", "IS_RETURNING": "YES", "IS_RENTING": "YES", "HAS_KIOSK": "YES", "IOS": "https://dc.lft.to/lastmile_qr_scan", "ANDROID": "https://dc.lft.to/lastmile_qr_scan", "ELECTRIC_BIKE_SURCHARGE_WAIVER": "NO", "EIGHTD_HAS_KEY_DISPENSER": "NO", "CAPACITY": 23, "RENTAL_METHODS": "KEY,CREDITCARD", "REGION_ID": "42", "REGION_NAME": "Washington, DC", "GIS_ID": null, "LATITUDE": 38.901633, "LONGITUDE": -77.043386, "GIS_LAST_MOD_DTTM": "2026-06-22T16:32:06Z", "OBJECTID": 357728357 }, "geometry": { "type": "Point", "coordinates": [ -77.043383878938883, 38.901636537499932 ] } },
{ "type": "Feature", "properties": { "NAME": "9th St & Pennsylvania Ave NW", "STATION_TYPE": "classic", "STATION_ID": "5d8b76d9-ae82-464b-87f1-37553a9fec6c", "STATION_STATUS": null, "LAST_REPORTED": "2026-06-22T16:31:03Z", "NUM_DOCKS_AVAILABLE": 4, "NUM_DOCKS_DISABLED": 0, "NUM_BIKES_AVAILABLE": 21, "NUM_EBIKES_AVAILABLE": 6, "NUM_BIKES_DISABLED": 2, "IS_INSTALLED": "YES", "IS_RETURNING": "YES", "IS_RENTING": "YES", "HAS_KIOSK": "YES", "IOS": "https://dc.lft.to/lastmile_qr_scan", "ANDROID": "https://dc.lft.to/lastmile_qr_scan", "ELECTRIC_BIKE_SURCHARGE_WAIVER": "NO", "EIGHTD_HAS_KEY_DISPENSER": "NO", "CAPACITY": 27, "RENTAL_METHODS": "KEY,CREDITCARD", "REGION_ID": "42", "REGION_NAME": "Washington, DC", "GIS_ID": null, "LATITUDE": 38.89428, "LONGITUDE": -77.023979, "GIS_LAST_MOD_DTTM": "2026-06-22T16:32:06Z", "OBJECTID": 357728358 }, "geometry": { "type": "Point", "coordinates": [ -77.023979010634221, 38.894291307402419 ] } },
{ "type": "Feature", "properties": { "NAME": "Tanger Outlets", "STATION_TYPE": "classic", "STATION_ID": "fc64c842-980f-40be-a4b6-7750a28ecc19", "STATION_STATUS": null, "LAST_REPORTED": "2026-06-22T16:31:00Z", "NUM_DOCKS_AVAILABLE": 2, "NUM_DOCKS_DISABLED": 0, "NUM_BIKES_AVAILABLE": 13, "NUM_EBIKES_AVAILABLE": 3, "NUM_BIKES_DISABLED": 0, "IS_INSTALLED": "YES", "IS_RETURNING": "YES", "IS_RENTING": "YES", "HAS_KIOSK": "YES", "IOS": "https://dc.lft.to/lastmile_qr_scan", "ANDROID": "https://dc.lft.to/lastmile_qr_scan", "ELECTRIC_BIKE_SURCHARGE_WAIVER": "NO", "EIGHTD_HAS_KEY_DISPENSER": "NO", "CAPACITY": 15, "RENTAL_METHODS": "KEY,CREDITCARD", "REGION_ID": "133", "REGION_NAME": "Prince George's County", "GIS_ID": null, "LATITUDE": 38.7968, "LONGITUDE": -77.0026, "GIS_LAST_MOD_DTTM": "2026-06-22T16:32:06Z", "OBJECTID": 357728359 }, "geometry": { "type": "Point", "coordinates": [ -77.00260388580763, 38.796804369824528 ] } },
{ "type": "Feature", "properties": { "NAME": "N Oak St & W Broad St", "STATION_TYPE": "classic", "STATION_ID": "edb40673-8b68-4db1-b9bf-6cb7943fdb50", "STATION_STATUS": null, "LAST_REPORTED": "2026-06-22T16:31:00Z", "NUM_DOCKS_AVAILABLE": 11, "NUM_DOCKS_DISABLED": 0, "NUM_BIKES_AVAILABLE": 1, "NUM_EBIKES_AVAILABLE": 0, "NUM_BIKES_DISABLED": 0, "IS_INSTALLED": "YES", "IS_RETURNING": "YES", "IS_RENTING": "YES", "HAS_KIOSK": "YES", "IOS": "https://dc.lft.to/lastmile_qr_scan", "ANDROID": "https://dc.lft.to/lastmile_qr_scan", "ELECTRIC_BIKE_SURCHARGE_WAIVER": "NO", "EIGHTD_HAS_KEY_DISPENSER": "NO", "CAPACITY": 12, "RENTAL_METHODS": "KEY,CREDITCARD", "REGION_ID": "152", "REGION_NAME": "Falls Church, VA", "GIS_ID": null, "LATITUDE": 38.88837, "LONGITUDE": -77.179832, "GIS_LAST_MOD_DTTM": "2026-06-22T16:32:06Z", "OBJECTID": 357728360 }, "geometry": { "type": "Point", "coordinates": [ -77.179836008761271, 38.888380957541209 ] } },
{ "type": "Feature", "properties": { "NAME": "Eads St & 22nd St S", "STATION_TYPE": "classic", "STATION_ID": "0824866e-1f3f-11e7-bf6b-3863bb334450", "STATION_STATUS": null, "LAST_REPORTED": "2026-06-22T16:31:01Z", "NUM_DOCKS_AVAILABLE": 6, "NUM_DOCKS_DISABLED": 0, "NUM_BIKES_AVAILABLE": 9, "NUM_EBIKES_AVAILABLE": 1, "NUM_BIKES_DISABLED": 0, "IS_INSTALLED": "YES", "IS_RETURNING": "YES", "IS_RENTING": "YES", "HAS_KIOSK": "YES", "IOS": "https://dc.lft.to/lastmile_qr_scan", "ANDROID": "https://dc.lft.to/lastmile_qr_scan", "ELECTRIC_BIKE_SURCHARGE_WAIVER": "NO", "EIGHTD_HAS_KEY_DISPENSER": "NO", "CAPACITY": 15, "RENTAL_METHODS": "KEY,CREDITCARD", "REGION_ID": "41", "REGION_NAME": "Arlington, VA", "GIS_ID": null, "LATITUDE": 38.854381, "LONGITUDE": -77.053412, "GIS_LAST_MOD_DTTM": "2026-06-22T16:32:06Z", "OBJECTID": 357728361 }, "geometry": { "type": "Point", "coordinates": [ -77.053412848824109, 38.854392351894816 ] } },
{ "type": "Feature", "properties": { "NAME": "8th & Eye St SE / Barracks Row", "STATION_TYPE": "classic", "STATION_ID": "08249671-1f3f-11e7-bf6b-3863bb334450", "STATION_STATUS": null, "LAST_REPORTED": "2026-06-22T16:31:01Z", "NUM_DOCKS_AVAILABLE": 1, "NUM_DOCKS_DISABLED": 0, "NUM_BIKES_AVAILABLE": 9, "NUM_EBIKES_AVAILABLE": 0, "NUM_BIKES_DISABLED": 1, "IS_INSTALLED": "YES", "IS_RETURNING": "YES", "IS_RENTING": "YES", "HAS_KIOSK": "YES", "IOS": "https://dc.lft.to/lastmile_qr_scan", "ANDROID": "https://dc.lft.to/lastmile_qr_scan", "ELECTRIC_BIKE_SURCHARGE_WAIVER": "NO", "EIGHTD_HAS_KEY_DISPENSER": "NO", "CAPACITY": 11, "RENTAL_METHODS": "KEY,CREDITCARD", "REGION_ID": "42", "REGION_NAME": "Washington, DC", "GIS_ID": null, "LATITUDE": 38.8792, "LONGITUDE": -76.9953, "GIS_LAST_MOD_DTTM": "2026-06-22T16:32:06Z", "OBJECTID": 357728362 }, "geometry": { "type": "Point", "coordinates": [ -76.9953001493936, 38.879204635629222 ] } },
{ "type": "Feature", "properties": { "NAME": "Patrick Henry Dr & Willston Dr", "STATION_TYPE": "classic", "STATION_ID": "2218210528564475044", "STATION_STATUS": null, "LAST_REPORTED": "2026-06-22T16:31:05Z", "NUM_DOCKS_AVAILABLE": 6, "NUM_DOCKS_DISABLED": 0, "NUM_BIKES_AVAILABLE": 4, "NUM_EBIKES_AVAILABLE": 3, "NUM_BIKES_DISABLED": 1, "IS_INSTALLED": "YES", "IS_RETURNING": "YES", "IS_RENTING": "YES", "HAS_KIOSK": "YES", "IOS": "https://dc.lft.to/lastmile_qr_scan", "ANDROID": "https://dc.lft.to/lastmile_qr_scan", "ELECTRIC_BIKE_SURCHARGE_WAIVER": "NO", "EIGHTD_HAS_KEY_DISPENSER": "NO", "CAPACITY": 11, "RENTAL_METHODS": "KEY,CREDITCARD", "REGION_ID": "104", "REGION_NAME": "Fairfax, VA", "GIS_ID": null, "LATITUDE": 38.871054, "LONGITUDE": -77.146582, "GIS_LAST_MOD_DTTM": "2026-06-22T16:32:06Z", "OBJECTID": 357728363 }, "geometry": { "type": "Point", "coordinates": [ -77.14658151965132, 38.871059221098648 ] } },
{ "type": "Feature", "properties": { "NAME": "Ridge Rd Community Center", "STATION_TYPE": "classic", "STATION_ID": "db81ad06-aad3-4e23-b2b9-05b39b41f8fc", "STATION_STATUS": null, "LAST_REPORTED": "2026-06-22T16:31:00Z", "NUM_DOCKS_AVAILABLE": 19, "NUM_DOCKS_DISABLED": 0, "NUM_BIKES_AVAILABLE": 0, "NUM_EBIKES_AVAILABLE": 0, "NUM_BIKES_DISABLED": 0, "IS_INSTALLED": "YES", "IS_RETURNING": "YES", "IS_RENTING": "YES", "HAS_KIOSK": "YES", "IOS": "https://dc.lft.to/lastmile_qr_scan", "ANDROID": "https://dc.lft.to/lastmile_qr_scan", "ELECTRIC_BIKE_SURCHARGE_WAIVER": "NO", "EIGHTD_HAS_KEY_DISPENSER": "NO", "CAPACITY": 19, "RENTAL_METHODS": "KEY,CREDITCARD", "REGION_ID": "42", "REGION_NAME": "Washington, DC", "GIS_ID": null, "LATITUDE": 38.876227, "LONGITUDE": -76.940981, "GIS_LAST_MOD_DTTM": "2026-06-22T16:32:06Z", "OBJECTID": 357728364 }, "geometry": { "type": "Point", "coordinates": [ -76.940986051556408, 38.87623506685248 ] } },
{ "type": "Feature", "properties": { "NAME": "Washington Blvd & Walter Reed Dr ", "STATION_TYPE": "classic", "STATION_ID": "0825bf2b-1f3f-11e7-bf6b-3863bb334450", "STATION_STATUS": null, "LAST_REPORTED": "2026-06-22T16:31:00Z", "NUM_DOCKS_AVAILABLE": 9, "NUM_DOCKS_DISABLED": 0, "NUM_BIKES_AVAILABLE": 2, "NUM_EBIKES_AVAILABLE": 1, "NUM_BIKES_DISABLED": 1, "IS_INSTALLED": "YES", "IS_RETURNING": "YES", "IS_RENTING": "YES", "HAS_KIOSK": "NO", "IOS": "https://dc.lft.to/lastmile_qr_scan", "ANDROID": "https://dc.lft.to/lastmile_qr_scan", "ELECTRIC_BIKE_SURCHARGE_WAIVER": "NO", "EIGHTD_HAS_KEY_DISPENSER": "NO", "CAPACITY": 12, "RENTAL_METHODS": "KEY,CREDITCARD", "REGION_ID": "41", "REGION_NAME": "Arlington, VA", "GIS_ID": null, "LATITUDE": 38.873219, "LONGITUDE": -77.082104, "GIS_LAST_MOD_DTTM": "2026-06-22T16:32:06Z", "OBJECTID": 357728365 }, "geometry": { "type": "Point", "coordinates": [ -77.082109871204935, 38.873230319581396 ] } },
{ "type": "Feature", "properties": { "NAME": "10th St & Rhode Island Ave NE", "STATION_TYPE": "classic", "STATION_ID": "a62f9324-6f6e-4bdb-9206-3ca05517e607", "STATION_STATUS": null, "LAST_REPORTED": "2026-06-22T16:31:01Z", "NUM_DOCKS_AVAILABLE": 14, "NUM_DOCKS_DISABLED": 0, "NUM_BIKES_AVAILABLE": 5, "NUM_EBIKES_AVAILABLE": 1, "NUM_BIKES_DISABLED": 0, "IS_INSTALLED": "YES", "IS_RETURNING": "YES", "IS_RENTING": "YES", "HAS_KIOSK": "YES", "IOS": "https://dc.lft.to/lastmile_qr_scan", "ANDROID": "https://dc.lft.to/lastmile_qr_scan", "ELECTRIC_BIKE_SURCHARGE_WAIVER": "NO", "EIGHTD_HAS_KEY_DISPENSER": "NO", "CAPACITY": 19, "RENTAL_METHODS": "KEY,CREDITCARD", "REGION_ID": "42", "REGION_NAME": "Washington, DC", "GIS_ID": null, "LATITUDE": 38.922489, "LONGITUDE": -76.99267, "GIS_LAST_MOD_DTTM": "2026-06-22T16:32:06Z", "OBJECTID": 357728366 }, "geometry": { "type": "Point", "coordinates": [ -76.99266803957839, 38.922498672162817 ] } },
{ "type": "Feature", "properties": { "NAME": "28th St & S Meade St", "STATION_TYPE": "classic", "STATION_ID": "082546fc-1f3f-11e7-bf6b-3863bb334450", "STATION_STATUS": null, "LAST_REPORTED": "2026-06-22T16:31:01Z", "NUM_DOCKS_AVAILABLE": 10, "NUM_DOCKS_DISABLED": 0, "NUM_BIKES_AVAILABLE": 5, "NUM_EBIKES_AVAILABLE": 2, "NUM_BIKES_DISABLED": 0, "IS_INSTALLED": "YES", "IS_RETURNING": "YES", "IS_RENTING": "YES", "HAS_KIOSK": "YES", "IOS": "https://dc.lft.to/lastmile_qr_scan", "ANDROID": "https://dc.lft.to/lastmile_qr_scan", "ELECTRIC_BIKE_SURCHARGE_WAIVER": "NO", "EIGHTD_HAS_KEY_DISPENSER": "NO", "CAPACITY": 15, "RENTAL_METHODS": "KEY,CREDITCARD", "REGION_ID": "41", "REGION_NAME": "Arlington, VA", "GIS_ID": null, "LATITUDE": 38.846222, "LONGITUDE": -77.069275, "GIS_LAST_MOD_DTTM": "2026-06-22T16:32:06Z", "OBJECTID": 357728367 }, "geometry": { "type": "Point", "coordinates": [ -77.069280634225137, 38.846231375808436 ] } },
{ "type": "Feature", "properties": { "NAME": "Perry & 35th St", "STATION_TYPE": "classic", "STATION_ID": "068e6359-1741-4240-9ed1-07a9038bc319", "STATION_STATUS": null, "LAST_REPORTED": "2026-06-22T16:31:06Z", "NUM_DOCKS_AVAILABLE": 3, "NUM_DOCKS_DISABLED": 0, "NUM_BIKES_AVAILABLE": 12, "NUM_EBIKES_AVAILABLE": 0, "NUM_BIKES_DISABLED": 0, "IS_INSTALLED": "YES", "IS_RETURNING": "YES", "IS_RENTING": "YES", "HAS_KIOSK": "YES", "IOS": "https://dc.lft.to/lastmile_qr_scan", "ANDROID": "https://dc.lft.to/lastmile_qr_scan", "ELECTRIC_BIKE_SURCHARGE_WAIVER": "NO", "EIGHTD_HAS_KEY_DISPENSER": "NO", "CAPACITY": 15, "RENTAL_METHODS": "KEY,CREDITCARD", "REGION_ID": "133", "REGION_NAME": "Prince George's County", "GIS_ID": null, "LATITUDE": 38.936213, "LONGITUDE": -76.960054, "GIS_LAST_MOD_DTTM": "2026-06-22T16:32:06Z", "OBJECTID": 357728368 }, "geometry": { "type": "Point", "coordinates": [ -76.960059863450667, 38.93622074587806 ] } },
{ "type": "Feature", "properties": { "NAME": "Tysons Metro North", "STATION_TYPE": "classic", "STATION_ID": "08263601-1f3f-11e7-bf6b-3863bb334450", "STATION_STATUS": null, "LAST_REPORTED": "2026-06-22T16:31:07Z", "NUM_DOCKS_AVAILABLE": 5, "NUM_DOCKS_DISABLED": 0, "NUM_BIKES_AVAILABLE": 10, "NUM_EBIKES_AVAILABLE": 0, "NUM_BIKES_DISABLED": 0, "IS_INSTALLED": "YES", "IS_RETURNING": "YES", "IS_RENTING": "YES", "HAS_KIOSK": "YES", "IOS": "https://dc.lft.to/lastmile_qr_scan", "ANDROID": "https://dc.lft.to/lastmile_qr_scan", "ELECTRIC_BIKE_SURCHARGE_WAIVER": "NO", "EIGHTD_HAS_KEY_DISPENSER": "NO", "CAPACITY": 15, "RENTAL_METHODS": "KEY,CREDITCARD", "REGION_ID": "104", "REGION_NAME": "Fairfax, VA", "GIS_ID": null, "LATITUDE": 38.920939, "LONGITUDE": -77.222115, "GIS_LAST_MOD_DTTM": "2026-06-22T16:32:06Z", "OBJECTID": 357728369 }, "geometry": { "type": "Point", "coordinates": [ -77.222112288006343, 38.920945574384618 ] } },
{ "type": "Feature", "properties": { "NAME": "10th & E St NW", "STATION_TYPE": "classic", "STATION_ID": "08253e7e-1f3f-11e7-bf6b-3863bb334450", "STATION_STATUS": null, "LAST_REPORTED": "2026-06-22T16:31:08Z", "NUM_DOCKS_AVAILABLE": 12, "NUM_DOCKS_DISABLED": 0, "NUM_BIKES_AVAILABLE": 8, "NUM_EBIKES_AVAILABLE": 6, "NUM_BIKES_DISABLED": 0, "IS_INSTALLED": "YES", "IS_RETURNING": "YES", "IS_RENTING": "YES", "HAS_KIOSK": "NO", "IOS": "https://dc.lft.to/lastmile_qr_scan", "ANDROID": "https://dc.lft.to/lastmile_qr_scan", "ELECTRIC_BIKE_SURCHARGE_WAIVER": "NO", "EIGHTD_HAS_KEY_DISPENSER": "NO", "CAPACITY": 20, "RENTAL_METHODS": "KEY,CREDITCARD", "REGION_ID": "42", "REGION_NAME": "Washington, DC", "GIS_ID": null, "LATITUDE": 38.895914, "LONGITUDE": -77.026064, "GIS_LAST_MOD_DTTM": "2026-06-22T16:32:06Z", "OBJECTID": 357728370 }, "geometry": { "type": "Point", "coordinates": [ -77.026066042701288, 38.895921375010147 ] } },
{ "type": "Feature", "properties": { "NAME": "W&OD Trail & Explorer St/Reston Bus Station", "STATION_TYPE": "classic", "STATION_ID": "08263a37-1f3f-11e7-bf6b-3863bb334450", "STATION_STATUS": null, "LAST_REPORTED": "2026-06-22T16:31:08Z", "NUM_DOCKS_AVAILABLE": 7, "NUM_DOCKS_DISABLED": 0, "NUM_BIKES_AVAILABLE": 10, "NUM_EBIKES_AVAILABLE": 0, "NUM_BIKES_DISABLED": 0, "IS_INSTALLED": "YES", "IS_RETURNING": "YES", "IS_RENTING": "YES", "HAS_KIOSK": "YES", "IOS": "https://dc.lft.to/lastmile_qr_scan", "ANDROID": "https://dc.lft.to/lastmile_qr_scan", "ELECTRIC_BIKE_SURCHARGE_WAIVER": "NO", "EIGHTD_HAS_KEY_DISPENSER": "NO", "CAPACITY": 17, "RENTAL_METHODS": "KEY,CREDITCARD", "REGION_ID": "104", "REGION_NAME": "Fairfax, VA", "GIS_ID": null, "LATITUDE": 38.957037, "LONGITUDE": -77.359718, "GIS_LAST_MOD_DTTM": "2026-06-22T16:32:06Z", "OBJECTID": 357728371 }, "geometry": { "type": "Point", "coordinates": [ -77.359716928835994, 38.957041846979344 ] } },
{ "type": "Feature", "properties": { "NAME": "Twinbrook Metro", "STATION_TYPE": "classic", "STATION_ID": "e581e0b6-51ea-416a-9ae7-6fe5219d7156", "STATION_STATUS": null, "LAST_REPORTED": "2026-06-22T16:31:08Z", "NUM_DOCKS_AVAILABLE": 11, "NUM_DOCKS_DISABLED": 0, "NUM_BIKES_AVAILABLE": 2, "NUM_EBIKES_AVAILABLE": 0, "NUM_BIKES_DISABLED": 1, "IS_INSTALLED": "YES", "IS_RETURNING": "YES", "IS_RENTING": "YES", "HAS_KIOSK": "YES", "IOS": "https://dc.lft.to/lastmile_qr_scan", "ANDROID": "https://dc.lft.to/lastmile_qr_scan", "ELECTRIC_BIKE_SURCHARGE_WAIVER": "NO", "EIGHTD_HAS_KEY_DISPENSER": "NO", "CAPACITY": 14, "RENTAL_METHODS": "KEY,CREDITCARD", "REGION_ID": "43", "REGION_NAME": "Montgomery County, MD (North)", "GIS_ID": null, "LATITUDE": 39.062041, "LONGITUDE": -77.120776, "GIS_LAST_MOD_DTTM": "2026-06-22T16:32:06Z", "OBJECTID": 357728372 }, "geometry": { "type": "Point", "coordinates": [ -77.12078092093131, 39.062045651651609 ] } },
{ "type": "Feature", "properties": { "NAME": "Joyce St & 16th St S", "STATION_TYPE": "classic", "STATION_ID": "0825fddc-1f3f-11e7-bf6b-3863bb334450", "STATION_STATUS": null, "LAST_REPORTED": "2026-06-22T16:31:11Z", "NUM_DOCKS_AVAILABLE": 14, "NUM_DOCKS_DISABLED": 0, "NUM_BIKES_AVAILABLE": 2, "NUM_EBIKES_AVAILABLE": 1, "NUM_BIKES_DISABLED": 0, "IS_INSTALLED": "YES", "IS_RETURNING": "YES", "IS_RENTING": "YES", "HAS_KIOSK": "NO", "IOS": "https://dc.lft.to/lastmile_qr_scan", "ANDROID": "https://dc.lft.to/lastmile_qr_scan", "ELECTRIC_BIKE_SURCHARGE_WAIVER": "NO", "EIGHTD_HAS_KEY_DISPENSER": "NO", "CAPACITY": 16, "RENTAL_METHODS": "KEY,CREDITCARD", "REGION_ID": "41", "REGION_NAME": "Arlington, VA", "GIS_ID": null, "LATITUDE": 38.859254, "LONGITUDE": -77.063275, "GIS_LAST_MOD_DTTM": "2026-06-22T16:32:06Z", "OBJECTID": 357728373 }, "geometry": { "type": "Point", "coordinates": [ -77.063278996970539, 38.859260981422828 ] } },
{ "type": "Feature", "properties": { "NAME": "19th & East Capitol St SE", "STATION_TYPE": "classic", "STATION_ID": "08247dd0-1f3f-11e7-bf6b-3863bb334450", "STATION_STATUS": null, "LAST_REPORTED": "2026-06-22T16:31:11Z", "NUM_DOCKS_AVAILABLE": 6, "NUM_DOCKS_DISABLED": 0, "NUM_BIKES_AVAILABLE": 9, "NUM_EBIKES_AVAILABLE": 4, "NUM_BIKES_DISABLED": 0, "IS_INSTALLED": "YES", "IS_RETURNING": "YES", "IS_RENTING": "YES", "HAS_KIOSK": "YES", "IOS": "https://dc.lft.to/lastmile_qr_scan", "ANDROID": "https://dc.lft.to/lastmile_qr_scan", "ELECTRIC_BIKE_SURCHARGE_WAIVER": "NO", "EIGHTD_HAS_KEY_DISPENSER": "NO", "CAPACITY": 15, "RENTAL_METHODS": "KEY,CREDITCARD", "REGION_ID": "42", "REGION_NAME": "Washington, DC", "GIS_ID": null, "LATITUDE": 38.8896, "LONGITUDE": -76.9769, "GIS_LAST_MOD_DTTM": "2026-06-22T16:32:06Z", "OBJECTID": 357728374 }, "geometry": { "type": "Point", "coordinates": [ -76.976903144886961, 38.889607131779883 ] } },
{ "type": "Feature", "properties": { "NAME": "Wisconsin Ave & Brandywine St NW", "STATION_TYPE": "classic", "STATION_ID": "082632a8-1f3f-11e7-bf6b-3863bb334450", "STATION_STATUS": null, "LAST_REPORTED": "2026-06-22T16:31:09Z", "NUM_DOCKS_AVAILABLE": 10, "NUM_DOCKS_DISABLED": 0, "NUM_BIKES_AVAILABLE": 15, "NUM_EBIKES_AVAILABLE": 5, "NUM_BIKES_DISABLED": 0, "IS_INSTALLED": "YES", "IS_RETURNING": "YES", "IS_RENTING": "YES", "HAS_KIOSK": "YES", "IOS": "https://dc.lft.to/lastmile_qr_scan", "ANDROID": "https://dc.lft.to/lastmile_qr_scan", "ELECTRIC_BIKE_SURCHARGE_WAIVER": "NO", "EIGHTD_HAS_KEY_DISPENSER": "NO", "CAPACITY": 25, "RENTAL_METHODS": "KEY,CREDITCARD", "REGION_ID": "42", "REGION_NAME": "Washington, DC", "GIS_ID": null, "LATITUDE": 38.949813, "LONGITUDE": -77.080217, "GIS_LAST_MOD_DTTM": "2026-06-22T16:32:06Z", "OBJECTID": 357728375 }, "geometry": { "type": "Point", "coordinates": [ -77.08021385843827, 38.949820580751947 ] } },
{ "type": "Feature", "properties": { "NAME": "Kansas Ave & Blair Rd NW", "STATION_TYPE": "classic", "STATION_ID": "2148132525526211060", "STATION_STATUS": null, "LAST_REPORTED": "2026-06-22T16:31:09Z", "NUM_DOCKS_AVAILABLE": 12, "NUM_DOCKS_DISABLED": 0, "NUM_BIKES_AVAILABLE": 8, "NUM_EBIKES_AVAILABLE": 5, "NUM_BIKES_DISABLED": 0, "IS_INSTALLED": "YES", "IS_RETURNING": "YES", "IS_RENTING": "YES", "HAS_KIOSK": "NO", "IOS": "https://dc.lft.to/lastmile_qr_scan", "ANDROID": "https://dc.lft.to/lastmile_qr_scan", "ELECTRIC_BIKE_SURCHARGE_WAIVER": "NO", "EIGHTD_HAS_KEY_DISPENSER": "NO", "CAPACITY": 20, "RENTAL_METHODS": "KEY,CREDITCARD", "REGION_ID": "42", "REGION_NAME": "Washington, DC", "GIS_ID": null, "LATITUDE": 38.962347, "LONGITUDE": -77.010457, "GIS_LAST_MOD_DTTM": "2026-06-22T16:32:06Z", "OBJECTID": 357728376 }, "geometry": { "type": "Point", "coordinates": [ -77.010455969442589, 38.962351105729482 ] } },
{ "type": "Feature", "properties": { "NAME": "Division Ave & Foote St NE", "STATION_TYPE": "classic", "STATION_ID": "0826337e-1f3f-11e7-bf6b-3863bb334450", "STATION_STATUS": null, "LAST_REPORTED": "2026-06-22T16:31:09Z", "NUM_DOCKS_AVAILABLE": 14, "NUM_DOCKS_DISABLED": 0, "NUM_BIKES_AVAILABLE": 1, "NUM_EBIKES_AVAILABLE": 0, "NUM_BIKES_DISABLED": 0, "IS_INSTALLED": "YES", "IS_RETURNING": "YES", "IS_RENTING": "YES", "HAS_KIOSK": "YES", "IOS": "https://dc.lft.to/lastmile_qr_scan", "ANDROID": "https://dc.lft.to/lastmile_qr_scan", "ELECTRIC_BIKE_SURCHARGE_WAIVER": "NO", "EIGHTD_HAS_KEY_DISPENSER": "NO", "CAPACITY": 15, "RENTAL_METHODS": "KEY,CREDITCARD", "REGION_ID": "42", "REGION_NAME": "Washington, DC", "GIS_ID": null, "LATITUDE": 38.897407, "LONGITUDE": -76.925907, "GIS_LAST_MOD_DTTM": "2026-06-22T16:32:06Z", "OBJECTID": 357728377 }, "geometry": { "type": "Point", "coordinates": [ -76.925913250535302, 38.897414197511885 ] } },
{ "type": "Feature", "properties": { "NAME": "M St & Delaware Ave NE", "STATION_TYPE": "classic", "STATION_ID": "0825459a-1f3f-11e7-bf6b-3863bb334450", "STATION_STATUS": null, "LAST_REPORTED": "2026-06-22T16:31:10Z", "NUM_DOCKS_AVAILABLE": 4, "NUM_DOCKS_DISABLED": 0, "NUM_BIKES_AVAILABLE": 18, "NUM_EBIKES_AVAILABLE": 0, "NUM_BIKES_DISABLED": 0, "IS_INSTALLED": "YES", "IS_RETURNING": "YES", "IS_RENTING": "YES", "HAS_KIOSK": "YES", "IOS": "https://dc.lft.to/lastmile_qr_scan", "ANDROID": "https://dc.lft.to/lastmile_qr_scan", "ELECTRIC_BIKE_SURCHARGE_WAIVER": "NO", "EIGHTD_HAS_KEY_DISPENSER": "NO", "CAPACITY": 23, "RENTAL_METHODS": "KEY,CREDITCARD", "REGION_ID": "42", "REGION_NAME": "Washington, DC", "GIS_ID": null, "LATITUDE": 38.905691, "LONGITUDE": -77.003201, "GIS_LAST_MOD_DTTM": "2026-06-22T16:32:06Z", "OBJECTID": 357728378 }, "geometry": { "type": "Point", "coordinates": [ -77.003207378170188, 38.905698309002979 ] } },
{ "type": "Feature", "properties": { "NAME": "Wisconsin Ave & O St NW", "STATION_TYPE": "classic", "STATION_ID": "08254f20-1f3f-11e7-bf6b-3863bb334450", "STATION_STATUS": null, "LAST_REPORTED": "2026-06-22T16:31:10Z", "NUM_DOCKS_AVAILABLE": 20, "NUM_DOCKS_DISABLED": 0, "NUM_BIKES_AVAILABLE": 4, "NUM_EBIKES_AVAILABLE": 0, "NUM_BIKES_DISABLED": 0, "IS_INSTALLED": "YES", "IS_RETURNING": "YES", "IS_RENTING": "YES", "HAS_KIOSK": "NO", "IOS": "https://dc.lft.to/lastmile_qr_scan", "ANDROID": "https://dc.lft.to/lastmile_qr_scan", "ELECTRIC_BIKE_SURCHARGE_WAIVER": "NO", "EIGHTD_HAS_KEY_DISPENSER": "NO", "CAPACITY": 24, "RENTAL_METHODS": "KEY,CREDITCARD", "REGION_ID": "42", "REGION_NAME": "Washington, DC", "GIS_ID": null, "LATITUDE": 38.90849, "LONGITUDE": -77.063586, "GIS_LAST_MOD_DTTM": "2026-06-22T16:32:06Z", "OBJECTID": 357728379 }, "geometry": { "type": "Point", "coordinates": [ -77.063587862796069, 38.908500661604876 ] } },
{ "type": "Feature", "properties": { "NAME": "Huntington Metro South", "STATION_TYPE": "classic", "STATION_ID": "2227803809419011638", "STATION_STATUS": null, "LAST_REPORTED": "2026-06-22T16:31:09Z", "NUM_DOCKS_AVAILABLE": 17, "NUM_DOCKS_DISABLED": 0, "NUM_BIKES_AVAILABLE": 1, "NUM_EBIKES_AVAILABLE": 0, "NUM_BIKES_DISABLED": 1, "IS_INSTALLED": "YES", "IS_RETURNING": "YES", "IS_RENTING": "YES", "HAS_KIOSK": "YES", "IOS": "https://dc.lft.to/lastmile_qr_scan", "ANDROID": "https://dc.lft.to/lastmile_qr_scan", "ELECTRIC_BIKE_SURCHARGE_WAIVER": "NO", "EIGHTD_HAS_KEY_DISPENSER": "NO", "CAPACITY": 19, "RENTAL_METHODS": "KEY,CREDITCARD", "REGION_ID": "104", "REGION_NAME": "Fairfax, VA", "GIS_ID": null, "LATITUDE": 38.792185, "LONGITUDE": -77.075959, "GIS_LAST_MOD_DTTM": "2026-06-22T16:32:06Z", "OBJECTID": 357728380 }, "geometry": { "type": "Point", "coordinates": [ -77.075962051264909, 38.792194329306334 ] } },
{ "type": "Feature", "properties": { "NAME": "Greensboro Dr & Silver Hill Dr", "STATION_TYPE": "classic", "STATION_ID": "2067308793601420186", "STATION_STATUS": null, "LAST_REPORTED": "2026-06-22T16:31:13Z", "NUM_DOCKS_AVAILABLE": 11, "NUM_DOCKS_DISABLED": 0, "NUM_BIKES_AVAILABLE": 0, "NUM_EBIKES_AVAILABLE": 0, "NUM_BIKES_DISABLED": 2, "IS_INSTALLED": "YES", "IS_RETURNING": "YES", "IS_RENTING": "YES", "HAS_KIOSK": "YES", "IOS": "https://dc.lft.to/lastmile_qr_scan", "ANDROID": "https://dc.lft.to/lastmile_qr_scan", "ELECTRIC_BIKE_SURCHARGE_WAIVER": "NO", "EIGHTD_HAS_KEY_DISPENSER": "NO", "CAPACITY": 15, "RENTAL_METHODS": "KEY,CREDITCARD", "REGION_ID": "104", "REGION_NAME": "Fairfax, VA", "GIS_ID": null, "LATITUDE": 38.924325, "LONGITUDE": -77.232091, "GIS_LAST_MOD_DTTM": "2026-06-22T16:32:06Z", "OBJECTID": 357728381 }, "geometry": { "type": "Point", "coordinates": [ -77.232098156005335, 38.924331324578873 ] } },
{ "type": "Feature", "properties": { "NAME": "West Hyattsville Metro", "STATION_TYPE": "classic", "STATION_ID": "cdaa435b-2b99-442a-a274-d6682067ad88", "STATION_STATUS": null, "LAST_REPORTED": "2026-06-22T16:31:13Z", "NUM_DOCKS_AVAILABLE": 12, "NUM_DOCKS_DISABLED": 2, "NUM_BIKES_AVAILABLE": 3, "NUM_EBIKES_AVAILABLE": 1, "NUM_BIKES_DISABLED": 0, "IS_INSTALLED": "YES", "IS_RETURNING": "YES", "IS_RENTING": "YES", "HAS_KIOSK": "YES", "IOS": "https://dc.lft.to/lastmile_qr_scan", "ANDROID": "https://dc.lft.to/lastmile_qr_scan", "ELECTRIC_BIKE_SURCHARGE_WAIVER": "NO", "EIGHTD_HAS_KEY_DISPENSER": "NO", "CAPACITY": 17, "RENTAL_METHODS": "KEY,CREDITCARD", "REGION_ID": "133", "REGION_NAME": "Prince George's County", "GIS_ID": null, "LATITUDE": 38.955349, "LONGITUDE": -76.968084, "GIS_LAST_MOD_DTTM": "2026-06-22T16:32:06Z", "OBJECTID": 357728382 }, "geometry": { "type": "Point", "coordinates": [ -76.968090534286773, 38.95535680930589 ] } },
{ "type": "Feature", "properties": { "NAME": "New Jersey Ave & N St NW/Dunbar HS", "STATION_TYPE": "classic", "STATION_ID": "0825b983-1f3f-11e7-bf6b-3863bb334450", "STATION_STATUS": null, "LAST_REPORTED": "2026-06-22T16:31:13Z", "NUM_DOCKS_AVAILABLE": 13, "NUM_DOCKS_DISABLED": 0, "NUM_BIKES_AVAILABLE": 6, "NUM_EBIKES_AVAILABLE": 0, "NUM_BIKES_DISABLED": 1, "IS_INSTALLED": "YES", "IS_RETURNING": "YES", "IS_RENTING": "YES", "HAS_KIOSK": "NO", "IOS": "https://dc.lft.to/lastmile_qr_scan", "ANDROID": "https://dc.lft.to/lastmile_qr_scan", "ELECTRIC_BIKE_SURCHARGE_WAIVER": "NO", "EIGHTD_HAS_KEY_DISPENSER": "NO", "CAPACITY": 20, "RENTAL_METHODS": "KEY,CREDITCARD", "REGION_ID": "42", "REGION_NAME": "Washington, DC", "GIS_ID": null, "LATITUDE": 38.907333, "LONGITUDE": -77.01536, "GIS_LAST_MOD_DTTM": "2026-06-22T16:32:06Z", "OBJECTID": 357728383 }, "geometry": { "type": "Point", "coordinates": [ -77.015359419525552, 38.907336862877266 ] } },
{ "type": "Feature", "properties": { "NAME": "Fort Lincoln Dr & 33rd Pl NE", "STATION_TYPE": "classic", "STATION_ID": "c9760156-83bd-4a7d-9dfa-85d7ee463f62", "STATION_STATUS": null, "LAST_REPORTED": "2026-06-22T16:31:13Z", "NUM_DOCKS_AVAILABLE": 12, "NUM_DOCKS_DISABLED": 0, "NUM_BIKES_AVAILABLE": 3, "NUM_EBIKES_AVAILABLE": 2, "NUM_BIKES_DISABLED": 0, "IS_INSTALLED": "YES", "IS_RETURNING": "YES", "IS_RENTING": "YES", "HAS_KIOSK": "YES", "IOS": "https://dc.lft.to/lastmile_qr_scan", "ANDROID": "https://dc.lft.to/lastmile_qr_scan", "ELECTRIC_BIKE_SURCHARGE_WAIVER": "NO", "EIGHTD_HAS_KEY_DISPENSER": "NO", "CAPACITY": 15, "RENTAL_METHODS": "KEY,CREDITCARD", "REGION_ID": "42", "REGION_NAME": "Washington, DC", "GIS_ID": null, "LATITUDE": 38.921641, "LONGITUDE": -76.955687, "GIS_LAST_MOD_DTTM": "2026-06-22T16:32:06Z", "OBJECTID": 357728384 }, "geometry": { "type": "Point", "coordinates": [ -76.955685977405622, 38.921652726608137 ] } },
{ "type": "Feature", "properties": { "NAME": "Fairfax Village", "STATION_TYPE": "classic", "STATION_ID": "0824f08b-1f3f-11e7-bf6b-3863bb334450", "STATION_STATUS": null, "LAST_REPORTED": "2026-06-22T16:31:18Z", "NUM_DOCKS_AVAILABLE": 6, "NUM_DOCKS_DISABLED": 0, "NUM_BIKES_AVAILABLE": 5, "NUM_EBIKES_AVAILABLE": 4, "NUM_BIKES_DISABLED": 0, "IS_INSTALLED": "YES", "IS_RETURNING": "YES", "IS_RENTING": "YES", "HAS_KIOSK": "YES", "IOS": "https://dc.lft.to/lastmile_qr_scan", "ANDROID": "https://dc.lft.to/lastmile_qr_scan", "ELECTRIC_BIKE_SURCHARGE_WAIVER": "NO", "EIGHTD_HAS_KEY_DISPENSER": "NO", "CAPACITY": 11, "RENTAL_METHODS": "KEY,CREDITCARD", "REGION_ID": "42", "REGION_NAME": "Washington, DC", "GIS_ID": null, "LATITUDE": 38.86559, "LONGITUDE": -76.952103, "GIS_LAST_MOD_DTTM": "2026-06-22T16:32:06Z", "OBJECTID": 357728385 }, "geometry": { "type": "Point", "coordinates": [ -76.952102669851854, 38.865601226058963 ] } },
{ "type": "Feature", "properties": { "NAME": "Bowdoin Ave & Calvert Rd/ College Park Station", "STATION_TYPE": "classic", "STATION_ID": "2004427045420044368", "STATION_STATUS": null, "LAST_REPORTED": "2026-06-22T16:31:17Z", "NUM_DOCKS_AVAILABLE": 6, "NUM_DOCKS_DISABLED": 0, "NUM_BIKES_AVAILABLE": 3, "NUM_EBIKES_AVAILABLE": 1, "NUM_BIKES_DISABLED": 2, "IS_INSTALLED": "YES", "IS_RETURNING": "YES", "IS_RENTING": "YES", "HAS_KIOSK": "YES", "IOS": "https://dc.lft.to/lastmile_qr_scan", "ANDROID": "https://dc.lft.to/lastmile_qr_scan", "ELECTRIC_BIKE_SURCHARGE_WAIVER": "NO", "EIGHTD_HAS_KEY_DISPENSER": "NO", "CAPACITY": 11, "RENTAL_METHODS": "KEY,CREDITCARD", "REGION_ID": "133", "REGION_NAME": "Prince George's County", "GIS_ID": null, "LATITUDE": 38.978103, "LONGITUDE": -76.928879, "GIS_LAST_MOD_DTTM": "2026-06-22T16:32:06Z", "OBJECTID": 357728386 }, "geometry": { "type": "Point", "coordinates": [ -76.92887612965049, 38.978112384913267 ] } },
{ "type": "Feature", "properties": { "NAME": "1st & S Capitol St SE / Oxon Run Trail", "STATION_TYPE": "classic", "STATION_ID": "c778c501-ba47-479b-b652-831432ffd74f", "STATION_STATUS": null, "LAST_REPORTED": "2026-06-22T16:31:18Z", "NUM_DOCKS_AVAILABLE": 15, "NUM_DOCKS_DISABLED": 0, "NUM_BIKES_AVAILABLE": 4, "NUM_EBIKES_AVAILABLE": 1, "NUM_BIKES_DISABLED": 0, "IS_INSTALLED": "YES", "IS_RETURNING": "YES", "IS_RENTING": "YES", "HAS_KIOSK": "YES", "IOS": "https://dc.lft.to/lastmile_qr_scan", "ANDROID": "https://dc.lft.to/lastmile_qr_scan", "ELECTRIC_BIKE_SURCHARGE_WAIVER": "NO", "EIGHTD_HAS_KEY_DISPENSER": "NO", "CAPACITY": 19, "RENTAL_METHODS": "KEY,CREDITCARD", "REGION_ID": "42", "REGION_NAME": "Washington, DC", "GIS_ID": null, "LATITUDE": 38.824481, "LONGITUDE": -77.005497, "GIS_LAST_MOD_DTTM": "2026-06-22T16:32:06Z", "OBJECTID": 357728387 }, "geometry": { "type": "Point", "coordinates": [ -77.005495413216892, 38.824487369709466 ] } },
{ "type": "Feature", "properties": { "NAME": "14th & Harvard St NW", "STATION_TYPE": "classic", "STATION_ID": "082476ba-1f3f-11e7-bf6b-3863bb334450", "STATION_STATUS": null, "LAST_REPORTED": "2026-06-22T16:31:16Z", "NUM_DOCKS_AVAILABLE": 18, "NUM_DOCKS_DISABLED": 0, "NUM_BIKES_AVAILABLE": 1, "NUM_EBIKES_AVAILABLE": 1, "NUM_BIKES_DISABLED": 0, "IS_INSTALLED": "YES", "IS_RETURNING": "YES", "IS_RENTING": "YES", "HAS_KIOSK": "YES", "IOS": "https://dc.lft.to/lastmile_qr_scan", "ANDROID": "https://dc.lft.to/lastmile_qr_scan", "ELECTRIC_BIKE_SURCHARGE_WAIVER": "NO", "EIGHTD_HAS_KEY_DISPENSER": "NO", "CAPACITY": 19, "RENTAL_METHODS": "KEY,CREDITCARD", "REGION_ID": "42", "REGION_NAME": "Washington, DC", "GIS_ID": null, "LATITUDE": 38.9268, "LONGITUDE": -77.0322, "GIS_LAST_MOD_DTTM": "2026-06-22T16:32:06Z", "OBJECTID": 357728388 }, "geometry": { "type": "Point", "coordinates": [ -77.032201107952972, 38.926809450357432 ] } },
{ "type": "Feature", "properties": { "NAME": "N Veitch St & 20th St N", "STATION_TYPE": "classic", "STATION_ID": "08251cd1-1f3f-11e7-bf6b-3863bb334450", "STATION_STATUS": null, "LAST_REPORTED": "2026-06-22T16:31:14Z", "NUM_DOCKS_AVAILABLE": 15, "NUM_DOCKS_DISABLED": 0, "NUM_BIKES_AVAILABLE": 1, "NUM_EBIKES_AVAILABLE": 0, "NUM_BIKES_DISABLED": 0, "IS_INSTALLED": "YES", "IS_RETURNING": "YES", "IS_RENTING": "YES", "HAS_KIOSK": "YES", "IOS": "https://dc.lft.to/lastmile_qr_scan", "ANDROID": "https://dc.lft.to/lastmile_qr_scan", "ELECTRIC_BIKE_SURCHARGE_WAIVER": "NO", "EIGHTD_HAS_KEY_DISPENSER": "NO", "CAPACITY": 16, "RENTAL_METHODS": "KEY,CREDITCARD", "REGION_ID": "41", "REGION_NAME": "Arlington, VA", "GIS_ID": null, "LATITUDE": 38.896923, "LONGITUDE": -77.086502, "GIS_LAST_MOD_DTTM": "2026-06-22T16:32:06Z", "OBJECTID": 357728389 }, "geometry": { "type": "Point", "coordinates": [ -77.086506147849732, 38.896928214588399 ] } },
{ "type": "Feature", "properties": { "NAME": "GMU/Fairfax Dr & Kenmore St", "STATION_TYPE": "classic", "STATION_ID": "08252a92-1f3f-11e7-bf6b-3863bb334450", "STATION_STATUS": null, "LAST_REPORTED": "2026-06-22T16:31:14Z", "NUM_DOCKS_AVAILABLE": 8, "NUM_DOCKS_DISABLED": 0, "NUM_BIKES_AVAILABLE": 7, "NUM_EBIKES_AVAILABLE": 0, "NUM_BIKES_DISABLED": 0, "IS_INSTALLED": "YES", "IS_RETURNING": "YES", "IS_RENTING": "YES", "HAS_KIOSK": "YES", "IOS": "https://dc.lft.to/lastmile_qr_scan", "ANDROID": "https://dc.lft.to/lastmile_qr_scan", "ELECTRIC_BIKE_SURCHARGE_WAIVER": "NO", "EIGHTD_HAS_KEY_DISPENSER": "NO", "CAPACITY": 15, "RENTAL_METHODS": "KEY,CREDITCARD", "REGION_ID": "41", "REGION_NAME": "Arlington, VA", "GIS_ID": null, "LATITUDE": 38.884703, "LONGITUDE": -77.100302, "GIS_LAST_MOD_DTTM": "2026-06-22T16:32:06Z", "OBJECTID": 357728390 }, "geometry": { "type": "Point", "coordinates": [ -77.100299160529858, 38.884710830650128 ] } },
{ "type": "Feature", "properties": { "NAME": "Woodmont Ave & Strathmore St", "STATION_TYPE": "classic", "STATION_ID": "0826190f-1f3f-11e7-bf6b-3863bb334450", "STATION_STATUS": null, "LAST_REPORTED": "2026-06-22T16:31:12Z", "NUM_DOCKS_AVAILABLE": 10, "NUM_DOCKS_DISABLED": 0, "NUM_BIKES_AVAILABLE": 4, "NUM_EBIKES_AVAILABLE": 1, "NUM_BIKES_DISABLED": 0, "IS_INSTALLED": "YES", "IS_RETURNING": "YES", "IS_RENTING": "YES", "HAS_KIOSK": "YES", "IOS": "https://dc.lft.to/lastmile_qr_scan", "ANDROID": "https://dc.lft.to/lastmile_qr_scan", "ELECTRIC_BIKE_SURCHARGE_WAIVER": "NO", "EIGHTD_HAS_KEY_DISPENSER": "NO", "CAPACITY": 15, "RENTAL_METHODS": "KEY,CREDITCARD", "REGION_ID": "44", "REGION_NAME": "Montgomery County, MD (South)", "GIS_ID": null, "LATITUDE": 38.979875, "LONGITUDE": -77.093522, "GIS_LAST_MOD_DTTM": "2026-06-22T16:32:06Z", "OBJECTID": 357728391 }, "geometry": { "type": "Point", "coordinates": [ -77.093519991727831, 38.97988024703583 ] } },
{ "type": "Feature", "properties": { "NAME": "1st & Rhode Island Ave NW", "STATION_TYPE": "classic", "STATION_ID": "082515d4-1f3f-11e7-bf6b-3863bb334450", "STATION_STATUS": null, "LAST_REPORTED": "2026-06-22T16:31:12Z", "NUM_DOCKS_AVAILABLE": 24, "NUM_DOCKS_DISABLED": 0, "NUM_BIKES_AVAILABLE": 0, "NUM_EBIKES_AVAILABLE": 0, "NUM_BIKES_DISABLED": 0, "IS_INSTALLED": "YES", "IS_RETURNING": "YES", "IS_RENTING": "YES", "HAS_KIOSK": "NO", "IOS": "https://dc.lft.to/lastmile_qr_scan", "ANDROID": "https://dc.lft.to/lastmile_qr_scan", "ELECTRIC_BIKE_SURCHARGE_WAIVER": "NO", "EIGHTD_HAS_KEY_DISPENSER": "NO", "CAPACITY": 24, "RENTAL_METHODS": "KEY,CREDITCARD", "REGION_ID": "42", "REGION_NAME": "Washington, DC", "GIS_ID": null, "LATITUDE": 38.915417, "LONGITUDE": -77.012289, "GIS_LAST_MOD_DTTM": "2026-06-22T16:32:06Z", "OBJECTID": 357728392 }, "geometry": { "type": "Point", "coordinates": [ -77.012293998756491, 38.915426716661145 ] } },
{ "type": "Feature", "properties": { "NAME": "16th & Irving St NW", "STATION_TYPE": "classic", "STATION_ID": "082617d2-1f3f-11e7-bf6b-3863bb334450", "STATION_STATUS": null, "LAST_REPORTED": "2026-06-22T16:31:19Z", "NUM_DOCKS_AVAILABLE": 24, "NUM_DOCKS_DISABLED": 0, "NUM_BIKES_AVAILABLE": 0, "NUM_EBIKES_AVAILABLE": 0, "NUM_BIKES_DISABLED": 0, "IS_INSTALLED": "YES", "IS_RETURNING": "YES", "IS_RENTING": "YES", "HAS_KIOSK": "NO", "IOS": "https://dc.lft.to/lastmile_qr_scan", "ANDROID": "https://dc.lft.to/lastmile_qr_scan", "ELECTRIC_BIKE_SURCHARGE_WAIVER": "NO", "EIGHTD_HAS_KEY_DISPENSER": "NO", "CAPACITY": 24, "RENTAL_METHODS": "KEY,CREDITCARD", "REGION_ID": "42", "REGION_NAME": "Washington, DC", "GIS_ID": null, "LATITUDE": 38.928893, "LONGITUDE": -77.03625, "GIS_LAST_MOD_DTTM": "2026-06-22T16:32:06Z", "OBJECTID": 357728393 }, "geometry": { "type": "Point", "coordinates": [ -77.03625008796098, 38.928898193597583 ] } },
{ "type": "Feature", "properties": { "NAME": "Stewart & April", "STATION_TYPE": "classic", "STATION_ID": "52ba8179-5dda-404f-abba-796b3f645434", "STATION_STATUS": null, "LAST_REPORTED": "2026-06-22T16:31:18Z", "NUM_DOCKS_AVAILABLE": 15, "NUM_DOCKS_DISABLED": 0, "NUM_BIKES_AVAILABLE": 4, "NUM_EBIKES_AVAILABLE": 0, "NUM_BIKES_DISABLED": 0, "IS_INSTALLED": "YES", "IS_RETURNING": "YES", "IS_RENTING": "YES", "HAS_KIOSK": "YES", "IOS": "https://dc.lft.to/lastmile_qr_scan", "ANDROID": "https://dc.lft.to/lastmile_qr_scan", "ELECTRIC_BIKE_SURCHARGE_WAIVER": "NO", "EIGHTD_HAS_KEY_DISPENSER": "NO", "CAPACITY": 19, "RENTAL_METHODS": "KEY,CREDITCARD", "REGION_ID": "44", "REGION_NAME": "Montgomery County, MD (South)", "GIS_ID": null, "LATITUDE": 39.044944, "LONGITUDE": -76.981155, "GIS_LAST_MOD_DTTM": "2026-06-22T16:32:06Z", "OBJECTID": 357728394 }, "geometry": { "type": "Point", "coordinates": [ -76.981161520180294, 39.044955045817709 ] } },
{ "type": "Feature", "properties": { "NAME": "Maryland Ave & E St NE", "STATION_TYPE": "classic", "STATION_ID": "082612c1-1f3f-11e7-bf6b-3863bb334450", "STATION_STATUS": null, "LAST_REPORTED": "2026-06-22T16:30:14Z", "NUM_DOCKS_AVAILABLE": 23, "NUM_DOCKS_DISABLED": 0, "NUM_BIKES_AVAILABLE": 1, "NUM_EBIKES_AVAILABLE": 0, "NUM_BIKES_DISABLED": 2, "IS_INSTALLED": "YES", "IS_RETURNING": "YES", "IS_RENTING": "YES", "HAS_KIOSK": "YES", "IOS": "https://dc.lft.to/lastmile_qr_scan", "ANDROID": "https://dc.lft.to/lastmile_qr_scan", "ELECTRIC_BIKE_SURCHARGE_WAIVER": "NO", "EIGHTD_HAS_KEY_DISPENSER": "NO", "CAPACITY": 27, "RENTAL_METHODS": "KEY,CREDITCARD", "REGION_ID": "42", "REGION_NAME": "Washington, DC", "GIS_ID": null, "LATITUDE": 38.896226, "LONGITUDE": -76.992786, "GIS_LAST_MOD_DTTM": "2026-06-22T16:32:06Z", "OBJECTID": 357728395 }, "geometry": { "type": "Point", "coordinates": [ -76.992786014464741, 38.896230345445602 ] } },
{ "type": "Feature", "properties": { "NAME": "Amherst Ave & Prichard Rd", "STATION_TYPE": "classic", "STATION_ID": "082651f8-1f3f-11e7-bf6b-3863bb334450", "STATION_STATUS": null, "LAST_REPORTED": "2026-06-22T16:31:00Z", "NUM_DOCKS_AVAILABLE": 11, "NUM_DOCKS_DISABLED": 0, "NUM_BIKES_AVAILABLE": 3, "NUM_EBIKES_AVAILABLE": 0, "NUM_BIKES_DISABLED": 1, "IS_INSTALLED": "YES", "IS_RETURNING": "YES", "IS_RENTING": "YES", "HAS_KIOSK": "YES", "IOS": "https://dc.lft.to/lastmile_qr_scan", "ANDROID": "https://dc.lft.to/lastmile_qr_scan", "ELECTRIC_BIKE_SURCHARGE_WAIVER": "NO", "EIGHTD_HAS_KEY_DISPENSER": "NO", "CAPACITY": 15, "RENTAL_METHODS": "KEY,CREDITCARD", "REGION_ID": "44", "REGION_NAME": "Montgomery County, MD (South)", "GIS_ID": null, "LATITUDE": 39.035965, "LONGITUDE": -77.048395, "GIS_LAST_MOD_DTTM": "2026-06-22T16:32:06Z", "OBJECTID": 357728396 }, "geometry": { "type": "Point", "coordinates": [ -77.048397681920846, 39.035974480586276 ] } },
{ "type": "Feature", "properties": { "NAME": "20th St & Florida Ave NW", "STATION_TYPE": "classic", "STATION_ID": "0824854e-1f3f-11e7-bf6b-3863bb334450", "STATION_STATUS": null, "LAST_REPORTED": "2026-06-22T16:30:04Z", "NUM_DOCKS_AVAILABLE": 15, "NUM_DOCKS_DISABLED": 0, "NUM_BIKES_AVAILABLE": 0, "NUM_EBIKES_AVAILABLE": 0, "NUM_BIKES_DISABLED": 0, "IS_INSTALLED": "YES", "IS_RETURNING": "YES", "IS_RENTING": "YES", "HAS_KIOSK": "YES", "IOS": "https://dc.lft.to/lastmile_qr_scan", "ANDROID": "https://dc.lft.to/lastmile_qr_scan", "ELECTRIC_BIKE_SURCHARGE_WAIVER": "NO", "EIGHTD_HAS_KEY_DISPENSER": "NO", "CAPACITY": 15, "RENTAL_METHODS": "KEY,CREDITCARD", "REGION_ID": "42", "REGION_NAME": "Washington, DC", "GIS_ID": null, "LATITUDE": 38.914729, "LONGITUDE": -77.045425, "GIS_LAST_MOD_DTTM": "2026-06-22T16:32:06Z", "OBJECTID": 357728397 }, "geometry": { "type": "Point", "coordinates": [ -77.045432758779071, 38.914733896764446 ] } },
{ "type": "Feature", "properties": { "NAME": "George Mason Dr & Wilson Blvd", "STATION_TYPE": "classic", "STATION_ID": "08252387-1f3f-11e7-bf6b-3863bb334450", "STATION_STATUS": null, "LAST_REPORTED": "2026-06-22T16:30:03Z", "NUM_DOCKS_AVAILABLE": 9, "NUM_DOCKS_DISABLED": 0, "NUM_BIKES_AVAILABLE": 6, "NUM_EBIKES_AVAILABLE": 0, "NUM_BIKES_DISABLED": 0, "IS_INSTALLED": "YES", "IS_RETURNING": "YES", "IS_RENTING": "YES", "HAS_KIOSK": "YES", "IOS": "https://dc.lft.to/lastmile_qr_scan", "ANDROID": "https://dc.lft.to/lastmile_qr_scan", "ELECTRIC_BIKE_SURCHARGE_WAIVER": "NO", "EIGHTD_HAS_KEY_DISPENSER": "NO", "CAPACITY": 15, "RENTAL_METHODS": "KEY,CREDITCARD", "REGION_ID": "41", "REGION_NAME": "Arlington, VA", "GIS_ID": null, "LATITUDE": 38.87887, "LONGITUDE": -77.1207, "GIS_LAST_MOD_DTTM": "2026-06-22T16:32:06Z", "OBJECTID": 357728398 }, "geometry": { "type": "Point", "coordinates": [ -77.120701372087311, 38.878881112116865 ] } },
{ "type": "Feature", "properties": { "NAME": "Madrillon Rd & Boss St", "STATION_TYPE": "classic", "STATION_ID": "5017ea72-2248-4ba8-af83-d9c9718b51e0", "STATION_STATUS": null, "LAST_REPORTED": "2026-06-22T16:30:06Z", "NUM_DOCKS_AVAILABLE": 6, "NUM_DOCKS_DISABLED": 0, "NUM_BIKES_AVAILABLE": 6, "NUM_EBIKES_AVAILABLE": 1, "NUM_BIKES_DISABLED": 0, "IS_INSTALLED": "YES", "IS_RETURNING": "YES", "IS_RENTING": "YES", "HAS_KIOSK": "YES", "IOS": "https://dc.lft.to/lastmile_qr_scan", "ANDROID": "https://dc.lft.to/lastmile_qr_scan", "ELECTRIC_BIKE_SURCHARGE_WAIVER": "NO", "EIGHTD_HAS_KEY_DISPENSER": "NO", "CAPACITY": 12, "RENTAL_METHODS": "KEY,CREDITCARD", "REGION_ID": "104", "REGION_NAME": "Fairfax, VA", "GIS_ID": null, "LATITUDE": 38.910016, "LONGITUDE": -77.226266, "GIS_LAST_MOD_DTTM": "2026-06-22T16:32:06Z", "OBJECTID": 357728399 }, "geometry": { "type": "Point", "coordinates": [ -77.226263597848003, 38.910019474672538 ] } },
{ "type": "Feature", "properties": { "NAME": "Innovation Metro South", "STATION_TYPE": "classic", "STATION_ID": "2113903822944371158", "STATION_STATUS": null, "LAST_REPORTED": "2026-06-22T16:30:11Z", "NUM_DOCKS_AVAILABLE": 15, "NUM_DOCKS_DISABLED": 0, "NUM_BIKES_AVAILABLE": 0, "NUM_EBIKES_AVAILABLE": 0, "NUM_BIKES_DISABLED": 0, "IS_INSTALLED": "YES", "IS_RETURNING": "YES", "IS_RENTING": "YES", "HAS_KIOSK": "YES", "IOS": "https://dc.lft.to/lastmile_qr_scan", "ANDROID": "https://dc.lft.to/lastmile_qr_scan", "ELECTRIC_BIKE_SURCHARGE_WAIVER": "NO", "EIGHTD_HAS_KEY_DISPENSER": "NO", "CAPACITY": 15, "RENTAL_METHODS": "KEY,CREDITCARD", "REGION_ID": "104", "REGION_NAME": "Fairfax, VA", "GIS_ID": null, "LATITUDE": 38.960152, "LONGITUDE": -77.416872, "GIS_LAST_MOD_DTTM": "2026-06-22T16:32:06Z", "OBJECTID": 357728400 }, "geometry": { "type": "Point", "coordinates": [ -77.416868981135394, 38.96015810593024 ] } },
{ "type": "Feature", "properties": { "NAME": "Rhode Island Ave & V St NE", "STATION_TYPE": "classic", "STATION_ID": "08256b90-1f3f-11e7-bf6b-3863bb334450", "STATION_STATUS": null, "LAST_REPORTED": "2026-06-22T16:30:11Z", "NUM_DOCKS_AVAILABLE": 16, "NUM_DOCKS_DISABLED": 0, "NUM_BIKES_AVAILABLE": 3, "NUM_EBIKES_AVAILABLE": 3, "NUM_BIKES_DISABLED": 0, "IS_INSTALLED": "YES", "IS_RETURNING": "YES", "IS_RENTING": "YES", "HAS_KIOSK": "YES", "IOS": "https://dc.lft.to/lastmile_qr_scan", "ANDROID": "https://dc.lft.to/lastmile_qr_scan", "ELECTRIC_BIKE_SURCHARGE_WAIVER": "NO", "EIGHTD_HAS_KEY_DISPENSER": "NO", "CAPACITY": 19, "RENTAL_METHODS": "KEY,CREDITCARD", "REGION_ID": "42", "REGION_NAME": "Washington, DC", "GIS_ID": null, "LATITUDE": 38.918155, "LONGITUDE": -77.004746, "GIS_LAST_MOD_DTTM": "2026-06-22T16:32:06Z", "OBJECTID": 357728401 }, "geometry": { "type": "Point", "coordinates": [ -77.004753110886782, 38.918165800039183 ] } },
{ "type": "Feature", "properties": { "NAME": "Baron Cameron Ave & North Hampton Ave", "STATION_TYPE": "classic", "STATION_ID": "8aa43882-2e93-41fb-b55d-a6a15b5b446b", "STATION_STATUS": null, "LAST_REPORTED": "2026-06-22T16:30:13Z", "NUM_DOCKS_AVAILABLE": 0, "NUM_DOCKS_DISABLED": 0, "NUM_BIKES_AVAILABLE": 10, "NUM_EBIKES_AVAILABLE": 1, "NUM_BIKES_DISABLED": 1, "IS_INSTALLED": "YES", "IS_RETURNING": "YES", "IS_RENTING": "YES", "HAS_KIOSK": "YES", "IOS": "https://dc.lft.to/lastmile_qr_scan", "ANDROID": "https://dc.lft.to/lastmile_qr_scan", "ELECTRIC_BIKE_SURCHARGE_WAIVER": "NO", "EIGHTD_HAS_KEY_DISPENSER": "NO", "CAPACITY": 12, "RENTAL_METHODS": "KEY,CREDITCARD", "REGION_ID": "104", "REGION_NAME": "Fairfax, VA", "GIS_ID": null, "LATITUDE": 38.966344, "LONGITUDE": -77.359341, "GIS_LAST_MOD_DTTM": "2026-06-22T16:32:06Z", "OBJECTID": 357728402 }, "geometry": { "type": "Point", "coordinates": [ -77.359348499728071, 38.966348579976376 ] } },
{ "type": "Feature", "properties": { "NAME": "24th & R St NE / National Arboretum", "STATION_TYPE": "classic", "STATION_ID": "08263311-1f3f-11e7-bf6b-3863bb334450", "STATION_STATUS": null, "LAST_REPORTED": "2026-06-22T16:30:10Z", "NUM_DOCKS_AVAILABLE": 16, "NUM_DOCKS_DISABLED": 0, "NUM_BIKES_AVAILABLE": 2, "NUM_EBIKES_AVAILABLE": 1, "NUM_BIKES_DISABLED": 0, "IS_INSTALLED": "YES", "IS_RETURNING": "YES", "IS_RENTING": "YES", "HAS_KIOSK": "YES", "IOS": "https://dc.lft.to/lastmile_qr_scan", "ANDROID": "https://dc.lft.to/lastmile_qr_scan", "ELECTRIC_BIKE_SURCHARGE_WAIVER": "NO", "EIGHTD_HAS_KEY_DISPENSER": "NO", "CAPACITY": 19, "RENTAL_METHODS": "KEY,CREDITCARD", "REGION_ID": "42", "REGION_NAME": "Washington, DC", "GIS_ID": null, "LATITUDE": 38.91263, "LONGITUDE": -76.971923, "GIS_LAST_MOD_DTTM": "2026-06-22T16:32:06Z", "OBJECTID": 357728403 }, "geometry": { "type": "Point", "coordinates": [ -76.971926153566443, 38.912640415272278 ] } },
{ "type": "Feature", "properties": { "NAME": "Half & Water St SW", "STATION_TYPE": "classic", "STATION_ID": "d49c5d1b-d02b-4c35-b60d-ed3cc6d51479", "STATION_STATUS": null, "LAST_REPORTED": "2026-06-22T16:30:14Z", "NUM_DOCKS_AVAILABLE": 12, "NUM_DOCKS_DISABLED": 0, "NUM_BIKES_AVAILABLE": 3, "NUM_EBIKES_AVAILABLE": 0, "NUM_BIKES_DISABLED": 0, "IS_INSTALLED": "YES", "IS_RETURNING": "YES", "IS_RENTING": "YES", "HAS_KIOSK": "YES", "IOS": "https://dc.lft.to/lastmile_qr_scan", "ANDROID": "https://dc.lft.to/lastmile_qr_scan", "ELECTRIC_BIKE_SURCHARGE_WAIVER": "NO", "EIGHTD_HAS_KEY_DISPENSER": "NO", "CAPACITY": 15, "RENTAL_METHODS": "KEY,CREDITCARD", "REGION_ID": "42", "REGION_NAME": "Washington, DC", "GIS_ID": null, "LATITUDE": 38.866277, "LONGITUDE": -77.010551, "GIS_LAST_MOD_DTTM": "2026-06-22T16:32:06Z", "OBJECTID": 357728404 }, "geometry": { "type": "Point", "coordinates": [ -77.010557119925195, 38.866286202457673 ] } },
{ "type": "Feature", "properties": { "NAME": "Stewart Ln & Old Columbia Pike", "STATION_TYPE": "classic", "STATION_ID": "909f576d-3523-4646-aa26-900ba8c9cd13", "STATION_STATUS": null, "LAST_REPORTED": "2026-06-22T16:30:17Z", "NUM_DOCKS_AVAILABLE": 13, "NUM_DOCKS_DISABLED": 0, "NUM_BIKES_AVAILABLE": 6, "NUM_EBIKES_AVAILABLE": 0, "NUM_BIKES_DISABLED": 0, "IS_INSTALLED": "YES", "IS_RETURNING": "YES", "IS_RENTING": "YES", "HAS_KIOSK": "YES", "IOS": "https://dc.lft.to/lastmile_qr_scan", "ANDROID": "https://dc.lft.to/lastmile_qr_scan", "ELECTRIC_BIKE_SURCHARGE_WAIVER": "NO", "EIGHTD_HAS_KEY_DISPENSER": "NO", "CAPACITY": 19, "RENTAL_METHODS": "KEY,CREDITCARD", "REGION_ID": "44", "REGION_NAME": "Montgomery County, MD (South)", "GIS_ID": null, "LATITUDE": 39.045652, "LONGITUDE": -76.985438, "GIS_LAST_MOD_DTTM": "2026-06-22T16:32:06Z", "OBJECTID": 357728405 }, "geometry": { "type": "Point", "coordinates": [ -76.985435493917109, 39.045658287065216 ] } },
{ "type": "Feature", "properties": { "NAME": "N Kings Hwy & Fort Dr", "STATION_TYPE": "classic", "STATION_ID": "2225950278225927518", "STATION_STATUS": null, "LAST_REPORTED": "2026-06-22T16:30:18Z", "NUM_DOCKS_AVAILABLE": 7, "NUM_DOCKS_DISABLED": 0, "NUM_BIKES_AVAILABLE": 4, "NUM_EBIKES_AVAILABLE": 4, "NUM_BIKES_DISABLED": 0, "IS_INSTALLED": "YES", "IS_RETURNING": "YES", "IS_RENTING": "YES", "HAS_KIOSK": "YES", "IOS": "https://dc.lft.to/lastmile_qr_scan", "ANDROID": "https://dc.lft.to/lastmile_qr_scan", "ELECTRIC_BIKE_SURCHARGE_WAIVER": "NO", "EIGHTD_HAS_KEY_DISPENSER": "NO", "CAPACITY": 11, "RENTAL_METHODS": "KEY,CREDITCARD", "REGION_ID": "104", "REGION_NAME": "Fairfax, VA", "GIS_ID": null, "LATITUDE": 38.789222, "LONGITUDE": -77.076971, "GIS_LAST_MOD_DTTM": "2026-06-22T16:32:06Z", "OBJECTID": 357728406 }, "geometry": { "type": "Point", "coordinates": [ -77.076971808038465, 38.789229863133336 ] } },
{ "type": "Feature", "properties": { "NAME": "14th St & Colorado Ave NW", "STATION_TYPE": "classic", "STATION_ID": "082549b0-1f3f-11e7-bf6b-3863bb334450", "STATION_STATUS": null, "LAST_REPORTED": "2026-06-22T16:30:16Z", "NUM_DOCKS_AVAILABLE": 3, "NUM_DOCKS_DISABLED": 0, "NUM_BIKES_AVAILABLE": 15, "NUM_EBIKES_AVAILABLE": 11, "NUM_BIKES_DISABLED": 0, "IS_INSTALLED": "YES", "IS_RETURNING": "YES", "IS_RENTING": "YES", "HAS_KIOSK": "YES", "IOS": "https://dc.lft.to/lastmile_qr_scan", "ANDROID": "https://dc.lft.to/lastmile_qr_scan", "ELECTRIC_BIKE_SURCHARGE_WAIVER": "NO", "EIGHTD_HAS_KEY_DISPENSER": "NO", "CAPACITY": 19, "RENTAL_METHODS": "KEY,CREDITCARD", "REGION_ID": "42", "REGION_NAME": "Washington, DC", "GIS_ID": null, "LATITUDE": 38.956484, "LONGITUDE": -77.032981, "GIS_LAST_MOD_DTTM": "2026-06-22T16:32:06Z", "OBJECTID": 357728407 }, "geometry": { "type": "Point", "coordinates": [ -77.032987519594684, 38.95649155051408 ] } },
{ "type": "Feature", "properties": { "NAME": "Riggs Rd & East West Hwy", "STATION_TYPE": "classic", "STATION_ID": "f0d65475-a505-474b-a40f-2488459105ac", "STATION_STATUS": null, "LAST_REPORTED": "2026-06-22T16:30:21Z", "NUM_DOCKS_AVAILABLE": 0, "NUM_DOCKS_DISABLED": 1, "NUM_BIKES_AVAILABLE": 15, "NUM_EBIKES_AVAILABLE": 1, "NUM_BIKES_DISABLED": 1, "IS_INSTALLED": "YES", "IS_RETURNING": "YES", "IS_RENTING": "YES", "HAS_KIOSK": "YES", "IOS": "https://dc.lft.to/lastmile_qr_scan", "ANDROID": "https://dc.lft.to/lastmile_qr_scan", "ELECTRIC_BIKE_SURCHARGE_WAIVER": "NO", "EIGHTD_HAS_KEY_DISPENSER": "NO", "CAPACITY": 17, "RENTAL_METHODS": "KEY,CREDITCARD", "REGION_ID": "133", "REGION_NAME": "Prince George's County", "GIS_ID": null, "LATITUDE": 38.9725, "LONGITUDE": -76.9807, "GIS_LAST_MOD_DTTM": "2026-06-22T16:32:06Z", "OBJECTID": 357728408 }, "geometry": { "type": "Point", "coordinates": [ -76.980707532360015, 38.972511283038457 ] } },
{ "type": "Feature", "properties": { "NAME": "Fort Totten Metro", "STATION_TYPE": "classic", "STATION_ID": "0825e27a-1f3f-11e7-bf6b-3863bb334450", "STATION_STATUS": null, "LAST_REPORTED": "2026-06-22T16:30:24Z", "NUM_DOCKS_AVAILABLE": 6, "NUM_DOCKS_DISABLED": 0, "NUM_BIKES_AVAILABLE": 15, "NUM_EBIKES_AVAILABLE": 10, "NUM_BIKES_DISABLED": 2, "IS_INSTALLED": "YES", "IS_RETURNING": "YES", "IS_RENTING": "YES", "HAS_KIOSK": "NO", "IOS": "https://dc.lft.to/lastmile_qr_scan", "ANDROID": "https://dc.lft.to/lastmile_qr_scan", "ELECTRIC_BIKE_SURCHARGE_WAIVER": "NO", "EIGHTD_HAS_KEY_DISPENSER": "NO", "CAPACITY": 24, "RENTAL_METHODS": "KEY,CREDITCARD", "REGION_ID": "42", "REGION_NAME": "Washington, DC", "GIS_ID": null, "LATITUDE": 38.952369, "LONGITUDE": -77.002721, "GIS_LAST_MOD_DTTM": "2026-06-22T16:32:06Z", "OBJECTID": 357728409 }, "geometry": { "type": "Point", "coordinates": [ -77.002724939990003, 38.952379394239571 ] } },
{ "type": "Feature", "properties": { "NAME": "W Broad St & Little Falls St", "STATION_TYPE": "classic", "STATION_ID": "f4402219-23c9-43ce-8af4-62984ee9ab68", "STATION_STATUS": null, "LAST_REPORTED": "2026-06-22T16:30:24Z", "NUM_DOCKS_AVAILABLE": 4, "NUM_DOCKS_DISABLED": 0, "NUM_BIKES_AVAILABLE": 8, "NUM_EBIKES_AVAILABLE": 1, "NUM_BIKES_DISABLED": 0, "IS_INSTALLED": "YES", "IS_RETURNING": "YES", "IS_RENTING": "YES", "HAS_KIOSK": "YES", "IOS": "https://dc.lft.to/lastmile_qr_scan", "ANDROID": "https://dc.lft.to/lastmile_qr_scan", "ELECTRIC_BIKE_SURCHARGE_WAIVER": "NO", "EIGHTD_HAS_KEY_DISPENSER": "NO", "CAPACITY": 12, "RENTAL_METHODS": "KEY,CREDITCARD", "REGION_ID": "152", "REGION_NAME": "Falls Church, VA", "GIS_ID": null, "LATITUDE": 38.883601, "LONGITUDE": -77.173438, "GIS_LAST_MOD_DTTM": "2026-06-22T16:32:06Z", "OBJECTID": 357728410 }, "geometry": { "type": "Point", "coordinates": [ -77.173438811840114, 38.883607172005796 ] } },
{ "type": "Feature", "properties": { "NAME": "9th & G St NW", "STATION_TYPE": "classic", "STATION_ID": "a10f8bfa-1324-411c-b358-3fbd94eff32b", "STATION_STATUS": null, "LAST_REPORTED": "2026-06-22T16:30:26Z", "NUM_DOCKS_AVAILABLE": 1, "NUM_DOCKS_DISABLED": 0, "NUM_BIKES_AVAILABLE": 14, "NUM_EBIKES_AVAILABLE": 5, "NUM_BIKES_DISABLED": 0, "IS_INSTALLED": "YES", "IS_RETURNING": "YES", "IS_RENTING": "YES", "HAS_KIOSK": "YES", "IOS": "https://dc.lft.to/lastmile_qr_scan", "ANDROID": "https://dc.lft.to/lastmile_qr_scan", "ELECTRIC_BIKE_SURCHARGE_WAIVER": "NO", "EIGHTD_HAS_KEY_DISPENSER": "NO", "CAPACITY": 15, "RENTAL_METHODS": "KEY,CREDITCARD", "REGION_ID": "42", "REGION_NAME": "Washington, DC", "GIS_ID": null, "LATITUDE": 38.898097, "LONGITUDE": -77.023924, "GIS_LAST_MOD_DTTM": "2026-06-22T16:32:06Z", "OBJECTID": 357728411 }, "geometry": { "type": "Point", "coordinates": [ -77.023922652175159, 38.898101858080061 ] } },
{ "type": "Feature", "properties": { "NAME": "15th St & N Scott St", "STATION_TYPE": "classic", "STATION_ID": "082525bb-1f3f-11e7-bf6b-3863bb334450", "STATION_STATUS": null, "LAST_REPORTED": "2026-06-22T16:30:26Z", "NUM_DOCKS_AVAILABLE": 15, "NUM_DOCKS_DISABLED": 0, "NUM_BIKES_AVAILABLE": 0, "NUM_EBIKES_AVAILABLE": 0, "NUM_BIKES_DISABLED": 0, "IS_INSTALLED": "YES", "IS_RETURNING": "YES", "IS_RENTING": "YES", "HAS_KIOSK": "YES", "IOS": "https://dc.lft.to/lastmile_qr_scan", "ANDROID": "https://dc.lft.to/lastmile_qr_scan", "ELECTRIC_BIKE_SURCHARGE_WAIVER": "NO", "EIGHTD_HAS_KEY_DISPENSER": "NO", "CAPACITY": 15, "RENTAL_METHODS": "KEY,CREDITCARD", "REGION_ID": "41", "REGION_NAME": "Arlington, VA", "GIS_ID": null, "LATITUDE": 38.89054, "LONGITUDE": -77.08095, "GIS_LAST_MOD_DTTM": "2026-06-22T16:32:06Z", "OBJECTID": 357728412 }, "geometry": { "type": "Point", "coordinates": [ -77.080954078848023, 38.890545257064652 ] } },
{ "type": "Feature", "properties": { "NAME": "Rosslyn Metro / Wilson Blvd & N Moore St", "STATION_TYPE": "classic", "STATION_ID": "472d3644-c8f4-4912-ad84-79f11cee2e49", "STATION_STATUS": null, "LAST_REPORTED": "2026-06-22T16:30:24Z", "NUM_DOCKS_AVAILABLE": 5, "NUM_DOCKS_DISABLED": 0, "NUM_BIKES_AVAILABLE": 16, "NUM_EBIKES_AVAILABLE": 5, "NUM_BIKES_DISABLED": 0, "IS_INSTALLED": "YES", "IS_RETURNING": "YES", "IS_RENTING": "YES", "HAS_KIOSK": "YES", "IOS": "https://dc.lft.to/lastmile_qr_scan", "ANDROID": "https://dc.lft.to/lastmile_qr_scan", "ELECTRIC_BIKE_SURCHARGE_WAIVER": "NO", "EIGHTD_HAS_KEY_DISPENSER": "NO", "CAPACITY": 21, "RENTAL_METHODS": "KEY,CREDITCARD", "REGION_ID": "41", "REGION_NAME": "Arlington, VA", "GIS_ID": null, "LATITUDE": 38.896087, "LONGITUDE": -77.071452, "GIS_LAST_MOD_DTTM": "2026-06-22T16:32:06Z", "OBJECTID": 357728413 }, "geometry": { "type": "Point", "coordinates": [ -77.071450129658658, 38.896091607182605 ] } },
{ "type": "Feature", "properties": { "NAME": "Tanner Park", "STATION_TYPE": "classic", "STATION_ID": "177f7198-8814-4068-b809-b6074346d2e9", "STATION_STATUS": null, "LAST_REPORTED": "2026-06-22T16:30:31Z", "NUM_DOCKS_AVAILABLE": 16, "NUM_DOCKS_DISABLED": 0, "NUM_BIKES_AVAILABLE": 3, "NUM_EBIKES_AVAILABLE": 3, "NUM_BIKES_DISABLED": 0, "IS_INSTALLED": "YES", "IS_RETURNING": "YES", "IS_RENTING": "YES", "HAS_KIOSK": "YES", "IOS": "https://dc.lft.to/lastmile_qr_scan", "ANDROID": "https://dc.lft.to/lastmile_qr_scan", "ELECTRIC_BIKE_SURCHARGE_WAIVER": "NO", "EIGHTD_HAS_KEY_DISPENSER": "NO", "CAPACITY": 19, "RENTAL_METHODS": "KEY,CREDITCARD", "REGION_ID": "42", "REGION_NAME": "Washington, DC", "GIS_ID": null, "LATITUDE": 38.911214, "LONGITUDE": -77.002257, "GIS_LAST_MOD_DTTM": "2026-06-22T16:32:06Z", "OBJECTID": 357728414 }, "geometry": { "type": "Point", "coordinates": [ -77.002262165939698, 38.911220447577051 ] } },
{ "type": "Feature", "properties": { "NAME": "Motiva Greenbelt", "STATION_TYPE": "classic", "STATION_ID": "2044178809518389390", "STATION_STATUS": null, "LAST_REPORTED": "2026-06-22T16:30:31Z", "NUM_DOCKS_AVAILABLE": 6, "NUM_DOCKS_DISABLED": 0, "NUM_BIKES_AVAILABLE": 4, "NUM_EBIKES_AVAILABLE": 0, "NUM_BIKES_DISABLED": 0, "IS_INSTALLED": "YES", "IS_RETURNING": "YES", "IS_RENTING": "YES", "HAS_KIOSK": "YES", "IOS": "https://dc.lft.to/lastmile_qr_scan", "ANDROID": "https://dc.lft.to/lastmile_qr_scan", "ELECTRIC_BIKE_SURCHARGE_WAIVER": "NO", "EIGHTD_HAS_KEY_DISPENSER": "NO", "CAPACITY": 10, "RENTAL_METHODS": "KEY,CREDITCARD", "REGION_ID": "133", "REGION_NAME": "Prince George's County", "GIS_ID": null, "LATITUDE": 39.010335, "LONGITUDE": -76.897747, "GIS_LAST_MOD_DTTM": "2026-06-22T16:32:06Z", "OBJECTID": 357728415 }, "geometry": { "type": "Point", "coordinates": [ -76.897750410190227, 39.010338676733568 ] } },
{ "type": "Feature", "properties": { "NAME": "Huntington Metro North", "STATION_TYPE": "classic", "STATION_ID": "2116134958557411954", "STATION_STATUS": null, "LAST_REPORTED": "2026-06-22T16:30:27Z", "NUM_DOCKS_AVAILABLE": 17, "NUM_DOCKS_DISABLED": 0, "NUM_BIKES_AVAILABLE": 2, "NUM_EBIKES_AVAILABLE": 0, "NUM_BIKES_DISABLED": 0, "IS_INSTALLED": "YES", "IS_RETURNING": "YES", "IS_RENTING": "YES", "HAS_KIOSK": "YES", "IOS": "https://dc.lft.to/lastmile_qr_scan", "ANDROID": "https://dc.lft.to/lastmile_qr_scan", "ELECTRIC_BIKE_SURCHARGE_WAIVER": "NO", "EIGHTD_HAS_KEY_DISPENSER": "NO", "CAPACITY": 19, "RENTAL_METHODS": "KEY,CREDITCARD", "REGION_ID": "104", "REGION_NAME": "Fairfax, VA", "GIS_ID": null, "LATITUDE": 38.79555, "LONGITUDE": -77.075165, "GIS_LAST_MOD_DTTM": "2026-06-22T16:32:06Z", "OBJECTID": 357728416 }, "geometry": { "type": "Point", "coordinates": [ -77.075171341965969, 38.79555501919738 ] } },
{ "type": "Feature", "properties": { "NAME": "12th St N & Fort Myer Dr.", "STATION_TYPE": "classic", "STATION_ID": "199ecf43-3fcc-446e-8b91-e151e7ad617f", "STATION_STATUS": null, "LAST_REPORTED": "2026-06-22T16:30:28Z", "NUM_DOCKS_AVAILABLE": 15, "NUM_DOCKS_DISABLED": 0, "NUM_BIKES_AVAILABLE": 0, "NUM_EBIKES_AVAILABLE": 0, "NUM_BIKES_DISABLED": 0, "IS_INSTALLED": "YES", "IS_RETURNING": "YES", "IS_RENTING": "YES", "HAS_KIOSK": "YES", "IOS": "https://dc.lft.to/lastmile_qr_scan", "ANDROID": "https://dc.lft.to/lastmile_qr_scan", "ELECTRIC_BIKE_SURCHARGE_WAIVER": "NO", "EIGHTD_HAS_KEY_DISPENSER": "NO", "CAPACITY": 15, "RENTAL_METHODS": "KEY,CREDITCARD", "REGION_ID": "41", "REGION_NAME": "Arlington, VA", "GIS_ID": null, "LATITUDE": 38.887667, "LONGITUDE": -77.076194, "GIS_LAST_MOD_DTTM": "2026-06-22T16:32:06Z", "OBJECTID": 357728417 }, "geometry": { "type": "Point", "coordinates": [ -77.076202024102955, 38.887674780417541 ] } },
{ "type": "Feature", "properties": { "NAME": "Maple & Ritchie Ave", "STATION_TYPE": "classic", "STATION_ID": "08258785-1f3f-11e7-bf6b-3863bb334450", "STATION_STATUS": null, "LAST_REPORTED": "2026-06-22T16:30:28Z", "NUM_DOCKS_AVAILABLE": 2, "NUM_DOCKS_DISABLED": 0, "NUM_BIKES_AVAILABLE": 16, "NUM_EBIKES_AVAILABLE": 3, "NUM_BIKES_DISABLED": 0, "IS_INSTALLED": "YES", "IS_RETURNING": "YES", "IS_RENTING": "YES", "HAS_KIOSK": "YES", "IOS": "https://dc.lft.to/lastmile_qr_scan", "ANDROID": "https://dc.lft.to/lastmile_qr_scan", "ELECTRIC_BIKE_SURCHARGE_WAIVER": "NO", "EIGHTD_HAS_KEY_DISPENSER": "NO", "CAPACITY": 19, "RENTAL_METHODS": "KEY,CREDITCARD", "REGION_ID": "44", "REGION_NAME": "Montgomery County, MD (South)", "GIS_ID": null, "LATITUDE": 38.983627, "LONGITUDE": -77.006311, "GIS_LAST_MOD_DTTM": "2026-06-22T16:32:06Z", "OBJECTID": 357728418 }, "geometry": { "type": "Point", "coordinates": [ -77.006315613668846, 38.983637862458679 ] } },
{ "type": "Feature", "properties": { "NAME": "4th & G St SW", "STATION_TYPE": "classic", "STATION_ID": "3f177fa3-6267-4138-82b3-6b528d71d3b2", "STATION_STATUS": null, "LAST_REPORTED": "2026-06-22T16:30:29Z", "NUM_DOCKS_AVAILABLE": 17, "NUM_DOCKS_DISABLED": 0, "NUM_BIKES_AVAILABLE": 2, "NUM_EBIKES_AVAILABLE": 2, "NUM_BIKES_DISABLED": 1, "IS_INSTALLED": "YES", "IS_RETURNING": "YES", "IS_RENTING": "YES", "HAS_KIOSK": "YES", "IOS": "https://dc.lft.to/lastmile_qr_scan", "ANDROID": "https://dc.lft.to/lastmile_qr_scan", "ELECTRIC_BIKE_SURCHARGE_WAIVER": "NO", "EIGHTD_HAS_KEY_DISPENSER": "NO", "CAPACITY": 19, "RENTAL_METHODS": "KEY,CREDITCARD", "REGION_ID": "42", "REGION_NAME": "Washington, DC", "GIS_ID": null, "LATITUDE": 38.881117, "LONGITUDE": -77.017699, "GIS_LAST_MOD_DTTM": "2026-06-22T16:32:06Z", "OBJECTID": 357728419 }, "geometry": { "type": "Point", "coordinates": [ -77.017704905507088, 38.881122175275586 ] } },
{ "type": "Feature", "properties": { "NAME": "Barton St & 10th St N", "STATION_TYPE": "classic", "STATION_ID": "08254123-1f3f-11e7-bf6b-3863bb334450", "STATION_STATUS": null, "LAST_REPORTED": "2026-06-22T16:30:28Z", "NUM_DOCKS_AVAILABLE": 3, "NUM_DOCKS_DISABLED": 0, "NUM_BIKES_AVAILABLE": 9, "NUM_EBIKES_AVAILABLE": 1, "NUM_BIKES_DISABLED": 0, "IS_INSTALLED": "YES", "IS_RETURNING": "YES", "IS_RENTING": "YES", "HAS_KIOSK": "YES", "IOS": "https://dc.lft.to/lastmile_qr_scan", "ANDROID": "https://dc.lft.to/lastmile_qr_scan", "ELECTRIC_BIKE_SURCHARGE_WAIVER": "NO", "EIGHTD_HAS_KEY_DISPENSER": "NO", "CAPACITY": 12, "RENTAL_METHODS": "KEY,CREDITCARD", "REGION_ID": "41", "REGION_NAME": "Arlington, VA", "GIS_ID": null, "LATITUDE": 38.884961, "LONGITUDE": -77.08777, "GIS_LAST_MOD_DTTM": "2026-06-22T16:32:06Z", "OBJECTID": 357728420 }, "geometry": { "type": "Point", "coordinates": [ -77.087771013650411, 38.884973152227289 ] } },
{ "type": "Feature", "properties": { "NAME": "1st & M St SE", "STATION_TYPE": "classic", "STATION_ID": "5f71434d-dc5c-45ff-8219-708a3d9a0691", "STATION_STATUS": null, "LAST_REPORTED": "2026-06-22T16:30:30Z", "NUM_DOCKS_AVAILABLE": 33, "NUM_DOCKS_DISABLED": 0, "NUM_BIKES_AVAILABLE": 6, "NUM_EBIKES_AVAILABLE": 0, "NUM_BIKES_DISABLED": 0, "IS_INSTALLED": "YES", "IS_RETURNING": "YES", "IS_RENTING": "YES", "HAS_KIOSK": "YES", "IOS": "https://dc.lft.to/lastmile_qr_scan", "ANDROID": "https://dc.lft.to/lastmile_qr_scan", "ELECTRIC_BIKE_SURCHARGE_WAIVER": "NO", "EIGHTD_HAS_KEY_DISPENSER": "NO", "CAPACITY": 39, "RENTAL_METHODS": "KEY,CREDITCARD", "REGION_ID": "42", "REGION_NAME": "Washington, DC", "GIS_ID": null, "LATITUDE": 38.876893, "LONGITUDE": -77.006072, "GIS_LAST_MOD_DTTM": "2026-06-22T16:32:06Z", "OBJECTID": 357728421 }, "geometry": { "type": "Point", "coordinates": [ -77.006075674136227, 38.876898422832504 ] } },
{ "type": "Feature", "properties": { "NAME": "N Pitt St & Montgomery St", "STATION_TYPE": "classic", "STATION_ID": "1e196ee1-daa4-4fa6-b6f8-197b31e6d170", "STATION_STATUS": null, "LAST_REPORTED": "2026-06-22T16:30:27Z", "NUM_DOCKS_AVAILABLE": 10, "NUM_DOCKS_DISABLED": 0, "NUM_BIKES_AVAILABLE": 5, "NUM_EBIKES_AVAILABLE": 1, "NUM_BIKES_DISABLED": 0, "IS_INSTALLED": "YES", "IS_RETURNING": "YES", "IS_RENTING": "YES", "HAS_KIOSK": "YES", "IOS": "https://dc.lft.to/lastmile_qr_scan", "ANDROID": "https://dc.lft.to/lastmile_qr_scan", "ELECTRIC_BIKE_SURCHARGE_WAIVER": "NO", "EIGHTD_HAS_KEY_DISPENSER": "NO", "CAPACITY": 15, "RENTAL_METHODS": "KEY,CREDITCARD", "REGION_ID": "40", "REGION_NAME": "Alexandria, VA", "GIS_ID": null, "LATITUDE": 38.814031, "LONGITUDE": -77.042817, "GIS_LAST_MOD_DTTM": "2026-06-22T16:32:06Z", "OBJECTID": 357728422 }, "geometry": { "type": "Point", "coordinates": [ -77.042824036113601, 38.814038809721367 ] } },
{ "type": "Feature", "properties": { "NAME": "King St & W Braddock Rd", "STATION_TYPE": "classic", "STATION_ID": "50cce12f-505a-414c-8b58-5bd4204a385e", "STATION_STATUS": null, "LAST_REPORTED": "2026-06-22T16:30:26Z", "NUM_DOCKS_AVAILABLE": 0, "NUM_DOCKS_DISABLED": 0, "NUM_BIKES_AVAILABLE": 12, "NUM_EBIKES_AVAILABLE": 0, "NUM_BIKES_DISABLED": 3, "IS_INSTALLED": "YES", "IS_RETURNING": "YES", "IS_RENTING": "YES", "HAS_KIOSK": "YES", "IOS": "https://dc.lft.to/lastmile_qr_scan", "ANDROID": "https://dc.lft.to/lastmile_qr_scan", "ELECTRIC_BIKE_SURCHARGE_WAIVER": "NO", "EIGHTD_HAS_KEY_DISPENSER": "NO", "CAPACITY": 15, "RENTAL_METHODS": "KEY,CREDITCARD", "REGION_ID": "40", "REGION_NAME": "Alexandria, VA", "GIS_ID": null, "LATITUDE": 38.827674, "LONGITUDE": -77.088985, "GIS_LAST_MOD_DTTM": "2026-06-22T16:32:06Z", "OBJECTID": 357728423 }, "geometry": { "type": "Point", "coordinates": [ -77.088990438778708, 38.827678601672993 ] } },
{ "type": "Feature", "properties": { "NAME": "Dennis Ave & Amherst Ave", "STATION_TYPE": "classic", "STATION_ID": "08259e6f-1f3f-11e7-bf6b-3863bb334450", "STATION_STATUS": null, "LAST_REPORTED": "2026-06-22T16:30:29Z", "NUM_DOCKS_AVAILABLE": 7, "NUM_DOCKS_DISABLED": 0, "NUM_BIKES_AVAILABLE": 8, "NUM_EBIKES_AVAILABLE": 3, "NUM_BIKES_DISABLED": 0, "IS_INSTALLED": "YES", "IS_RETURNING": "YES", "IS_RENTING": "YES", "HAS_KIOSK": "YES", "IOS": "https://dc.lft.to/lastmile_qr_scan", "ANDROID": "https://dc.lft.to/lastmile_qr_scan", "ELECTRIC_BIKE_SURCHARGE_WAIVER": "NO", "EIGHTD_HAS_KEY_DISPENSER": "NO", "CAPACITY": 15, "RENTAL_METHODS": "KEY,CREDITCARD", "REGION_ID": "44", "REGION_NAME": "Montgomery County, MD (South)", "GIS_ID": null, "LATITUDE": 39.025387, "LONGITUDE": -77.044563, "GIS_LAST_MOD_DTTM": "2026-06-22T16:32:06Z", "OBJECTID": 357728424 }, "geometry": { "type": "Point", "coordinates": [ -77.044567936195563, 39.025391452236413 ] } },
{ "type": "Feature", "properties": { "NAME": "Ballston Metro / Stuart St & 9th St N", "STATION_TYPE": "classic", "STATION_ID": "082526d1-1f3f-11e7-bf6b-3863bb334450", "STATION_STATUS": null, "LAST_REPORTED": "2026-06-22T16:30:35Z", "NUM_DOCKS_AVAILABLE": 2, "NUM_DOCKS_DISABLED": 0, "NUM_BIKES_AVAILABLE": 18, "NUM_EBIKES_AVAILABLE": 7, "NUM_BIKES_DISABLED": 2, "IS_INSTALLED": "YES", "IS_RETURNING": "YES", "IS_RENTING": "YES", "HAS_KIOSK": "YES", "IOS": "https://dc.lft.to/lastmile_qr_scan", "ANDROID": "https://dc.lft.to/lastmile_qr_scan", "ELECTRIC_BIKE_SURCHARGE_WAIVER": "NO", "EIGHTD_HAS_KEY_DISPENSER": "NO", "CAPACITY": 23, "RENTAL_METHODS": "KEY,CREDITCARD", "REGION_ID": "41", "REGION_NAME": "Arlington, VA", "GIS_ID": null, "LATITUDE": 38.881044, "LONGITUDE": -77.111768, "GIS_LAST_MOD_DTTM": "2026-06-22T16:32:06Z", "OBJECTID": 357728425 }, "geometry": { "type": "Point", "coordinates": [ -77.111773058443234, 38.88105201413169 ] } },
{ "type": "Feature", "properties": { "NAME": "Metro Center / 12th & G St NW", "STATION_TYPE": "classic", "STATION_ID": "0824c604-1f3f-11e7-bf6b-3863bb334450", "STATION_STATUS": null, "LAST_REPORTED": "2026-06-22T16:30:35Z", "NUM_DOCKS_AVAILABLE": 15, "NUM_DOCKS_DISABLED": 0, "NUM_BIKES_AVAILABLE": 20, "NUM_EBIKES_AVAILABLE": 8, "NUM_BIKES_DISABLED": 4, "IS_INSTALLED": "YES", "IS_RETURNING": "YES", "IS_RENTING": "YES", "HAS_KIOSK": "YES", "IOS": "https://dc.lft.to/lastmile_qr_scan", "ANDROID": "https://dc.lft.to/lastmile_qr_scan", "ELECTRIC_BIKE_SURCHARGE_WAIVER": "NO", "EIGHTD_HAS_KEY_DISPENSER": "NO", "CAPACITY": 39, "RENTAL_METHODS": "KEY,CREDITCARD", "REGION_ID": "42", "REGION_NAME": "Washington, DC", "GIS_ID": null, "LATITUDE": 38.898326, "LONGITUDE": -77.027959, "GIS_LAST_MOD_DTTM": "2026-06-22T16:32:06Z", "OBJECTID": 357728426 }, "geometry": { "type": "Point", "coordinates": [ -77.027957504734459, 38.898335179521794 ] } },
{ "type": "Feature", "properties": { "NAME": "Rhode Island Avenue /Charles Armentrout Drive - Melrose Skate Park ", "STATION_TYPE": "classic", "STATION_ID": "2027828259307315988", "STATION_STATUS": null, "LAST_REPORTED": "2026-06-22T16:30:35Z", "NUM_DOCKS_AVAILABLE": 2, "NUM_DOCKS_DISABLED": 0, "NUM_BIKES_AVAILABLE": 13, "NUM_EBIKES_AVAILABLE": 1, "NUM_BIKES_DISABLED": 0, "IS_INSTALLED": "YES", "IS_RETURNING": "YES", "IS_RENTING": "YES", "HAS_KIOSK": "YES", "IOS": "https://dc.lft.to/lastmile_qr_scan", "ANDROID": "https://dc.lft.to/lastmile_qr_scan", "ELECTRIC_BIKE_SURCHARGE_WAIVER": "NO", "EIGHTD_HAS_KEY_DISPENSER": "NO", "CAPACITY": 15, "RENTAL_METHODS": "KEY,CREDITCARD", "REGION_ID": "133", "REGION_NAME": "Prince George's County", "GIS_ID": null, "LATITUDE": 38.946393, "LONGITUDE": -76.94602, "GIS_LAST_MOD_DTTM": "2026-06-22T16:32:06Z", "OBJECTID": 357728427 }, "geometry": { "type": "Point", "coordinates": [ -76.946026746571079, 38.946403487726514 ] } },
{ "type": "Feature", "properties": { "NAME": "Thomas Circle", "STATION_TYPE": "classic", "STATION_ID": "0824f8a2-1f3f-11e7-bf6b-3863bb334450", "STATION_STATUS": null, "LAST_REPORTED": "2026-06-22T16:30:36Z", "NUM_DOCKS_AVAILABLE": 31, "NUM_DOCKS_DISABLED": 0, "NUM_BIKES_AVAILABLE": 2, "NUM_EBIKES_AVAILABLE": 1, "NUM_BIKES_DISABLED": 0, "IS_INSTALLED": "YES", "IS_RETURNING": "YES", "IS_RENTING": "YES", "HAS_KIOSK": "YES", "IOS": "https://dc.lft.to/lastmile_qr_scan", "ANDROID": "https://dc.lft.to/lastmile_qr_scan", "ELECTRIC_BIKE_SURCHARGE_WAIVER": "NO", "EIGHTD_HAS_KEY_DISPENSER": "NO", "CAPACITY": 33, "RENTAL_METHODS": "KEY,CREDITCARD", "REGION_ID": "42", "REGION_NAME": "Washington, DC", "GIS_ID": null, "LATITUDE": 38.9059, "LONGITUDE": -77.0325, "GIS_LAST_MOD_DTTM": "2026-06-22T16:32:06Z", "OBJECTID": 357728428 }, "geometry": { "type": "Point", "coordinates": [ -77.03250295942874, 38.905910031793617 ] } },
{ "type": "Feature", "properties": { "NAME": "12th & Newton St NE", "STATION_TYPE": "classic", "STATION_ID": "08249c5a-1f3f-11e7-bf6b-3863bb334450", "STATION_STATUS": null, "LAST_REPORTED": "2026-06-22T16:30:37Z", "NUM_DOCKS_AVAILABLE": 9, "NUM_DOCKS_DISABLED": 0, "NUM_BIKES_AVAILABLE": 2, "NUM_EBIKES_AVAILABLE": 2, "NUM_BIKES_DISABLED": 0, "IS_INSTALLED": "YES", "IS_RETURNING": "YES", "IS_RENTING": "YES", "HAS_KIOSK": "YES", "IOS": "https://dc.lft.to/lastmile_qr_scan", "ANDROID": "https://dc.lft.to/lastmile_qr_scan", "ELECTRIC_BIKE_SURCHARGE_WAIVER": "NO", "EIGHTD_HAS_KEY_DISPENSER": "NO", "CAPACITY": 11, "RENTAL_METHODS": "KEY,CREDITCARD", "REGION_ID": "42", "REGION_NAME": "Washington, DC", "GIS_ID": null, "LATITUDE": 38.933668, "LONGITUDE": -76.991016, "GIS_LAST_MOD_DTTM": "2026-06-22T16:32:06Z", "OBJECTID": 357728429 }, "geometry": { "type": "Point", "coordinates": [ -76.991017579751599, 38.933677874562058 ] } },
{ "type": "Feature", "properties": { "NAME": "Ravensworth Dr & Jayhawk St", "STATION_TYPE": "classic", "STATION_ID": "2220020105410921958", "STATION_STATUS": null, "LAST_REPORTED": "2026-06-22T16:30:38Z", "NUM_DOCKS_AVAILABLE": 6, "NUM_DOCKS_DISABLED": 0, "NUM_BIKES_AVAILABLE": 1, "NUM_EBIKES_AVAILABLE": 0, "NUM_BIKES_DISABLED": 4, "IS_INSTALLED": "YES", "IS_RETURNING": "YES", "IS_RENTING": "YES", "HAS_KIOSK": "YES", "IOS": "https://dc.lft.to/lastmile_qr_scan", "ANDROID": "https://dc.lft.to/lastmile_qr_scan", "ELECTRIC_BIKE_SURCHARGE_WAIVER": "NO", "EIGHTD_HAS_KEY_DISPENSER": "NO", "CAPACITY": 11, "RENTAL_METHODS": "KEY,CREDITCARD", "REGION_ID": "104", "REGION_NAME": "Fairfax, VA", "GIS_ID": null, "LATITUDE": 38.826164, "LONGITUDE": -77.199484, "GIS_LAST_MOD_DTTM": "2026-06-22T16:32:06Z", "OBJECTID": 357728430 }, "geometry": { "type": "Point", "coordinates": [ -77.199487380405643, 38.82617274143211 ] } },
{ "type": "Feature", "properties": { "NAME": "21st & E St NW", "STATION_TYPE": "classic", "STATION_ID": "08249cd3-1f3f-11e7-bf6b-3863bb334450", "STATION_STATUS": null, "LAST_REPORTED": "2026-06-22T16:30:38Z", "NUM_DOCKS_AVAILABLE": 1, "NUM_DOCKS_DISABLED": 0, "NUM_BIKES_AVAILABLE": 14, "NUM_EBIKES_AVAILABLE": 10, "NUM_BIKES_DISABLED": 0, "IS_INSTALLED": "YES", "IS_RETURNING": "YES", "IS_RENTING": "YES", "HAS_KIOSK": "YES", "IOS": "https://dc.lft.to/lastmile_qr_scan", "ANDROID": "https://dc.lft.to/lastmile_qr_scan", "ELECTRIC_BIKE_SURCHARGE_WAIVER": "NO", "EIGHTD_HAS_KEY_DISPENSER": "NO", "CAPACITY": 15, "RENTAL_METHODS": "KEY,CREDITCARD", "REGION_ID": "42", "REGION_NAME": "Washington, DC", "GIS_ID": null, "LATITUDE": 38.896114, "LONGITUDE": -77.046615, "GIS_LAST_MOD_DTTM": "2026-06-22T16:32:06Z", "OBJECTID": 357728431 }, "geometry": { "type": "Point", "coordinates": [ -77.046619772416065, 38.896122172648575 ] } },
{ "type": "Feature", "properties": { "NAME": "John McCormack Rd & Michigan Ave NE", "STATION_TYPE": "classic", "STATION_ID": "08247cac-1f3f-11e7-bf6b-3863bb334450", "STATION_STATUS": null, "LAST_REPORTED": "2026-06-22T16:30:37Z", "NUM_DOCKS_AVAILABLE": 3, "NUM_DOCKS_DISABLED": 0, "NUM_BIKES_AVAILABLE": 7, "NUM_EBIKES_AVAILABLE": 0, "NUM_BIKES_DISABLED": 1, "IS_INSTALLED": "YES", "IS_RETURNING": "YES", "IS_RENTING": "YES", "HAS_KIOSK": "YES", "IOS": "https://dc.lft.to/lastmile_qr_scan", "ANDROID": "https://dc.lft.to/lastmile_qr_scan", "ELECTRIC_BIKE_SURCHARGE_WAIVER": "NO", "EIGHTD_HAS_KEY_DISPENSER": "NO", "CAPACITY": 11, "RENTAL_METHODS": "KEY,CREDITCARD", "REGION_ID": "42", "REGION_NAME": "Washington, DC", "GIS_ID": null, "LATITUDE": 38.9346, "LONGITUDE": -76.9955, "GIS_LAST_MOD_DTTM": "2026-06-22T16:32:06Z", "OBJECTID": 357728432 }, "geometry": { "type": "Point", "coordinates": [ -76.995504107362521, 38.934605988443124 ] } },
{ "type": "Feature", "properties": { "NAME": "Dunn Loring Metro", "STATION_TYPE": "classic", "STATION_ID": "48ca5477-32a2-485d-961d-5371f2d1d5e1", "STATION_STATUS": null, "LAST_REPORTED": "2026-06-22T16:30:38Z", "NUM_DOCKS_AVAILABLE": 9, "NUM_DOCKS_DISABLED": 0, "NUM_BIKES_AVAILABLE": 10, "NUM_EBIKES_AVAILABLE": 3, "NUM_BIKES_DISABLED": 0, "IS_INSTALLED": "YES", "IS_RETURNING": "YES", "IS_RENTING": "YES", "HAS_KIOSK": "YES", "IOS": "https://dc.lft.to/lastmile_qr_scan", "ANDROID": "https://dc.lft.to/lastmile_qr_scan", "ELECTRIC_BIKE_SURCHARGE_WAIVER": "NO", "EIGHTD_HAS_KEY_DISPENSER": "NO", "CAPACITY": 19, "RENTAL_METHODS": "KEY,CREDITCARD", "REGION_ID": "104", "REGION_NAME": "Fairfax, VA", "GIS_ID": null, "LATITUDE": 38.8828, "LONGITUDE": -77.2283, "GIS_LAST_MOD_DTTM": "2026-06-22T16:32:06Z", "OBJECTID": 357728433 }, "geometry": { "type": "Point", "coordinates": [ -77.228297997046738, 38.882810166947408 ] } },
{ "type": "Feature", "properties": { "NAME": "Sligo Ave & Carroll Ln", "STATION_TYPE": "classic", "STATION_ID": "082641e3-1f3f-11e7-bf6b-3863bb334450", "STATION_STATUS": null, "LAST_REPORTED": "2026-06-22T16:30:34Z", "NUM_DOCKS_AVAILABLE": 4, "NUM_DOCKS_DISABLED": 0, "NUM_BIKES_AVAILABLE": 10, "NUM_EBIKES_AVAILABLE": 3, "NUM_BIKES_DISABLED": 0, "IS_INSTALLED": "YES", "IS_RETURNING": "YES", "IS_RENTING": "YES", "HAS_KIOSK": "YES", "IOS": "https://dc.lft.to/lastmile_qr_scan", "ANDROID": "https://dc.lft.to/lastmile_qr_scan", "ELECTRIC_BIKE_SURCHARGE_WAIVER": "NO", "EIGHTD_HAS_KEY_DISPENSER": "NO", "CAPACITY": 15, "RENTAL_METHODS": "KEY,CREDITCARD", "REGION_ID": "44", "REGION_NAME": "Montgomery County, MD (South)", "GIS_ID": null, "LATITUDE": 38.990874, "LONGITUDE": -77.016311, "GIS_LAST_MOD_DTTM": "2026-06-22T16:32:06Z", "OBJECTID": 357728434 }, "geometry": { "type": "Point", "coordinates": [ -77.016312408031922, 38.990879495463879 ] } },
{ "type": "Feature", "properties": { "NAME": "N Quincy St & Glebe Rd", "STATION_TYPE": "classic", "STATION_ID": "08251bba-1f3f-11e7-bf6b-3863bb334450", "STATION_STATUS": null, "LAST_REPORTED": "2026-06-22T16:30:35Z", "NUM_DOCKS_AVAILABLE": 11, "NUM_DOCKS_DISABLED": 0, "NUM_BIKES_AVAILABLE": 1, "NUM_EBIKES_AVAILABLE": 0, "NUM_BIKES_DISABLED": 0, "IS_INSTALLED": "YES", "IS_RETURNING": "YES", "IS_RENTING": "YES", "HAS_KIOSK": "YES", "IOS": "https://dc.lft.to/lastmile_qr_scan", "ANDROID": "https://dc.lft.to/lastmile_qr_scan", "ELECTRIC_BIKE_SURCHARGE_WAIVER": "NO", "EIGHTD_HAS_KEY_DISPENSER": "NO", "CAPACITY": 12, "RENTAL_METHODS": "KEY,CREDITCARD", "REGION_ID": "41", "REGION_NAME": "Arlington, VA", "GIS_ID": null, "LATITUDE": 38.876393, "LONGITUDE": -77.107735, "GIS_LAST_MOD_DTTM": "2026-06-22T16:32:06Z", "OBJECTID": 357728435 }, "geometry": { "type": "Point", "coordinates": [ -77.107732232476238, 38.87639846852759 ] } },
{ "type": "Feature", "properties": { "NAME": "Woodley Park Metro / Calvert St & Connecticut Ave NW", "STATION_TYPE": "classic", "STATION_ID": "efe6a4e1-5900-46d6-9755-db074f87c5c2", "STATION_STATUS": null, "LAST_REPORTED": "2026-06-22T16:30:32Z", "NUM_DOCKS_AVAILABLE": 7, "NUM_DOCKS_DISABLED": 0, "NUM_BIKES_AVAILABLE": 13, "NUM_EBIKES_AVAILABLE": 0, "NUM_BIKES_DISABLED": 1, "IS_INSTALLED": "YES", "IS_RETURNING": "YES", "IS_RENTING": "YES", "HAS_KIOSK": "YES", "IOS": "https://dc.lft.to/lastmile_qr_scan", "ANDROID": "https://dc.lft.to/lastmile_qr_scan", "ELECTRIC_BIKE_SURCHARGE_WAIVER": "NO", "EIGHTD_HAS_KEY_DISPENSER": "NO", "CAPACITY": 23, "RENTAL_METHODS": "KEY,CREDITCARD", "REGION_ID": "42", "REGION_NAME": "Washington, DC", "GIS_ID": null, "LATITUDE": 38.923389, "LONGITUDE": -77.051833, "GIS_LAST_MOD_DTTM": "2026-06-22T16:32:06Z", "OBJECTID": 357728436 }, "geometry": { "type": "Point", "coordinates": [ -77.051838526979438, 38.923397244306223 ] } },
{ "type": "Feature", "properties": { "NAME": "Adams Mill & Columbia Rd NW", "STATION_TYPE": "classic", "STATION_ID": "08247632-1f3f-11e7-bf6b-3863bb334450", "STATION_STATUS": null, "LAST_REPORTED": "2026-06-22T16:30:36Z", "NUM_DOCKS_AVAILABLE": 18, "NUM_DOCKS_DISABLED": 0, "NUM_BIKES_AVAILABLE": 0, "NUM_EBIKES_AVAILABLE": 0, "NUM_BIKES_DISABLED": 1, "IS_INSTALLED": "YES", "IS_RETURNING": "YES", "IS_RENTING": "YES", "HAS_KIOSK": "YES", "IOS": "https://dc.lft.to/lastmile_qr_scan", "ANDROID": "https://dc.lft.to/lastmile_qr_scan", "ELECTRIC_BIKE_SURCHARGE_WAIVER": "NO", "EIGHTD_HAS_KEY_DISPENSER": "NO", "CAPACITY": 19, "RENTAL_METHODS": "KEY,CREDITCARD", "REGION_ID": "42", "REGION_NAME": "Washington, DC", "GIS_ID": null, "LATITUDE": 38.922849, "LONGITUDE": -77.042525, "GIS_LAST_MOD_DTTM": "2026-06-22T16:32:06Z", "OBJECTID": 357728437 }, "geometry": { "type": "Point", "coordinates": [ -77.042531899680739, 38.922860502779358 ] } },
{ "type": "Feature", "properties": { "NAME": "Florida Ave & R St NW", "STATION_TYPE": "classic", "STATION_ID": "0824960b-1f3f-11e7-bf6b-3863bb334450", "STATION_STATUS": null, "LAST_REPORTED": "2026-06-22T16:30:43Z", "NUM_DOCKS_AVAILABLE": 14, "NUM_DOCKS_DISABLED": 0, "NUM_BIKES_AVAILABLE": 1, "NUM_EBIKES_AVAILABLE": 0, "NUM_BIKES_DISABLED": 0, "IS_INSTALLED": "YES", "IS_RETURNING": "YES", "IS_RENTING": "YES", "HAS_KIOSK": "YES", "IOS": "https://dc.lft.to/lastmile_qr_scan", "ANDROID": "https://dc.lft.to/lastmile_qr_scan", "ELECTRIC_BIKE_SURCHARGE_WAIVER": "NO", "EIGHTD_HAS_KEY_DISPENSER": "NO", "CAPACITY": 15, "RENTAL_METHODS": "KEY,CREDITCARD", "REGION_ID": "42", "REGION_NAME": "Washington, DC", "GIS_ID": null, "LATITUDE": 38.9126, "LONGITUDE": -77.0135, "GIS_LAST_MOD_DTTM": "2026-06-22T16:32:06Z", "OBJECTID": 357728438 }, "geometry": { "type": "Point", "coordinates": [ -77.013504187093247, 38.912606973406916 ] } },
{ "type": "Feature", "properties": { "NAME": "N Roosevelt St & Roosevelt Blvd", "STATION_TYPE": "classic", "STATION_ID": "5f19b359-6bc4-45f6-bdcf-31352690e6ee", "STATION_STATUS": null, "LAST_REPORTED": "2026-06-22T16:30:43Z", "NUM_DOCKS_AVAILABLE": 11, "NUM_DOCKS_DISABLED": 0, "NUM_BIKES_AVAILABLE": 1, "NUM_EBIKES_AVAILABLE": 0, "NUM_BIKES_DISABLED": 0, "IS_INSTALLED": "YES", "IS_RETURNING": "YES", "IS_RENTING": "YES", "HAS_KIOSK": "YES", "IOS": "https://dc.lft.to/lastmile_qr_scan", "ANDROID": "https://dc.lft.to/lastmile_qr_scan", "ELECTRIC_BIKE_SURCHARGE_WAIVER": "NO", "EIGHTD_HAS_KEY_DISPENSER": "NO", "CAPACITY": 12, "RENTAL_METHODS": "KEY,CREDITCARD", "REGION_ID": "152", "REGION_NAME": "Falls Church, VA", "GIS_ID": null, "LATITUDE": 38.878085, "LONGITUDE": -77.153953, "GIS_LAST_MOD_DTTM": "2026-06-22T16:32:06Z", "OBJECTID": 357728439 }, "geometry": { "type": "Point", "coordinates": [ -77.153960236613699, 38.878094304949158 ] } },
{ "type": "Feature", "properties": { "NAME": "Morgan Blvd Metro Capital Bikeshare", "STATION_TYPE": "classic", "STATION_ID": "2230528946545052912", "STATION_STATUS": null, "LAST_REPORTED": "2026-06-22T16:30:42Z", "NUM_DOCKS_AVAILABLE": 9, "NUM_DOCKS_DISABLED": 0, "NUM_BIKES_AVAILABLE": 5, "NUM_EBIKES_AVAILABLE": 1, "NUM_BIKES_DISABLED": 1, "IS_INSTALLED": "YES", "IS_RETURNING": "YES", "IS_RENTING": "YES", "HAS_KIOSK": "YES", "IOS": "https://dc.lft.to/lastmile_qr_scan", "ANDROID": "https://dc.lft.to/lastmile_qr_scan", "ELECTRIC_BIKE_SURCHARGE_WAIVER": "NO", "EIGHTD_HAS_KEY_DISPENSER": "NO", "CAPACITY": 15, "RENTAL_METHODS": "KEY,CREDITCARD", "REGION_ID": "133", "REGION_NAME": "Prince George's County", "GIS_ID": null, "LATITUDE": 38.893076, "LONGITUDE": -76.868437, "GIS_LAST_MOD_DTTM": "2026-06-22T16:32:06Z", "OBJECTID": 357728440 }, "geometry": { "type": "Point", "coordinates": [ -76.868443699716735, 38.893084636088965 ] } },
{ "type": "Feature", "properties": { "NAME": "Wilson Blvd & Ft Myer Dr", "STATION_TYPE": "classic", "STATION_ID": "0824eb1b-1f3f-11e7-bf6b-3863bb334450", "STATION_STATUS": null, "LAST_REPORTED": "2026-06-22T16:30:39Z", "NUM_DOCKS_AVAILABLE": 11, "NUM_DOCKS_DISABLED": 0, "NUM_BIKES_AVAILABLE": 7, "NUM_EBIKES_AVAILABLE": 0, "NUM_BIKES_DISABLED": 1, "IS_INSTALLED": "YES", "IS_RETURNING": "YES", "IS_RENTING": "YES", "HAS_KIOSK": "YES", "IOS": "https://dc.lft.to/lastmile_qr_scan", "ANDROID": "https://dc.lft.to/lastmile_qr_scan", "ELECTRIC_BIKE_SURCHARGE_WAIVER": "NO", "EIGHTD_HAS_KEY_DISPENSER": "NO", "CAPACITY": 19, "RENTAL_METHODS": "KEY,CREDITCARD", "REGION_ID": "41", "REGION_NAME": "Arlington, VA", "GIS_ID": null, "LATITUDE": 38.8946, "LONGITUDE": -77.072305, "GIS_LAST_MOD_DTTM": "2026-06-22T16:32:06Z", "OBJECTID": 357728441 }, "geometry": { "type": "Point", "coordinates": [ -77.072301662606876, 38.894604702084855 ] } },
{ "type": "Feature", "properties": { "NAME": "Reston Pkwy & Spectrum Dr", "STATION_TYPE": "classic", "STATION_ID": "686c82c2-23fe-4c15-9c75-708f61de98c7", "STATION_STATUS": null, "LAST_REPORTED": "2026-06-22T16:30:41Z", "NUM_DOCKS_AVAILABLE": 9, "NUM_DOCKS_DISABLED": 0, "NUM_BIKES_AVAILABLE": 2, "NUM_EBIKES_AVAILABLE": 1, "NUM_BIKES_DISABLED": 0, "IS_INSTALLED": "YES", "IS_RETURNING": "YES", "IS_RENTING": "YES", "HAS_KIOSK": "YES", "IOS": "https://dc.lft.to/lastmile_qr_scan", "ANDROID": "https://dc.lft.to/lastmile_qr_scan", "ELECTRIC_BIKE_SURCHARGE_WAIVER": "NO", "EIGHTD_HAS_KEY_DISPENSER": "NO", "CAPACITY": 11, "RENTAL_METHODS": "KEY,CREDITCARD", "REGION_ID": "104", "REGION_NAME": "Fairfax, VA", "GIS_ID": null, "LATITUDE": 38.964208, "LONGITUDE": -77.35428, "GIS_LAST_MOD_DTTM": "2026-06-22T16:32:06Z", "OBJECTID": 357728442 }, "geometry": { "type": "Point", "coordinates": [ -77.354283829406654, 38.964220055193671 ] } },
{ "type": "Feature", "properties": { "NAME": "Hamlin & 7th St NE", "STATION_TYPE": "classic", "STATION_ID": "08256ee8-1f3f-11e7-bf6b-3863bb334450", "STATION_STATUS": null, "LAST_REPORTED": "2026-06-22T16:30:44Z", "NUM_DOCKS_AVAILABLE": 9, "NUM_DOCKS_DISABLED": 0, "NUM_BIKES_AVAILABLE": 6, "NUM_EBIKES_AVAILABLE": 5, "NUM_BIKES_DISABLED": 0, "IS_INSTALLED": "YES", "IS_RETURNING": "YES", "IS_RENTING": "YES", "HAS_KIOSK": "YES", "IOS": "https://dc.lft.to/lastmile_qr_scan", "ANDROID": "https://dc.lft.to/lastmile_qr_scan", "ELECTRIC_BIKE_SURCHARGE_WAIVER": "NO", "EIGHTD_HAS_KEY_DISPENSER": "NO", "CAPACITY": 15, "RENTAL_METHODS": "KEY,CREDITCARD", "REGION_ID": "42", "REGION_NAME": "Washington, DC", "GIS_ID": null, "LATITUDE": 38.927497, "LONGITUDE": -76.997194, "GIS_LAST_MOD_DTTM": "2026-06-22T16:32:06Z", "OBJECTID": 357728443 }, "geometry": { "type": "Point", "coordinates": [ -76.997199853136635, 38.927507493958196 ] } },
{ "type": "Feature", "properties": { "NAME": "Commonwealth Ave & Oak St", "STATION_TYPE": "classic", "STATION_ID": "08262027-1f3f-11e7-bf6b-3863bb334450", "STATION_STATUS": null, "LAST_REPORTED": "2026-06-22T16:30:44Z", "NUM_DOCKS_AVAILABLE": 12, "NUM_DOCKS_DISABLED": 0, "NUM_BIKES_AVAILABLE": 2, "NUM_EBIKES_AVAILABLE": 0, "NUM_BIKES_DISABLED": 1, "IS_INSTALLED": "YES", "IS_RETURNING": "YES", "IS_RENTING": "YES", "HAS_KIOSK": "YES", "IOS": "https://dc.lft.to/lastmile_qr_scan", "ANDROID": "https://dc.lft.to/lastmile_qr_scan", "ELECTRIC_BIKE_SURCHARGE_WAIVER": "NO", "EIGHTD_HAS_KEY_DISPENSER": "NO", "CAPACITY": 15, "RENTAL_METHODS": "KEY,CREDITCARD", "REGION_ID": "40", "REGION_NAME": "Alexandria, VA", "GIS_ID": null, "LATITUDE": 38.812711, "LONGITUDE": -77.061715, "GIS_LAST_MOD_DTTM": "2026-06-22T16:32:06Z", "OBJECTID": 357728444 }, "geometry": { "type": "Point", "coordinates": [ -77.061717894537352, 38.812715105522109 ] } },
{ "type": "Feature", "properties": { "NAME": "River Rd & Landy Ln", "STATION_TYPE": "classic", "STATION_ID": "0825e5ff-1f3f-11e7-bf6b-3863bb334450", "STATION_STATUS": null, "LAST_REPORTED": "2026-06-22T16:30:54Z", "NUM_DOCKS_AVAILABLE": 17, "NUM_DOCKS_DISABLED": 0, "NUM_BIKES_AVAILABLE": 2, "NUM_EBIKES_AVAILABLE": 1, "NUM_BIKES_DISABLED": 0, "IS_INSTALLED": "YES", "IS_RETURNING": "YES", "IS_RENTING": "YES", "HAS_KIOSK": "YES", "IOS": "https://dc.lft.to/lastmile_qr_scan", "ANDROID": "https://dc.lft.to/lastmile_qr_scan", "ELECTRIC_BIKE_SURCHARGE_WAIVER": "NO", "EIGHTD_HAS_KEY_DISPENSER": "NO", "CAPACITY": 19, "RENTAL_METHODS": "KEY,CREDITCARD", "REGION_ID": "44", "REGION_NAME": "Montgomery County, MD (South)", "GIS_ID": null, "LATITUDE": 38.964992, "LONGITUDE": -77.103381, "GIS_LAST_MOD_DTTM": "2026-06-22T16:32:06Z", "OBJECTID": 357728445 }, "geometry": { "type": "Point", "coordinates": [ -77.103377605105578, 38.964999341675885 ] } },
{ "type": "Feature", "properties": { "NAME": "W Columbia St & N Washington St", "STATION_TYPE": "classic", "STATION_ID": "33efb11b-052f-437e-ab74-2e6b4661822d", "STATION_STATUS": null, "LAST_REPORTED": "2026-06-22T16:30:55Z", "NUM_DOCKS_AVAILABLE": 11, "NUM_DOCKS_DISABLED": 0, "NUM_BIKES_AVAILABLE": 1, "NUM_EBIKES_AVAILABLE": 0, "NUM_BIKES_DISABLED": 0, "IS_INSTALLED": "YES", "IS_RETURNING": "YES", "IS_RENTING": "YES", "HAS_KIOSK": "YES", "IOS": "https://dc.lft.to/lastmile_qr_scan", "ANDROID": "https://dc.lft.to/lastmile_qr_scan", "ELECTRIC_BIKE_SURCHARGE_WAIVER": "NO", "EIGHTD_HAS_KEY_DISPENSER": "NO", "CAPACITY": 12, "RENTAL_METHODS": "KEY,CREDITCARD", "REGION_ID": "152", "REGION_NAME": "Falls Church, VA", "GIS_ID": null, "LATITUDE": 38.885621, "LONGITUDE": -77.166917, "GIS_LAST_MOD_DTTM": "2026-06-22T16:32:06Z", "OBJECTID": 357728446 }, "geometry": { "type": "Point", "coordinates": [ -77.166920063008277, 38.88562554348114 ] } },
{ "type": "Feature", "properties": { "NAME": "Hartland Rd & Harte Pl", "STATION_TYPE": "classic", "STATION_ID": "c271d265-76c8-49f9-9b3c-b9490fb97ac0", "STATION_STATUS": null, "LAST_REPORTED": "2026-06-22T16:30:53Z", "NUM_DOCKS_AVAILABLE": 6, "NUM_DOCKS_DISABLED": 0, "NUM_BIKES_AVAILABLE": 5, "NUM_EBIKES_AVAILABLE": 0, "NUM_BIKES_DISABLED": 0, "IS_INSTALLED": "YES", "IS_RETURNING": "YES", "IS_RENTING": "YES", "HAS_KIOSK": "YES", "IOS": "https://dc.lft.to/lastmile_qr_scan", "ANDROID": "https://dc.lft.to/lastmile_qr_scan", "ELECTRIC_BIKE_SURCHARGE_WAIVER": "NO", "EIGHTD_HAS_KEY_DISPENSER": "NO", "CAPACITY": 11, "RENTAL_METHODS": "KEY,CREDITCARD", "REGION_ID": "104", "REGION_NAME": "Fairfax, VA", "GIS_ID": null, "LATITUDE": 38.878601, "LONGITUDE": -77.222808, "GIS_LAST_MOD_DTTM": "2026-06-22T16:32:06Z", "OBJECTID": 357728447 }, "geometry": { "type": "Point", "coordinates": [ -77.222810274745427, 38.878604825403187 ] } },
{ "type": "Feature", "properties": { "NAME": "King St & Patrick St", "STATION_TYPE": "classic", "STATION_ID": "08253ab7-1f3f-11e7-bf6b-3863bb334450", "STATION_STATUS": null, "LAST_REPORTED": "2026-06-22T16:30:52Z", "NUM_DOCKS_AVAILABLE": 9, "NUM_DOCKS_DISABLED": 0, "NUM_BIKES_AVAILABLE": 5, "NUM_EBIKES_AVAILABLE": 0, "NUM_BIKES_DISABLED": 0, "IS_INSTALLED": "YES", "IS_RETURNING": "YES", "IS_RENTING": "YES", "HAS_KIOSK": "YES", "IOS": "https://dc.lft.to/lastmile_qr_scan", "ANDROID": "https://dc.lft.to/lastmile_qr_scan", "ELECTRIC_BIKE_SURCHARGE_WAIVER": "NO", "EIGHTD_HAS_KEY_DISPENSER": "NO", "CAPACITY": 15, "RENTAL_METHODS": "KEY,CREDITCARD", "REGION_ID": "40", "REGION_NAME": "Alexandria, VA", "GIS_ID": null, "LATITUDE": 38.805317, "LONGITUDE": -77.049883, "GIS_LAST_MOD_DTTM": "2026-06-22T16:32:06Z", "OBJECTID": 357728448 }, "geometry": { "type": "Point", "coordinates": [ -77.049887742573816, 38.805324787504617 ] } },
{ "type": "Feature", "properties": { "NAME": "Addison Road Metro Capital Bikeshare", "STATION_TYPE": "classic", "STATION_ID": "2230404581149636372", "STATION_STATUS": null, "LAST_REPORTED": "2026-06-22T16:30:56Z", "NUM_DOCKS_AVAILABLE": 1, "NUM_DOCKS_DISABLED": 0, "NUM_BIKES_AVAILABLE": 9, "NUM_EBIKES_AVAILABLE": 0, "NUM_BIKES_DISABLED": 1, "IS_INSTALLED": "YES", "IS_RETURNING": "YES", "IS_RENTING": "YES", "HAS_KIOSK": "YES", "IOS": "https://dc.lft.to/lastmile_qr_scan", "ANDROID": "https://dc.lft.to/lastmile_qr_scan", "ELECTRIC_BIKE_SURCHARGE_WAIVER": "NO", "EIGHTD_HAS_KEY_DISPENSER": "NO", "CAPACITY": 11, "RENTAL_METHODS": "KEY,CREDITCARD", "REGION_ID": "133", "REGION_NAME": "Prince George's County", "GIS_ID": null, "LATITUDE": 38.886972, "LONGITUDE": -76.895381, "GIS_LAST_MOD_DTTM": "2026-06-22T16:32:06Z", "OBJECTID": 357728449 }, "geometry": { "type": "Point", "coordinates": [ -76.895379932095437, 38.886977157802079 ] } },
{ "type": "Feature", "properties": { "NAME": "16th & Q St SE / Anacostia HS", "STATION_TYPE": "classic", "STATION_ID": "082633ec-1f3f-11e7-bf6b-3863bb334450", "STATION_STATUS": null, "LAST_REPORTED": "2026-06-22T16:31:02Z", "NUM_DOCKS_AVAILABLE": 21, "NUM_DOCKS_DISABLED": 0, "NUM_BIKES_AVAILABLE": 1, "NUM_EBIKES_AVAILABLE": 0, "NUM_BIKES_DISABLED": 0, "IS_INSTALLED": "YES", "IS_RETURNING": "YES", "IS_RENTING": "YES", "HAS_KIOSK": "YES", "IOS": "https://dc.lft.to/lastmile_qr_scan", "ANDROID": "https://dc.lft.to/lastmile_qr_scan", "ELECTRIC_BIKE_SURCHARGE_WAIVER": "NO", "EIGHTD_HAS_KEY_DISPENSER": "NO", "CAPACITY": 23, "RENTAL_METHODS": "KEY,CREDITCARD", "REGION_ID": "42", "REGION_NAME": "Washington, DC", "GIS_ID": null, "LATITUDE": 38.870695, "LONGITUDE": -76.982359, "GIS_LAST_MOD_DTTM": "2026-06-22T16:32:06Z", "OBJECTID": 357728450 }, "geometry": { "type": "Point", "coordinates": [ -76.982359861397811, 38.870699468615577 ] } },
{ "type": "Feature", "properties": { "NAME": "Westpark & Jones Branch Dr", "STATION_TYPE": "classic", "STATION_ID": "0826366d-1f3f-11e7-bf6b-3863bb334450", "STATION_STATUS": null, "LAST_REPORTED": "2026-06-22T16:31:02Z", "NUM_DOCKS_AVAILABLE": 8, "NUM_DOCKS_DISABLED": 0, "NUM_BIKES_AVAILABLE": 3, "NUM_EBIKES_AVAILABLE": 0, "NUM_BIKES_DISABLED": 0, "IS_INSTALLED": "YES", "IS_RETURNING": "YES", "IS_RENTING": "YES", "HAS_KIOSK": "YES", "IOS": "https://dc.lft.to/lastmile_qr_scan", "ANDROID": "https://dc.lft.to/lastmile_qr_scan", "ELECTRIC_BIKE_SURCHARGE_WAIVER": "NO", "EIGHTD_HAS_KEY_DISPENSER": "NO", "CAPACITY": 11, "RENTAL_METHODS": "KEY,CREDITCARD", "REGION_ID": "104", "REGION_NAME": "Fairfax, VA", "GIS_ID": null, "LATITUDE": 38.924437, "LONGITUDE": -77.217664, "GIS_LAST_MOD_DTTM": "2026-06-22T16:32:06Z", "OBJECTID": 357728451 }, "geometry": { "type": "Point", "coordinates": [ -77.21767177901512, 38.924449169392673 ] } },
{ "type": "Feature", "properties": { "NAME": "14th St & New York Ave NW", "STATION_TYPE": "classic", "STATION_ID": "08249aa2-1f3f-11e7-bf6b-3863bb334450", "STATION_STATUS": null, "LAST_REPORTED": "2026-06-22T16:31:02Z", "NUM_DOCKS_AVAILABLE": 14, "NUM_DOCKS_DISABLED": 0, "NUM_BIKES_AVAILABLE": 17, "NUM_EBIKES_AVAILABLE": 4, "NUM_BIKES_DISABLED": 0, "IS_INSTALLED": "YES", "IS_RETURNING": "YES", "IS_RENTING": "YES", "HAS_KIOSK": "YES", "IOS": "https://dc.lft.to/lastmile_qr_scan", "ANDROID": "https://dc.lft.to/lastmile_qr_scan", "ELECTRIC_BIKE_SURCHARGE_WAIVER": "NO", "EIGHTD_HAS_KEY_DISPENSER": "NO", "CAPACITY": 31, "RENTAL_METHODS": "KEY,CREDITCARD", "REGION_ID": "42", "REGION_NAME": "Washington, DC", "GIS_ID": null, "LATITUDE": 38.899632, "LONGITUDE": -77.031686, "GIS_LAST_MOD_DTTM": "2026-06-22T16:32:06Z", "OBJECTID": 357728452 }, "geometry": { "type": "Point", "coordinates": [ -77.031693132934691, 38.899640438279384 ] } },
{ "type": "Feature", "properties": { "NAME": "Capitol Ave & Kendall St NE", "STATION_TYPE": "classic", "STATION_ID": "336a1fe2-8e92-49ad-ab6a-c6c392d3edcd", "STATION_STATUS": null, "LAST_REPORTED": "2026-06-22T16:31:02Z", "NUM_DOCKS_AVAILABLE": 18, "NUM_DOCKS_DISABLED": 0, "NUM_BIKES_AVAILABLE": 1, "NUM_EBIKES_AVAILABLE": 0, "NUM_BIKES_DISABLED": 0, "IS_INSTALLED": "YES", "IS_RETURNING": "YES", "IS_RENTING": "YES", "HAS_KIOSK": "YES", "IOS": "https://dc.lft.to/lastmile_qr_scan", "ANDROID": "https://dc.lft.to/lastmile_qr_scan", "ELECTRIC_BIKE_SURCHARGE_WAIVER": "NO", "EIGHTD_HAS_KEY_DISPENSER": "NO", "CAPACITY": 19, "RENTAL_METHODS": "KEY,CREDITCARD", "REGION_ID": "42", "REGION_NAME": "Washington, DC", "GIS_ID": null, "LATITUDE": 38.910993, "LONGITUDE": -76.985854, "GIS_LAST_MOD_DTTM": "2026-06-22T16:32:06Z", "OBJECTID": 357728453 }, "geometry": { "type": "Point", "coordinates": [ -76.985855006451217, 38.911003413352447 ] } },
{ "type": "Feature", "properties": { "NAME": "Connecticut Ave & Tilden St NW", "STATION_TYPE": "classic", "STATION_ID": "0825c063-1f3f-11e7-bf6b-3863bb334450", "STATION_STATUS": null, "LAST_REPORTED": "2026-06-22T16:30:58Z", "NUM_DOCKS_AVAILABLE": 8, "NUM_DOCKS_DISABLED": 0, "NUM_BIKES_AVAILABLE": 7, "NUM_EBIKES_AVAILABLE": 0, "NUM_BIKES_DISABLED": 0, "IS_INSTALLED": "YES", "IS_RETURNING": "YES", "IS_RENTING": "YES", "HAS_KIOSK": "YES", "IOS": "https://dc.lft.to/lastmile_qr_scan", "ANDROID": "https://dc.lft.to/lastmile_qr_scan", "ELECTRIC_BIKE_SURCHARGE_WAIVER": "NO", "EIGHTD_HAS_KEY_DISPENSER": "NO", "CAPACITY": 15, "RENTAL_METHODS": "KEY,CREDITCARD", "REGION_ID": "42", "REGION_NAME": "Washington, DC", "GIS_ID": null, "LATITUDE": 38.941139, "LONGITUDE": -77.061977, "GIS_LAST_MOD_DTTM": "2026-06-22T16:32:06Z", "OBJECTID": 357728454 }, "geometry": { "type": "Point", "coordinates": [ -77.061979033385541, 38.941147682710614 ] } },
{ "type": "Feature", "properties": { "NAME": "S Troy St & 26th St S", "STATION_TYPE": "classic", "STATION_ID": "08254a1e-1f3f-11e7-bf6b-3863bb334450", "STATION_STATUS": null, "LAST_REPORTED": "2026-06-22T16:30:58Z", "NUM_DOCKS_AVAILABLE": 5, "NUM_DOCKS_DISABLED": 0, "NUM_BIKES_AVAILABLE": 7, "NUM_EBIKES_AVAILABLE": 3, "NUM_BIKES_DISABLED": 0, "IS_INSTALLED": "YES", "IS_RETURNING": "YES", "IS_RENTING": "YES", "HAS_KIOSK": "YES", "IOS": "https://dc.lft.to/lastmile_qr_scan", "ANDROID": "https://dc.lft.to/lastmile_qr_scan", "ELECTRIC_BIKE_SURCHARGE_WAIVER": "NO", "EIGHTD_HAS_KEY_DISPENSER": "NO", "CAPACITY": 12, "RENTAL_METHODS": "KEY,CREDITCARD", "REGION_ID": "41", "REGION_NAME": "Arlington, VA", "GIS_ID": null, "LATITUDE": 38.848087, "LONGITUDE": -77.075174, "GIS_LAST_MOD_DTTM": "2026-06-22T16:32:06Z", "OBJECTID": 357728455 }, "geometry": { "type": "Point", "coordinates": [ -77.075180586394254, 38.848092473128148 ] } },
{ "type": "Feature", "properties": { "NAME": "2nd & U St SW", "STATION_TYPE": "classic", "STATION_ID": "2095177272408199266", "STATION_STATUS": null, "LAST_REPORTED": "2026-06-22T16:31:01Z", "NUM_DOCKS_AVAILABLE": 14, "NUM_DOCKS_DISABLED": 0, "NUM_BIKES_AVAILABLE": 5, "NUM_EBIKES_AVAILABLE": 0, "NUM_BIKES_DISABLED": 1, "IS_INSTALLED": "YES", "IS_RETURNING": "YES", "IS_RENTING": "YES", "HAS_KIOSK": "NO", "IOS": "https://dc.lft.to/lastmile_qr_scan", "ANDROID": "https://dc.lft.to/lastmile_qr_scan", "ELECTRIC_BIKE_SURCHARGE_WAIVER": "NO", "EIGHTD_HAS_KEY_DISPENSER": "NO", "CAPACITY": 20, "RENTAL_METHODS": "KEY,CREDITCARD", "REGION_ID": "42", "REGION_NAME": "Washington, DC", "GIS_ID": null, "LATITUDE": 38.866349, "LONGITUDE": -77.01362, "GIS_LAST_MOD_DTTM": "2026-06-22T16:32:06Z", "OBJECTID": 357728456 }, "geometry": { "type": "Point", "coordinates": [ -77.013622184980633, 38.866357952365391 ] } },
{ "type": "Feature", "properties": { "NAME": "3rd & Elm St NW", "STATION_TYPE": "classic", "STATION_ID": "08256b2e-1f3f-11e7-bf6b-3863bb334450", "STATION_STATUS": null, "LAST_REPORTED": "2026-06-22T16:30:12Z", "NUM_DOCKS_AVAILABLE": 24, "NUM_DOCKS_DISABLED": 0, "NUM_BIKES_AVAILABLE": 0, "NUM_EBIKES_AVAILABLE": 0, "NUM_BIKES_DISABLED": 0, "IS_INSTALLED": "YES", "IS_RETURNING": "YES", "IS_RENTING": "YES", "HAS_KIOSK": "NO", "IOS": "https://dc.lft.to/lastmile_qr_scan", "ANDROID": "https://dc.lft.to/lastmile_qr_scan", "ELECTRIC_BIKE_SURCHARGE_WAIVER": "NO", "EIGHTD_HAS_KEY_DISPENSER": "NO", "CAPACITY": 24, "RENTAL_METHODS": "KEY,CREDITCARD", "REGION_ID": "42", "REGION_NAME": "Washington, DC", "GIS_ID": null, "LATITUDE": 38.917622, "LONGITUDE": -77.01597, "GIS_LAST_MOD_DTTM": "2026-06-22T16:32:06Z", "OBJECTID": 357728457 }, "geometry": { "type": "Point", "coordinates": [ -77.015972782780779, 38.917633313312486 ] } },
{ "type": "Feature", "properties": { "NAME": "Georgia & New Hampshire Ave NW", "STATION_TYPE": "classic", "STATION_ID": "08247baa-1f3f-11e7-bf6b-3863bb334450", "STATION_STATUS": null, "LAST_REPORTED": "2026-06-22T16:31:01Z", "NUM_DOCKS_AVAILABLE": 6, "NUM_DOCKS_DISABLED": 0, "NUM_BIKES_AVAILABLE": 13, "NUM_EBIKES_AVAILABLE": 9, "NUM_BIKES_DISABLED": 0, "IS_INSTALLED": "YES", "IS_RETURNING": "YES", "IS_RENTING": "YES", "HAS_KIOSK": "YES", "IOS": "https://dc.lft.to/lastmile_qr_scan", "ANDROID": "https://dc.lft.to/lastmile_qr_scan", "ELECTRIC_BIKE_SURCHARGE_WAIVER": "NO", "EIGHTD_HAS_KEY_DISPENSER": "NO", "CAPACITY": 19, "RENTAL_METHODS": "KEY,CREDITCARD", "REGION_ID": "42", "REGION_NAME": "Washington, DC", "GIS_ID": null, "LATITUDE": 38.936684, "LONGITUDE": -77.024181, "GIS_LAST_MOD_DTTM": "2026-06-22T16:32:06Z", "OBJECTID": 357728458 }, "geometry": { "type": "Point", "coordinates": [ -77.024177818716737, 38.936693499629939 ] } },
{ "type": "Feature", "properties": { "NAME": "Pennsylvania Ave & Park Ave", "STATION_TYPE": "classic", "STATION_ID": "33ae16de-ca5b-4253-9096-35ccae7bb8dd", "STATION_STATUS": null, "LAST_REPORTED": "2026-06-22T16:31:04Z", "NUM_DOCKS_AVAILABLE": 1, "NUM_DOCKS_DISABLED": 0, "NUM_BIKES_AVAILABLE": 11, "NUM_EBIKES_AVAILABLE": 1, "NUM_BIKES_DISABLED": 0, "IS_INSTALLED": "YES", "IS_RETURNING": "YES", "IS_RENTING": "YES", "HAS_KIOSK": "YES", "IOS": "https://dc.lft.to/lastmile_qr_scan", "ANDROID": "https://dc.lft.to/lastmile_qr_scan", "ELECTRIC_BIKE_SURCHARGE_WAIVER": "NO", "EIGHTD_HAS_KEY_DISPENSER": "NO", "CAPACITY": 12, "RENTAL_METHODS": "KEY,CREDITCARD", "REGION_ID": "152", "REGION_NAME": "Falls Church, VA", "GIS_ID": null, "LATITUDE": 38.887403, "LONGITUDE": -77.176992, "GIS_LAST_MOD_DTTM": "2026-06-22T16:32:06Z", "OBJECTID": 357728459 }, "geometry": { "type": "Point", "coordinates": [ -77.176998126287856, 38.887412385586117 ] } },
{ "type": "Feature", "properties": { "NAME": "Langston Blvd & N Scott St", "STATION_TYPE": "classic", "STATION_ID": "0825f6b3-1f3f-11e7-bf6b-3863bb334450", "STATION_STATUS": null, "LAST_REPORTED": "2026-06-22T16:31:04Z", "NUM_DOCKS_AVAILABLE": 11, "NUM_DOCKS_DISABLED": 0, "NUM_BIKES_AVAILABLE": 4, "NUM_EBIKES_AVAILABLE": 2, "NUM_BIKES_DISABLED": 1, "IS_INSTALLED": "YES", "IS_RETURNING": "YES", "IS_RENTING": "YES", "HAS_KIOSK": "NO", "IOS": "https://dc.lft.to/lastmile_qr_scan", "ANDROID": "https://dc.lft.to/lastmile_qr_scan", "ELECTRIC_BIKE_SURCHARGE_WAIVER": "NO", "EIGHTD_HAS_KEY_DISPENSER": "NO", "CAPACITY": 16, "RENTAL_METHODS": "KEY,CREDITCARD", "REGION_ID": "41", "REGION_NAME": "Arlington, VA", "GIS_ID": null, "LATITUDE": 38.897612, "LONGITUDE": -77.080851, "GIS_LAST_MOD_DTTM": "2026-06-22T16:32:06Z", "OBJECTID": 357728460 }, "geometry": { "type": "Point", "coordinates": [ -77.08085835369171, 38.89761689642723 ] } },
{ "type": "Feature", "properties": { "NAME": "District Ave & Strawberry Ln/Mosaic Market Garage", "STATION_TYPE": "classic", "STATION_ID": "13a88d55-7065-4bf0-9472-b78e8fafdfb3", "STATION_STATUS": null, "LAST_REPORTED": "2026-06-22T16:31:09Z", "NUM_DOCKS_AVAILABLE": 8, "NUM_DOCKS_DISABLED": 0, "NUM_BIKES_AVAILABLE": 7, "NUM_EBIKES_AVAILABLE": 1, "NUM_BIKES_DISABLED": 0, "IS_INSTALLED": "YES", "IS_RETURNING": "YES", "IS_RENTING": "YES", "HAS_KIOSK": "YES", "IOS": "https://dc.lft.to/lastmile_qr_scan", "ANDROID": "https://dc.lft.to/lastmile_qr_scan", "ELECTRIC_BIKE_SURCHARGE_WAIVER": "NO", "EIGHTD_HAS_KEY_DISPENSER": "NO", "CAPACITY": 15, "RENTAL_METHODS": "KEY,CREDITCARD", "REGION_ID": "104", "REGION_NAME": "Fairfax, VA", "GIS_ID": null, "LATITUDE": 38.872642, "LONGITUDE": -77.230632, "GIS_LAST_MOD_DTTM": "2026-06-22T16:32:06Z", "OBJECTID": 357728461 }, "geometry": { "type": "Point", "coordinates": [ -77.230639408354278, 38.872653072544736 ] } },
{ "type": "Feature", "properties": { "NAME": "Half & I St SW ", "STATION_TYPE": "classic", "STATION_ID": "2015611830034989628", "STATION_STATUS": null, "LAST_REPORTED": "2026-06-22T16:31:05Z", "NUM_DOCKS_AVAILABLE": 17, "NUM_DOCKS_DISABLED": 0, "NUM_BIKES_AVAILABLE": 2, "NUM_EBIKES_AVAILABLE": 0, "NUM_BIKES_DISABLED": 1, "IS_INSTALLED": "YES", "IS_RETURNING": "YES", "IS_RENTING": "YES", "HAS_KIOSK": "YES", "IOS": "https://dc.lft.to/lastmile_qr_scan", "ANDROID": "https://dc.lft.to/lastmile_qr_scan", "ELECTRIC_BIKE_SURCHARGE_WAIVER": "NO", "EIGHTD_HAS_KEY_DISPENSER": "NO", "CAPACITY": 19, "RENTAL_METHODS": "KEY,CREDITCARD", "REGION_ID": "42", "REGION_NAME": "Washington, DC", "GIS_ID": null, "LATITUDE": 38.879262, "LONGITUDE": -77.011016, "GIS_LAST_MOD_DTTM": "2026-06-22T16:32:06Z", "OBJECTID": 357728462 }, "geometry": { "type": "Point", "coordinates": [ -77.011020034683796, 38.879267268754809 ] } },
{ "type": "Feature", "properties": { "NAME": "King Greenleaf Rec Center", "STATION_TYPE": "classic", "STATION_ID": "99ddcd49-1312-4d80-8030-9bc2732deb5c", "STATION_STATUS": null, "LAST_REPORTED": "2026-06-22T16:31:05Z", "NUM_DOCKS_AVAILABLE": 14, "NUM_DOCKS_DISABLED": 0, "NUM_BIKES_AVAILABLE": 5, "NUM_EBIKES_AVAILABLE": 0, "NUM_BIKES_DISABLED": 0, "IS_INSTALLED": "YES", "IS_RETURNING": "YES", "IS_RENTING": "YES", "HAS_KIOSK": "YES", "IOS": "https://dc.lft.to/lastmile_qr_scan", "ANDROID": "https://dc.lft.to/lastmile_qr_scan", "ELECTRIC_BIKE_SURCHARGE_WAIVER": "NO", "EIGHTD_HAS_KEY_DISPENSER": "NO", "CAPACITY": 19, "RENTAL_METHODS": "KEY,CREDITCARD", "REGION_ID": "42", "REGION_NAME": "Washington, DC", "GIS_ID": null, "LATITUDE": 38.876211, "LONGITUDE": -77.012443, "GIS_LAST_MOD_DTTM": "2026-06-22T16:32:06Z", "OBJECTID": 357728463 }, "geometry": { "type": "Point", "coordinates": [ -77.012448584238527, 38.876222287483692 ] } },
{ "type": "Feature", "properties": { "NAME": "14th St & Rhode Island Ave NW", "STATION_TYPE": "classic", "STATION_ID": "08247a21-1f3f-11e7-bf6b-3863bb334450", "STATION_STATUS": null, "LAST_REPORTED": "2026-06-22T16:31:06Z", "NUM_DOCKS_AVAILABLE": 31, "NUM_DOCKS_DISABLED": 0, "NUM_BIKES_AVAILABLE": 1, "NUM_EBIKES_AVAILABLE": 1, "NUM_BIKES_DISABLED": 0, "IS_INSTALLED": "YES", "IS_RETURNING": "YES", "IS_RENTING": "YES", "HAS_KIOSK": "YES", "IOS": "https://dc.lft.to/lastmile_qr_scan", "ANDROID": "https://dc.lft.to/lastmile_qr_scan", "ELECTRIC_BIKE_SURCHARGE_WAIVER": "NO", "EIGHTD_HAS_KEY_DISPENSER": "NO", "CAPACITY": 31, "RENTAL_METHODS": "KEY,CREDITCARD", "REGION_ID": "42", "REGION_NAME": "Washington, DC", "GIS_ID": null, "LATITUDE": 38.9086, "LONGITUDE": -77.0323, "GIS_LAST_MOD_DTTM": "2026-06-22T16:32:06Z", "OBJECTID": 357728464 }, "geometry": { "type": "Point", "coordinates": [ -77.032296654392368, 38.908603585382302 ] } },
{ "type": "Feature", "properties": { "NAME": "Grant Circle", "STATION_TYPE": "classic", "STATION_ID": "4ae62d55-b4b3-47d7-ada9-79185e2be3b9", "STATION_STATUS": null, "LAST_REPORTED": "2026-06-22T16:31:07Z", "NUM_DOCKS_AVAILABLE": 9, "NUM_DOCKS_DISABLED": 0, "NUM_BIKES_AVAILABLE": 8, "NUM_EBIKES_AVAILABLE": 2, "NUM_BIKES_DISABLED": 0, "IS_INSTALLED": "YES", "IS_RETURNING": "YES", "IS_RENTING": "YES", "HAS_KIOSK": "YES", "IOS": "https://dc.lft.to/lastmile_qr_scan", "ANDROID": "https://dc.lft.to/lastmile_qr_scan", "ELECTRIC_BIKE_SURCHARGE_WAIVER": "NO", "EIGHTD_HAS_KEY_DISPENSER": "NO", "CAPACITY": 19, "RENTAL_METHODS": "KEY,CREDITCARD", "REGION_ID": "42", "REGION_NAME": "Washington, DC", "GIS_ID": null, "LATITUDE": 38.942025, "LONGITUDE": -77.018221, "GIS_LAST_MOD_DTTM": "2026-06-22T16:32:06Z", "OBJECTID": 357728465 }, "geometry": { "type": "Point", "coordinates": [ -77.0182275745385, 38.942036497932293 ] } },
{ "type": "Feature", "properties": { "NAME": "3rd & M St SE", "STATION_TYPE": "classic", "STATION_ID": "60e5f9b2-611b-4713-b34a-8ce2c2ee8ac8", "STATION_STATUS": null, "LAST_REPORTED": "2026-06-22T16:31:07Z", "NUM_DOCKS_AVAILABLE": 15, "NUM_DOCKS_DISABLED": 0, "NUM_BIKES_AVAILABLE": 8, "NUM_EBIKES_AVAILABLE": 1, "NUM_BIKES_DISABLED": 0, "IS_INSTALLED": "YES", "IS_RETURNING": "YES", "IS_RENTING": "YES", "HAS_KIOSK": "YES", "IOS": "https://dc.lft.to/lastmile_qr_scan", "ANDROID": "https://dc.lft.to/lastmile_qr_scan", "ELECTRIC_BIKE_SURCHARGE_WAIVER": "NO", "EIGHTD_HAS_KEY_DISPENSER": "NO", "CAPACITY": 23, "RENTAL_METHODS": "KEY,CREDITCARD", "REGION_ID": "42", "REGION_NAME": "Washington, DC", "GIS_ID": null, "LATITUDE": 38.876823, "LONGITUDE": -77.002161, "GIS_LAST_MOD_DTTM": "2026-06-22T16:32:06Z", "OBJECTID": 357728466 }, "geometry": { "type": "Point", "coordinates": [ -77.002168878985231, 38.876826493627817 ] } },
{ "type": "Feature", "properties": { "NAME": "20th & I St NW", "STATION_TYPE": "classic", "STATION_ID": "2056454215099460074", "STATION_STATUS": null, "LAST_REPORTED": "2026-06-22T16:31:10Z", "NUM_DOCKS_AVAILABLE": 4, "NUM_DOCKS_DISABLED": 0, "NUM_BIKES_AVAILABLE": 20, "NUM_EBIKES_AVAILABLE": 15, "NUM_BIKES_DISABLED": 0, "IS_INSTALLED": "YES", "IS_RETURNING": "YES", "IS_RENTING": "YES", "HAS_KIOSK": "NO", "IOS": "https://dc.lft.to/lastmile_qr_scan", "ANDROID": "https://dc.lft.to/lastmile_qr_scan", "ELECTRIC_BIKE_SURCHARGE_WAIVER": "NO", "EIGHTD_HAS_KEY_DISPENSER": "NO", "CAPACITY": 24, "RENTAL_METHODS": "KEY,CREDITCARD", "REGION_ID": "42", "REGION_NAME": "Washington, DC", "GIS_ID": null, "LATITUDE": 38.90155, "LONGITUDE": -77.045021, "GIS_LAST_MOD_DTTM": "2026-06-22T16:32:06Z", "OBJECTID": 357728467 }, "geometry": { "type": "Point", "coordinates": [ -77.045020868838463, 38.901554842872152 ] } },
{ "type": "Feature", "properties": { "NAME": "4th & C St SW", "STATION_TYPE": "classic", "STATION_ID": "08250371-1f3f-11e7-bf6b-3863bb334450", "STATION_STATUS": null, "LAST_REPORTED": "2026-06-22T16:31:11Z", "NUM_DOCKS_AVAILABLE": 19, "NUM_DOCKS_DISABLED": 0, "NUM_BIKES_AVAILABLE": 28, "NUM_EBIKES_AVAILABLE": 15, "NUM_BIKES_DISABLED": 1, "IS_INSTALLED": "YES", "IS_RETURNING": "YES", "IS_RENTING": "YES", "HAS_KIOSK": "NO", "IOS": "https://dc.lft.to/lastmile_qr_scan", "ANDROID": "https://dc.lft.to/lastmile_qr_scan", "ELECTRIC_BIKE_SURCHARGE_WAIVER": "NO", "EIGHTD_HAS_KEY_DISPENSER": "NO", "CAPACITY": 48, "RENTAL_METHODS": "KEY,CREDITCARD", "REGION_ID": "42", "REGION_NAME": "Washington, DC", "GIS_ID": null, "LATITUDE": 38.886372, "LONGITUDE": -77.017701, "GIS_LAST_MOD_DTTM": "2026-06-22T16:32:06Z", "OBJECTID": 357728468 }, "geometry": { "type": "Point", "coordinates": [ -77.017706211135035, 38.886383072683032 ] } },
{ "type": "Feature", "properties": { "NAME": "14th & G St NW", "STATION_TYPE": "classic", "STATION_ID": "0824e24c-1f3f-11e7-bf6b-3863bb334450", "STATION_STATUS": null, "LAST_REPORTED": "2026-06-22T16:31:10Z", "NUM_DOCKS_AVAILABLE": 9, "NUM_DOCKS_DISABLED": 0, "NUM_BIKES_AVAILABLE": 14, "NUM_EBIKES_AVAILABLE": 10, "NUM_BIKES_DISABLED": 0, "IS_INSTALLED": "YES", "IS_RETURNING": "YES", "IS_RENTING": "YES", "HAS_KIOSK": "YES", "IOS": "https://dc.lft.to/lastmile_qr_scan", "ANDROID": "https://dc.lft.to/lastmile_qr_scan", "ELECTRIC_BIKE_SURCHARGE_WAIVER": "NO", "EIGHTD_HAS_KEY_DISPENSER": "NO", "CAPACITY": 23, "RENTAL_METHODS": "KEY,CREDITCARD", "REGION_ID": "42", "REGION_NAME": "Washington, DC", "GIS_ID": null, "LATITUDE": 38.898164, "LONGITUDE": -77.031898, "GIS_LAST_MOD_DTTM": "2026-06-22T16:32:06Z", "OBJECTID": 357728469 }, "geometry": { "type": "Point", "coordinates": [ -77.031899982716112, 38.898172018871342 ] } },
{ "type": "Feature", "properties": { "NAME": "Connecticut Ave & Yuma St NW", "STATION_TYPE": "classic", "STATION_ID": "08261e06-1f3f-11e7-bf6b-3863bb334450", "STATION_STATUS": null, "LAST_REPORTED": "2026-06-22T16:31:09Z", "NUM_DOCKS_AVAILABLE": 7, "NUM_DOCKS_DISABLED": 0, "NUM_BIKES_AVAILABLE": 12, "NUM_EBIKES_AVAILABLE": 1, "NUM_BIKES_DISABLED": 0, "IS_INSTALLED": "YES", "IS_RETURNING": "YES", "IS_RENTING": "YES", "HAS_KIOSK": "YES", "IOS": "https://dc.lft.to/lastmile_qr_scan", "ANDROID": "https://dc.lft.to/lastmile_qr_scan", "ELECTRIC_BIKE_SURCHARGE_WAIVER": "NO", "EIGHTD_HAS_KEY_DISPENSER": "NO", "CAPACITY": 19, "RENTAL_METHODS": "KEY,CREDITCARD", "REGION_ID": "42", "REGION_NAME": "Washington, DC", "GIS_ID": null, "LATITUDE": 38.947156, "LONGITUDE": -77.065115, "GIS_LAST_MOD_DTTM": "2026-06-22T16:32:06Z", "OBJECTID": 357728470 }, "geometry": { "type": "Point", "coordinates": [ -77.065122008308748, 38.947163510747771 ] } },
{ "type": "Feature", "properties": { "NAME": "Carroll & Ethan Allen Ave", "STATION_TYPE": "classic", "STATION_ID": "0825b1a2-1f3f-11e7-bf6b-3863bb334450", "STATION_STATUS": null, "LAST_REPORTED": "2026-06-22T16:31:04Z", "NUM_DOCKS_AVAILABLE": 11, "NUM_DOCKS_DISABLED": 0, "NUM_BIKES_AVAILABLE": 4, "NUM_EBIKES_AVAILABLE": 1, "NUM_BIKES_DISABLED": 0, "IS_INSTALLED": "YES", "IS_RETURNING": "YES", "IS_RENTING": "YES", "HAS_KIOSK": "YES", "IOS": "https://dc.lft.to/lastmile_qr_scan", "ANDROID": "https://dc.lft.to/lastmile_qr_scan", "ELECTRIC_BIKE_SURCHARGE_WAIVER": "NO", "EIGHTD_HAS_KEY_DISPENSER": "NO", "CAPACITY": 15, "RENTAL_METHODS": "KEY,CREDITCARD", "REGION_ID": "44", "REGION_NAME": "Montgomery County, MD (South)", "GIS_ID": null, "LATITUDE": 38.977933, "LONGITUDE": -77.006472, "GIS_LAST_MOD_DTTM": "2026-06-22T16:32:06Z", "OBJECTID": 357728471 }, "geometry": { "type": "Point", "coordinates": [ -77.00647668017244, 38.977944657977041 ] } },
{ "type": "Feature", "properties": { "NAME": "Madison St & N Henry St", "STATION_TYPE": "classic", "STATION_ID": "08261620-1f3f-11e7-bf6b-3863bb334450", "STATION_STATUS": null, "LAST_REPORTED": "2026-06-22T16:31:11Z", "NUM_DOCKS_AVAILABLE": 10, "NUM_DOCKS_DISABLED": 0, "NUM_BIKES_AVAILABLE": 5, "NUM_EBIKES_AVAILABLE": 0, "NUM_BIKES_DISABLED": 0, "IS_INSTALLED": "YES", "IS_RETURNING": "YES", "IS_RENTING": "YES", "HAS_KIOSK": "YES", "IOS": "https://dc.lft.to/lastmile_qr_scan", "ANDROID": "https://dc.lft.to/lastmile_qr_scan", "ELECTRIC_BIKE_SURCHARGE_WAIVER": "NO", "EIGHTD_HAS_KEY_DISPENSER": "NO", "CAPACITY": 15, "RENTAL_METHODS": "KEY,CREDITCARD", "REGION_ID": "40", "REGION_NAME": "Alexandria, VA", "GIS_ID": null, "LATITUDE": 38.813485, "LONGITUDE": -77.049468, "GIS_LAST_MOD_DTTM": "2026-06-22T16:32:06Z", "OBJECTID": 357728472 }, "geometry": { "type": "Point", "coordinates": [ -77.049467423429846, 38.813495672817375 ] } },
{ "type": "Feature", "properties": { "NAME": "22nd & P ST NW", "STATION_TYPE": "classic", "STATION_ID": "08261b21-1f3f-11e7-bf6b-3863bb334450", "STATION_STATUS": null, "LAST_REPORTED": "2026-06-22T16:31:11Z", "NUM_DOCKS_AVAILABLE": 14, "NUM_DOCKS_DISABLED": 0, "NUM_BIKES_AVAILABLE": 9, "NUM_EBIKES_AVAILABLE": 2, "NUM_BIKES_DISABLED": 1, "IS_INSTALLED": "YES", "IS_RETURNING": "YES", "IS_RENTING": "YES", "HAS_KIOSK": "NO", "IOS": "https://dc.lft.to/lastmile_qr_scan", "ANDROID": "https://dc.lft.to/lastmile_qr_scan", "ELECTRIC_BIKE_SURCHARGE_WAIVER": "NO", "EIGHTD_HAS_KEY_DISPENSER": "NO", "CAPACITY": 24, "RENTAL_METHODS": "KEY,CREDITCARD", "REGION_ID": "42", "REGION_NAME": "Washington, DC", "GIS_ID": null, "LATITUDE": 38.909394, "LONGITUDE": -77.048728, "GIS_LAST_MOD_DTTM": "2026-06-22T16:32:06Z", "OBJECTID": 357728473 }, "geometry": { "type": "Point", "coordinates": [ -77.048726859558556, 38.909399631059671 ] } },
{ "type": "Feature", "properties": { "NAME": "Eisenhower Ave & Warburton St", "STATION_TYPE": "classic", "STATION_ID": "2131743730712610828", "STATION_STATUS": null, "LAST_REPORTED": "2026-06-22T16:31:12Z", "NUM_DOCKS_AVAILABLE": 6, "NUM_DOCKS_DISABLED": 0, "NUM_BIKES_AVAILABLE": 5, "NUM_EBIKES_AVAILABLE": 0, "NUM_BIKES_DISABLED": 0, "IS_INSTALLED": "YES", "IS_RETURNING": "YES", "IS_RENTING": "YES", "HAS_KIOSK": "YES", "IOS": "https://dc.lft.to/lastmile_qr_scan", "ANDROID": "https://dc.lft.to/lastmile_qr_scan", "ELECTRIC_BIKE_SURCHARGE_WAIVER": "NO", "EIGHTD_HAS_KEY_DISPENSER": "NO", "CAPACITY": 11, "RENTAL_METHODS": "KEY,CREDITCARD", "REGION_ID": "40", "REGION_NAME": "Alexandria, VA", "GIS_ID": null, "LATITUDE": 38.803328, "LONGITUDE": -77.119496, "GIS_LAST_MOD_DTTM": "2026-06-22T16:32:06Z", "OBJECTID": 357728474 }, "geometry": { "type": "Point", "coordinates": [ -77.119503048562095, 38.803337418912903 ] } },
{ "type": "Feature", "properties": { "NAME": "N Shore Dr & Charter Oak Ct", "STATION_TYPE": "classic", "STATION_ID": "2070121376129326036", "STATION_STATUS": null, "LAST_REPORTED": "2026-06-22T16:31:12Z", "NUM_DOCKS_AVAILABLE": 2, "NUM_DOCKS_DISABLED": 0, "NUM_BIKES_AVAILABLE": 9, "NUM_EBIKES_AVAILABLE": 0, "NUM_BIKES_DISABLED": 0, "IS_INSTALLED": "YES", "IS_RETURNING": "YES", "IS_RENTING": "YES", "HAS_KIOSK": "YES", "IOS": "https://dc.lft.to/lastmile_qr_scan", "ANDROID": "https://dc.lft.to/lastmile_qr_scan", "ELECTRIC_BIKE_SURCHARGE_WAIVER": "NO", "EIGHTD_HAS_KEY_DISPENSER": "NO", "CAPACITY": 11, "RENTAL_METHODS": "KEY,CREDITCARD", "REGION_ID": "104", "REGION_NAME": "Fairfax, VA", "GIS_ID": null, "LATITUDE": 38.959082, "LONGITUDE": -77.349026, "GIS_LAST_MOD_DTTM": "2026-06-22T16:32:06Z", "OBJECTID": 357728475 }, "geometry": { "type": "Point", "coordinates": [ -77.349031698890087, 38.959092099121968 ] } },
{ "type": "Feature", "properties": { "NAME": "Arlington Blvd & N Fillmore St", "STATION_TYPE": "classic", "STATION_ID": "0825bbc6-1f3f-11e7-bf6b-3863bb334450", "STATION_STATUS": null, "LAST_REPORTED": "2026-06-22T16:31:12Z", "NUM_DOCKS_AVAILABLE": 7, "NUM_DOCKS_DISABLED": 0, "NUM_BIKES_AVAILABLE": 5, "NUM_EBIKES_AVAILABLE": 2, "NUM_BIKES_DISABLED": 0, "IS_INSTALLED": "YES", "IS_RETURNING": "YES", "IS_RENTING": "YES", "HAS_KIOSK": "NO", "IOS": "https://dc.lft.to/lastmile_qr_scan", "ANDROID": "https://dc.lft.to/lastmile_qr_scan", "ELECTRIC_BIKE_SURCHARGE_WAIVER": "NO", "EIGHTD_HAS_KEY_DISPENSER": "NO", "CAPACITY": 12, "RENTAL_METHODS": "KEY,CREDITCARD", "REGION_ID": "41", "REGION_NAME": "Arlington, VA", "GIS_ID": null, "LATITUDE": 38.873755, "LONGITUDE": -77.089233, "GIS_LAST_MOD_DTTM": "2026-06-22T16:32:06Z", "OBJECTID": 357728476 }, "geometry": { "type": "Point", "coordinates": [ -77.089232295731421, 38.87376559872812 ] } },
{ "type": "Feature", "properties": { "NAME": "Columbia & Ontario Rd NW", "STATION_TYPE": "classic", "STATION_ID": "08265638-1f3f-11e7-bf6b-3863bb334450", "STATION_STATUS": null, "LAST_REPORTED": "2026-06-22T16:31:02Z", "NUM_DOCKS_AVAILABLE": 26, "NUM_DOCKS_DISABLED": 0, "NUM_BIKES_AVAILABLE": 2, "NUM_EBIKES_AVAILABLE": 0, "NUM_BIKES_DISABLED": 0, "IS_INSTALLED": "YES", "IS_RETURNING": "YES", "IS_RENTING": "YES", "HAS_KIOSK": "NO", "IOS": "https://dc.lft.to/lastmile_qr_scan", "ANDROID": "https://dc.lft.to/lastmile_qr_scan", "ELECTRIC_BIKE_SURCHARGE_WAIVER": "NO", "EIGHTD_HAS_KEY_DISPENSER": "NO", "CAPACITY": 28, "RENTAL_METHODS": "KEY,CREDITCARD", "REGION_ID": "42", "REGION_NAME": "Washington, DC", "GIS_ID": null, "LATITUDE": 38.924088, "LONGITUDE": -77.040787, "GIS_LAST_MOD_DTTM": "2026-06-22T16:32:06Z", "OBJECTID": 357728477 }, "geometry": { "type": "Point", "coordinates": [ -77.04079129032958, 38.924095263532642 ] } },
{ "type": "Feature", "properties": { "NAME": "South Capitol & Atlantic St SW", "STATION_TYPE": "classic", "STATION_ID": "08261a52-1f3f-11e7-bf6b-3863bb334450", "STATION_STATUS": null, "LAST_REPORTED": "2026-06-22T16:31:13Z", "NUM_DOCKS_AVAILABLE": 6, "NUM_DOCKS_DISABLED": 0, "NUM_BIKES_AVAILABLE": 5, "NUM_EBIKES_AVAILABLE": 3, "NUM_BIKES_DISABLED": 0, "IS_INSTALLED": "YES", "IS_RETURNING": "YES", "IS_RENTING": "YES", "HAS_KIOSK": "NO", "IOS": "https://dc.lft.to/lastmile_qr_scan", "ANDROID": "https://dc.lft.to/lastmile_qr_scan", "ELECTRIC_BIKE_SURCHARGE_WAIVER": "NO", "EIGHTD_HAS_KEY_DISPENSER": "NO", "CAPACITY": 11, "RENTAL_METHODS": "KEY,CREDITCARD", "REGION_ID": "42", "REGION_NAME": "Washington, DC", "GIS_ID": null, "LATITUDE": 38.831516, "LONGITUDE": -77.008133, "GIS_LAST_MOD_DTTM": "2026-06-22T16:32:06Z", "OBJECTID": 357728478 }, "geometry": { "type": "Point", "coordinates": [ -77.008133379824599, 38.831522830200804 ] } },
{ "type": "Feature", "properties": { "NAME": "Friendship Hts Metro / Wisconsin Ave & Wisconsin Cir", "STATION_TYPE": "classic", "STATION_ID": "08258b3f-1f3f-11e7-bf6b-3863bb334450", "STATION_STATUS": null, "LAST_REPORTED": "2026-06-22T16:31:14Z", "NUM_DOCKS_AVAILABLE": 14, "NUM_DOCKS_DISABLED": 0, "NUM_BIKES_AVAILABLE": 4, "NUM_EBIKES_AVAILABLE": 1, "NUM_BIKES_DISABLED": 0, "IS_INSTALLED": "YES", "IS_RETURNING": "YES", "IS_RENTING": "YES", "HAS_KIOSK": "YES", "IOS": "https://dc.lft.to/lastmile_qr_scan", "ANDROID": "https://dc.lft.to/lastmile_qr_scan", "ELECTRIC_BIKE_SURCHARGE_WAIVER": "NO", "EIGHTD_HAS_KEY_DISPENSER": "NO", "CAPACITY": 19, "RENTAL_METHODS": "KEY,CREDITCARD", "REGION_ID": "44", "REGION_NAME": "Montgomery County, MD (South)", "GIS_ID": null, "LATITUDE": 38.961763, "LONGITUDE": -77.085998, "GIS_LAST_MOD_DTTM": "2026-06-22T16:32:06Z", "OBJECTID": 357728479 }, "geometry": { "type": "Point", "coordinates": [ -77.085996403474581, 38.96177044428849 ] } },
{ "type": "Feature", "properties": { "NAME": "Takoma Metro", "STATION_TYPE": "classic", "STATION_ID": "0825e31a-1f3f-11e7-bf6b-3863bb334450", "STATION_STATUS": null, "LAST_REPORTED": "2026-06-22T16:31:15Z", "NUM_DOCKS_AVAILABLE": 5, "NUM_DOCKS_DISABLED": 0, "NUM_BIKES_AVAILABLE": 15, "NUM_EBIKES_AVAILABLE": 7, "NUM_BIKES_DISABLED": 0, "IS_INSTALLED": "YES", "IS_RETURNING": "YES", "IS_RENTING": "YES", "HAS_KIOSK": "NO", "IOS": "https://dc.lft.to/lastmile_qr_scan", "ANDROID": "https://dc.lft.to/lastmile_qr_scan", "ELECTRIC_BIKE_SURCHARGE_WAIVER": "NO", "EIGHTD_HAS_KEY_DISPENSER": "NO", "CAPACITY": 20, "RENTAL_METHODS": "KEY,CREDITCARD", "REGION_ID": "42", "REGION_NAME": "Washington, DC", "GIS_ID": null, "LATITUDE": 38.975219, "LONGITUDE": -77.016855, "GIS_LAST_MOD_DTTM": "2026-06-22T16:32:06Z", "OBJECTID": 357728480 }, "geometry": { "type": "Point", "coordinates": [ -77.016862761044379, 38.975223136352888 ] } },
{ "type": "Feature", "properties": { "NAME": "22nd St & Constitution Ave NW", "STATION_TYPE": "classic", "STATION_ID": "08263c43-1f3f-11e7-bf6b-3863bb334450", "STATION_STATUS": null, "LAST_REPORTED": "2026-06-22T16:31:15Z", "NUM_DOCKS_AVAILABLE": 8, "NUM_DOCKS_DISABLED": 0, "NUM_BIKES_AVAILABLE": 16, "NUM_EBIKES_AVAILABLE": 10, "NUM_BIKES_DISABLED": 0, "IS_INSTALLED": "YES", "IS_RETURNING": "YES", "IS_RENTING": "YES", "HAS_KIOSK": "NO", "IOS": "https://dc.lft.to/lastmile_qr_scan", "ANDROID": "https://dc.lft.to/lastmile_qr_scan", "ELECTRIC_BIKE_SURCHARGE_WAIVER": "NO", "EIGHTD_HAS_KEY_DISPENSER": "NO", "CAPACITY": 24, "RENTAL_METHODS": "KEY,CREDITCARD", "REGION_ID": "42", "REGION_NAME": "Washington, DC", "GIS_ID": null, "LATITUDE": 38.892441, "LONGITUDE": -77.048947, "GIS_LAST_MOD_DTTM": "2026-06-22T16:32:06Z", "OBJECTID": 357728481 }, "geometry": { "type": "Point", "coordinates": [ -77.04894581909312, 38.892445805893871 ] } },
{ "type": "Feature", "properties": { "NAME": "Belle View Blvd & 10th St", "STATION_TYPE": "classic", "STATION_ID": "2223358391388978808", "STATION_STATUS": null, "LAST_REPORTED": "2026-06-22T16:31:14Z", "NUM_DOCKS_AVAILABLE": 5, "NUM_DOCKS_DISABLED": 0, "NUM_BIKES_AVAILABLE": 6, "NUM_EBIKES_AVAILABLE": 6, "NUM_BIKES_DISABLED": 0, "IS_INSTALLED": "YES", "IS_RETURNING": "YES", "IS_RENTING": "YES", "HAS_KIOSK": "YES", "IOS": "https://dc.lft.to/lastmile_qr_scan", "ANDROID": "https://dc.lft.to/lastmile_qr_scan", "ELECTRIC_BIKE_SURCHARGE_WAIVER": "NO", "EIGHTD_HAS_KEY_DISPENSER": "NO", "CAPACITY": 11, "RENTAL_METHODS": "KEY,CREDITCARD", "REGION_ID": "104", "REGION_NAME": "Fairfax, VA", "GIS_ID": null, "LATITUDE": 38.775315, "LONGITUDE": -77.054123, "GIS_LAST_MOD_DTTM": "2026-06-22T16:32:06Z", "OBJECTID": 357728482 }, "geometry": { "type": "Point", "coordinates": [ -77.054124789120578, 38.775324519697548 ] } },
{ "type": "Feature", "properties": { "NAME": "14th & Newton St NW", "STATION_TYPE": "classic", "STATION_ID": "e9030e46-31bf-4def-befb-2e685ad48180", "STATION_STATUS": null, "LAST_REPORTED": "2026-06-22T16:31:17Z", "NUM_DOCKS_AVAILABLE": 3, "NUM_DOCKS_DISABLED": 0, "NUM_BIKES_AVAILABLE": 15, "NUM_EBIKES_AVAILABLE": 12, "NUM_BIKES_DISABLED": 0, "IS_INSTALLED": "YES", "IS_RETURNING": "YES", "IS_RENTING": "YES", "HAS_KIOSK": "YES", "IOS": "https://dc.lft.to/lastmile_qr_scan", "ANDROID": "https://dc.lft.to/lastmile_qr_scan", "ELECTRIC_BIKE_SURCHARGE_WAIVER": "NO", "EIGHTD_HAS_KEY_DISPENSER": "NO", "CAPACITY": 19, "RENTAL_METHODS": "KEY,CREDITCARD", "REGION_ID": "42", "REGION_NAME": "Washington, DC", "GIS_ID": null, "LATITUDE": 38.931991, "LONGITUDE": -77.032956, "GIS_LAST_MOD_DTTM": "2026-06-22T16:32:06Z", "OBJECTID": 357728483 }, "geometry": { "type": "Point", "coordinates": [ -77.032953120346534, 38.931998028575805 ] } },
{ "type": "Feature", "properties": { "NAME": "Pimmit Dr & Los Pueblos Ln", "STATION_TYPE": "classic", "STATION_ID": "39d08937-66b3-4fd8-89d0-49e5144f1922", "STATION_STATUS": null, "LAST_REPORTED": "2026-06-22T16:31:18Z", "NUM_DOCKS_AVAILABLE": 4, "NUM_DOCKS_DISABLED": 0, "NUM_BIKES_AVAILABLE": 8, "NUM_EBIKES_AVAILABLE": 0, "NUM_BIKES_DISABLED": 0, "IS_INSTALLED": "YES", "IS_RETURNING": "YES", "IS_RENTING": "YES", "HAS_KIOSK": "YES", "IOS": "https://dc.lft.to/lastmile_qr_scan", "ANDROID": "https://dc.lft.to/lastmile_qr_scan", "ELECTRIC_BIKE_SURCHARGE_WAIVER": "NO", "EIGHTD_HAS_KEY_DISPENSER": "NO", "CAPACITY": 12, "RENTAL_METHODS": "KEY,CREDITCARD", "REGION_ID": "104", "REGION_NAME": "Fairfax, VA", "GIS_ID": null, "LATITUDE": 38.900371, "LONGITUDE": -77.205428, "GIS_LAST_MOD_DTTM": "2026-06-22T16:32:06Z", "OBJECTID": 357728484 }, "geometry": { "type": "Point", "coordinates": [ -77.205435997720727, 38.900382957409292 ] } },
{ "type": "Feature", "properties": { "NAME": "Chillum Rd & Riggs Rd / Riggs Plaza", "STATION_TYPE": "classic", "STATION_ID": "fbd404e2-bd4c-464b-b0db-9eaa011a90ae", "STATION_STATUS": null, "LAST_REPORTED": "2026-06-22T16:31:18Z", "NUM_DOCKS_AVAILABLE": 12, "NUM_DOCKS_DISABLED": 0, "NUM_BIKES_AVAILABLE": 3, "NUM_EBIKES_AVAILABLE": 0, "NUM_BIKES_DISABLED": 0, "IS_INSTALLED": "YES", "IS_RETURNING": "YES", "IS_RENTING": "YES", "HAS_KIOSK": "YES", "IOS": "https://dc.lft.to/lastmile_qr_scan", "ANDROID": "https://dc.lft.to/lastmile_qr_scan", "ELECTRIC_BIKE_SURCHARGE_WAIVER": "NO", "EIGHTD_HAS_KEY_DISPENSER": "NO", "CAPACITY": 15, "RENTAL_METHODS": "KEY,CREDITCARD", "REGION_ID": "133", "REGION_NAME": "Prince George's County", "GIS_ID": null, "LATITUDE": 38.961737, "LONGITUDE": -76.995922, "GIS_LAST_MOD_DTTM": "2026-06-22T16:32:06Z", "OBJECTID": 357728485 }, "geometry": { "type": "Point", "coordinates": [ -76.99592930878724, 38.961747949551409 ] } },
{ "type": "Feature", "properties": { "NAME": "Wilson Blvd & N Illinois St ", "STATION_TYPE": "classic", "STATION_ID": "082600d8-1f3f-11e7-bf6b-3863bb334450", "STATION_STATUS": null, "LAST_REPORTED": "2026-06-22T16:31:18Z", "NUM_DOCKS_AVAILABLE": 14, "NUM_DOCKS_DISABLED": 0, "NUM_BIKES_AVAILABLE": 1, "NUM_EBIKES_AVAILABLE": 0, "NUM_BIKES_DISABLED": 0, "IS_INSTALLED": "YES", "IS_RETURNING": "YES", "IS_RENTING": "YES", "HAS_KIOSK": "YES", "IOS": "https://dc.lft.to/lastmile_qr_scan", "ANDROID": "https://dc.lft.to/lastmile_qr_scan", "ELECTRIC_BIKE_SURCHARGE_WAIVER": "NO", "EIGHTD_HAS_KEY_DISPENSER": "NO", "CAPACITY": 15, "RENTAL_METHODS": "KEY,CREDITCARD", "REGION_ID": "41", "REGION_NAME": "Arlington, VA", "GIS_ID": null, "LATITUDE": 38.876528, "LONGITUDE": -77.12712, "GIS_LAST_MOD_DTTM": "2026-06-22T16:32:06Z", "OBJECTID": 357728486 }, "geometry": { "type": "Point", "coordinates": [ -77.127128021991368, 38.876532108108037 ] } },
{ "type": "Feature", "properties": { "NAME": "3rd St & Pennsylvania Ave SE", "STATION_TYPE": "classic", "STATION_ID": "08256a59-1f3f-11e7-bf6b-3863bb334450", "STATION_STATUS": null, "LAST_REPORTED": "2026-06-22T16:31:19Z", "NUM_DOCKS_AVAILABLE": 3, "NUM_DOCKS_DISABLED": 0, "NUM_BIKES_AVAILABLE": 13, "NUM_EBIKES_AVAILABLE": 5, "NUM_BIKES_DISABLED": 0, "IS_INSTALLED": "YES", "IS_RETURNING": "YES", "IS_RENTING": "YES", "HAS_KIOSK": "NO", "IOS": "https://dc.lft.to/lastmile_qr_scan", "ANDROID": "https://dc.lft.to/lastmile_qr_scan", "ELECTRIC_BIKE_SURCHARGE_WAIVER": "NO", "EIGHTD_HAS_KEY_DISPENSER": "NO", "CAPACITY": 16, "RENTAL_METHODS": "KEY,CREDITCARD", "REGION_ID": "42", "REGION_NAME": "Washington, DC", "GIS_ID": null, "LATITUDE": 38.887378, "LONGITUDE": -77.001955, "GIS_LAST_MOD_DTTM": "2026-06-22T16:32:06Z", "OBJECTID": 357728487 }, "geometry": { "type": "Point", "coordinates": [ -77.001961729415171, 38.88738432886791 ] } },
{ "type": "Feature", "properties": { "NAME": "Vienna Metro South", "STATION_TYPE": "classic", "STATION_ID": "fd44b399-4a55-4bbe-a326-20d138a2f0eb", "STATION_STATUS": null, "LAST_REPORTED": "2026-06-22T16:31:19Z", "NUM_DOCKS_AVAILABLE": 18, "NUM_DOCKS_DISABLED": 0, "NUM_BIKES_AVAILABLE": 0, "NUM_EBIKES_AVAILABLE": 0, "NUM_BIKES_DISABLED": 0, "IS_INSTALLED": "YES", "IS_RETURNING": "YES", "IS_RENTING": "YES", "HAS_KIOSK": "YES", "IOS": "https://dc.lft.to/lastmile_qr_scan", "ANDROID": "https://dc.lft.to/lastmile_qr_scan", "ELECTRIC_BIKE_SURCHARGE_WAIVER": "NO", "EIGHTD_HAS_KEY_DISPENSER": "NO", "CAPACITY": 19, "RENTAL_METHODS": "KEY,CREDITCARD", "REGION_ID": "104", "REGION_NAME": "Fairfax, VA", "GIS_ID": null, "LATITUDE": 38.877415, "LONGITUDE": -77.270731, "GIS_LAST_MOD_DTTM": "2026-06-22T16:32:06Z", "OBJECTID": 357728488 }, "geometry": { "type": "Point", "coordinates": [ -77.270737352426991, 38.877422542207277 ] } },
{ "type": "Feature", "properties": { "NAME": "Mount Vernon Ave & Bruce St", "STATION_TYPE": "classic", "STATION_ID": "0826256c-1f3f-11e7-bf6b-3863bb334450", "STATION_STATUS": null, "LAST_REPORTED": "2026-06-22T16:31:19Z", "NUM_DOCKS_AVAILABLE": 8, "NUM_DOCKS_DISABLED": 0, "NUM_BIKES_AVAILABLE": 7, "NUM_EBIKES_AVAILABLE": 0, "NUM_BIKES_DISABLED": 0, "IS_INSTALLED": "YES", "IS_RETURNING": "YES", "IS_RENTING": "YES", "HAS_KIOSK": "YES", "IOS": "https://dc.lft.to/lastmile_qr_scan", "ANDROID": "https://dc.lft.to/lastmile_qr_scan", "ELECTRIC_BIKE_SURCHARGE_WAIVER": "NO", "EIGHTD_HAS_KEY_DISPENSER": "NO", "CAPACITY": 15, "RENTAL_METHODS": "KEY,CREDITCARD", "REGION_ID": "40", "REGION_NAME": "Alexandria, VA", "GIS_ID": null, "LATITUDE": 38.841291, "LONGITUDE": -77.063093, "GIS_LAST_MOD_DTTM": "2026-06-22T16:32:06Z", "OBJECTID": 357728489 }, "geometry": { "type": "Point", "coordinates": [ -77.063090294662956, 38.841298255713014 ] } },
{ "type": "Feature", "properties": { "NAME": "Bladensburg Rd & Benning Rd NE", "STATION_TYPE": "classic", "STATION_ID": "0824c0d5-1f3f-11e7-bf6b-3863bb334450", "STATION_STATUS": null, "LAST_REPORTED": "2026-06-22T16:31:19Z", "NUM_DOCKS_AVAILABLE": 8, "NUM_DOCKS_DISABLED": 0, "NUM_BIKES_AVAILABLE": 4, "NUM_EBIKES_AVAILABLE": 0, "NUM_BIKES_DISABLED": 3, "IS_INSTALLED": "YES", "IS_RETURNING": "YES", "IS_RENTING": "YES", "HAS_KIOSK": "YES", "IOS": "https://dc.lft.to/lastmile_qr_scan", "ANDROID": "https://dc.lft.to/lastmile_qr_scan", "ELECTRIC_BIKE_SURCHARGE_WAIVER": "NO", "EIGHTD_HAS_KEY_DISPENSER": "NO", "CAPACITY": 15, "RENTAL_METHODS": "KEY,CREDITCARD", "REGION_ID": "42", "REGION_NAME": "Washington, DC", "GIS_ID": null, "LATITUDE": 38.900413, "LONGITUDE": -76.982872, "GIS_LAST_MOD_DTTM": "2026-06-22T16:32:06Z", "OBJECTID": 357728490 }, "geometry": { "type": "Point", "coordinates": [ -76.98287128500948, 38.900418201460276 ] } },
{ "type": "Feature", "properties": { "NAME": "41st St & Alabama Ave SE / Fort Davis Rec", "STATION_TYPE": "classic", "STATION_ID": "0099b016-32c9-4536-ac4c-dcc1a117bd95", "STATION_STATUS": null, "LAST_REPORTED": "2026-06-22T16:30:39Z", "NUM_DOCKS_AVAILABLE": 15, "NUM_DOCKS_DISABLED": 0, "NUM_BIKES_AVAILABLE": 0, "NUM_EBIKES_AVAILABLE": 0, "NUM_BIKES_DISABLED": 0, "IS_INSTALLED": "YES", "IS_RETURNING": "YES", "IS_RENTING": "YES", "HAS_KIOSK": "YES", "IOS": "https://dc.lft.to/lastmile_qr_scan", "ANDROID": "https://dc.lft.to/lastmile_qr_scan", "ELECTRIC_BIKE_SURCHARGE_WAIVER": "NO", "EIGHTD_HAS_KEY_DISPENSER": "NO", "CAPACITY": 15, "RENTAL_METHODS": "KEY,CREDITCARD", "REGION_ID": "42", "REGION_NAME": "Washington, DC", "GIS_ID": null, "LATITUDE": 38.870353, "LONGITUDE": -76.945283, "GIS_LAST_MOD_DTTM": "2026-06-22T16:32:06Z", "OBJECTID": 357728491 }, "geometry": { "type": "Point", "coordinates": [ -76.945289138560668, 38.870363682538375 ] } },
{ "type": "Feature", "properties": { "NAME": "Veterans Pl & Pershing Dr ", "STATION_TYPE": "classic", "STATION_ID": "0825e0a1-1f3f-11e7-bf6b-3863bb334450", "STATION_STATUS": null, "LAST_REPORTED": "2026-06-22T16:29:29Z", "NUM_DOCKS_AVAILABLE": 3, "NUM_DOCKS_DISABLED": 0, "NUM_BIKES_AVAILABLE": 7, "NUM_EBIKES_AVAILABLE": 2, "NUM_BIKES_DISABLED": 0, "IS_INSTALLED": "YES", "IS_RETURNING": "YES", "IS_RENTING": "YES", "HAS_KIOSK": "YES", "IOS": "https://dc.lft.to/lastmile_qr_scan", "ANDROID": "https://dc.lft.to/lastmile_qr_scan", "ELECTRIC_BIKE_SURCHARGE_WAIVER": "NO", "EIGHTD_HAS_KEY_DISPENSER": "NO", "CAPACITY": 11, "RENTAL_METHODS": "KEY,CREDITCARD", "REGION_ID": "44", "REGION_NAME": "Montgomery County, MD (South)", "GIS_ID": null, "LATITUDE": 38.997445, "LONGITUDE": -77.023894, "GIS_LAST_MOD_DTTM": "2026-06-22T16:32:06Z", "OBJECTID": 357728492 }, "geometry": { "type": "Point", "coordinates": [ -77.023898299720798, 38.997454174922765 ] } },
{ "type": "Feature", "properties": { "NAME": "3rd & Tingey St SE", "STATION_TYPE": "classic", "STATION_ID": "08258e2d-1f3f-11e7-bf6b-3863bb334450", "STATION_STATUS": null, "LAST_REPORTED": "2026-06-22T16:31:06Z", "NUM_DOCKS_AVAILABLE": 16, "NUM_DOCKS_DISABLED": 0, "NUM_BIKES_AVAILABLE": 6, "NUM_EBIKES_AVAILABLE": 0, "NUM_BIKES_DISABLED": 2, "IS_INSTALLED": "YES", "IS_RETURNING": "YES", "IS_RENTING": "YES", "HAS_KIOSK": "NO", "IOS": "https://dc.lft.to/lastmile_qr_scan", "ANDROID": "https://dc.lft.to/lastmile_qr_scan", "ELECTRIC_BIKE_SURCHARGE_WAIVER": "NO", "EIGHTD_HAS_KEY_DISPENSER": "NO", "CAPACITY": 24, "RENTAL_METHODS": "KEY,CREDITCARD", "REGION_ID": "42", "REGION_NAME": "Washington, DC", "GIS_ID": null, "LATITUDE": 38.874967, "LONGITUDE": -77.002489, "GIS_LAST_MOD_DTTM": "2026-06-22T16:32:06Z", "OBJECTID": 357728493 }, "geometry": { "type": "Point", "coordinates": [ -77.002491498776635, 38.874970757117815 ] } },
{ "type": "Feature", "properties": { "NAME": "Largo Rd & Campus Way / Prince Georges's Comm Col", "STATION_TYPE": "classic", "STATION_ID": "5945c731-a300-46e6-8e51-3236ad1f65f2", "STATION_STATUS": null, "LAST_REPORTED": "2026-06-22T16:31:01Z", "NUM_DOCKS_AVAILABLE": 3, "NUM_DOCKS_DISABLED": 0, "NUM_BIKES_AVAILABLE": 11, "NUM_EBIKES_AVAILABLE": 1, "NUM_BIKES_DISABLED": 1, "IS_INSTALLED": "YES", "IS_RETURNING": "YES", "IS_RENTING": "YES", "HAS_KIOSK": "YES", "IOS": "https://dc.lft.to/lastmile_qr_scan", "ANDROID": "https://dc.lft.to/lastmile_qr_scan", "ELECTRIC_BIKE_SURCHARGE_WAIVER": "NO", "EIGHTD_HAS_KEY_DISPENSER": "NO", "CAPACITY": 15, "RENTAL_METHODS": "KEY,CREDITCARD", "REGION_ID": "133", "REGION_NAME": "Prince George's County", "GIS_ID": null, "LATITUDE": 38.88994, "LONGITUDE": -76.825535, "GIS_LAST_MOD_DTTM": "2026-06-22T16:32:06Z", "OBJECTID": 357728494 }, "geometry": { "type": "Point", "coordinates": [ -76.825536000270148, 38.889947563372331 ] } },
{ "type": "Feature", "properties": { "NAME": "14th & Irving St NW", "STATION_TYPE": "classic", "STATION_ID": "082631cd-1f3f-11e7-bf6b-3863bb334450", "STATION_STATUS": null, "LAST_REPORTED": "2026-06-22T16:31:17Z", "NUM_DOCKS_AVAILABLE": 37, "NUM_DOCKS_DISABLED": 0, "NUM_BIKES_AVAILABLE": 3, "NUM_EBIKES_AVAILABLE": 1, "NUM_BIKES_DISABLED": 0, "IS_INSTALLED": "YES", "IS_RETURNING": "YES", "IS_RENTING": "YES", "HAS_KIOSK": "NO", "IOS": "https://dc.lft.to/lastmile_qr_scan", "ANDROID": "https://dc.lft.to/lastmile_qr_scan", "ELECTRIC_BIKE_SURCHARGE_WAIVER": "NO", "EIGHTD_HAS_KEY_DISPENSER": "NO", "CAPACITY": 40, "RENTAL_METHODS": "KEY,CREDITCARD", "REGION_ID": "42", "REGION_NAME": "Washington, DC", "GIS_ID": null, "LATITUDE": 38.928552, "LONGITUDE": -77.032224, "GIS_LAST_MOD_DTTM": "2026-06-22T16:32:06Z", "OBJECTID": 357728495 }, "geometry": { "type": "Point", "coordinates": [ -77.032224962834661, 38.928557056918279 ] } },
{ "type": "Feature", "properties": { "NAME": "Arizona Ave & MacArthur Blvd NW", "STATION_TYPE": "classic", "STATION_ID": "1b1fd2f7-bcbd-43a2-bed1-ddf8e3cc4614", "STATION_STATUS": null, "LAST_REPORTED": "2026-06-22T16:31:17Z", "NUM_DOCKS_AVAILABLE": 2, "NUM_DOCKS_DISABLED": 0, "NUM_BIKES_AVAILABLE": 16, "NUM_EBIKES_AVAILABLE": 3, "NUM_BIKES_DISABLED": 1, "IS_INSTALLED": "YES", "IS_RETURNING": "YES", "IS_RENTING": "YES", "HAS_KIOSK": "YES", "IOS": "https://dc.lft.to/lastmile_qr_scan", "ANDROID": "https://dc.lft.to/lastmile_qr_scan", "ELECTRIC_BIKE_SURCHARGE_WAIVER": "NO", "EIGHTD_HAS_KEY_DISPENSER": "NO", "CAPACITY": 19, "RENTAL_METHODS": "KEY,CREDITCARD", "REGION_ID": "42", "REGION_NAME": "Washington, DC", "GIS_ID": null, "LATITUDE": 38.927294, "LONGITUDE": -77.103662, "GIS_LAST_MOD_DTTM": "2026-06-22T16:32:06Z", "OBJECTID": 357728496 }, "geometry": { "type": "Point", "coordinates": [ -77.103668926625147, 38.927299396149749 ] } },
{ "type": "Feature", "properties": { "NAME": "10th St & Florida Ave NW", "STATION_TYPE": "classic", "STATION_ID": "08259009-1f3f-11e7-bf6b-3863bb334450", "STATION_STATUS": null, "LAST_REPORTED": "2026-06-22T16:29:33Z", "NUM_DOCKS_AVAILABLE": 21, "NUM_DOCKS_DISABLED": 0, "NUM_BIKES_AVAILABLE": 3, "NUM_EBIKES_AVAILABLE": 0, "NUM_BIKES_DISABLED": 0, "IS_INSTALLED": "YES", "IS_RETURNING": "YES", "IS_RENTING": "YES", "HAS_KIOSK": "NO", "IOS": "https://dc.lft.to/lastmile_qr_scan", "ANDROID": "https://dc.lft.to/lastmile_qr_scan", "ELECTRIC_BIKE_SURCHARGE_WAIVER": "NO", "EIGHTD_HAS_KEY_DISPENSER": "NO", "CAPACITY": 24, "RENTAL_METHODS": "KEY,CREDITCARD", "REGION_ID": "42", "REGION_NAME": "Washington, DC", "GIS_ID": null, "LATITUDE": 38.920387, "LONGITUDE": -77.025672, "GIS_LAST_MOD_DTTM": "2026-06-22T16:32:06Z", "OBJECTID": 357728497 }, "geometry": { "type": "Point", "coordinates": [ -77.025671387300136, 38.920397142092867 ] } },
{ "type": "Feature", "properties": { "NAME": "19th St & Pennsylvania Ave NW", "STATION_TYPE": "classic", "STATION_ID": "0824741d-1f3f-11e7-bf6b-3863bb334450", "STATION_STATUS": null, "LAST_REPORTED": "2026-06-22T16:30:52Z", "NUM_DOCKS_AVAILABLE": 0, "NUM_DOCKS_DISABLED": 0, "NUM_BIKES_AVAILABLE": 15, "NUM_EBIKES_AVAILABLE": 13, "NUM_BIKES_DISABLED": 0, "IS_INSTALLED": "YES", "IS_RETURNING": "YES", "IS_RENTING": "YES", "HAS_KIOSK": "YES", "IOS": "https://dc.lft.to/lastmile_qr_scan", "ANDROID": "https://dc.lft.to/lastmile_qr_scan", "ELECTRIC_BIKE_SURCHARGE_WAIVER": "NO", "EIGHTD_HAS_KEY_DISPENSER": "NO", "CAPACITY": 15, "RENTAL_METHODS": "KEY,CREDITCARD", "REGION_ID": "42", "REGION_NAME": "Washington, DC", "GIS_ID": null, "LATITUDE": 38.9003, "LONGITUDE": -77.0429, "GIS_LAST_MOD_DTTM": "2026-06-22T16:32:06Z", "OBJECTID": 357728498 }, "geometry": { "type": "Point", "coordinates": [ -77.042898881854313, 38.900303479368155 ] } },
{ "type": "Feature", "properties": { "NAME": "Aurora Hills Cmty Ctr / 18th St & S Hayes St", "STATION_TYPE": "classic", "STATION_ID": "08246d68-1f3f-11e7-bf6b-3863bb334450", "STATION_STATUS": null, "LAST_REPORTED": "2026-06-22T16:31:15Z", "NUM_DOCKS_AVAILABLE": 10, "NUM_DOCKS_DISABLED": 0, "NUM_BIKES_AVAILABLE": 2, "NUM_EBIKES_AVAILABLE": 1, "NUM_BIKES_DISABLED": 0, "IS_INSTALLED": "YES", "IS_RETURNING": "YES", "IS_RENTING": "YES", "HAS_KIOSK": "YES", "IOS": "https://dc.lft.to/lastmile_qr_scan", "ANDROID": "https://dc.lft.to/lastmile_qr_scan", "ELECTRIC_BIKE_SURCHARGE_WAIVER": "NO", "EIGHTD_HAS_KEY_DISPENSER": "NO", "CAPACITY": 12, "RENTAL_METHODS": "KEY,CREDITCARD", "REGION_ID": "41", "REGION_NAME": "Arlington, VA", "GIS_ID": null, "LATITUDE": 38.857866, "LONGITUDE": -77.05949, "GIS_LAST_MOD_DTTM": "2026-06-22T16:32:06Z", "OBJECTID": 357728499 }, "geometry": { "type": "Point", "coordinates": [ -77.059487230100217, 38.857875677249801 ] } },
{ "type": "Feature", "properties": { "NAME": "Washington Blvd & N Frederick St", "STATION_TYPE": "classic", "STATION_ID": "082616fc-1f3f-11e7-bf6b-3863bb334450", "STATION_STATUS": null, "LAST_REPORTED": "2026-06-22T16:29:22Z", "NUM_DOCKS_AVAILABLE": 5, "NUM_DOCKS_DISABLED": 0, "NUM_BIKES_AVAILABLE": 4, "NUM_EBIKES_AVAILABLE": 0, "NUM_BIKES_DISABLED": 1, "IS_INSTALLED": "YES", "IS_RETURNING": "YES", "IS_RENTING": "YES", "HAS_KIOSK": "YES", "IOS": "https://dc.lft.to/lastmile_qr_scan", "ANDROID": "https://dc.lft.to/lastmile_qr_scan", "ELECTRIC_BIKE_SURCHARGE_WAIVER": "NO", "EIGHTD_HAS_KEY_DISPENSER": "NO", "CAPACITY": 11, "RENTAL_METHODS": "KEY,CREDITCARD", "REGION_ID": "41", "REGION_NAME": "Arlington, VA", "GIS_ID": null, "LATITUDE": 38.884829, "LONGITUDE": -77.127671, "GIS_LAST_MOD_DTTM": "2026-06-22T16:32:06Z", "OBJECTID": 357728500 }, "geometry": { "type": "Point", "coordinates": [ -77.127673004747578, 38.884837258143527 ] } },
{ "type": "Feature", "properties": { "NAME": "7th St & Massachusetts Ave NE", "STATION_TYPE": "classic", "STATION_ID": "7814989b-dc73-4a7e-bd23-f716b9abbbfe", "STATION_STATUS": null, "LAST_REPORTED": "2026-06-22T16:30:51Z", "NUM_DOCKS_AVAILABLE": 18, "NUM_DOCKS_DISABLED": 0, "NUM_BIKES_AVAILABLE": 1, "NUM_EBIKES_AVAILABLE": 0, "NUM_BIKES_DISABLED": 0, "IS_INSTALLED": "YES", "IS_RETURNING": "YES", "IS_RENTING": "YES", "HAS_KIOSK": "YES", "IOS": "https://dc.lft.to/lastmile_qr_scan", "ANDROID": "https://dc.lft.to/lastmile_qr_scan", "ELECTRIC_BIKE_SURCHARGE_WAIVER": "NO", "EIGHTD_HAS_KEY_DISPENSER": "NO", "CAPACITY": 19, "RENTAL_METHODS": "KEY,CREDITCARD", "REGION_ID": "42", "REGION_NAME": "Washington, DC", "GIS_ID": null, "LATITUDE": 38.89222, "LONGITUDE": -76.99602, "GIS_LAST_MOD_DTTM": "2026-06-22T16:32:06Z", "OBJECTID": 357728501 }, "geometry": { "type": "Point", "coordinates": [ -76.996025488849781, 38.892230784436833 ] } },
{ "type": "Feature", "properties": { "NAME": "New Hampshire Ave & T St NW", "STATION_TYPE": "classic", "STATION_ID": "0824c376-1f3f-11e7-bf6b-3863bb334450", "STATION_STATUS": null, "LAST_REPORTED": "2026-06-22T16:31:13Z", "NUM_DOCKS_AVAILABLE": 20, "NUM_DOCKS_DISABLED": 0, "NUM_BIKES_AVAILABLE": 1, "NUM_EBIKES_AVAILABLE": 0, "NUM_BIKES_DISABLED": 2, "IS_INSTALLED": "YES", "IS_RETURNING": "YES", "IS_RENTING": "YES", "HAS_KIOSK": "YES", "IOS": "https://dc.lft.to/lastmile_qr_scan", "ANDROID": "https://dc.lft.to/lastmile_qr_scan", "ELECTRIC_BIKE_SURCHARGE_WAIVER": "NO", "EIGHTD_HAS_KEY_DISPENSER": "NO", "CAPACITY": 23, "RENTAL_METHODS": "KEY,CREDITCARD", "REGION_ID": "42", "REGION_NAME": "Washington, DC", "GIS_ID": null, "LATITUDE": 38.915544, "LONGITUDE": -77.038252, "GIS_LAST_MOD_DTTM": "2026-06-22T16:32:06Z", "OBJECTID": 357728502 }, "geometry": { "type": "Point", "coordinates": [ -77.038249649746305, 38.915556227634681 ] } },
{ "type": "Feature", "properties": { "NAME": "Eastern Market Metro", "STATION_TYPE": "classic", "STATION_ID": "1996328198078007666", "STATION_STATUS": null, "LAST_REPORTED": "2026-06-22T16:31:15Z", "NUM_DOCKS_AVAILABLE": 7, "NUM_DOCKS_DISABLED": 1, "NUM_BIKES_AVAILABLE": 21, "NUM_EBIKES_AVAILABLE": 3, "NUM_BIKES_DISABLED": 3, "IS_INSTALLED": "YES", "IS_RETURNING": "YES", "IS_RENTING": "YES", "HAS_KIOSK": "NO", "IOS": "https://dc.lft.to/lastmile_qr_scan", "ANDROID": "https://dc.lft.to/lastmile_qr_scan", "ELECTRIC_BIKE_SURCHARGE_WAIVER": "NO", "EIGHTD_HAS_KEY_DISPENSER": "NO", "CAPACITY": 32, "RENTAL_METHODS": "KEY,CREDITCARD", "REGION_ID": "42", "REGION_NAME": "Washington, DC", "GIS_ID": null, "LATITUDE": 38.884181, "LONGITUDE": -76.995358, "GIS_LAST_MOD_DTTM": "2026-06-22T16:32:06Z", "OBJECTID": 357728503 }, "geometry": { "type": "Point", "coordinates": [ -76.995357449599297, 38.884186277244311 ] } },
{ "type": "Feature", "properties": { "NAME": "Pentagon Row Plaza / Army Navy Dr & Joyce St", "STATION_TYPE": "classic", "STATION_ID": "08246e8c-1f3f-11e7-bf6b-3863bb334450", "STATION_STATUS": null, "LAST_REPORTED": "2026-06-22T16:30:25Z", "NUM_DOCKS_AVAILABLE": 11, "NUM_DOCKS_DISABLED": 0, "NUM_BIKES_AVAILABLE": 5, "NUM_EBIKES_AVAILABLE": 3, "NUM_BIKES_DISABLED": 0, "IS_INSTALLED": "YES", "IS_RETURNING": "YES", "IS_RENTING": "YES", "HAS_KIOSK": "YES", "IOS": "https://dc.lft.to/lastmile_qr_scan", "ANDROID": "https://dc.lft.to/lastmile_qr_scan", "ELECTRIC_BIKE_SURCHARGE_WAIVER": "NO", "EIGHTD_HAS_KEY_DISPENSER": "NO", "CAPACITY": 16, "RENTAL_METHODS": "KEY,CREDITCARD", "REGION_ID": "41", "REGION_NAME": "Arlington, VA", "GIS_ID": null, "LATITUDE": 38.863314, "LONGITUDE": -77.063416, "GIS_LAST_MOD_DTTM": "2026-06-22T16:32:06Z", "OBJECTID": 357728504 }, "geometry": { "type": "Point", "coordinates": [ -77.063420866426554, 38.863323703154329 ] } },
{ "type": "Feature", "properties": { "NAME": "Army Navy Dr & S Nash St", "STATION_TYPE": "classic", "STATION_ID": "0826029e-1f3f-11e7-bf6b-3863bb334450", "STATION_STATUS": null, "LAST_REPORTED": "2026-06-22T16:30:44Z", "NUM_DOCKS_AVAILABLE": 11, "NUM_DOCKS_DISABLED": 0, "NUM_BIKES_AVAILABLE": 0, "NUM_EBIKES_AVAILABLE": 0, "NUM_BIKES_DISABLED": 0, "IS_INSTALLED": "YES", "IS_RETURNING": "YES", "IS_RENTING": "YES", "HAS_KIOSK": "YES", "IOS": "https://dc.lft.to/lastmile_qr_scan", "ANDROID": "https://dc.lft.to/lastmile_qr_scan", "ELECTRIC_BIKE_SURCHARGE_WAIVER": "NO", "EIGHTD_HAS_KEY_DISPENSER": "NO", "CAPACITY": 11, "RENTAL_METHODS": "KEY,CREDITCARD", "REGION_ID": "41", "REGION_NAME": "Arlington, VA", "GIS_ID": null, "LATITUDE": 38.86215, "LONGITUDE": -77.068121, "GIS_LAST_MOD_DTTM": "2026-06-22T16:32:06Z", "OBJECTID": 357728505 }, "geometry": { "type": "Point", "coordinates": [ -77.068120842532991, 38.862158969336896 ] } },
{ "type": "Feature", "properties": { "NAME": "25th St & Pennsylvania Ave NW", "STATION_TYPE": "classic", "STATION_ID": "0824cfe7-1f3f-11e7-bf6b-3863bb334450", "STATION_STATUS": null, "LAST_REPORTED": "2026-06-22T16:30:53Z", "NUM_DOCKS_AVAILABLE": 9, "NUM_DOCKS_DISABLED": 0, "NUM_BIKES_AVAILABLE": 6, "NUM_EBIKES_AVAILABLE": 0, "NUM_BIKES_DISABLED": 0, "IS_INSTALLED": "YES", "IS_RETURNING": "YES", "IS_RENTING": "YES", "HAS_KIOSK": "YES", "IOS": "https://dc.lft.to/lastmile_qr_scan", "ANDROID": "https://dc.lft.to/lastmile_qr_scan", "ELECTRIC_BIKE_SURCHARGE_WAIVER": "NO", "EIGHTD_HAS_KEY_DISPENSER": "NO", "CAPACITY": 15, "RENTAL_METHODS": "KEY,CREDITCARD", "REGION_ID": "42", "REGION_NAME": "Washington, DC", "GIS_ID": null, "LATITUDE": 38.903827, "LONGITUDE": -77.053485, "GIS_LAST_MOD_DTTM": "2026-06-22T16:32:06Z", "OBJECTID": 357728506 }, "geometry": { "type": "Point", "coordinates": [ -77.053484456002323, 38.903830389017763 ] } },
{ "type": "Feature", "properties": { "NAME": "5th & Morse St NE", "STATION_TYPE": "classic", "STATION_ID": "79ae0ec5-9bbd-41ee-a9e9-7753233b5e77", "STATION_STATUS": null, "LAST_REPORTED": "2026-06-22T16:31:19Z", "NUM_DOCKS_AVAILABLE": 16, "NUM_DOCKS_DISABLED": 0, "NUM_BIKES_AVAILABLE": 1, "NUM_EBIKES_AVAILABLE": 1, "NUM_BIKES_DISABLED": 2, "IS_INSTALLED": "YES", "IS_RETURNING": "YES", "IS_RENTING": "YES", "HAS_KIOSK": "YES", "IOS": "https://dc.lft.to/lastmile_qr_scan", "ANDROID": "https://dc.lft.to/lastmile_qr_scan", "ELECTRIC_BIKE_SURCHARGE_WAIVER": "NO", "EIGHTD_HAS_KEY_DISPENSER": "NO", "CAPACITY": 19, "RENTAL_METHODS": "KEY,CREDITCARD", "REGION_ID": "42", "REGION_NAME": "Washington, DC", "GIS_ID": null, "LATITUDE": 38.907287, "LONGITUDE": -76.999167, "GIS_LAST_MOD_DTTM": "2026-06-22T16:32:06Z", "OBJECTID": 357728507 }, "geometry": { "type": "Point", "coordinates": [ -76.999172169064124, 38.907292828073679 ] } },
{ "type": "Feature", "properties": { "NAME": "The Shoppes @ Burnt Mills", "STATION_TYPE": "classic", "STATION_ID": "44b6aaca-6a97-425c-9d95-93a1d836c22d", "STATION_STATUS": null, "LAST_REPORTED": "2026-06-22T16:31:13Z", "NUM_DOCKS_AVAILABLE": 5, "NUM_DOCKS_DISABLED": 0, "NUM_BIKES_AVAILABLE": 14, "NUM_EBIKES_AVAILABLE": 1, "NUM_BIKES_DISABLED": 0, "IS_INSTALLED": "YES", "IS_RETURNING": "YES", "IS_RENTING": "YES", "HAS_KIOSK": "YES", "IOS": "https://dc.lft.to/lastmile_qr_scan", "ANDROID": "https://dc.lft.to/lastmile_qr_scan", "ELECTRIC_BIKE_SURCHARGE_WAIVER": "NO", "EIGHTD_HAS_KEY_DISPENSER": "NO", "CAPACITY": 19, "RENTAL_METHODS": "KEY,CREDITCARD", "REGION_ID": "44", "REGION_NAME": "Montgomery County, MD (South)", "GIS_ID": null, "LATITUDE": 39.031314, "LONGITUDE": -77.004122, "GIS_LAST_MOD_DTTM": "2026-06-22T16:32:06Z", "OBJECTID": 357728508 }, "geometry": { "type": "Point", "coordinates": [ -77.004125447570445, 39.031318208136462 ] } },
{ "type": "Feature", "properties": { "NAME": "Clarendon Metro / Wilson Blvd & N Highland St", "STATION_TYPE": "classic", "STATION_ID": "0824ff6e-1f3f-11e7-bf6b-3863bb334450", "STATION_STATUS": null, "LAST_REPORTED": "2026-06-22T16:31:02Z", "NUM_DOCKS_AVAILABLE": 4, "NUM_DOCKS_DISABLED": 0, "NUM_BIKES_AVAILABLE": 17, "NUM_EBIKES_AVAILABLE": 4, "NUM_BIKES_DISABLED": 0, "IS_INSTALLED": "YES", "IS_RETURNING": "YES", "IS_RENTING": "YES", "HAS_KIOSK": "YES", "IOS": "https://dc.lft.to/lastmile_qr_scan", "ANDROID": "https://dc.lft.to/lastmile_qr_scan", "ELECTRIC_BIKE_SURCHARGE_WAIVER": "NO", "EIGHTD_HAS_KEY_DISPENSER": "NO", "CAPACITY": 21, "RENTAL_METHODS": "KEY,CREDITCARD", "REGION_ID": "41", "REGION_NAME": "Arlington, VA", "GIS_ID": null, "LATITUDE": 38.88701, "LONGITUDE": -77.095257, "GIS_LAST_MOD_DTTM": "2026-06-22T16:32:06Z", "OBJECTID": 357728509 }, "geometry": { "type": "Point", "coordinates": [ -77.095253974608099, 38.887021201517079 ] } },
{ "type": "Feature", "properties": { "NAME": "15th St & Constitution Ave NW", "STATION_TYPE": "classic", "STATION_ID": "99e66f13-6f03-4872-9f34-bcd92fe519fd", "STATION_STATUS": null, "LAST_REPORTED": "2026-06-22T16:31:18Z", "NUM_DOCKS_AVAILABLE": 0, "NUM_DOCKS_DISABLED": 0, "NUM_BIKES_AVAILABLE": 20, "NUM_EBIKES_AVAILABLE": 1, "NUM_BIKES_DISABLED": 0, "IS_INSTALLED": "YES", "IS_RETURNING": "YES", "IS_RENTING": "YES", "HAS_KIOSK": "NO", "IOS": "https://dc.lft.to/lastmile_qr_scan", "ANDROID": "https://dc.lft.to/lastmile_qr_scan", "ELECTRIC_BIKE_SURCHARGE_WAIVER": "NO", "EIGHTD_HAS_KEY_DISPENSER": "NO", "CAPACITY": 20, "RENTAL_METHODS": "KEY,CREDITCARD", "REGION_ID": "42", "REGION_NAME": "Washington, DC", "GIS_ID": null, "LATITUDE": 38.892244, "LONGITUDE": -77.033234, "GIS_LAST_MOD_DTTM": "2026-06-22T16:32:06Z", "OBJECTID": 357728510 }, "geometry": { "type": "Point", "coordinates": [ -77.033234461502673, 38.892253148666725 ] } },
{ "type": "Feature", "properties": { "NAME": "Executive Blvd & E Jefferson St", "STATION_TYPE": "classic", "STATION_ID": "3ced143d-294e-4050-80a7-b40d76c42c0d", "STATION_STATUS": null, "LAST_REPORTED": "2026-06-22T16:31:01Z", "NUM_DOCKS_AVAILABLE": 11, "NUM_DOCKS_DISABLED": 0, "NUM_BIKES_AVAILABLE": 4, "NUM_EBIKES_AVAILABLE": 0, "NUM_BIKES_DISABLED": 0, "IS_INSTALLED": "YES", "IS_RETURNING": "YES", "IS_RENTING": "YES", "HAS_KIOSK": "YES", "IOS": "https://dc.lft.to/lastmile_qr_scan", "ANDROID": "https://dc.lft.to/lastmile_qr_scan", "ELECTRIC_BIKE_SURCHARGE_WAIVER": "NO", "EIGHTD_HAS_KEY_DISPENSER": "NO", "CAPACITY": 15, "RENTAL_METHODS": "KEY,CREDITCARD", "REGION_ID": "43", "REGION_NAME": "Montgomery County, MD (North)", "GIS_ID": null, "LATITUDE": 39.04873, "LONGITUDE": -77.1257, "GIS_LAST_MOD_DTTM": "2026-06-22T16:32:06Z", "OBJECTID": 357728511 }, "geometry": { "type": "Point", "coordinates": [ -77.125702717978811, 39.048735529889449 ] } },
{ "type": "Feature", "properties": { "NAME": "Woodglen Dr & Executive Blvd", "STATION_TYPE": "classic", "STATION_ID": "f69c2ab2-8d2b-493a-9da4-3a76d0e34753", "STATION_STATUS": null, "LAST_REPORTED": "2026-06-22T16:29:23Z", "NUM_DOCKS_AVAILABLE": 12, "NUM_DOCKS_DISABLED": 0, "NUM_BIKES_AVAILABLE": 2, "NUM_EBIKES_AVAILABLE": 0, "NUM_BIKES_DISABLED": 1, "IS_INSTALLED": "YES", "IS_RETURNING": "YES", "IS_RENTING": "YES", "HAS_KIOSK": "YES", "IOS": "https://dc.lft.to/lastmile_qr_scan", "ANDROID": "https://dc.lft.to/lastmile_qr_scan", "ELECTRIC_BIKE_SURCHARGE_WAIVER": "NO", "EIGHTD_HAS_KEY_DISPENSER": "NO", "CAPACITY": 16, "RENTAL_METHODS": "KEY,CREDITCARD", "REGION_ID": "43", "REGION_NAME": "Montgomery County, MD (North)", "GIS_ID": null, "LATITUDE": 39.04317, "LONGITUDE": -77.1135, "GIS_LAST_MOD_DTTM": "2026-06-22T16:32:06Z", "OBJECTID": 357728512 }, "geometry": { "type": "Point", "coordinates": [ -77.113506192327165, 39.043180983185941 ] } },
{ "type": "Feature", "properties": { "NAME": "Arlington Blvd & S George Mason Dr", "STATION_TYPE": "classic", "STATION_ID": "0825f58d-1f3f-11e7-bf6b-3863bb334450", "STATION_STATUS": null, "LAST_REPORTED": "2026-06-22T16:28:22Z", "NUM_DOCKS_AVAILABLE": 2, "NUM_DOCKS_DISABLED": 0, "NUM_BIKES_AVAILABLE": 10, "NUM_EBIKES_AVAILABLE": 4, "NUM_BIKES_DISABLED": 0, "IS_INSTALLED": "YES", "IS_RETURNING": "YES", "IS_RENTING": "YES", "HAS_KIOSK": "NO", "IOS": "https://dc.lft.to/lastmile_qr_scan", "ANDROID": "https://dc.lft.to/lastmile_qr_scan", "ELECTRIC_BIKE_SURCHARGE_WAIVER": "NO", "EIGHTD_HAS_KEY_DISPENSER": "NO", "CAPACITY": 12, "RENTAL_METHODS": "KEY,CREDITCARD", "REGION_ID": "41", "REGION_NAME": "Arlington, VA", "GIS_ID": null, "LATITUDE": 38.869442, "LONGITUDE": -77.104503, "GIS_LAST_MOD_DTTM": "2026-06-22T16:32:06Z", "OBJECTID": 357728513 }, "geometry": { "type": "Point", "coordinates": [ -77.104506746683782, 38.869446907860166 ] } },
{ "type": "Feature", "properties": { "NAME": "Virginia Ave & C St NW", "STATION_TYPE": "classic", "STATION_ID": "0824f16b-1f3f-11e7-bf6b-3863bb334450", "STATION_STATUS": null, "LAST_REPORTED": "2026-06-22T16:29:29Z", "NUM_DOCKS_AVAILABLE": 1, "NUM_DOCKS_DISABLED": 0, "NUM_BIKES_AVAILABLE": 14, "NUM_EBIKES_AVAILABLE": 3, "NUM_BIKES_DISABLED": 0, "IS_INSTALLED": "YES", "IS_RETURNING": "YES", "IS_RENTING": "YES", "HAS_KIOSK": "YES", "IOS": "https://dc.lft.to/lastmile_qr_scan", "ANDROID": "https://dc.lft.to/lastmile_qr_scan", "ELECTRIC_BIKE_SURCHARGE_WAIVER": "NO", "EIGHTD_HAS_KEY_DISPENSER": "NO", "CAPACITY": 15, "RENTAL_METHODS": "KEY,CREDITCARD", "REGION_ID": "42", "REGION_NAME": "Washington, DC", "GIS_ID": null, "LATITUDE": 38.894112, "LONGITUDE": -77.044334, "GIS_LAST_MOD_DTTM": "2026-06-22T16:32:06Z", "OBJECTID": 357728514 }, "geometry": { "type": "Point", "coordinates": [ -77.04433607117322, 38.894123203790905 ] } },
{ "type": "Feature", "properties": { "NAME": "Capitol Heights Metro", "STATION_TYPE": "classic", "STATION_ID": "3dc3100e-7a4c-4d34-8b92-e820f1bd46a0", "STATION_STATUS": null, "LAST_REPORTED": "2026-06-22T16:29:28Z", "NUM_DOCKS_AVAILABLE": 6, "NUM_DOCKS_DISABLED": 0, "NUM_BIKES_AVAILABLE": 13, "NUM_EBIKES_AVAILABLE": 2, "NUM_BIKES_DISABLED": 0, "IS_INSTALLED": "YES", "IS_RETURNING": "YES", "IS_RENTING": "YES", "HAS_KIOSK": "YES", "IOS": "https://dc.lft.to/lastmile_qr_scan", "ANDROID": "https://dc.lft.to/lastmile_qr_scan", "ELECTRIC_BIKE_SURCHARGE_WAIVER": "NO", "EIGHTD_HAS_KEY_DISPENSER": "NO", "CAPACITY": 19, "RENTAL_METHODS": "KEY,CREDITCARD", "REGION_ID": "133", "REGION_NAME": "Prince George's County", "GIS_ID": null, "LATITUDE": 38.888524, "LONGITUDE": -76.913188, "GIS_LAST_MOD_DTTM": "2026-06-22T16:32:06Z", "OBJECTID": 357728515 }, "geometry": { "type": "Point", "coordinates": [ -76.913185860395217, 38.888532182732355 ] } },
{ "type": "Feature", "properties": { "NAME": "Long Bridge Aquatic Center", "STATION_TYPE": "classic", "STATION_ID": "065defed-8e90-46b9-a106-28d590704cf8", "STATION_STATUS": null, "LAST_REPORTED": "2026-06-22T16:29:30Z", "NUM_DOCKS_AVAILABLE": 11, "NUM_DOCKS_DISABLED": 0, "NUM_BIKES_AVAILABLE": 1, "NUM_EBIKES_AVAILABLE": 1, "NUM_BIKES_DISABLED": 0, "IS_INSTALLED": "YES", "IS_RETURNING": "YES", "IS_RENTING": "YES", "HAS_KIOSK": "YES", "IOS": "https://dc.lft.to/lastmile_qr_scan", "ANDROID": "https://dc.lft.to/lastmile_qr_scan", "ELECTRIC_BIKE_SURCHARGE_WAIVER": "NO", "EIGHTD_HAS_KEY_DISPENSER": "NO", "CAPACITY": 12, "RENTAL_METHODS": "KEY,CREDITCARD", "REGION_ID": "41", "REGION_NAME": "Arlington, VA", "GIS_ID": null, "LATITUDE": 38.870561, "LONGITUDE": -77.044095, "GIS_LAST_MOD_DTTM": "2026-06-22T16:32:06Z", "OBJECTID": 357728516 }, "geometry": { "type": "Point", "coordinates": [ -77.044102490075147, 38.870566354097534 ] } },
{ "type": "Feature", "properties": { "NAME": "California St & Florida Ave NW", "STATION_TYPE": "classic", "STATION_ID": "082516c1-1f3f-11e7-bf6b-3863bb334450", "STATION_STATUS": null, "LAST_REPORTED": "2026-06-22T16:29:30Z", "NUM_DOCKS_AVAILABLE": 17, "NUM_DOCKS_DISABLED": 0, "NUM_BIKES_AVAILABLE": 0, "NUM_EBIKES_AVAILABLE": 0, "NUM_BIKES_DISABLED": 0, "IS_INSTALLED": "YES", "IS_RETURNING": "YES", "IS_RENTING": "YES", "HAS_KIOSK": "YES", "IOS": "https://dc.lft.to/lastmile_qr_scan", "ANDROID": "https://dc.lft.to/lastmile_qr_scan", "ELECTRIC_BIKE_SURCHARGE_WAIVER": "NO", "EIGHTD_HAS_KEY_DISPENSER": "NO", "CAPACITY": 19, "RENTAL_METHODS": "KEY,CREDITCARD", "REGION_ID": "42", "REGION_NAME": "Washington, DC", "GIS_ID": null, "LATITUDE": 38.917761, "LONGITUDE": -77.04062, "GIS_LAST_MOD_DTTM": "2026-06-22T16:32:06Z", "OBJECTID": 357728517 }, "geometry": { "type": "Point", "coordinates": [ -77.040626238133143, 38.917771475613982 ] } },
{ "type": "Feature", "properties": { "NAME": "King St & Kenwood Ave", "STATION_TYPE": "classic", "STATION_ID": "bc1a59ac-f82d-44bd-9f2d-b5801f8bbb8d", "STATION_STATUS": null, "LAST_REPORTED": "2026-06-22T16:29:30Z", "NUM_DOCKS_AVAILABLE": 15, "NUM_DOCKS_DISABLED": 0, "NUM_BIKES_AVAILABLE": 0, "NUM_EBIKES_AVAILABLE": 0, "NUM_BIKES_DISABLED": 1, "IS_INSTALLED": "YES", "IS_RETURNING": "YES", "IS_RENTING": "YES", "HAS_KIOSK": "YES", "IOS": "https://dc.lft.to/lastmile_qr_scan", "ANDROID": "https://dc.lft.to/lastmile_qr_scan", "ELECTRIC_BIKE_SURCHARGE_WAIVER": "NO", "EIGHTD_HAS_KEY_DISPENSER": "NO", "CAPACITY": 16, "RENTAL_METHODS": "KEY,CREDITCARD", "REGION_ID": "40", "REGION_NAME": "Alexandria, VA", "GIS_ID": null, "LATITUDE": 38.824793, "LONGITUDE": -77.085066, "GIS_LAST_MOD_DTTM": "2026-06-22T16:32:06Z", "OBJECTID": 357728518 }, "geometry": { "type": "Point", "coordinates": [ -77.085071389490025, 38.824798812095366 ] } },
{ "type": "Feature", "properties": { "NAME": "20th & E St NW", "STATION_TYPE": "classic", "STATION_ID": "08247aa4-1f3f-11e7-bf6b-3863bb334450", "STATION_STATUS": null, "LAST_REPORTED": "2026-06-22T16:29:48Z", "NUM_DOCKS_AVAILABLE": 8, "NUM_DOCKS_DISABLED": 0, "NUM_BIKES_AVAILABLE": 7, "NUM_EBIKES_AVAILABLE": 4, "NUM_BIKES_DISABLED": 0, "IS_INSTALLED": "YES", "IS_RETURNING": "YES", "IS_RENTING": "YES", "HAS_KIOSK": "YES", "IOS": "https://dc.lft.to/lastmile_qr_scan", "ANDROID": "https://dc.lft.to/lastmile_qr_scan", "ELECTRIC_BIKE_SURCHARGE_WAIVER": "NO", "EIGHTD_HAS_KEY_DISPENSER": "NO", "CAPACITY": 15, "RENTAL_METHODS": "KEY,CREDITCARD", "REGION_ID": "42", "REGION_NAME": "Washington, DC", "GIS_ID": null, "LATITUDE": 38.8963, "LONGITUDE": -77.045, "GIS_LAST_MOD_DTTM": "2026-06-22T16:32:06Z", "OBJECTID": 357728519 }, "geometry": { "type": "Point", "coordinates": [ -77.0450060323721, 38.896311981262706 ] } },
{ "type": "Feature", "properties": { "NAME": "King St Metro North / Cameron St", "STATION_TYPE": "classic", "STATION_ID": "082615b7-1f3f-11e7-bf6b-3863bb334450", "STATION_STATUS": null, "LAST_REPORTED": "2026-06-22T16:29:49Z", "NUM_DOCKS_AVAILABLE": 14, "NUM_DOCKS_DISABLED": 0, "NUM_BIKES_AVAILABLE": 0, "NUM_EBIKES_AVAILABLE": 0, "NUM_BIKES_DISABLED": 0, "IS_INSTALLED": "YES", "IS_RETURNING": "YES", "IS_RENTING": "YES", "HAS_KIOSK": "YES", "IOS": "https://dc.lft.to/lastmile_qr_scan", "ANDROID": "https://dc.lft.to/lastmile_qr_scan", "ELECTRIC_BIKE_SURCHARGE_WAIVER": "NO", "EIGHTD_HAS_KEY_DISPENSER": "NO", "CAPACITY": 15, "RENTAL_METHODS": "KEY,CREDITCARD", "REGION_ID": "40", "REGION_NAME": "Alexandria, VA", "GIS_ID": null, "LATITUDE": 38.80704, "LONGITUDE": -77.059817, "GIS_LAST_MOD_DTTM": "2026-06-22T16:32:06Z", "OBJECTID": 357728520 }, "geometry": { "type": "Point", "coordinates": [ -77.059824835087994, 38.807049747253693 ] } },
{ "type": "Feature", "properties": { "NAME": "10th & Quincy St NE / Turkey Thicket Rec", "STATION_TYPE": "classic", "STATION_ID": "343aa3f9-0b2f-4599-9854-81cbc04577f4", "STATION_STATUS": null, "LAST_REPORTED": "2026-06-22T16:29:44Z", "NUM_DOCKS_AVAILABLE": 17, "NUM_DOCKS_DISABLED": 0, "NUM_BIKES_AVAILABLE": 2, "NUM_EBIKES_AVAILABLE": 0, "NUM_BIKES_DISABLED": 0, "IS_INSTALLED": "YES", "IS_RETURNING": "YES", "IS_RENTING": "YES", "HAS_KIOSK": "YES", "IOS": "https://dc.lft.to/lastmile_qr_scan", "ANDROID": "https://dc.lft.to/lastmile_qr_scan", "ELECTRIC_BIKE_SURCHARGE_WAIVER": "NO", "EIGHTD_HAS_KEY_DISPENSER": "NO", "CAPACITY": 19, "RENTAL_METHODS": "KEY,CREDITCARD", "REGION_ID": "42", "REGION_NAME": "Washington, DC", "GIS_ID": null, "LATITUDE": 38.937849, "LONGITUDE": -76.993509, "GIS_LAST_MOD_DTTM": "2026-06-22T16:32:06Z", "OBJECTID": 357728521 }, "geometry": { "type": "Point", "coordinates": [ -76.99350846562821, 38.937857890998224 ] } },
{ "type": "Feature", "properties": { "NAME": "Edgewood Rec Center", "STATION_TYPE": "classic", "STATION_ID": "ed8f70f3-15e3-448c-86c5-d27d87402ad3", "STATION_STATUS": null, "LAST_REPORTED": "2026-06-22T16:29:45Z", "NUM_DOCKS_AVAILABLE": 11, "NUM_DOCKS_DISABLED": 0, "NUM_BIKES_AVAILABLE": 2, "NUM_EBIKES_AVAILABLE": 0, "NUM_BIKES_DISABLED": 2, "IS_INSTALLED": "YES", "IS_RETURNING": "YES", "IS_RENTING": "YES", "HAS_KIOSK": "YES", "IOS": "https://dc.lft.to/lastmile_qr_scan", "ANDROID": "https://dc.lft.to/lastmile_qr_scan", "ELECTRIC_BIKE_SURCHARGE_WAIVER": "NO", "EIGHTD_HAS_KEY_DISPENSER": "NO", "CAPACITY": 15, "RENTAL_METHODS": "KEY,CREDITCARD", "REGION_ID": "42", "REGION_NAME": "Washington, DC", "GIS_ID": null, "LATITUDE": 38.924144, "LONGITUDE": -77.002098, "GIS_LAST_MOD_DTTM": "2026-06-22T16:32:06Z", "OBJECTID": 357728522 }, "geometry": { "type": "Point", "coordinates": [ -77.002101127010775, 38.924147406024055 ] } },
{ "type": "Feature", "properties": { "NAME": "14th & Girard St NW", "STATION_TYPE": "classic", "STATION_ID": "08261c65-1f3f-11e7-bf6b-3863bb334450", "STATION_STATUS": null, "LAST_REPORTED": "2026-06-22T16:29:44Z", "NUM_DOCKS_AVAILABLE": 21, "NUM_DOCKS_DISABLED": 0, "NUM_BIKES_AVAILABLE": 1, "NUM_EBIKES_AVAILABLE": 1, "NUM_BIKES_DISABLED": 1, "IS_INSTALLED": "YES", "IS_RETURNING": "YES", "IS_RENTING": "YES", "HAS_KIOSK": "YES", "IOS": "https://dc.lft.to/lastmile_qr_scan", "ANDROID": "https://dc.lft.to/lastmile_qr_scan", "ELECTRIC_BIKE_SURCHARGE_WAIVER": "NO", "EIGHTD_HAS_KEY_DISPENSER": "NO", "CAPACITY": 23, "RENTAL_METHODS": "KEY,CREDITCARD", "REGION_ID": "42", "REGION_NAME": "Washington, DC", "GIS_ID": null, "LATITUDE": 38.925284, "LONGITUDE": -77.032375, "GIS_LAST_MOD_DTTM": "2026-06-22T16:32:06Z", "OBJECTID": 357728523 }, "geometry": { "type": "Point", "coordinates": [ -77.032373408761075, 38.925296005346809 ] } },
{ "type": "Feature", "properties": { "NAME": "Duke St & Jordan St", "STATION_TYPE": "classic", "STATION_ID": "a44778cc-274f-49d5-80dc-6e031113a7e3", "STATION_STATUS": null, "LAST_REPORTED": "2026-06-22T16:29:46Z", "NUM_DOCKS_AVAILABLE": 10, "NUM_DOCKS_DISABLED": 0, "NUM_BIKES_AVAILABLE": 5, "NUM_EBIKES_AVAILABLE": 0, "NUM_BIKES_DISABLED": 1, "IS_INSTALLED": "YES", "IS_RETURNING": "YES", "IS_RENTING": "YES", "HAS_KIOSK": "YES", "IOS": "https://dc.lft.to/lastmile_qr_scan", "ANDROID": "https://dc.lft.to/lastmile_qr_scan", "ELECTRIC_BIKE_SURCHARGE_WAIVER": "NO", "EIGHTD_HAS_KEY_DISPENSER": "NO", "CAPACITY": 16, "RENTAL_METHODS": "KEY,CREDITCARD", "REGION_ID": "40", "REGION_NAME": "Alexandria, VA", "GIS_ID": null, "LATITUDE": 38.812187, "LONGITUDE": -77.10994, "GIS_LAST_MOD_DTTM": "2026-06-22T16:32:06Z", "OBJECTID": 357728524 }, "geometry": { "type": "Point", "coordinates": [ -77.10993819163356, 38.812193175493263 ] } },
{ "type": "Feature", "properties": { "NAME": "Reston Cmty Ctr/Hunters Woods Plaza", "STATION_TYPE": "classic", "STATION_ID": "2054578287373445230", "STATION_STATUS": null, "LAST_REPORTED": "2026-06-22T16:29:46Z", "NUM_DOCKS_AVAILABLE": 0, "NUM_DOCKS_DISABLED": 0, "NUM_BIKES_AVAILABLE": 9, "NUM_EBIKES_AVAILABLE": 0, "NUM_BIKES_DISABLED": 2, "IS_INSTALLED": "YES", "IS_RETURNING": "YES", "IS_RENTING": "YES", "HAS_KIOSK": "YES", "IOS": "https://dc.lft.to/lastmile_qr_scan", "ANDROID": "https://dc.lft.to/lastmile_qr_scan", "ELECTRIC_BIKE_SURCHARGE_WAIVER": "NO", "EIGHTD_HAS_KEY_DISPENSER": "NO", "CAPACITY": 11, "RENTAL_METHODS": "KEY,CREDITCARD", "REGION_ID": "104", "REGION_NAME": "Fairfax, VA", "GIS_ID": null, "LATITUDE": 38.936419, "LONGITUDE": -77.360996, "GIS_LAST_MOD_DTTM": "2026-06-22T16:32:06Z", "OBJECTID": 357728525 }, "geometry": { "type": "Point", "coordinates": [ -77.360997019802014, 38.936426791531574 ] } },
{ "type": "Feature", "properties": { "NAME": "10th St & Constitution Ave NW", "STATION_TYPE": "classic", "STATION_ID": "08249dad-1f3f-11e7-bf6b-3863bb334450", "STATION_STATUS": null, "LAST_REPORTED": "2026-06-22T16:30:06Z", "NUM_DOCKS_AVAILABLE": 0, "NUM_DOCKS_DISABLED": 1, "NUM_BIKES_AVAILABLE": 44, "NUM_EBIKES_AVAILABLE": 2, "NUM_BIKES_DISABLED": 3, "IS_INSTALLED": "YES", "IS_RETURNING": "YES", "IS_RENTING": "YES", "HAS_KIOSK": "YES", "IOS": "https://dc.lft.to/lastmile_qr_scan", "ANDROID": "https://dc.lft.to/lastmile_qr_scan", "ELECTRIC_BIKE_SURCHARGE_WAIVER": "NO", "EIGHTD_HAS_KEY_DISPENSER": "NO", "CAPACITY": 47, "RENTAL_METHODS": "KEY,CREDITCARD", "REGION_ID": "42", "REGION_NAME": "Washington, DC", "GIS_ID": null, "LATITUDE": 38.893028, "LONGITUDE": -77.026013, "GIS_LAST_MOD_DTTM": "2026-06-22T16:32:06Z", "OBJECTID": 357728526 }, "geometry": { "type": "Point", "coordinates": [ -77.026018881097173, 38.89303870727791 ] } },
{ "type": "Feature", "properties": { "NAME": "Wakefield High School", "STATION_TYPE": "classic", "STATION_ID": "0825467b-1f3f-11e7-bf6b-3863bb334450", "STATION_STATUS": null, "LAST_REPORTED": "2026-06-22T16:30:05Z", "NUM_DOCKS_AVAILABLE": 6, "NUM_DOCKS_DISABLED": 0, "NUM_BIKES_AVAILABLE": 5, "NUM_EBIKES_AVAILABLE": 2, "NUM_BIKES_DISABLED": 1, "IS_INSTALLED": "YES", "IS_RETURNING": "YES", "IS_RENTING": "YES", "HAS_KIOSK": "YES", "IOS": "https://dc.lft.to/lastmile_qr_scan", "ANDROID": "https://dc.lft.to/lastmile_qr_scan", "ELECTRIC_BIKE_SURCHARGE_WAIVER": "NO", "EIGHTD_HAS_KEY_DISPENSER": "NO", "CAPACITY": 12, "RENTAL_METHODS": "KEY,CREDITCARD", "REGION_ID": "41", "REGION_NAME": "Arlington, VA", "GIS_ID": null, "LATITUDE": 38.847129, "LONGITUDE": -77.11255, "GIS_LAST_MOD_DTTM": "2026-06-22T16:32:06Z", "OBJECTID": 357728527 }, "geometry": { "type": "Point", "coordinates": [ -77.112549368442444, 38.847134555353612 ] } },
{ "type": "Feature", "properties": { "NAME": "Westpark Dr & Leesburg Pike", "STATION_TYPE": "classic", "STATION_ID": "082634c6-1f3f-11e7-bf6b-3863bb334450", "STATION_STATUS": null, "LAST_REPORTED": "2026-06-22T16:30:06Z", "NUM_DOCKS_AVAILABLE": 9, "NUM_DOCKS_DISABLED": 0, "NUM_BIKES_AVAILABLE": 2, "NUM_EBIKES_AVAILABLE": 0, "NUM_BIKES_DISABLED": 0, "IS_INSTALLED": "YES", "IS_RETURNING": "YES", "IS_RENTING": "YES", "HAS_KIOSK": "YES", "IOS": "https://dc.lft.to/lastmile_qr_scan", "ANDROID": "https://dc.lft.to/lastmile_qr_scan", "ELECTRIC_BIKE_SURCHARGE_WAIVER": "NO", "EIGHTD_HAS_KEY_DISPENSER": "NO", "CAPACITY": 11, "RENTAL_METHODS": "KEY,CREDITCARD", "REGION_ID": "104", "REGION_NAME": "Fairfax, VA", "GIS_ID": null, "LATITUDE": 38.92403, "LONGITUDE": -77.235955, "GIS_LAST_MOD_DTTM": "2026-06-22T16:32:06Z", "OBJECTID": 357728528 }, "geometry": { "type": "Point", "coordinates": [ -77.235960452330659, 38.924035322743165 ] } },
{ "type": "Feature", "properties": { "NAME": "Branch & Pennsylvania Ave SE", "STATION_TYPE": "classic", "STATION_ID": "0824c29d-1f3f-11e7-bf6b-3863bb334450", "STATION_STATUS": null, "LAST_REPORTED": "2026-06-22T16:30:08Z", "NUM_DOCKS_AVAILABLE": 9, "NUM_DOCKS_DISABLED": 0, "NUM_BIKES_AVAILABLE": 6, "NUM_EBIKES_AVAILABLE": 5, "NUM_BIKES_DISABLED": 0, "IS_INSTALLED": "YES", "IS_RETURNING": "YES", "IS_RENTING": "YES", "HAS_KIOSK": "YES", "IOS": "https://dc.lft.to/lastmile_qr_scan", "ANDROID": "https://dc.lft.to/lastmile_qr_scan", "ELECTRIC_BIKE_SURCHARGE_WAIVER": "NO", "EIGHTD_HAS_KEY_DISPENSER": "NO", "CAPACITY": 15, "RENTAL_METHODS": "KEY,CREDITCARD", "REGION_ID": "42", "REGION_NAME": "Washington, DC", "GIS_ID": null, "LATITUDE": 38.8692, "LONGITUDE": -76.9599, "GIS_LAST_MOD_DTTM": "2026-06-22T16:32:06Z", "OBJECTID": 357728529 }, "geometry": { "type": "Point", "coordinates": [ -76.959901471134557, 38.869207529436672 ] } },
{ "type": "Feature", "properties": { "NAME": "Stadium Armory Metro", "STATION_TYPE": "classic", "STATION_ID": "e9611824-0245-4482-bc8b-970c0eface40", "STATION_STATUS": null, "LAST_REPORTED": "2026-06-22T16:30:07Z", "NUM_DOCKS_AVAILABLE": 9, "NUM_DOCKS_DISABLED": 0, "NUM_BIKES_AVAILABLE": 10, "NUM_EBIKES_AVAILABLE": 0, "NUM_BIKES_DISABLED": 0, "IS_INSTALLED": "YES", "IS_RETURNING": "YES", "IS_RENTING": "YES", "HAS_KIOSK": "YES", "IOS": "https://dc.lft.to/lastmile_qr_scan", "ANDROID": "https://dc.lft.to/lastmile_qr_scan", "ELECTRIC_BIKE_SURCHARGE_WAIVER": "NO", "EIGHTD_HAS_KEY_DISPENSER": "NO", "CAPACITY": 19, "RENTAL_METHODS": "KEY,CREDITCARD", "REGION_ID": "42", "REGION_NAME": "Washington, DC", "GIS_ID": null, "LATITUDE": 38.885483, "LONGITUDE": -76.977187, "GIS_LAST_MOD_DTTM": "2026-06-22T16:32:06Z", "OBJECTID": 357728530 }, "geometry": { "type": "Point", "coordinates": [ -76.977192623708163, 38.88549035879138 ] } },
{ "type": "Feature", "properties": { "NAME": "Wilson Blvd & N Uhle St", "STATION_TYPE": "classic", "STATION_ID": "0824ee0d-1f3f-11e7-bf6b-3863bb334450", "STATION_STATUS": null, "LAST_REPORTED": "2026-06-22T16:30:09Z", "NUM_DOCKS_AVAILABLE": 11, "NUM_DOCKS_DISABLED": 0, "NUM_BIKES_AVAILABLE": 4, "NUM_EBIKES_AVAILABLE": 2, "NUM_BIKES_DISABLED": 0, "IS_INSTALLED": "YES", "IS_RETURNING": "YES", "IS_RENTING": "YES", "HAS_KIOSK": "YES", "IOS": "https://dc.lft.to/lastmile_qr_scan", "ANDROID": "https://dc.lft.to/lastmile_qr_scan", "ELECTRIC_BIKE_SURCHARGE_WAIVER": "NO", "EIGHTD_HAS_KEY_DISPENSER": "NO", "CAPACITY": 15, "RENTAL_METHODS": "KEY,CREDITCARD", "REGION_ID": "41", "REGION_NAME": "Arlington, VA", "GIS_ID": null, "LATITUDE": 38.891696, "LONGITUDE": -77.0846, "GIS_LAST_MOD_DTTM": "2026-06-22T16:32:06Z", "OBJECTID": 357728531 }, "geometry": { "type": "Point", "coordinates": [ -77.084597882182891, 38.891704755633626 ] } },
{ "type": "Feature", "properties": { "NAME": "Washington Blvd & 7th St N", "STATION_TYPE": "classic", "STATION_ID": "08252645-1f3f-11e7-bf6b-3863bb334450", "STATION_STATUS": null, "LAST_REPORTED": "2026-06-22T16:30:13Z", "NUM_DOCKS_AVAILABLE": 12, "NUM_DOCKS_DISABLED": 0, "NUM_BIKES_AVAILABLE": 0, "NUM_EBIKES_AVAILABLE": 0, "NUM_BIKES_DISABLED": 0, "IS_INSTALLED": "YES", "IS_RETURNING": "YES", "IS_RENTING": "YES", "HAS_KIOSK": "YES", "IOS": "https://dc.lft.to/lastmile_qr_scan", "ANDROID": "https://dc.lft.to/lastmile_qr_scan", "ELECTRIC_BIKE_SURCHARGE_WAIVER": "NO", "EIGHTD_HAS_KEY_DISPENSER": "NO", "CAPACITY": 12, "RENTAL_METHODS": "KEY,CREDITCARD", "REGION_ID": "41", "REGION_NAME": "Arlington, VA", "GIS_ID": null, "LATITUDE": 38.88081, "LONGITUDE": -77.090792, "GIS_LAST_MOD_DTTM": "2026-06-22T16:32:06Z", "OBJECTID": 357728532 }, "geometry": { "type": "Point", "coordinates": [ -77.090797004044546, 38.880817970346115 ] } },
{ "type": "Feature", "properties": { "NAME": "Fairfax Dr & N Randolph St", "STATION_TYPE": "classic", "STATION_ID": "0825275b-1f3f-11e7-bf6b-3863bb334450", "STATION_STATUS": null, "LAST_REPORTED": "2026-06-22T16:30:11Z", "NUM_DOCKS_AVAILABLE": 1, "NUM_DOCKS_DISABLED": 0, "NUM_BIKES_AVAILABLE": 12, "NUM_EBIKES_AVAILABLE": 0, "NUM_BIKES_DISABLED": 2, "IS_INSTALLED": "YES", "IS_RETURNING": "YES", "IS_RENTING": "YES", "HAS_KIOSK": "YES", "IOS": "https://dc.lft.to/lastmile_qr_scan", "ANDROID": "https://dc.lft.to/lastmile_qr_scan", "ELECTRIC_BIKE_SURCHARGE_WAIVER": "NO", "EIGHTD_HAS_KEY_DISPENSER": "NO", "CAPACITY": 15, "RENTAL_METHODS": "KEY,CREDITCARD", "REGION_ID": "41", "REGION_NAME": "Arlington, VA", "GIS_ID": null, "LATITUDE": 38.882629, "LONGITUDE": -77.109366, "GIS_LAST_MOD_DTTM": "2026-06-22T16:32:06Z", "OBJECTID": 357728533 }, "geometry": { "type": "Point", "coordinates": [ -77.109366737361469, 38.882639769914171 ] } },
{ "type": "Feature", "properties": { "NAME": "George Mason Dr & Seminary Rd", "STATION_TYPE": "classic", "STATION_ID": "2215677153500497412", "STATION_STATUS": null, "LAST_REPORTED": "2026-06-22T16:30:23Z", "NUM_DOCKS_AVAILABLE": 9, "NUM_DOCKS_DISABLED": 0, "NUM_BIKES_AVAILABLE": 1, "NUM_EBIKES_AVAILABLE": 0, "NUM_BIKES_DISABLED": 1, "IS_INSTALLED": "YES", "IS_RETURNING": "YES", "IS_RENTING": "YES", "HAS_KIOSK": "YES", "IOS": "https://dc.lft.to/lastmile_qr_scan", "ANDROID": "https://dc.lft.to/lastmile_qr_scan", "ELECTRIC_BIKE_SURCHARGE_WAIVER": "NO", "EIGHTD_HAS_KEY_DISPENSER": "NO", "CAPACITY": 11, "RENTAL_METHODS": "KEY,CREDITCARD", "REGION_ID": "104", "REGION_NAME": "Fairfax, VA", "GIS_ID": null, "LATITUDE": 38.842, "LONGITUDE": -77.118936, "GIS_LAST_MOD_DTTM": "2026-06-22T16:32:06Z", "OBJECTID": 357728534 }, "geometry": { "type": "Point", "coordinates": [ -77.118934248427408, 38.842011423363644 ] } },
{ "type": "Feature", "properties": { "NAME": "19th & E Street NW", "STATION_TYPE": "classic", "STATION_ID": "082482b3-1f3f-11e7-bf6b-3863bb334450", "STATION_STATUS": null, "LAST_REPORTED": "2026-06-22T16:30:23Z", "NUM_DOCKS_AVAILABLE": 1, "NUM_DOCKS_DISABLED": 0, "NUM_BIKES_AVAILABLE": 10, "NUM_EBIKES_AVAILABLE": 6, "NUM_BIKES_DISABLED": 0, "IS_INSTALLED": "YES", "IS_RETURNING": "YES", "IS_RENTING": "YES", "HAS_KIOSK": "YES", "IOS": "https://dc.lft.to/lastmile_qr_scan", "ANDROID": "https://dc.lft.to/lastmile_qr_scan", "ELECTRIC_BIKE_SURCHARGE_WAIVER": "NO", "EIGHTD_HAS_KEY_DISPENSER": "NO", "CAPACITY": 11, "RENTAL_METHODS": "KEY,CREDITCARD", "REGION_ID": "42", "REGION_NAME": "Washington, DC", "GIS_ID": null, "LATITUDE": 38.895734, "LONGITUDE": -77.043368, "GIS_LAST_MOD_DTTM": "2026-06-22T16:32:06Z", "OBJECTID": 357728535 }, "geometry": { "type": "Point", "coordinates": [ -77.043368768438512, 38.895745073437062 ] } },
{ "type": "Feature", "properties": { "NAME": "Crystal Dr & 15th St S", "STATION_TYPE": "classic", "STATION_ID": "08246cd5-1f3f-11e7-bf6b-3863bb334450", "STATION_STATUS": null, "LAST_REPORTED": "2026-06-22T16:30:23Z", "NUM_DOCKS_AVAILABLE": 4, "NUM_DOCKS_DISABLED": 0, "NUM_BIKES_AVAILABLE": 12, "NUM_EBIKES_AVAILABLE": 1, "NUM_BIKES_DISABLED": 0, "IS_INSTALLED": "YES", "IS_RETURNING": "YES", "IS_RENTING": "YES", "HAS_KIOSK": "YES", "IOS": "https://dc.lft.to/lastmile_qr_scan", "ANDROID": "https://dc.lft.to/lastmile_qr_scan", "ELECTRIC_BIKE_SURCHARGE_WAIVER": "NO", "EIGHTD_HAS_KEY_DISPENSER": "NO", "CAPACITY": 16, "RENTAL_METHODS": "KEY,CREDITCARD", "REGION_ID": "41", "REGION_NAME": "Arlington, VA", "GIS_ID": null, "LATITUDE": 38.861056, "LONGITUDE": -77.049417, "GIS_LAST_MOD_DTTM": "2026-06-22T16:32:06Z", "OBJECTID": 357728536 }, "geometry": { "type": "Point", "coordinates": [ -77.049419737103491, 38.861060346788378 ] } },
{ "type": "Feature", "properties": { "NAME": "Connecticut & Nebraska Ave NW", "STATION_TYPE": "classic", "STATION_ID": "08254ffb-1f3f-11e7-bf6b-3863bb334450", "STATION_STATUS": null, "LAST_REPORTED": "2026-06-22T16:30:22Z", "NUM_DOCKS_AVAILABLE": 8, "NUM_DOCKS_DISABLED": 1, "NUM_BIKES_AVAILABLE": 13, "NUM_EBIKES_AVAILABLE": 0, "NUM_BIKES_DISABLED": 0, "IS_INSTALLED": "YES", "IS_RETURNING": "YES", "IS_RENTING": "YES", "HAS_KIOSK": "YES", "IOS": "https://dc.lft.to/lastmile_qr_scan", "ANDROID": "https://dc.lft.to/lastmile_qr_scan", "ELECTRIC_BIKE_SURCHARGE_WAIVER": "NO", "EIGHTD_HAS_KEY_DISPENSER": "NO", "CAPACITY": 23, "RENTAL_METHODS": "KEY,CREDITCARD", "REGION_ID": "42", "REGION_NAME": "Washington, DC", "GIS_ID": null, "LATITUDE": 38.955016, "LONGITUDE": -77.069956, "GIS_LAST_MOD_DTTM": "2026-06-22T16:32:06Z", "OBJECTID": 357728537 }, "geometry": { "type": "Point", "coordinates": [ -77.069963234833679, 38.955024939289181 ] } },
{ "type": "Feature", "properties": { "NAME": "Mount Vernon Ave & Kennedy St", "STATION_TYPE": "classic", "STATION_ID": "0825fa22-1f3f-11e7-bf6b-3863bb334450", "STATION_STATUS": null, "LAST_REPORTED": "2026-06-22T16:30:25Z", "NUM_DOCKS_AVAILABLE": 6, "NUM_DOCKS_DISABLED": 0, "NUM_BIKES_AVAILABLE": 9, "NUM_EBIKES_AVAILABLE": 2, "NUM_BIKES_DISABLED": 0, "IS_INSTALLED": "YES", "IS_RETURNING": "YES", "IS_RENTING": "YES", "HAS_KIOSK": "YES", "IOS": "https://dc.lft.to/lastmile_qr_scan", "ANDROID": "https://dc.lft.to/lastmile_qr_scan", "ELECTRIC_BIKE_SURCHARGE_WAIVER": "NO", "EIGHTD_HAS_KEY_DISPENSER": "NO", "CAPACITY": 15, "RENTAL_METHODS": "KEY,CREDITCARD", "REGION_ID": "40", "REGION_NAME": "Alexandria, VA", "GIS_ID": null, "LATITUDE": 38.833077, "LONGITUDE": -77.059821, "GIS_LAST_MOD_DTTM": "2026-06-22T16:32:06Z", "OBJECTID": 357728538 }, "geometry": { "type": "Point", "coordinates": [ -77.059823614156045, 38.833084261863547 ] } },
{ "type": "Feature", "properties": { "NAME": "Wilson Blvd & N Quinn St", "STATION_TYPE": "classic", "STATION_ID": "08251e7d-1f3f-11e7-bf6b-3863bb334450", "STATION_STATUS": null, "LAST_REPORTED": "2026-06-22T16:30:21Z", "NUM_DOCKS_AVAILABLE": 9, "NUM_DOCKS_DISABLED": 0, "NUM_BIKES_AVAILABLE": 8, "NUM_EBIKES_AVAILABLE": 0, "NUM_BIKES_DISABLED": 0, "IS_INSTALLED": "YES", "IS_RETURNING": "YES", "IS_RENTING": "YES", "HAS_KIOSK": "YES", "IOS": "https://dc.lft.to/lastmile_qr_scan", "ANDROID": "https://dc.lft.to/lastmile_qr_scan", "ELECTRIC_BIKE_SURCHARGE_WAIVER": "NO", "EIGHTD_HAS_KEY_DISPENSER": "NO", "CAPACITY": 17, "RENTAL_METHODS": "KEY,CREDITCARD", "REGION_ID": "41", "REGION_NAME": "Arlington, VA", "GIS_ID": null, "LATITUDE": 38.893993, "LONGITUDE": -77.07857, "GIS_LAST_MOD_DTTM": "2026-06-22T16:32:06Z", "OBJECTID": 357728539 }, "geometry": { "type": "Point", "coordinates": [ -77.078571859411667, 38.893997091828801 ] } },
{ "type": "Feature", "properties": { "NAME": "Wilson Blvd & N Troy St", "STATION_TYPE": "classic", "STATION_ID": "d39e9b29-0ba7-453f-9f1e-b0a856d448b7", "STATION_STATUS": null, "LAST_REPORTED": "2026-06-22T16:29:34Z", "NUM_DOCKS_AVAILABLE": 13, "NUM_DOCKS_DISABLED": 0, "NUM_BIKES_AVAILABLE": 2, "NUM_EBIKES_AVAILABLE": 0, "NUM_BIKES_DISABLED": 0, "IS_INSTALLED": "YES", "IS_RETURNING": "YES", "IS_RENTING": "YES", "HAS_KIOSK": "YES", "IOS": "https://dc.lft.to/lastmile_qr_scan", "ANDROID": "https://dc.lft.to/lastmile_qr_scan", "ELECTRIC_BIKE_SURCHARGE_WAIVER": "NO", "EIGHTD_HAS_KEY_DISPENSER": "NO", "CAPACITY": 15, "RENTAL_METHODS": "KEY,CREDITCARD", "REGION_ID": "41", "REGION_NAME": "Arlington, VA", "GIS_ID": null, "LATITUDE": 38.892556, "LONGITUDE": -77.082089, "GIS_LAST_MOD_DTTM": "2026-06-22T16:32:06Z", "OBJECTID": 357728540 }, "geometry": { "type": "Point", "coordinates": [ -77.082086013549429, 38.892562343623069 ] } },
{ "type": "Feature", "properties": { "NAME": "Citadel Ave & McGrath Blvd", "STATION_TYPE": "classic", "STATION_ID": "97506e92-1d23-4396-8ec8-e1901ccc22fa", "STATION_STATUS": null, "LAST_REPORTED": "2026-06-22T16:29:37Z", "NUM_DOCKS_AVAILABLE": 15, "NUM_DOCKS_DISABLED": 0, "NUM_BIKES_AVAILABLE": 0, "NUM_EBIKES_AVAILABLE": 0, "NUM_BIKES_DISABLED": 0, "IS_INSTALLED": "YES", "IS_RETURNING": "YES", "IS_RENTING": "YES", "HAS_KIOSK": "YES", "IOS": "https://dc.lft.to/lastmile_qr_scan", "ANDROID": "https://dc.lft.to/lastmile_qr_scan", "ELECTRIC_BIKE_SURCHARGE_WAIVER": "NO", "EIGHTD_HAS_KEY_DISPENSER": "NO", "CAPACITY": 15, "RENTAL_METHODS": "KEY,CREDITCARD", "REGION_ID": "43", "REGION_NAME": "Montgomery County, MD (North)", "GIS_ID": null, "LATITUDE": 39.049, "LONGITUDE": -77.10933, "GIS_LAST_MOD_DTTM": "2026-06-22T16:32:06Z", "OBJECTID": 357728541 }, "geometry": { "type": "Point", "coordinates": [ -77.109333532777654, 39.049004188510999 ] } },
{ "type": "Feature", "properties": { "NAME": "Gravelly Point", "STATION_TYPE": "classic", "STATION_ID": "08256742-1f3f-11e7-bf6b-3863bb334450", "STATION_STATUS": null, "LAST_REPORTED": "2026-06-22T16:29:41Z", "NUM_DOCKS_AVAILABLE": 13, "NUM_DOCKS_DISABLED": 0, "NUM_BIKES_AVAILABLE": 0, "NUM_EBIKES_AVAILABLE": 0, "NUM_BIKES_DISABLED": 4, "IS_INSTALLED": "YES", "IS_RETURNING": "YES", "IS_RENTING": "YES", "HAS_KIOSK": "YES", "IOS": "https://dc.lft.to/lastmile_qr_scan", "ANDROID": "https://dc.lft.to/lastmile_qr_scan", "ELECTRIC_BIKE_SURCHARGE_WAIVER": "NO", "EIGHTD_HAS_KEY_DISPENSER": "NO", "CAPACITY": 17, "RENTAL_METHODS": "KEY,CREDITCARD", "REGION_ID": "41", "REGION_NAME": "Arlington, VA", "GIS_ID": null, "LATITUDE": 38.865029, "LONGITUDE": -77.039511, "GIS_LAST_MOD_DTTM": "2026-06-22T16:32:06Z", "OBJECTID": 357728542 }, "geometry": { "type": "Point", "coordinates": [ -77.039513098546848, 38.86503683251312 ] } },
{ "type": "Feature", "properties": { "NAME": "St Asaph St & Madison St", "STATION_TYPE": "classic", "STATION_ID": "0826154d-1f3f-11e7-bf6b-3863bb334450", "STATION_STATUS": null, "LAST_REPORTED": "2026-06-22T16:29:34Z", "NUM_DOCKS_AVAILABLE": 2, "NUM_DOCKS_DISABLED": 0, "NUM_BIKES_AVAILABLE": 11, "NUM_EBIKES_AVAILABLE": 1, "NUM_BIKES_DISABLED": 0, "IS_INSTALLED": "YES", "IS_RETURNING": "YES", "IS_RENTING": "YES", "HAS_KIOSK": "YES", "IOS": "https://dc.lft.to/lastmile_qr_scan", "ANDROID": "https://dc.lft.to/lastmile_qr_scan", "ELECTRIC_BIKE_SURCHARGE_WAIVER": "NO", "EIGHTD_HAS_KEY_DISPENSER": "NO", "CAPACITY": 15, "RENTAL_METHODS": "KEY,CREDITCARD", "REGION_ID": "40", "REGION_NAME": "Alexandria, VA", "GIS_ID": null, "LATITUDE": 38.812718, "LONGITUDE": -77.044097, "GIS_LAST_MOD_DTTM": "2026-06-22T16:32:06Z", "OBJECTID": 357728543 }, "geometry": { "type": "Point", "coordinates": [ -77.044101313319473, 38.812723094269515 ] } },
{ "type": "Feature", "properties": { "NAME": "Nannie Helen Burroughs Ave & 49th St NE", "STATION_TYPE": "classic", "STATION_ID": "0825ba12-1f3f-11e7-bf6b-3863bb334450", "STATION_STATUS": null, "LAST_REPORTED": "2026-06-22T16:29:39Z", "NUM_DOCKS_AVAILABLE": 9, "NUM_DOCKS_DISABLED": 0, "NUM_BIKES_AVAILABLE": 2, "NUM_EBIKES_AVAILABLE": 1, "NUM_BIKES_DISABLED": 0, "IS_INSTALLED": "YES", "IS_RETURNING": "YES", "IS_RENTING": "YES", "HAS_KIOSK": "YES", "IOS": "https://dc.lft.to/lastmile_qr_scan", "ANDROID": "https://dc.lft.to/lastmile_qr_scan", "ELECTRIC_BIKE_SURCHARGE_WAIVER": "NO", "EIGHTD_HAS_KEY_DISPENSER": "NO", "CAPACITY": 11, "RENTAL_METHODS": "KEY,CREDITCARD", "REGION_ID": "42", "REGION_NAME": "Washington, DC", "GIS_ID": null, "LATITUDE": 38.898536, "LONGITUDE": -76.931862, "GIS_LAST_MOD_DTTM": "2026-06-22T16:32:06Z", "OBJECTID": 357728544 }, "geometry": { "type": "Point", "coordinates": [ -76.931860506433608, 38.89854386351432 ] } },
{ "type": "Feature", "properties": { "NAME": "Kansas Ave & Sherman Cr NW", "STATION_TYPE": "classic", "STATION_ID": "c645ddde-0156-47ab-9616-3121f541a6f0", "STATION_STATUS": null, "LAST_REPORTED": "2026-06-22T16:29:49Z", "NUM_DOCKS_AVAILABLE": 16, "NUM_DOCKS_DISABLED": 0, "NUM_BIKES_AVAILABLE": 3, "NUM_EBIKES_AVAILABLE": 0, "NUM_BIKES_DISABLED": 0, "IS_INSTALLED": "YES", "IS_RETURNING": "YES", "IS_RENTING": "YES", "HAS_KIOSK": "YES", "IOS": "https://dc.lft.to/lastmile_qr_scan", "ANDROID": "https://dc.lft.to/lastmile_qr_scan", "ELECTRIC_BIKE_SURCHARGE_WAIVER": "NO", "EIGHTD_HAS_KEY_DISPENSER": "NO", "CAPACITY": 19, "RENTAL_METHODS": "KEY,CREDITCARD", "REGION_ID": "42", "REGION_NAME": "Washington, DC", "GIS_ID": null, "LATITUDE": 38.947962, "LONGITUDE": -77.02155, "GIS_LAST_MOD_DTTM": "2026-06-22T16:32:06Z", "OBJECTID": 357728545 }, "geometry": { "type": "Point", "coordinates": [ -77.021551447069697, 38.947972392227662 ] } },
{ "type": "Feature", "properties": { "NAME": "Westover Library / Washington Blvd & N McKinley Rd", "STATION_TYPE": "classic", "STATION_ID": "ce3db0b4-8c4f-4c6c-a059-73fff08c1edf", "STATION_STATUS": null, "LAST_REPORTED": "2026-06-22T16:29:53Z", "NUM_DOCKS_AVAILABLE": 7, "NUM_DOCKS_DISABLED": 0, "NUM_BIKES_AVAILABLE": 8, "NUM_EBIKES_AVAILABLE": 2, "NUM_BIKES_DISABLED": 0, "IS_INSTALLED": "YES", "IS_RETURNING": "YES", "IS_RENTING": "YES", "HAS_KIOSK": "YES", "IOS": "https://dc.lft.to/lastmile_qr_scan", "ANDROID": "https://dc.lft.to/lastmile_qr_scan", "ELECTRIC_BIKE_SURCHARGE_WAIVER": "NO", "EIGHTD_HAS_KEY_DISPENSER": "NO", "CAPACITY": 15, "RENTAL_METHODS": "KEY,CREDITCARD", "REGION_ID": "41", "REGION_NAME": "Arlington, VA", "GIS_ID": null, "LATITUDE": 38.886048, "LONGITUDE": -77.142317, "GIS_LAST_MOD_DTTM": "2026-06-22T16:32:06Z", "OBJECTID": 357728546 }, "geometry": { "type": "Point", "coordinates": [ -77.142324671100667, 38.886054473158495 ] } },
{ "type": "Feature", "properties": { "NAME": "Arlington Blvd & N Queen St", "STATION_TYPE": "classic", "STATION_ID": "2132070309413464122", "STATION_STATUS": null, "LAST_REPORTED": "2026-06-22T16:29:53Z", "NUM_DOCKS_AVAILABLE": 15, "NUM_DOCKS_DISABLED": 0, "NUM_BIKES_AVAILABLE": 0, "NUM_EBIKES_AVAILABLE": 0, "NUM_BIKES_DISABLED": 0, "IS_INSTALLED": "YES", "IS_RETURNING": "YES", "IS_RENTING": "YES", "HAS_KIOSK": "YES", "IOS": "https://dc.lft.to/lastmile_qr_scan", "ANDROID": "https://dc.lft.to/lastmile_qr_scan", "ELECTRIC_BIKE_SURCHARGE_WAIVER": "NO", "EIGHTD_HAS_KEY_DISPENSER": "NO", "CAPACITY": 15, "RENTAL_METHODS": "KEY,CREDITCARD", "REGION_ID": "41", "REGION_NAME": "Arlington, VA", "GIS_ID": null, "LATITUDE": 38.889249, "LONGITUDE": -77.077209, "GIS_LAST_MOD_DTTM": "2026-06-22T16:32:06Z", "OBJECTID": 357728547 }, "geometry": { "type": "Point", "coordinates": [ -77.077206519191307, 38.889259595973805 ] } },
{ "type": "Feature", "properties": { "NAME": "14th & Q St NW", "STATION_TYPE": "classic", "STATION_ID": "a7b98322-bdbb-421e-b2e4-1bb42ef9d01f", "STATION_STATUS": null, "LAST_REPORTED": "2026-06-22T16:29:51Z", "NUM_DOCKS_AVAILABLE": 17, "NUM_DOCKS_DISABLED": 0, "NUM_BIKES_AVAILABLE": 2, "NUM_EBIKES_AVAILABLE": 0, "NUM_BIKES_DISABLED": 0, "IS_INSTALLED": "YES", "IS_RETURNING": "YES", "IS_RENTING": "YES", "HAS_KIOSK": "YES", "IOS": "https://dc.lft.to/lastmile_qr_scan", "ANDROID": "https://dc.lft.to/lastmile_qr_scan", "ELECTRIC_BIKE_SURCHARGE_WAIVER": "NO", "EIGHTD_HAS_KEY_DISPENSER": "NO", "CAPACITY": 19, "RENTAL_METHODS": "KEY,CREDITCARD", "REGION_ID": "42", "REGION_NAME": "Washington, DC", "GIS_ID": null, "LATITUDE": 38.910674, "LONGITUDE": -77.03188, "GIS_LAST_MOD_DTTM": "2026-06-22T16:32:06Z", "OBJECTID": 357728548 }, "geometry": { "type": "Point", "coordinates": [ -77.031882519561123, 38.910684626862221 ] } },
{ "type": "Feature", "properties": { "NAME": "Congressional Ln & E Jefferson St", "STATION_TYPE": "classic", "STATION_ID": "305ce636-23c1-42f3-a28b-8be4feca2e05", "STATION_STATUS": null, "LAST_REPORTED": "2026-06-22T16:29:51Z", "NUM_DOCKS_AVAILABLE": 11, "NUM_DOCKS_DISABLED": 0, "NUM_BIKES_AVAILABLE": 4, "NUM_EBIKES_AVAILABLE": 1, "NUM_BIKES_DISABLED": 0, "IS_INSTALLED": "YES", "IS_RETURNING": "YES", "IS_RENTING": "YES", "HAS_KIOSK": "YES", "IOS": "https://dc.lft.to/lastmile_qr_scan", "ANDROID": "https://dc.lft.to/lastmile_qr_scan", "ELECTRIC_BIKE_SURCHARGE_WAIVER": "NO", "EIGHTD_HAS_KEY_DISPENSER": "NO", "CAPACITY": 15, "RENTAL_METHODS": "KEY,CREDITCARD", "REGION_ID": "43", "REGION_NAME": "Montgomery County, MD (North)", "GIS_ID": null, "LATITUDE": 39.06219, "LONGITUDE": -77.129235, "GIS_LAST_MOD_DTTM": "2026-06-22T16:32:06Z", "OBJECTID": 357728549 }, "geometry": { "type": "Point", "coordinates": [ -77.129239059156617, 39.06219876682583 ] } },
{ "type": "Feature", "properties": { "NAME": "Town Center Pkwy & Sunset Hills Rd", "STATION_TYPE": "classic", "STATION_ID": "082653a6-1f3f-11e7-bf6b-3863bb334450", "STATION_STATUS": null, "LAST_REPORTED": "2026-06-22T16:29:55Z", "NUM_DOCKS_AVAILABLE": 8, "NUM_DOCKS_DISABLED": 0, "NUM_BIKES_AVAILABLE": 1, "NUM_EBIKES_AVAILABLE": 0, "NUM_BIKES_DISABLED": 2, "IS_INSTALLED": "YES", "IS_RETURNING": "YES", "IS_RENTING": "YES", "HAS_KIOSK": "YES", "IOS": "https://dc.lft.to/lastmile_qr_scan", "ANDROID": "https://dc.lft.to/lastmile_qr_scan", "ELECTRIC_BIKE_SURCHARGE_WAIVER": "NO", "EIGHTD_HAS_KEY_DISPENSER": "NO", "CAPACITY": 11, "RENTAL_METHODS": "KEY,CREDITCARD", "REGION_ID": "104", "REGION_NAME": "Fairfax, VA", "GIS_ID": null, "LATITUDE": 38.955171, "LONGITUDE": -77.363094, "GIS_LAST_MOD_DTTM": "2026-06-22T16:32:06Z", "OBJECTID": 357728550 }, "geometry": { "type": "Point", "coordinates": [ -77.363099450396703, 38.955175673762398 ] } },
{ "type": "Feature", "properties": { "NAME": "Commonwealth Ave & E Monroe Ave", "STATION_TYPE": "classic", "STATION_ID": "08262094-1f3f-11e7-bf6b-3863bb334450", "STATION_STATUS": null, "LAST_REPORTED": "2026-06-22T16:29:56Z", "NUM_DOCKS_AVAILABLE": 5, "NUM_DOCKS_DISABLED": 0, "NUM_BIKES_AVAILABLE": 10, "NUM_EBIKES_AVAILABLE": 0, "NUM_BIKES_DISABLED": 0, "IS_INSTALLED": "YES", "IS_RETURNING": "YES", "IS_RENTING": "YES", "HAS_KIOSK": "YES", "IOS": "https://dc.lft.to/lastmile_qr_scan", "ANDROID": "https://dc.lft.to/lastmile_qr_scan", "ELECTRIC_BIKE_SURCHARGE_WAIVER": "NO", "EIGHTD_HAS_KEY_DISPENSER": "NO", "CAPACITY": 15, "RENTAL_METHODS": "KEY,CREDITCARD", "REGION_ID": "40", "REGION_NAME": "Alexandria, VA", "GIS_ID": null, "LATITUDE": 38.820058, "LONGITUDE": -77.062821, "GIS_LAST_MOD_DTTM": "2026-06-22T16:32:06Z", "OBJECTID": 357728551 }, "geometry": { "type": "Point", "coordinates": [ -77.062818199936615, 38.820065444288517 ] } },
{ "type": "Feature", "properties": { "NAME": "Lee Center", "STATION_TYPE": "classic", "STATION_ID": "082625d9-1f3f-11e7-bf6b-3863bb334450", "STATION_STATUS": null, "LAST_REPORTED": "2026-06-22T16:29:59Z", "NUM_DOCKS_AVAILABLE": 13, "NUM_DOCKS_DISABLED": 0, "NUM_BIKES_AVAILABLE": 2, "NUM_EBIKES_AVAILABLE": 1, "NUM_BIKES_DISABLED": 0, "IS_INSTALLED": "YES", "IS_RETURNING": "YES", "IS_RENTING": "YES", "HAS_KIOSK": "YES", "IOS": "https://dc.lft.to/lastmile_qr_scan", "ANDROID": "https://dc.lft.to/lastmile_qr_scan", "ELECTRIC_BIKE_SURCHARGE_WAIVER": "NO", "EIGHTD_HAS_KEY_DISPENSER": "NO", "CAPACITY": 15, "RENTAL_METHODS": "KEY,CREDITCARD", "REGION_ID": "40", "REGION_NAME": "Alexandria, VA", "GIS_ID": null, "LATITUDE": 38.797557, "LONGITUDE": -77.053766, "GIS_LAST_MOD_DTTM": "2026-06-22T16:32:06Z", "OBJECTID": 357728552 }, "geometry": { "type": "Point", "coordinates": [ -77.053773268069477, 38.797566736270312 ] } },
{ "type": "Feature", "properties": { "NAME": "Huntington Ave & Old Richmond Hwy ", "STATION_TYPE": "classic", "STATION_ID": "2116136519609803054", "STATION_STATUS": null, "LAST_REPORTED": "2026-06-22T16:29:58Z", "NUM_DOCKS_AVAILABLE": 2, "NUM_DOCKS_DISABLED": 0, "NUM_BIKES_AVAILABLE": 9, "NUM_EBIKES_AVAILABLE": 7, "NUM_BIKES_DISABLED": 0, "IS_INSTALLED": "YES", "IS_RETURNING": "YES", "IS_RENTING": "YES", "HAS_KIOSK": "YES", "IOS": "https://dc.lft.to/lastmile_qr_scan", "ANDROID": "https://dc.lft.to/lastmile_qr_scan", "ELECTRIC_BIKE_SURCHARGE_WAIVER": "NO", "EIGHTD_HAS_KEY_DISPENSER": "NO", "CAPACITY": 11, "RENTAL_METHODS": "KEY,CREDITCARD", "REGION_ID": "104", "REGION_NAME": "Fairfax, VA", "GIS_ID": null, "LATITUDE": 38.790547, "LONGITUDE": -77.063398, "GIS_LAST_MOD_DTTM": "2026-06-22T16:32:06Z", "OBJECTID": 357728553 }, "geometry": { "type": "Point", "coordinates": [ -77.063402309012247, 38.790553273075524 ] } },
{ "type": "Feature", "properties": { "NAME": "Mount Vernon Ave & E Del Ray Ave", "STATION_TYPE": "classic", "STATION_ID": "0825f946-1f3f-11e7-bf6b-3863bb334450", "STATION_STATUS": null, "LAST_REPORTED": "2026-06-22T16:30:00Z", "NUM_DOCKS_AVAILABLE": 2, "NUM_DOCKS_DISABLED": 0, "NUM_BIKES_AVAILABLE": 12, "NUM_EBIKES_AVAILABLE": 5, "NUM_BIKES_DISABLED": 1, "IS_INSTALLED": "YES", "IS_RETURNING": "YES", "IS_RENTING": "YES", "HAS_KIOSK": "YES", "IOS": "https://dc.lft.to/lastmile_qr_scan", "ANDROID": "https://dc.lft.to/lastmile_qr_scan", "ELECTRIC_BIKE_SURCHARGE_WAIVER": "NO", "EIGHTD_HAS_KEY_DISPENSER": "NO", "CAPACITY": 15, "RENTAL_METHODS": "KEY,CREDITCARD", "REGION_ID": "40", "REGION_NAME": "Alexandria, VA", "GIS_ID": null, "LATITUDE": 38.82595, "LONGITUDE": -77.058541, "GIS_LAST_MOD_DTTM": "2026-06-22T16:32:06Z", "OBJECTID": 357728554 }, "geometry": { "type": "Point", "coordinates": [ -77.058539341769546, 38.825959214094539 ] } },
{ "type": "Feature", "properties": { "NAME": "Fort Totten Dr & Crittenden St NE", "STATION_TYPE": "classic", "STATION_ID": "2084993211094558994", "STATION_STATUS": null, "LAST_REPORTED": "2026-06-22T16:29:57Z", "NUM_DOCKS_AVAILABLE": 2, "NUM_DOCKS_DISABLED": 0, "NUM_BIKES_AVAILABLE": 6, "NUM_EBIKES_AVAILABLE": 2, "NUM_BIKES_DISABLED": 0, "IS_INSTALLED": "YES", "IS_RETURNING": "YES", "IS_RENTING": "YES", "HAS_KIOSK": "NO", "IOS": "https://dc.lft.to/lastmile_qr_scan", "ANDROID": "https://dc.lft.to/lastmile_qr_scan", "ELECTRIC_BIKE_SURCHARGE_WAIVER": "NO", "EIGHTD_HAS_KEY_DISPENSER": "NO", "CAPACITY": 8, "RENTAL_METHODS": "KEY,CREDITCARD", "REGION_ID": "42", "REGION_NAME": "Washington, DC", "GIS_ID": null, "LATITUDE": 38.948227, "LONGITUDE": -77.006444, "GIS_LAST_MOD_DTTM": "2026-06-22T16:32:06Z", "OBJECTID": 357728555 }, "geometry": { "type": "Point", "coordinates": [ -77.006450908071841, 38.948235441146672 ] } },
{ "type": "Feature", "properties": { "NAME": "15th St & Pennsylvania Ave NW", "STATION_TYPE": "classic", "STATION_ID": "3d461075-4edb-497f-89d7-b7beb7595b20", "STATION_STATUS": null, "LAST_REPORTED": "2026-06-22T16:29:57Z", "NUM_DOCKS_AVAILABLE": 2, "NUM_DOCKS_DISABLED": 0, "NUM_BIKES_AVAILABLE": 16, "NUM_EBIKES_AVAILABLE": 8, "NUM_BIKES_DISABLED": 0, "IS_INSTALLED": "YES", "IS_RETURNING": "YES", "IS_RENTING": "YES", "HAS_KIOSK": "YES", "IOS": "https://dc.lft.to/lastmile_qr_scan", "ANDROID": "https://dc.lft.to/lastmile_qr_scan", "ELECTRIC_BIKE_SURCHARGE_WAIVER": "NO", "EIGHTD_HAS_KEY_DISPENSER": "NO", "CAPACITY": 19, "RENTAL_METHODS": "KEY,CREDITCARD", "REGION_ID": "42", "REGION_NAME": "Washington, DC", "GIS_ID": null, "LATITUDE": 38.896465, "LONGITUDE": -77.033381, "GIS_LAST_MOD_DTTM": "2026-06-22T16:32:06Z", "OBJECTID": 357728556 }, "geometry": { "type": "Point", "coordinates": [ -77.033386284809779, 38.89646902250481 ] } },
{ "type": "Feature", "properties": { "NAME": "Carlin Springs Rd & N Thomas St", "STATION_TYPE": "classic", "STATION_ID": "08264392-1f3f-11e7-bf6b-3863bb334450", "STATION_STATUS": null, "LAST_REPORTED": "2026-06-22T16:30:18Z", "NUM_DOCKS_AVAILABLE": 11, "NUM_DOCKS_DISABLED": 0, "NUM_BIKES_AVAILABLE": 4, "NUM_EBIKES_AVAILABLE": 0, "NUM_BIKES_DISABLED": 0, "IS_INSTALLED": "YES", "IS_RETURNING": "YES", "IS_RENTING": "YES", "HAS_KIOSK": "YES", "IOS": "https://dc.lft.to/lastmile_qr_scan", "ANDROID": "https://dc.lft.to/lastmile_qr_scan", "ELECTRIC_BIKE_SURCHARGE_WAIVER": "NO", "EIGHTD_HAS_KEY_DISPENSER": "NO", "CAPACITY": 15, "RENTAL_METHODS": "KEY,CREDITCARD", "REGION_ID": "41", "REGION_NAME": "Arlington, VA", "GIS_ID": null, "LATITUDE": 38.876695, "LONGITUDE": -77.112982, "GIS_LAST_MOD_DTTM": "2026-06-22T16:32:06Z", "OBJECTID": 357728557 }, "geometry": { "type": "Point", "coordinates": [ -77.112987831739858, 38.876699787707629 ] } },
{ "type": "Feature", "properties": { "NAME": "Takoma Park Rec Center", "STATION_TYPE": "classic", "STATION_ID": "0826502d-1f3f-11e7-bf6b-3863bb334450", "STATION_STATUS": null, "LAST_REPORTED": "2026-06-22T16:30:19Z", "NUM_DOCKS_AVAILABLE": 13, "NUM_DOCKS_DISABLED": 0, "NUM_BIKES_AVAILABLE": 2, "NUM_EBIKES_AVAILABLE": 0, "NUM_BIKES_DISABLED": 0, "IS_INSTALLED": "YES", "IS_RETURNING": "YES", "IS_RENTING": "YES", "HAS_KIOSK": "YES", "IOS": "https://dc.lft.to/lastmile_qr_scan", "ANDROID": "https://dc.lft.to/lastmile_qr_scan", "ELECTRIC_BIKE_SURCHARGE_WAIVER": "NO", "EIGHTD_HAS_KEY_DISPENSER": "NO", "CAPACITY": 15, "RENTAL_METHODS": "KEY,CREDITCARD", "REGION_ID": "44", "REGION_NAME": "Montgomery County, MD (South)", "GIS_ID": null, "LATITUDE": 38.98265, "LONGITUDE": -76.988311, "GIS_LAST_MOD_DTTM": "2026-06-22T16:32:06Z", "OBJECTID": 357728558 }, "geometry": { "type": "Point", "coordinates": [ -76.988310679668359, 38.982655553549733 ] } },
{ "type": "Feature", "properties": { "NAME": "Fairfax Dr & Wilson Blvd", "STATION_TYPE": "classic", "STATION_ID": "08251ded-1f3f-11e7-bf6b-3863bb334450", "STATION_STATUS": null, "LAST_REPORTED": "2026-06-22T16:30:15Z", "NUM_DOCKS_AVAILABLE": 10, "NUM_DOCKS_DISABLED": 0, "NUM_BIKES_AVAILABLE": 2, "NUM_EBIKES_AVAILABLE": 1, "NUM_BIKES_DISABLED": 0, "IS_INSTALLED": "YES", "IS_RETURNING": "YES", "IS_RENTING": "YES", "HAS_KIOSK": "YES", "IOS": "https://dc.lft.to/lastmile_qr_scan", "ANDROID": "https://dc.lft.to/lastmile_qr_scan", "ELECTRIC_BIKE_SURCHARGE_WAIVER": "NO", "EIGHTD_HAS_KEY_DISPENSER": "NO", "CAPACITY": 12, "RENTAL_METHODS": "KEY,CREDITCARD", "REGION_ID": "41", "REGION_NAME": "Arlington, VA", "GIS_ID": null, "LATITUDE": 38.885801, "LONGITUDE": -77.097745, "GIS_LAST_MOD_DTTM": "2026-06-22T16:32:06Z", "OBJECTID": 357728559 }, "geometry": { "type": "Point", "coordinates": [ -77.09774195665095, 38.885812022116198 ] } },
{ "type": "Feature", "properties": { "NAME": "New Hampshire & Lockwood", "STATION_TYPE": "classic", "STATION_ID": "c77801a4-2795-4f72-825e-c02f8facb72f", "STATION_STATUS": null, "LAST_REPORTED": "2026-06-22T16:30:18Z", "NUM_DOCKS_AVAILABLE": 17, "NUM_DOCKS_DISABLED": 1, "NUM_BIKES_AVAILABLE": 1, "NUM_EBIKES_AVAILABLE": 1, "NUM_BIKES_DISABLED": 0, "IS_INSTALLED": "YES", "IS_RETURNING": "YES", "IS_RENTING": "YES", "HAS_KIOSK": "YES", "IOS": "https://dc.lft.to/lastmile_qr_scan", "ANDROID": "https://dc.lft.to/lastmile_qr_scan", "ELECTRIC_BIKE_SURCHARGE_WAIVER": "NO", "EIGHTD_HAS_KEY_DISPENSER": "NO", "CAPACITY": 19, "RENTAL_METHODS": "KEY,CREDITCARD", "REGION_ID": "44", "REGION_NAME": "Montgomery County, MD (South)", "GIS_ID": null, "LATITUDE": 39.039102, "LONGITUDE": -76.991824, "GIS_LAST_MOD_DTTM": "2026-06-22T16:32:06Z", "OBJECTID": 357728560 }, "geometry": { "type": "Point", "coordinates": [ -76.991824381878402, 39.039110016771545 ] } },
{ "type": "Feature", "properties": { "NAME": "Alabama Ave & Stanton Rd SE / Shops at Park Village", "STATION_TYPE": "classic", "STATION_ID": "a6076d62-317a-40be-80a3-5654a042c20a", "STATION_STATUS": null, "LAST_REPORTED": "2026-06-22T16:30:19Z", "NUM_DOCKS_AVAILABLE": 13, "NUM_DOCKS_DISABLED": 0, "NUM_BIKES_AVAILABLE": 5, "NUM_EBIKES_AVAILABLE": 1, "NUM_BIKES_DISABLED": 1, "IS_INSTALLED": "YES", "IS_RETURNING": "YES", "IS_RENTING": "YES", "HAS_KIOSK": "YES", "IOS": "https://dc.lft.to/lastmile_qr_scan", "ANDROID": "https://dc.lft.to/lastmile_qr_scan", "ELECTRIC_BIKE_SURCHARGE_WAIVER": "NO", "EIGHTD_HAS_KEY_DISPENSER": "NO", "CAPACITY": 19, "RENTAL_METHODS": "KEY,CREDITCARD", "REGION_ID": "42", "REGION_NAME": "Washington, DC", "GIS_ID": null, "LATITUDE": 38.84627, "LONGITUDE": -76.98185, "GIS_LAST_MOD_DTTM": "2026-06-22T16:32:06Z", "OBJECTID": 357728561 }, "geometry": { "type": "Point", "coordinates": [ -76.981847516927445, 38.846277549893976 ] } },
{ "type": "Feature", "properties": { "NAME": "N Kings Hwy & Poag St", "STATION_TYPE": "classic", "STATION_ID": "2225207611537377168", "STATION_STATUS": null, "LAST_REPORTED": "2026-06-22T16:30:33Z", "NUM_DOCKS_AVAILABLE": 9, "NUM_DOCKS_DISABLED": 0, "NUM_BIKES_AVAILABLE": 1, "NUM_EBIKES_AVAILABLE": 0, "NUM_BIKES_DISABLED": 1, "IS_INSTALLED": "YES", "IS_RETURNING": "YES", "IS_RENTING": "YES", "HAS_KIOSK": "YES", "IOS": "https://dc.lft.to/lastmile_qr_scan", "ANDROID": "https://dc.lft.to/lastmile_qr_scan", "ELECTRIC_BIKE_SURCHARGE_WAIVER": "NO", "EIGHTD_HAS_KEY_DISPENSER": "NO", "CAPACITY": 11, "RENTAL_METHODS": "KEY,CREDITCARD", "REGION_ID": "104", "REGION_NAME": "Fairfax, VA", "GIS_ID": null, "LATITUDE": 38.782734, "LONGITUDE": -77.079106, "GIS_LAST_MOD_DTTM": "2026-06-22T16:32:06Z", "OBJECTID": 357728562 }, "geometry": { "type": "Point", "coordinates": [ -77.079105545483785, 38.782742294066978 ] } },
{ "type": "Feature", "properties": { "NAME": "Silver Spring Transit Center - Top Level", "STATION_TYPE": "classic", "STATION_ID": "0825b553-1f3f-11e7-bf6b-3863bb334450", "STATION_STATUS": null, "LAST_REPORTED": "2026-06-22T16:29:48Z", "NUM_DOCKS_AVAILABLE": 3, "NUM_DOCKS_DISABLED": 0, "NUM_BIKES_AVAILABLE": 2, "NUM_EBIKES_AVAILABLE": 2, "NUM_BIKES_DISABLED": 9, "IS_INSTALLED": "YES", "IS_RETURNING": "YES", "IS_RENTING": "YES", "HAS_KIOSK": "YES", "IOS": "https://dc.lft.to/lastmile_qr_scan", "ANDROID": "https://dc.lft.to/lastmile_qr_scan", "ELECTRIC_BIKE_SURCHARGE_WAIVER": "NO", "EIGHTD_HAS_KEY_DISPENSER": "NO", "CAPACITY": 15, "RENTAL_METHODS": "KEY,CREDITCARD", "REGION_ID": "44", "REGION_NAME": "Montgomery County, MD (South)", "GIS_ID": null, "LATITUDE": 38.994035, "LONGITUDE": -77.030371, "GIS_LAST_MOD_DTTM": "2026-06-22T16:32:06Z", "OBJECTID": 357728563 }, "geometry": { "type": "Point", "coordinates": [ -77.030373008602339, 38.994038567535533 ] } },
{ "type": "Feature", "properties": { "NAME": "New Hampshire & Kirklynn Ave", "STATION_TYPE": "classic", "STATION_ID": "082650b1-1f3f-11e7-bf6b-3863bb334450", "STATION_STATUS": null, "LAST_REPORTED": "2026-06-22T16:29:58Z", "NUM_DOCKS_AVAILABLE": 0, "NUM_DOCKS_DISABLED": 0, "NUM_BIKES_AVAILABLE": 15, "NUM_EBIKES_AVAILABLE": 15, "NUM_BIKES_DISABLED": 0, "IS_INSTALLED": "YES", "IS_RETURNING": "YES", "IS_RENTING": "YES", "HAS_KIOSK": "YES", "IOS": "https://dc.lft.to/lastmile_qr_scan", "ANDROID": "https://dc.lft.to/lastmile_qr_scan", "ELECTRIC_BIKE_SURCHARGE_WAIVER": "NO", "EIGHTD_HAS_KEY_DISPENSER": "NO", "CAPACITY": 15, "RENTAL_METHODS": "KEY,CREDITCARD", "REGION_ID": "44", "REGION_NAME": "Montgomery County, MD (South)", "GIS_ID": null, "LATITUDE": 38.988101, "LONGITUDE": -76.988422, "GIS_LAST_MOD_DTTM": "2026-06-22T16:32:06Z", "OBJECTID": 357728564 }, "geometry": { "type": "Point", "coordinates": [ -76.988425210157175, 38.988105533558851 ] } },
{ "type": "Feature", "properties": { "NAME": "53rd & D St SE/C.W. Harris Elementary", "STATION_TYPE": "classic", "STATION_ID": "12b1c990-90e7-4fef-a5b9-c78d4c81af96", "STATION_STATUS": null, "LAST_REPORTED": "2026-06-22T16:29:58Z", "NUM_DOCKS_AVAILABLE": 17, "NUM_DOCKS_DISABLED": 0, "NUM_BIKES_AVAILABLE": 2, "NUM_EBIKES_AVAILABLE": 2, "NUM_BIKES_DISABLED": 0, "IS_INSTALLED": "YES", "IS_RETURNING": "YES", "IS_RENTING": "YES", "HAS_KIOSK": "YES", "IOS": "https://dc.lft.to/lastmile_qr_scan", "ANDROID": "https://dc.lft.to/lastmile_qr_scan", "ELECTRIC_BIKE_SURCHARGE_WAIVER": "NO", "EIGHTD_HAS_KEY_DISPENSER": "NO", "CAPACITY": 19, "RENTAL_METHODS": "KEY,CREDITCARD", "REGION_ID": "42", "REGION_NAME": "Washington, DC", "GIS_ID": null, "LATITUDE": 38.883318, "LONGITUDE": -76.925315, "GIS_LAST_MOD_DTTM": "2026-06-22T16:32:06Z", "OBJECTID": 357728565 }, "geometry": { "type": "Point", "coordinates": [ -76.925317027988314, 38.883324713596444 ] } },
{ "type": "Feature", "properties": { "NAME": "Kingman Island/The Fields at RFK", "STATION_TYPE": "classic", "STATION_ID": "bed9b757-0df2-4a97-a6ac-415db00e82c8", "STATION_STATUS": null, "LAST_REPORTED": "2026-06-22T16:29:54Z", "NUM_DOCKS_AVAILABLE": 10, "NUM_DOCKS_DISABLED": 0, "NUM_BIKES_AVAILABLE": 8, "NUM_EBIKES_AVAILABLE": 0, "NUM_BIKES_DISABLED": 1, "IS_INSTALLED": "YES", "IS_RETURNING": "YES", "IS_RENTING": "YES", "HAS_KIOSK": "YES", "IOS": "https://dc.lft.to/lastmile_qr_scan", "ANDROID": "https://dc.lft.to/lastmile_qr_scan", "ELECTRIC_BIKE_SURCHARGE_WAIVER": "NO", "EIGHTD_HAS_KEY_DISPENSER": "NO", "CAPACITY": 19, "RENTAL_METHODS": "KEY,CREDITCARD", "REGION_ID": "42", "REGION_NAME": "Washington, DC", "GIS_ID": null, "LATITUDE": 38.895955, "LONGITUDE": -76.967845, "GIS_LAST_MOD_DTTM": "2026-06-22T16:32:06Z", "OBJECTID": 357728566 }, "geometry": { "type": "Point", "coordinates": [ -76.967851964904554, 38.895964902442856 ] } },
{ "type": "Feature", "properties": { "NAME": "E Fairfax St & S Washington St", "STATION_TYPE": "classic", "STATION_ID": "6e652351-dad9-45e4-a0a7-dda0417973f4", "STATION_STATUS": null, "LAST_REPORTED": "2026-06-22T16:30:20Z", "NUM_DOCKS_AVAILABLE": 1, "NUM_DOCKS_DISABLED": 0, "NUM_BIKES_AVAILABLE": 10, "NUM_EBIKES_AVAILABLE": 1, "NUM_BIKES_DISABLED": 1, "IS_INSTALLED": "YES", "IS_RETURNING": "YES", "IS_RENTING": "YES", "HAS_KIOSK": "YES", "IOS": "https://dc.lft.to/lastmile_qr_scan", "ANDROID": "https://dc.lft.to/lastmile_qr_scan", "ELECTRIC_BIKE_SURCHARGE_WAIVER": "NO", "EIGHTD_HAS_KEY_DISPENSER": "NO", "CAPACITY": 12, "RENTAL_METHODS": "KEY,CREDITCARD", "REGION_ID": "152", "REGION_NAME": "Falls Church, VA", "GIS_ID": null, "LATITUDE": 38.880612, "LONGITUDE": -77.171891, "GIS_LAST_MOD_DTTM": "2026-06-22T16:32:06Z", "OBJECTID": 357728567 }, "geometry": { "type": "Point", "coordinates": [ -77.171898711413576, 38.880618658520049 ] } },
{ "type": "Feature", "properties": { "NAME": "Prince George's Plaza Metro", "STATION_TYPE": "classic", "STATION_ID": "ebbf6e18-684d-4fc9-ad4d-c025b8d76556", "STATION_STATUS": null, "LAST_REPORTED": "2026-06-22T16:30:22Z", "NUM_DOCKS_AVAILABLE": 8, "NUM_DOCKS_DISABLED": 0, "NUM_BIKES_AVAILABLE": 8, "NUM_EBIKES_AVAILABLE": 2, "NUM_BIKES_DISABLED": 1, "IS_INSTALLED": "YES", "IS_RETURNING": "YES", "IS_RENTING": "YES", "HAS_KIOSK": "YES", "IOS": "https://dc.lft.to/lastmile_qr_scan", "ANDROID": "https://dc.lft.to/lastmile_qr_scan", "ELECTRIC_BIKE_SURCHARGE_WAIVER": "NO", "EIGHTD_HAS_KEY_DISPENSER": "NO", "CAPACITY": 17, "RENTAL_METHODS": "KEY,CREDITCARD", "REGION_ID": "133", "REGION_NAME": "Prince George's County", "GIS_ID": null, "LATITUDE": 38.965742, "LONGITUDE": -76.954803, "GIS_LAST_MOD_DTTM": "2026-06-22T16:32:06Z", "OBJECTID": 357728568 }, "geometry": { "type": "Point", "coordinates": [ -76.954804687107028, 38.965747959093775 ] } },
{ "type": "Feature", "properties": { "NAME": "Golf Course Sq and Golf Course Dr", "STATION_TYPE": "classic", "STATION_ID": "13c42471-96ab-441d-9a4c-bc57f7af6f9b", "STATION_STATUS": null, "LAST_REPORTED": "2026-06-22T16:30:22Z", "NUM_DOCKS_AVAILABLE": 7, "NUM_DOCKS_DISABLED": 0, "NUM_BIKES_AVAILABLE": 4, "NUM_EBIKES_AVAILABLE": 1, "NUM_BIKES_DISABLED": 1, "IS_INSTALLED": "YES", "IS_RETURNING": "YES", "IS_RENTING": "YES", "HAS_KIOSK": "YES", "IOS": "https://dc.lft.to/lastmile_qr_scan", "ANDROID": "https://dc.lft.to/lastmile_qr_scan", "ELECTRIC_BIKE_SURCHARGE_WAIVER": "NO", "EIGHTD_HAS_KEY_DISPENSER": "NO", "CAPACITY": 12, "RENTAL_METHODS": "KEY,CREDITCARD", "REGION_ID": "104", "REGION_NAME": "Fairfax, VA", "GIS_ID": null, "LATITUDE": 38.944013, "LONGITUDE": -77.353552, "GIS_LAST_MOD_DTTM": "2026-06-22T16:32:06Z", "OBJECTID": 357728569 }, "geometry": { "type": "Point", "coordinates": [ -77.353548977733695, 38.944016580723577 ] } },
{ "type": "Feature", "properties": { "NAME": "Columbia Rd & Belmont St NW", "STATION_TYPE": "classic", "STATION_ID": "0824f461-1f3f-11e7-bf6b-3863bb334450", "STATION_STATUS": null, "LAST_REPORTED": "2026-06-22T16:30:22Z", "NUM_DOCKS_AVAILABLE": 20, "NUM_DOCKS_DISABLED": 0, "NUM_BIKES_AVAILABLE": 0, "NUM_EBIKES_AVAILABLE": 0, "NUM_BIKES_DISABLED": 0, "IS_INSTALLED": "YES", "IS_RETURNING": "YES", "IS_RENTING": "YES", "HAS_KIOSK": "NO", "IOS": "https://dc.lft.to/lastmile_qr_scan", "ANDROID": "https://dc.lft.to/lastmile_qr_scan", "ELECTRIC_BIKE_SURCHARGE_WAIVER": "NO", "EIGHTD_HAS_KEY_DISPENSER": "NO", "CAPACITY": 20, "RENTAL_METHODS": "KEY,CREDITCARD", "REGION_ID": "42", "REGION_NAME": "Washington, DC", "GIS_ID": null, "LATITUDE": 38.920669, "LONGITUDE": -77.04368, "GIS_LAST_MOD_DTTM": "2026-06-22T16:32:06Z", "OBJECTID": 357728570 }, "geometry": { "type": "Point", "coordinates": [ -77.043683753138168, 38.920680063082138 ] } },
{ "type": "Feature", "properties": { "NAME": "47th & Elm St", "STATION_TYPE": "classic", "STATION_ID": "08259c89-1f3f-11e7-bf6b-3863bb334450", "STATION_STATUS": null, "LAST_REPORTED": "2026-06-22T16:30:17Z", "NUM_DOCKS_AVAILABLE": 13, "NUM_DOCKS_DISABLED": 0, "NUM_BIKES_AVAILABLE": 2, "NUM_EBIKES_AVAILABLE": 1, "NUM_BIKES_DISABLED": 0, "IS_INSTALLED": "YES", "IS_RETURNING": "YES", "IS_RENTING": "YES", "HAS_KIOSK": "YES", "IOS": "https://dc.lft.to/lastmile_qr_scan", "ANDROID": "https://dc.lft.to/lastmile_qr_scan", "ELECTRIC_BIKE_SURCHARGE_WAIVER": "NO", "EIGHTD_HAS_KEY_DISPENSER": "NO", "CAPACITY": 15, "RENTAL_METHODS": "KEY,CREDITCARD", "REGION_ID": "44", "REGION_NAME": "Montgomery County, MD (South)", "GIS_ID": null, "LATITUDE": 38.982456, "LONGITUDE": -77.091991, "GIS_LAST_MOD_DTTM": "2026-06-22T16:32:06Z", "OBJECTID": 357728571 }, "geometry": { "type": "Point", "coordinates": [ -77.091988361454412, 38.982466822276557 ] } },
{ "type": "Feature", "properties": { "NAME": "Virginia Tech / University Dr & Potomac Ave", "STATION_TYPE": "classic", "STATION_ID": "2087539483195992332", "STATION_STATUS": null, "LAST_REPORTED": "2026-06-22T16:30:39Z", "NUM_DOCKS_AVAILABLE": 3, "NUM_DOCKS_DISABLED": 0, "NUM_BIKES_AVAILABLE": 16, "NUM_EBIKES_AVAILABLE": 0, "NUM_BIKES_DISABLED": 0, "IS_INSTALLED": "YES", "IS_RETURNING": "YES", "IS_RENTING": "YES", "HAS_KIOSK": "YES", "IOS": "https://dc.lft.to/lastmile_qr_scan", "ANDROID": "https://dc.lft.to/lastmile_qr_scan", "ELECTRIC_BIKE_SURCHARGE_WAIVER": "NO", "EIGHTD_HAS_KEY_DISPENSER": "NO", "CAPACITY": 19, "RENTAL_METHODS": "KEY,CREDITCARD", "REGION_ID": "40", "REGION_NAME": "Alexandria, VA", "GIS_ID": null, "LATITUDE": 38.838845, "LONGITUDE": -77.048516, "GIS_LAST_MOD_DTTM": "2026-06-22T16:32:06Z", "OBJECTID": 357728572 }, "geometry": { "type": "Point", "coordinates": [ -77.04851745519737, 38.838854923550691 ] } },
{ "type": "Feature", "properties": { "NAME": "Bladensburg Waterfront Park", "STATION_TYPE": "classic", "STATION_ID": "2025978688145375308", "STATION_STATUS": null, "LAST_REPORTED": "2026-06-22T16:30:38Z", "NUM_DOCKS_AVAILABLE": 7, "NUM_DOCKS_DISABLED": 0, "NUM_BIKES_AVAILABLE": 6, "NUM_EBIKES_AVAILABLE": 0, "NUM_BIKES_DISABLED": 0, "IS_INSTALLED": "YES", "IS_RETURNING": "YES", "IS_RENTING": "YES", "HAS_KIOSK": "YES", "IOS": "https://dc.lft.to/lastmile_qr_scan", "ANDROID": "https://dc.lft.to/lastmile_qr_scan", "ELECTRIC_BIKE_SURCHARGE_WAIVER": "NO", "EIGHTD_HAS_KEY_DISPENSER": "NO", "CAPACITY": 13, "RENTAL_METHODS": "KEY,CREDITCARD", "REGION_ID": "133", "REGION_NAME": "Prince George's County", "GIS_ID": null, "LATITUDE": 38.934324, "LONGITUDE": -76.938248, "GIS_LAST_MOD_DTTM": "2026-06-22T16:32:06Z", "OBJECTID": 357728573 }, "geometry": { "type": "Point", "coordinates": [ -76.938250607008541, 38.934328523716047 ] } },
{ "type": "Feature", "properties": { "NAME": "Wilson Blvd & N Oak St", "STATION_TYPE": "classic", "STATION_ID": "83c9bc80-bc42-4e5d-9f5e-6c24812e6e37", "STATION_STATUS": null, "LAST_REPORTED": "2026-06-22T16:30:36Z", "NUM_DOCKS_AVAILABLE": 11, "NUM_DOCKS_DISABLED": 0, "NUM_BIKES_AVAILABLE": 5, "NUM_EBIKES_AVAILABLE": 1, "NUM_BIKES_DISABLED": 1, "IS_INSTALLED": "YES", "IS_RETURNING": "YES", "IS_RENTING": "YES", "HAS_KIOSK": "YES", "IOS": "https://dc.lft.to/lastmile_qr_scan", "ANDROID": "https://dc.lft.to/lastmile_qr_scan", "ELECTRIC_BIKE_SURCHARGE_WAIVER": "NO", "EIGHTD_HAS_KEY_DISPENSER": "NO", "CAPACITY": 17, "RENTAL_METHODS": "KEY,CREDITCARD", "REGION_ID": "41", "REGION_NAME": "Arlington, VA", "GIS_ID": null, "LATITUDE": 38.895068, "LONGITUDE": -77.07386, "GIS_LAST_MOD_DTTM": "2026-06-22T16:32:06Z", "OBJECTID": 357728574 }, "geometry": { "type": "Point", "coordinates": [ -77.073858335729085, 38.895072163514591 ] } },
{ "type": "Feature", "properties": { "NAME": "Braddock Rd Metro North", "STATION_TYPE": "classic", "STATION_ID": "08253c6b-1f3f-11e7-bf6b-3863bb334450", "STATION_STATUS": null, "LAST_REPORTED": "2026-06-22T16:31:01Z", "NUM_DOCKS_AVAILABLE": 11, "NUM_DOCKS_DISABLED": 0, "NUM_BIKES_AVAILABLE": 5, "NUM_EBIKES_AVAILABLE": 0, "NUM_BIKES_DISABLED": 0, "IS_INSTALLED": "YES", "IS_RETURNING": "YES", "IS_RENTING": "YES", "HAS_KIOSK": "NO", "IOS": "https://dc.lft.to/lastmile_qr_scan", "ANDROID": "https://dc.lft.to/lastmile_qr_scan", "ELECTRIC_BIKE_SURCHARGE_WAIVER": "NO", "EIGHTD_HAS_KEY_DISPENSER": "NO", "CAPACITY": 16, "RENTAL_METHODS": "KEY,CREDITCARD", "REGION_ID": "40", "REGION_NAME": "Alexandria, VA", "GIS_ID": null, "LATITUDE": 38.814577, "LONGITUDE": -77.052808, "GIS_LAST_MOD_DTTM": "2026-06-22T16:32:06Z", "OBJECTID": 357728575 }, "geometry": { "type": "Point", "coordinates": [ -77.052807356254945, 38.814584236306359 ] } },
{ "type": "Feature", "properties": { "NAME": "Oglethorpe St & 42nd Ave", "STATION_TYPE": "classic", "STATION_ID": "42ad2bc8-22b5-40f2-8a56-e562e4ecde07", "STATION_STATUS": null, "LAST_REPORTED": "2026-06-22T16:31:01Z", "NUM_DOCKS_AVAILABLE": 5, "NUM_DOCKS_DISABLED": 0, "NUM_BIKES_AVAILABLE": 10, "NUM_EBIKES_AVAILABLE": 0, "NUM_BIKES_DISABLED": 0, "IS_INSTALLED": "YES", "IS_RETURNING": "YES", "IS_RENTING": "YES", "HAS_KIOSK": "YES", "IOS": "https://dc.lft.to/lastmile_qr_scan", "ANDROID": "https://dc.lft.to/lastmile_qr_scan", "ELECTRIC_BIKE_SURCHARGE_WAIVER": "NO", "EIGHTD_HAS_KEY_DISPENSER": "NO", "CAPACITY": 15, "RENTAL_METHODS": "KEY,CREDITCARD", "REGION_ID": "133", "REGION_NAME": "Prince George's County", "GIS_ID": null, "LATITUDE": 38.959361, "LONGITUDE": -76.946361, "GIS_LAST_MOD_DTTM": "2026-06-22T16:32:06Z", "OBJECTID": 357728576 }, "geometry": { "type": "Point", "coordinates": [ -76.946363064545011, 38.959366546876865 ] } },
{ "type": "Feature", "properties": { "NAME": "21st & L St NW ", "STATION_TYPE": "classic", "STATION_ID": "2061578790793374684", "STATION_STATUS": null, "LAST_REPORTED": "2026-06-22T16:31:01Z", "NUM_DOCKS_AVAILABLE": 0, "NUM_DOCKS_DISABLED": 0, "NUM_BIKES_AVAILABLE": 16, "NUM_EBIKES_AVAILABLE": 10, "NUM_BIKES_DISABLED": 0, "IS_INSTALLED": "YES", "IS_RETURNING": "YES", "IS_RENTING": "YES", "HAS_KIOSK": "NO", "IOS": "https://dc.lft.to/lastmile_qr_scan", "ANDROID": "https://dc.lft.to/lastmile_qr_scan", "ELECTRIC_BIKE_SURCHARGE_WAIVER": "NO", "EIGHTD_HAS_KEY_DISPENSER": "NO", "CAPACITY": 16, "RENTAL_METHODS": "KEY,CREDITCARD", "REGION_ID": "42", "REGION_NAME": "Washington, DC", "GIS_ID": null, "LATITUDE": 38.904052, "LONGITUDE": -77.046567, "GIS_LAST_MOD_DTTM": "2026-06-22T16:32:06Z", "OBJECTID": 357728577 }, "geometry": { "type": "Point", "coordinates": [ -77.046567315394398, 38.904058559887858 ] } },
{ "type": "Feature", "properties": { "NAME": "Merrilee Dr & Lauren Elizabeth Lane", "STATION_TYPE": "classic", "STATION_ID": "a77b8993-6d68-425e-a37a-0e613a7cb17a", "STATION_STATUS": null, "LAST_REPORTED": "2026-06-22T16:31:04Z", "NUM_DOCKS_AVAILABLE": 7, "NUM_DOCKS_DISABLED": 0, "NUM_BIKES_AVAILABLE": 4, "NUM_EBIKES_AVAILABLE": 2, "NUM_BIKES_DISABLED": 0, "IS_INSTALLED": "YES", "IS_RETURNING": "YES", "IS_RENTING": "YES", "HAS_KIOSK": "YES", "IOS": "https://dc.lft.to/lastmile_qr_scan", "ANDROID": "https://dc.lft.to/lastmile_qr_scan", "ELECTRIC_BIKE_SURCHARGE_WAIVER": "NO", "EIGHTD_HAS_KEY_DISPENSER": "NO", "CAPACITY": 11, "RENTAL_METHODS": "KEY,CREDITCARD", "REGION_ID": "104", "REGION_NAME": "Fairfax, VA", "GIS_ID": null, "LATITUDE": 38.878572, "LONGITUDE": -77.230766, "GIS_LAST_MOD_DTTM": "2026-06-22T16:32:06Z", "OBJECTID": 357728578 }, "geometry": { "type": "Point", "coordinates": [ -77.230773814543923, 38.878580352368559 ] } },
{ "type": "Feature", "properties": { "NAME": "Lincoln Memorial", "STATION_TYPE": "classic", "STATION_ID": "08254284-1f3f-11e7-bf6b-3863bb334450", "STATION_STATUS": null, "LAST_REPORTED": "2026-06-22T16:31:05Z", "NUM_DOCKS_AVAILABLE": 20, "NUM_DOCKS_DISABLED": 0, "NUM_BIKES_AVAILABLE": 4, "NUM_EBIKES_AVAILABLE": 3, "NUM_BIKES_DISABLED": 3, "IS_INSTALLED": "YES", "IS_RETURNING": "YES", "IS_RENTING": "YES", "HAS_KIOSK": "NO", "IOS": "https://dc.lft.to/lastmile_qr_scan", "ANDROID": "https://dc.lft.to/lastmile_qr_scan", "ELECTRIC_BIKE_SURCHARGE_WAIVER": "NO", "EIGHTD_HAS_KEY_DISPENSER": "NO", "CAPACITY": 27, "RENTAL_METHODS": "KEY,CREDITCARD", "REGION_ID": "42", "REGION_NAME": "Washington, DC", "GIS_ID": null, "LATITUDE": 38.888255, "LONGITUDE": -77.049437, "GIS_LAST_MOD_DTTM": "2026-06-22T16:32:06Z", "OBJECTID": 357728579 }, "geometry": { "type": "Point", "coordinates": [ -77.049438582238054, 38.888265711421674 ] } },
{ "type": "Feature", "properties": { "NAME": "Wisconsin Ave & Prospect St NW", "STATION_TYPE": "classic", "STATION_ID": "2212288646171160786", "STATION_STATUS": null, "LAST_REPORTED": "2026-06-22T16:31:05Z", "NUM_DOCKS_AVAILABLE": 17, "NUM_DOCKS_DISABLED": 0, "NUM_BIKES_AVAILABLE": 7, "NUM_EBIKES_AVAILABLE": 5, "NUM_BIKES_DISABLED": 0, "IS_INSTALLED": "YES", "IS_RETURNING": "YES", "IS_RENTING": "YES", "HAS_KIOSK": "NO", "IOS": "https://dc.lft.to/lastmile_qr_scan", "ANDROID": "https://dc.lft.to/lastmile_qr_scan", "ELECTRIC_BIKE_SURCHARGE_WAIVER": "NO", "EIGHTD_HAS_KEY_DISPENSER": "NO", "CAPACITY": 24, "RENTAL_METHODS": "KEY,CREDITCARD", "REGION_ID": "42", "REGION_NAME": "Washington, DC", "GIS_ID": null, "LATITUDE": 38.905978, "LONGITUDE": -77.06323, "GIS_LAST_MOD_DTTM": "2026-06-22T16:32:06Z", "OBJECTID": 357728580 }, "geometry": { "type": "Point", "coordinates": [ -77.063228218182843, 38.905987526947371 ] } },
{ "type": "Feature", "properties": { "NAME": "Garland Ave & Walden Rd", "STATION_TYPE": "classic", "STATION_ID": "a3761e59-db36-4b61-8bb3-8d523af69b96", "STATION_STATUS": null, "LAST_REPORTED": "2026-06-22T16:31:04Z", "NUM_DOCKS_AVAILABLE": 10, "NUM_DOCKS_DISABLED": 0, "NUM_BIKES_AVAILABLE": 5, "NUM_EBIKES_AVAILABLE": 0, "NUM_BIKES_DISABLED": 0, "IS_INSTALLED": "YES", "IS_RETURNING": "YES", "IS_RENTING": "YES", "HAS_KIOSK": "YES", "IOS": "https://dc.lft.to/lastmile_qr_scan", "ANDROID": "https://dc.lft.to/lastmile_qr_scan", "ELECTRIC_BIKE_SURCHARGE_WAIVER": "NO", "EIGHTD_HAS_KEY_DISPENSER": "NO", "CAPACITY": 15, "RENTAL_METHODS": "KEY,CREDITCARD", "REGION_ID": "44", "REGION_NAME": "Montgomery County, MD (South)", "GIS_ID": null, "LATITUDE": 39.00048, "LONGITUDE": -77.00077, "GIS_LAST_MOD_DTTM": "2026-06-22T16:32:06Z", "OBJECTID": 357728581 }, "geometry": { "type": "Point", "coordinates": [ -77.000775768310632, 39.000483364662436 ] } },
{ "type": "Feature", "properties": { "NAME": "Langston Blvd & N Kirkwood Rd", "STATION_TYPE": "classic", "STATION_ID": "0825ff8d-1f3f-11e7-bf6b-3863bb334450", "STATION_STATUS": null, "LAST_REPORTED": "2026-06-22T16:31:04Z", "NUM_DOCKS_AVAILABLE": 6, "NUM_DOCKS_DISABLED": 0, "NUM_BIKES_AVAILABLE": 9, "NUM_EBIKES_AVAILABLE": 1, "NUM_BIKES_DISABLED": 0, "IS_INSTALLED": "YES", "IS_RETURNING": "YES", "IS_RENTING": "YES", "HAS_KIOSK": "YES", "IOS": "https://dc.lft.to/lastmile_qr_scan", "ANDROID": "https://dc.lft.to/lastmile_qr_scan", "ELECTRIC_BIKE_SURCHARGE_WAIVER": "NO", "EIGHTD_HAS_KEY_DISPENSER": "NO", "CAPACITY": 15, "RENTAL_METHODS": "KEY,CREDITCARD", "REGION_ID": "41", "REGION_NAME": "Arlington, VA", "GIS_ID": null, "LATITUDE": 38.895377, "LONGITUDE": -77.09713, "GIS_LAST_MOD_DTTM": "2026-06-22T16:32:06Z", "OBJECTID": 357728582 }, "geometry": { "type": "Point", "coordinates": [ -77.097132594911372, 38.895388438861097 ] } },
{ "type": "Feature", "properties": { "NAME": "6th & K St NE", "STATION_TYPE": "classic", "STATION_ID": "082644bc-1f3f-11e7-bf6b-3863bb334450", "STATION_STATUS": null, "LAST_REPORTED": "2026-06-22T16:31:01Z", "NUM_DOCKS_AVAILABLE": 11, "NUM_DOCKS_DISABLED": 0, "NUM_BIKES_AVAILABLE": 5, "NUM_EBIKES_AVAILABLE": 1, "NUM_BIKES_DISABLED": 0, "IS_INSTALLED": "YES", "IS_RETURNING": "YES", "IS_RENTING": "YES", "HAS_KIOSK": "YES", "IOS": "https://dc.lft.to/lastmile_qr_scan", "ANDROID": "https://dc.lft.to/lastmile_qr_scan", "ELECTRIC_BIKE_SURCHARGE_WAIVER": "NO", "EIGHTD_HAS_KEY_DISPENSER": "NO", "CAPACITY": 19, "RENTAL_METHODS": "KEY,CREDITCARD", "REGION_ID": "42", "REGION_NAME": "Washington, DC", "GIS_ID": null, "LATITUDE": 38.902932, "LONGITUDE": -76.998405, "GIS_LAST_MOD_DTTM": "2026-06-22T16:32:06Z", "OBJECTID": 357728583 }, "geometry": { "type": "Point", "coordinates": [ -76.9984113271735, 38.902941786203094 ] } },
{ "type": "Feature", "properties": { "NAME": "St Asaph & Pendleton St", "STATION_TYPE": "classic", "STATION_ID": "08253a4b-1f3f-11e7-bf6b-3863bb334450", "STATION_STATUS": null, "LAST_REPORTED": "2026-06-22T16:31:02Z", "NUM_DOCKS_AVAILABLE": 3, "NUM_DOCKS_DISABLED": 0, "NUM_BIKES_AVAILABLE": 11, "NUM_EBIKES_AVAILABLE": 1, "NUM_BIKES_DISABLED": 0, "IS_INSTALLED": "YES", "IS_RETURNING": "YES", "IS_RENTING": "YES", "HAS_KIOSK": "YES", "IOS": "https://dc.lft.to/lastmile_qr_scan", "ANDROID": "https://dc.lft.to/lastmile_qr_scan", "ELECTRIC_BIKE_SURCHARGE_WAIVER": "NO", "EIGHTD_HAS_KEY_DISPENSER": "NO", "CAPACITY": 15, "RENTAL_METHODS": "KEY,CREDITCARD", "REGION_ID": "40", "REGION_NAME": "Alexandria, VA", "GIS_ID": null, "LATITUDE": 38.810741, "LONGITUDE": -77.044633, "GIS_LAST_MOD_DTTM": "2026-06-22T16:32:06Z", "OBJECTID": 357728584 }, "geometry": { "type": "Point", "coordinates": [ -77.044629729392952, 38.810750033352704 ] } },
{ "type": "Feature", "properties": { "NAME": "Westwood Center Dr & Sheraton Tysons Dr", "STATION_TYPE": "classic", "STATION_ID": "2113890246552748136", "STATION_STATUS": null, "LAST_REPORTED": "2026-06-22T16:31:02Z", "NUM_DOCKS_AVAILABLE": 3, "NUM_DOCKS_DISABLED": 0, "NUM_BIKES_AVAILABLE": 9, "NUM_EBIKES_AVAILABLE": 0, "NUM_BIKES_DISABLED": 0, "IS_INSTALLED": "YES", "IS_RETURNING": "YES", "IS_RENTING": "YES", "HAS_KIOSK": "YES", "IOS": "https://dc.lft.to/lastmile_qr_scan", "ANDROID": "https://dc.lft.to/lastmile_qr_scan", "ELECTRIC_BIKE_SURCHARGE_WAIVER": "NO", "EIGHTD_HAS_KEY_DISPENSER": "NO", "CAPACITY": 12, "RENTAL_METHODS": "KEY,CREDITCARD", "REGION_ID": "104", "REGION_NAME": "Fairfax, VA", "GIS_ID": null, "LATITUDE": 38.929129, "LONGITUDE": -77.246523, "GIS_LAST_MOD_DTTM": "2026-06-22T16:32:06Z", "OBJECTID": 357728585 }, "geometry": { "type": "Point", "coordinates": [ -77.246529988305042, 38.929139254256036 ] } },
{ "type": "Feature", "properties": { "NAME": "Columbia Rd & Georgia Ave NW", "STATION_TYPE": "classic", "STATION_ID": "0825164b-1f3f-11e7-bf6b-3863bb334450", "STATION_STATUS": null, "LAST_REPORTED": "2026-06-22T16:31:02Z", "NUM_DOCKS_AVAILABLE": 27, "NUM_DOCKS_DISABLED": 0, "NUM_BIKES_AVAILABLE": 0, "NUM_EBIKES_AVAILABLE": 0, "NUM_BIKES_DISABLED": 0, "IS_INSTALLED": "YES", "IS_RETURNING": "YES", "IS_RENTING": "YES", "HAS_KIOSK": "YES", "IOS": "https://dc.lft.to/lastmile_qr_scan", "ANDROID": "https://dc.lft.to/lastmile_qr_scan", "ELECTRIC_BIKE_SURCHARGE_WAIVER": "NO", "EIGHTD_HAS_KEY_DISPENSER": "NO", "CAPACITY": 27, "RENTAL_METHODS": "KEY,CREDITCARD", "REGION_ID": "42", "REGION_NAME": "Washington, DC", "GIS_ID": null, "LATITUDE": 38.928121, "LONGITUDE": -77.023795, "GIS_LAST_MOD_DTTM": "2026-06-22T16:32:06Z", "OBJECTID": 357728586 }, "geometry": { "type": "Point", "coordinates": [ -77.02379433319463, 38.92812667851134 ] } },
{ "type": "Feature", "properties": { "NAME": "3rd & G St SE", "STATION_TYPE": "classic", "STATION_ID": "08251448-1f3f-11e7-bf6b-3863bb334450", "STATION_STATUS": null, "LAST_REPORTED": "2026-06-22T16:31:03Z", "NUM_DOCKS_AVAILABLE": 9, "NUM_DOCKS_DISABLED": 1, "NUM_BIKES_AVAILABLE": 9, "NUM_EBIKES_AVAILABLE": 3, "NUM_BIKES_DISABLED": 0, "IS_INSTALLED": "YES", "IS_RETURNING": "YES", "IS_RENTING": "YES", "HAS_KIOSK": "NO", "IOS": "https://dc.lft.to/lastmile_qr_scan", "ANDROID": "https://dc.lft.to/lastmile_qr_scan", "ELECTRIC_BIKE_SURCHARGE_WAIVER": "NO", "EIGHTD_HAS_KEY_DISPENSER": "NO", "CAPACITY": 20, "RENTAL_METHODS": "KEY,CREDITCARD", "REGION_ID": "42", "REGION_NAME": "Washington, DC", "GIS_ID": null, "LATITUDE": 38.881185, "LONGITUDE": -77.001828, "GIS_LAST_MOD_DTTM": "2026-06-22T16:32:06Z", "OBJECTID": 357728587 }, "geometry": { "type": "Point", "coordinates": [ -77.001834782360547, 38.881195570233189 ] } },
{ "type": "Feature", "properties": { "NAME": "1301 McCormick Dr / Wayne K. Curry Admin Bldg", "STATION_TYPE": "classic", "STATION_ID": "987decdd-577d-4614-a6eb-307944a634b4", "STATION_STATUS": null, "LAST_REPORTED": "2026-06-22T16:31:02Z", "NUM_DOCKS_AVAILABLE": 9, "NUM_DOCKS_DISABLED": 0, "NUM_BIKES_AVAILABLE": 6, "NUM_EBIKES_AVAILABLE": 0, "NUM_BIKES_DISABLED": 0, "IS_INSTALLED": "YES", "IS_RETURNING": "YES", "IS_RENTING": "YES", "HAS_KIOSK": "YES", "IOS": "https://dc.lft.to/lastmile_qr_scan", "ANDROID": "https://dc.lft.to/lastmile_qr_scan", "ELECTRIC_BIKE_SURCHARGE_WAIVER": "NO", "EIGHTD_HAS_KEY_DISPENSER": "NO", "CAPACITY": 15, "RENTAL_METHODS": "KEY,CREDITCARD", "REGION_ID": "133", "REGION_NAME": "Prince George's County", "GIS_ID": null, "LATITUDE": 38.908391, "LONGITUDE": -76.843263, "GIS_LAST_MOD_DTTM": "2026-06-22T16:32:06Z", "OBJECTID": 357728588 }, "geometry": { "type": "Point", "coordinates": [ -76.843269477217959, 38.908394830341727 ] } },
{ "type": "Feature", "properties": { "NAME": "New Hampshire Ave & 24th St NW", "STATION_TYPE": "classic", "STATION_ID": "0825f723-1f3f-11e7-bf6b-3863bb334450", "STATION_STATUS": null, "LAST_REPORTED": "2026-06-22T16:31:03Z", "NUM_DOCKS_AVAILABLE": 6, "NUM_DOCKS_DISABLED": 0, "NUM_BIKES_AVAILABLE": 18, "NUM_EBIKES_AVAILABLE": 0, "NUM_BIKES_DISABLED": 0, "IS_INSTALLED": "YES", "IS_RETURNING": "YES", "IS_RENTING": "YES", "HAS_KIOSK": "NO", "IOS": "https://dc.lft.to/lastmile_qr_scan", "ANDROID": "https://dc.lft.to/lastmile_qr_scan", "ELECTRIC_BIKE_SURCHARGE_WAIVER": "NO", "EIGHTD_HAS_KEY_DISPENSER": "NO", "CAPACITY": 24, "RENTAL_METHODS": "KEY,CREDITCARD", "REGION_ID": "42", "REGION_NAME": "Washington, DC", "GIS_ID": null, "LATITUDE": 38.901755, "LONGITUDE": -77.051084, "GIS_LAST_MOD_DTTM": "2026-06-22T16:32:06Z", "OBJECTID": 357728589 }, "geometry": { "type": "Point", "coordinates": [ -77.051084979111181, 38.901759540739789 ] } },
{ "type": "Feature", "properties": { "NAME": "Van Dorn Metro", "STATION_TYPE": "classic", "STATION_ID": "dfa896d9-9209-413d-b494-e255ef513d2c", "STATION_STATUS": null, "LAST_REPORTED": "2026-06-22T16:31:04Z", "NUM_DOCKS_AVAILABLE": 15, "NUM_DOCKS_DISABLED": 0, "NUM_BIKES_AVAILABLE": 4, "NUM_EBIKES_AVAILABLE": 0, "NUM_BIKES_DISABLED": 0, "IS_INSTALLED": "YES", "IS_RETURNING": "YES", "IS_RENTING": "YES", "HAS_KIOSK": "YES", "IOS": "https://dc.lft.to/lastmile_qr_scan", "ANDROID": "https://dc.lft.to/lastmile_qr_scan", "ELECTRIC_BIKE_SURCHARGE_WAIVER": "NO", "EIGHTD_HAS_KEY_DISPENSER": "NO", "CAPACITY": 19, "RENTAL_METHODS": "KEY,CREDITCARD", "REGION_ID": "40", "REGION_NAME": "Alexandria, VA", "GIS_ID": null, "LATITUDE": 38.800077, "LONGITUDE": -77.129943, "GIS_LAST_MOD_DTTM": "2026-06-22T16:32:06Z", "OBJECTID": 357728590 }, "geometry": { "type": "Point", "coordinates": [ -77.129950574413243, 38.800083183837806 ] } },
{ "type": "Feature", "properties": { "NAME": "Virginia Square Metro / Monroe St & 9th St N", "STATION_TYPE": "classic", "STATION_ID": "082520aa-1f3f-11e7-bf6b-3863bb334450", "STATION_STATUS": null, "LAST_REPORTED": "2026-06-22T16:31:04Z", "NUM_DOCKS_AVAILABLE": 6, "NUM_DOCKS_DISABLED": 0, "NUM_BIKES_AVAILABLE": 11, "NUM_EBIKES_AVAILABLE": 1, "NUM_BIKES_DISABLED": 2, "IS_INSTALLED": "YES", "IS_RETURNING": "YES", "IS_RENTING": "YES", "HAS_KIOSK": "YES", "IOS": "https://dc.lft.to/lastmile_qr_scan", "ANDROID": "https://dc.lft.to/lastmile_qr_scan", "ELECTRIC_BIKE_SURCHARGE_WAIVER": "NO", "EIGHTD_HAS_KEY_DISPENSER": "NO", "CAPACITY": 19, "RENTAL_METHODS": "KEY,CREDITCARD", "REGION_ID": "41", "REGION_NAME": "Arlington, VA", "GIS_ID": null, "LATITUDE": 38.882788, "LONGITUDE": -77.103148, "GIS_LAST_MOD_DTTM": "2026-06-22T16:32:06Z", "OBJECTID": 357728591 }, "geometry": { "type": "Point", "coordinates": [ -77.103154777346802, 38.882798564386746 ] } },
{ "type": "Feature", "properties": { "NAME": "5th & Kennedy St NW", "STATION_TYPE": "classic", "STATION_ID": "082547de-1f3f-11e7-bf6b-3863bb334450", "STATION_STATUS": null, "LAST_REPORTED": "2026-06-22T16:31:04Z", "NUM_DOCKS_AVAILABLE": 0, "NUM_DOCKS_DISABLED": 6, "NUM_BIKES_AVAILABLE": 0, "NUM_EBIKES_AVAILABLE": 0, "NUM_BIKES_DISABLED": 9, "IS_INSTALLED": "YES", "IS_RETURNING": "YES", "IS_RENTING": "YES", "HAS_KIOSK": "YES", "IOS": "https://dc.lft.to/lastmile_qr_scan", "ANDROID": "https://dc.lft.to/lastmile_qr_scan", "ELECTRIC_BIKE_SURCHARGE_WAIVER": "NO", "EIGHTD_HAS_KEY_DISPENSER": "NO", "CAPACITY": 15, "RENTAL_METHODS": "KEY,CREDITCARD", "REGION_ID": "42", "REGION_NAME": "Washington, DC", "GIS_ID": null, "LATITUDE": 38.956556, "LONGITUDE": -77.019814, "GIS_LAST_MOD_DTTM": "2026-06-22T16:32:06Z", "OBJECTID": 357728592 }, "geometry": { "type": "Point", "coordinates": [ -77.019811906869108, 38.956566591885704 ] } },
{ "type": "Feature", "properties": { "NAME": "12th & L St NW", "STATION_TYPE": "classic", "STATION_ID": "082537e4-1f3f-11e7-bf6b-3863bb334450", "STATION_STATUS": null, "LAST_REPORTED": "2026-06-22T16:31:07Z", "NUM_DOCKS_AVAILABLE": 17, "NUM_DOCKS_DISABLED": 0, "NUM_BIKES_AVAILABLE": 3, "NUM_EBIKES_AVAILABLE": 3, "NUM_BIKES_DISABLED": 0, "IS_INSTALLED": "YES", "IS_RETURNING": "YES", "IS_RENTING": "YES", "HAS_KIOSK": "NO", "IOS": "https://dc.lft.to/lastmile_qr_scan", "ANDROID": "https://dc.lft.to/lastmile_qr_scan", "ELECTRIC_BIKE_SURCHARGE_WAIVER": "NO", "EIGHTD_HAS_KEY_DISPENSER": "NO", "CAPACITY": 20, "RENTAL_METHODS": "KEY,CREDITCARD", "REGION_ID": "42", "REGION_NAME": "Washington, DC", "GIS_ID": null, "LATITUDE": 38.903819, "LONGITUDE": -77.0284, "GIS_LAST_MOD_DTTM": "2026-06-22T16:32:06Z", "OBJECTID": 357728593 }, "geometry": { "type": "Point", "coordinates": [ -77.028397753569507, 38.90383017230036 ] } },
{ "type": "Feature", "properties": { "NAME": "Roosevelt Center & Crescent Rd", "STATION_TYPE": "classic", "STATION_ID": "6922a398-ec20-493d-a832-5e337cf335f5", "STATION_STATUS": null, "LAST_REPORTED": "2026-06-22T16:31:09Z", "NUM_DOCKS_AVAILABLE": 0, "NUM_DOCKS_DISABLED": 0, "NUM_BIKES_AVAILABLE": 14, "NUM_EBIKES_AVAILABLE": 2, "NUM_BIKES_DISABLED": 1, "IS_INSTALLED": "YES", "IS_RETURNING": "YES", "IS_RENTING": "YES", "HAS_KIOSK": "YES", "IOS": "https://dc.lft.to/lastmile_qr_scan", "ANDROID": "https://dc.lft.to/lastmile_qr_scan", "ELECTRIC_BIKE_SURCHARGE_WAIVER": "NO", "EIGHTD_HAS_KEY_DISPENSER": "NO", "CAPACITY": 15, "RENTAL_METHODS": "KEY,CREDITCARD", "REGION_ID": "133", "REGION_NAME": "Prince George's County", "GIS_ID": null, "LATITUDE": 39.00031, "LONGITUDE": -76.878005, "GIS_LAST_MOD_DTTM": "2026-06-22T16:32:06Z", "OBJECTID": 357728594 }, "geometry": { "type": "Point", "coordinates": [ -76.87801225413925, 39.000320680293818 ] } },
{ "type": "Feature", "properties": { "NAME": "3rd & H St NE", "STATION_TYPE": "classic", "STATION_ID": "0824bce1-1f3f-11e7-bf6b-3863bb334450", "STATION_STATUS": null, "LAST_REPORTED": "2026-06-22T16:31:10Z", "NUM_DOCKS_AVAILABLE": 12, "NUM_DOCKS_DISABLED": 0, "NUM_BIKES_AVAILABLE": 7, "NUM_EBIKES_AVAILABLE": 0, "NUM_BIKES_DISABLED": 0, "IS_INSTALLED": "YES", "IS_RETURNING": "YES", "IS_RENTING": "YES", "HAS_KIOSK": "YES", "IOS": "https://dc.lft.to/lastmile_qr_scan", "ANDROID": "https://dc.lft.to/lastmile_qr_scan", "ELECTRIC_BIKE_SURCHARGE_WAIVER": "NO", "EIGHTD_HAS_KEY_DISPENSER": "NO", "CAPACITY": 19, "RENTAL_METHODS": "KEY,CREDITCARD", "REGION_ID": "42", "REGION_NAME": "Washington, DC", "GIS_ID": null, "LATITUDE": 38.900412, "LONGITUDE": -77.001949, "GIS_LAST_MOD_DTTM": "2026-06-22T16:32:06Z", "OBJECTID": 357728595 }, "geometry": { "type": "Point", "coordinates": [ -77.0019505600023, 38.900419440536794 ] } },
{ "type": "Feature", "properties": { "NAME": "Connecticut Ave & R St NW", "STATION_TYPE": "classic", "STATION_ID": "a2507ccc-aca1-48b2-a6a3-a3144ad92d21", "STATION_STATUS": null, "LAST_REPORTED": "2026-06-22T16:31:10Z", "NUM_DOCKS_AVAILABLE": 19, "NUM_DOCKS_DISABLED": 0, "NUM_BIKES_AVAILABLE": 0, "NUM_EBIKES_AVAILABLE": 0, "NUM_BIKES_DISABLED": 0, "IS_INSTALLED": "YES", "IS_RETURNING": "YES", "IS_RENTING": "YES", "HAS_KIOSK": "YES", "IOS": "https://dc.lft.to/lastmile_qr_scan", "ANDROID": "https://dc.lft.to/lastmile_qr_scan", "ELECTRIC_BIKE_SURCHARGE_WAIVER": "NO", "EIGHTD_HAS_KEY_DISPENSER": "NO", "CAPACITY": 19, "RENTAL_METHODS": "KEY,CREDITCARD", "REGION_ID": "42", "REGION_NAME": "Washington, DC", "GIS_ID": null, "LATITUDE": 38.912647, "LONGITUDE": -77.045796, "GIS_LAST_MOD_DTTM": "2026-06-22T16:32:06Z", "OBJECTID": 357728596 }, "geometry": { "type": "Point", "coordinates": [ -77.045800400791379, 38.912652826907262 ] } },
{ "type": "Feature", "properties": { "NAME": "Route 29 & Bisvey Dr", "STATION_TYPE": "classic", "STATION_ID": "f0101beb-a103-46e4-93f5-c7880b85411b", "STATION_STATUS": null, "LAST_REPORTED": "2026-06-22T16:31:11Z", "NUM_DOCKS_AVAILABLE": 6, "NUM_DOCKS_DISABLED": 0, "NUM_BIKES_AVAILABLE": 6, "NUM_EBIKES_AVAILABLE": 0, "NUM_BIKES_DISABLED": 0, "IS_INSTALLED": "YES", "IS_RETURNING": "YES", "IS_RENTING": "YES", "HAS_KIOSK": "YES", "IOS": "https://dc.lft.to/lastmile_qr_scan", "ANDROID": "https://dc.lft.to/lastmile_qr_scan", "ELECTRIC_BIKE_SURCHARGE_WAIVER": "NO", "EIGHTD_HAS_KEY_DISPENSER": "NO", "CAPACITY": 12, "RENTAL_METHODS": "KEY,CREDITCARD", "REGION_ID": "104", "REGION_NAME": "Fairfax, VA", "GIS_ID": null, "LATITUDE": 38.876912, "LONGITUDE": -77.195847, "GIS_LAST_MOD_DTTM": "2026-06-22T16:32:06Z", "OBJECTID": 357728597 }, "geometry": { "type": "Point", "coordinates": [ -77.195849225564444, 38.876923534599854 ] } },
{ "type": "Feature", "properties": { "NAME": "3rd & K St NW", "STATION_TYPE": "classic", "STATION_ID": "2139550026018020294", "STATION_STATUS": null, "LAST_REPORTED": "2026-06-22T16:31:09Z", "NUM_DOCKS_AVAILABLE": 9, "NUM_DOCKS_DISABLED": 0, "NUM_BIKES_AVAILABLE": 13, "NUM_EBIKES_AVAILABLE": 1, "NUM_BIKES_DISABLED": 2, "IS_INSTALLED": "YES", "IS_RETURNING": "YES", "IS_RENTING": "YES", "HAS_KIOSK": "NO", "IOS": "https://dc.lft.to/lastmile_qr_scan", "ANDROID": "https://dc.lft.to/lastmile_qr_scan", "ELECTRIC_BIKE_SURCHARGE_WAIVER": "NO", "EIGHTD_HAS_KEY_DISPENSER": "NO", "CAPACITY": 24, "RENTAL_METHODS": "KEY,CREDITCARD", "REGION_ID": "42", "REGION_NAME": "Washington, DC", "GIS_ID": null, "LATITUDE": 38.90241, "LONGITUDE": -77.01533, "GIS_LAST_MOD_DTTM": "2026-06-22T16:32:06Z", "OBJECTID": 357728598 }, "geometry": { "type": "Point", "coordinates": [ -77.015335303134663, 38.902418305572475 ] } },
{ "type": "Feature", "properties": { "NAME": "S Randolph St & Campbell Ave", "STATION_TYPE": "classic", "STATION_ID": "0825e4d5-1f3f-11e7-bf6b-3863bb334450", "STATION_STATUS": null, "LAST_REPORTED": "2026-06-22T16:31:09Z", "NUM_DOCKS_AVAILABLE": 9, "NUM_DOCKS_DISABLED": 0, "NUM_BIKES_AVAILABLE": 6, "NUM_EBIKES_AVAILABLE": 0, "NUM_BIKES_DISABLED": 0, "IS_INSTALLED": "YES", "IS_RETURNING": "YES", "IS_RENTING": "YES", "HAS_KIOSK": "YES", "IOS": "https://dc.lft.to/lastmile_qr_scan", "ANDROID": "https://dc.lft.to/lastmile_qr_scan", "ELECTRIC_BIKE_SURCHARGE_WAIVER": "NO", "EIGHTD_HAS_KEY_DISPENSER": "NO", "CAPACITY": 15, "RENTAL_METHODS": "KEY,CREDITCARD", "REGION_ID": "41", "REGION_NAME": "Arlington, VA", "GIS_ID": null, "LATITUDE": 38.840654, "LONGITUDE": -77.088659, "GIS_LAST_MOD_DTTM": "2026-06-22T16:32:06Z", "OBJECTID": 357728599 }, "geometry": { "type": "Point", "coordinates": [ -77.088661061391534, 38.840660050132151 ] } },
{ "type": "Feature", "properties": { "NAME": "1st & D St SE", "STATION_TYPE": "classic", "STATION_ID": "08263aa1-1f3f-11e7-bf6b-3863bb334450", "STATION_STATUS": null, "LAST_REPORTED": "2026-06-22T16:31:08Z", "NUM_DOCKS_AVAILABLE": 3, "NUM_DOCKS_DISABLED": 0, "NUM_BIKES_AVAILABLE": 17, "NUM_EBIKES_AVAILABLE": 6, "NUM_BIKES_DISABLED": 2, "IS_INSTALLED": "YES", "IS_RETURNING": "YES", "IS_RENTING": "YES", "HAS_KIOSK": "NO", "IOS": "https://dc.lft.to/lastmile_qr_scan", "ANDROID": "https://dc.lft.to/lastmile_qr_scan", "ELECTRIC_BIKE_SURCHARGE_WAIVER": "NO", "EIGHTD_HAS_KEY_DISPENSER": "NO", "CAPACITY": 22, "RENTAL_METHODS": "KEY,CREDITCARD", "REGION_ID": "42", "REGION_NAME": "Washington, DC", "GIS_ID": null, "LATITUDE": 38.884916, "LONGITUDE": -77.005965, "GIS_LAST_MOD_DTTM": "2026-06-22T16:32:06Z", "OBJECTID": 357728600 }, "geometry": { "type": "Point", "coordinates": [ -77.005972626013602, 38.884924904176437 ] } },
{ "type": "Feature", "properties": { "NAME": "17th St & Kalorama Rd NW", "STATION_TYPE": "classic", "STATION_ID": "2113232073497390058", "STATION_STATUS": null, "LAST_REPORTED": "2026-06-22T16:31:08Z", "NUM_DOCKS_AVAILABLE": 10, "NUM_DOCKS_DISABLED": 0, "NUM_BIKES_AVAILABLE": 1, "NUM_EBIKES_AVAILABLE": 1, "NUM_BIKES_DISABLED": 0, "IS_INSTALLED": "YES", "IS_RETURNING": "YES", "IS_RENTING": "YES", "HAS_KIOSK": "YES", "IOS": "https://dc.lft.to/lastmile_qr_scan", "ANDROID": "https://dc.lft.to/lastmile_qr_scan", "ELECTRIC_BIKE_SURCHARGE_WAIVER": "NO", "EIGHTD_HAS_KEY_DISPENSER": "NO", "CAPACITY": 11, "RENTAL_METHODS": "KEY,CREDITCARD", "REGION_ID": "42", "REGION_NAME": "Washington, DC", "GIS_ID": null, "LATITUDE": 38.921639, "LONGITUDE": -77.038559, "GIS_LAST_MOD_DTTM": "2026-06-22T16:32:06Z", "OBJECTID": 357728601 }, "geometry": { "type": "Point", "coordinates": [ -77.038564271906026, 38.921645755706585 ] } },
{ "type": "Feature", "properties": { "NAME": "Constitution Ave & 2nd St NW/DOL", "STATION_TYPE": "classic", "STATION_ID": "08256d91-1f3f-11e7-bf6b-3863bb334450", "STATION_STATUS": null, "LAST_REPORTED": "2026-06-22T16:31:08Z", "NUM_DOCKS_AVAILABLE": 2, "NUM_DOCKS_DISABLED": 0, "NUM_BIKES_AVAILABLE": 25, "NUM_EBIKES_AVAILABLE": 10, "NUM_BIKES_DISABLED": 0, "IS_INSTALLED": "YES", "IS_RETURNING": "YES", "IS_RENTING": "YES", "HAS_KIOSK": "YES", "IOS": "https://dc.lft.to/lastmile_qr_scan", "ANDROID": "https://dc.lft.to/lastmile_qr_scan", "ELECTRIC_BIKE_SURCHARGE_WAIVER": "NO", "EIGHTD_HAS_KEY_DISPENSER": "NO", "CAPACITY": 27, "RENTAL_METHODS": "KEY,CREDITCARD", "REGION_ID": "42", "REGION_NAME": "Washington, DC", "GIS_ID": null, "LATITUDE": 38.892275, "LONGITUDE": -77.013917, "GIS_LAST_MOD_DTTM": "2026-06-22T16:32:06Z", "OBJECTID": 357728602 }, "geometry": { "type": "Point", "coordinates": [ -77.013915309785631, 38.892284073131179 ] } },
{ "type": "Feature", "properties": { "NAME": "Clarendon Blvd & Pierce St", "STATION_TYPE": "classic", "STATION_ID": "0824eba7-1f3f-11e7-bf6b-3863bb334450", "STATION_STATUS": null, "LAST_REPORTED": "2026-06-22T16:31:06Z", "NUM_DOCKS_AVAILABLE": 10, "NUM_DOCKS_DISABLED": 0, "NUM_BIKES_AVAILABLE": 4, "NUM_EBIKES_AVAILABLE": 2, "NUM_BIKES_DISABLED": 1, "IS_INSTALLED": "YES", "IS_RETURNING": "YES", "IS_RENTING": "YES", "HAS_KIOSK": "YES", "IOS": "https://dc.lft.to/lastmile_qr_scan", "ANDROID": "https://dc.lft.to/lastmile_qr_scan", "ELECTRIC_BIKE_SURCHARGE_WAIVER": "NO", "EIGHTD_HAS_KEY_DISPENSER": "NO", "CAPACITY": 15, "RENTAL_METHODS": "KEY,CREDITCARD", "REGION_ID": "41", "REGION_NAME": "Arlington, VA", "GIS_ID": null, "LATITUDE": 38.893438, "LONGITUDE": -77.076389, "GIS_LAST_MOD_DTTM": "2026-06-22T16:32:06Z", "OBJECTID": 357728603 }, "geometry": { "type": "Point", "coordinates": [ -77.076392626184173, 38.893449026560077 ] } },
{ "type": "Feature", "properties": { "NAME": "10th St & L'Enfant Plaza SW", "STATION_TYPE": "classic", "STATION_ID": "08261d9d-1f3f-11e7-bf6b-3863bb334450", "STATION_STATUS": null, "LAST_REPORTED": "2026-06-22T16:31:13Z", "NUM_DOCKS_AVAILABLE": 4, "NUM_DOCKS_DISABLED": 0, "NUM_BIKES_AVAILABLE": 18, "NUM_EBIKES_AVAILABLE": 12, "NUM_BIKES_DISABLED": 0, "IS_INSTALLED": "YES", "IS_RETURNING": "YES", "IS_RENTING": "YES", "HAS_KIOSK": "YES", "IOS": "https://dc.lft.to/lastmile_qr_scan", "ANDROID": "https://dc.lft.to/lastmile_qr_scan", "ELECTRIC_BIKE_SURCHARGE_WAIVER": "NO", "EIGHTD_HAS_KEY_DISPENSER": "NO", "CAPACITY": 23, "RENTAL_METHODS": "KEY,CREDITCARD", "REGION_ID": "42", "REGION_NAME": "Washington, DC", "GIS_ID": null, "LATITUDE": 38.884323, "LONGITUDE": -77.02601, "GIS_LAST_MOD_DTTM": "2026-06-22T16:32:06Z", "OBJECTID": 357728604 }, "geometry": { "type": "Point", "coordinates": [ -77.026015704227788, 38.884327605750833 ] } },
{ "type": "Feature", "properties": { "NAME": "2nd & G St NE", "STATION_TYPE": "classic", "STATION_ID": "082604dd-1f3f-11e7-bf6b-3863bb334450", "STATION_STATUS": null, "LAST_REPORTED": "2026-06-22T16:29:46Z", "NUM_DOCKS_AVAILABLE": 11, "NUM_DOCKS_DISABLED": 0, "NUM_BIKES_AVAILABLE": 12, "NUM_EBIKES_AVAILABLE": 3, "NUM_BIKES_DISABLED": 1, "IS_INSTALLED": "YES", "IS_RETURNING": "YES", "IS_RENTING": "YES", "HAS_KIOSK": "NO", "IOS": "https://dc.lft.to/lastmile_qr_scan", "ANDROID": "https://dc.lft.to/lastmile_qr_scan", "ELECTRIC_BIKE_SURCHARGE_WAIVER": "NO", "EIGHTD_HAS_KEY_DISPENSER": "NO", "CAPACITY": 24, "RENTAL_METHODS": "KEY,CREDITCARD", "REGION_ID": "42", "REGION_NAME": "Washington, DC", "GIS_ID": null, "LATITUDE": 38.89967, "LONGITUDE": -77.003666, "GIS_LAST_MOD_DTTM": "2026-06-22T16:32:06Z", "OBJECTID": 357728605 }, "geometry": { "type": "Point", "coordinates": [ -77.003668233174238, 38.89968071366178 ] } },
{ "type": "Feature", "properties": { "NAME": "Patrick Henry Dr & Brook Dr", "STATION_TYPE": "classic", "STATION_ID": "2217259807818686064", "STATION_STATUS": null, "LAST_REPORTED": "2026-06-22T16:31:14Z", "NUM_DOCKS_AVAILABLE": 8, "NUM_DOCKS_DISABLED": 0, "NUM_BIKES_AVAILABLE": 3, "NUM_EBIKES_AVAILABLE": 0, "NUM_BIKES_DISABLED": 0, "IS_INSTALLED": "YES", "IS_RETURNING": "YES", "IS_RENTING": "YES", "HAS_KIOSK": "YES", "IOS": "https://dc.lft.to/lastmile_qr_scan", "ANDROID": "https://dc.lft.to/lastmile_qr_scan", "ELECTRIC_BIKE_SURCHARGE_WAIVER": "NO", "EIGHTD_HAS_KEY_DISPENSER": "NO", "CAPACITY": 11, "RENTAL_METHODS": "KEY,CREDITCARD", "REGION_ID": "104", "REGION_NAME": "Fairfax, VA", "GIS_ID": null, "LATITUDE": 38.867065, "LONGITUDE": -77.147955, "GIS_LAST_MOD_DTTM": "2026-06-22T16:32:06Z", "OBJECTID": 357728606 }, "geometry": { "type": "Point", "coordinates": [ -77.147956084994277, 38.867075765620179 ] } },
{ "type": "Feature", "properties": { "NAME": "Soapstone Dr Convenience Center", "STATION_TYPE": "classic", "STATION_ID": "85c2fb24-d241-4550-8968-2cdf85462af7", "STATION_STATUS": null, "LAST_REPORTED": "2026-06-22T16:31:15Z", "NUM_DOCKS_AVAILABLE": 6, "NUM_DOCKS_DISABLED": 0, "NUM_BIKES_AVAILABLE": 6, "NUM_EBIKES_AVAILABLE": 0, "NUM_BIKES_DISABLED": 0, "IS_INSTALLED": "YES", "IS_RETURNING": "YES", "IS_RENTING": "YES", "HAS_KIOSK": "YES", "IOS": "https://dc.lft.to/lastmile_qr_scan", "ANDROID": "https://dc.lft.to/lastmile_qr_scan", "ELECTRIC_BIKE_SURCHARGE_WAIVER": "NO", "EIGHTD_HAS_KEY_DISPENSER": "NO", "CAPACITY": 12, "RENTAL_METHODS": "KEY,CREDITCARD", "REGION_ID": "104", "REGION_NAME": "Fairfax, VA", "GIS_ID": null, "LATITUDE": 38.93051, "LONGITUDE": -77.345874, "GIS_LAST_MOD_DTTM": "2026-06-22T16:32:06Z", "OBJECTID": 357728607 }, "geometry": { "type": "Point", "coordinates": [ -77.345881658136378, 38.930517966257568 ] } },
{ "type": "Feature", "properties": { "NAME": "South Dakota Ave & Ingraham St NE", "STATION_TYPE": "classic", "STATION_ID": "2212289368040804704", "STATION_STATUS": null, "LAST_REPORTED": "2026-06-22T16:31:15Z", "NUM_DOCKS_AVAILABLE": 2, "NUM_DOCKS_DISABLED": 0, "NUM_BIKES_AVAILABLE": 14, "NUM_EBIKES_AVAILABLE": 0, "NUM_BIKES_DISABLED": 0, "IS_INSTALLED": "YES", "IS_RETURNING": "YES", "IS_RENTING": "YES", "HAS_KIOSK": "NO", "IOS": "https://dc.lft.to/lastmile_qr_scan", "ANDROID": "https://dc.lft.to/lastmile_qr_scan", "ELECTRIC_BIKE_SURCHARGE_WAIVER": "NO", "EIGHTD_HAS_KEY_DISPENSER": "NO", "CAPACITY": 16, "RENTAL_METHODS": "KEY,CREDITCARD", "REGION_ID": "42", "REGION_NAME": "Washington, DC", "GIS_ID": null, "LATITUDE": 38.9542, "LONGITUDE": -76.999009, "GIS_LAST_MOD_DTTM": "2026-06-22T16:32:06Z", "OBJECTID": 357728608 }, "geometry": { "type": "Point", "coordinates": [ -76.999010108092946, 38.954208100763843 ] } },
{ "type": "Feature", "properties": { "NAME": "Rock Creek Pkwy & Pkwy Dr NW ", "STATION_TYPE": "classic", "STATION_ID": "2061579755230425156", "STATION_STATUS": null, "LAST_REPORTED": "2026-06-22T16:31:12Z", "NUM_DOCKS_AVAILABLE": 20, "NUM_DOCKS_DISABLED": 0, "NUM_BIKES_AVAILABLE": 0, "NUM_EBIKES_AVAILABLE": 0, "NUM_BIKES_DISABLED": 0, "IS_INSTALLED": "YES", "IS_RETURNING": "YES", "IS_RENTING": "YES", "HAS_KIOSK": "NO", "IOS": "https://dc.lft.to/lastmile_qr_scan", "ANDROID": "https://dc.lft.to/lastmile_qr_scan", "ELECTRIC_BIKE_SURCHARGE_WAIVER": "NO", "EIGHTD_HAS_KEY_DISPENSER": "NO", "CAPACITY": 20, "RENTAL_METHODS": "KEY,CREDITCARD", "REGION_ID": "42", "REGION_NAME": "Washington, DC", "GIS_ID": null, "LATITUDE": 38.8919, "LONGITUDE": -77.054517, "GIS_LAST_MOD_DTTM": "2026-06-22T16:32:06Z", "OBJECTID": 357728609 }, "geometry": { "type": "Point", "coordinates": [ -77.054524467534932, 38.89191184094912 ] } },
{ "type": "Feature", "properties": { "NAME": "Randle Circle & Minnesota Ave SE", "STATION_TYPE": "classic", "STATION_ID": "08247fe1-1f3f-11e7-bf6b-3863bb334450", "STATION_STATUS": null, "LAST_REPORTED": "2026-06-22T16:31:13Z", "NUM_DOCKS_AVAILABLE": 11, "NUM_DOCKS_DISABLED": 0, "NUM_BIKES_AVAILABLE": 0, "NUM_EBIKES_AVAILABLE": 0, "NUM_BIKES_DISABLED": 0, "IS_INSTALLED": "YES", "IS_RETURNING": "YES", "IS_RENTING": "YES", "HAS_KIOSK": "YES", "IOS": "https://dc.lft.to/lastmile_qr_scan", "ANDROID": "https://dc.lft.to/lastmile_qr_scan", "ELECTRIC_BIKE_SURCHARGE_WAIVER": "NO", "EIGHTD_HAS_KEY_DISPENSER": "NO", "CAPACITY": 11, "RENTAL_METHODS": "KEY,CREDITCARD", "REGION_ID": "42", "REGION_NAME": "Washington, DC", "GIS_ID": null, "LATITUDE": 38.878, "LONGITUDE": -76.9607, "GIS_LAST_MOD_DTTM": "2026-06-22T16:32:06Z", "OBJECTID": 357728610 }, "geometry": { "type": "Point", "coordinates": [ -76.960703250503087, 38.878009011472905 ] } },
{ "type": "Feature", "properties": { "NAME": "1st & Q St SW", "STATION_TYPE": "classic", "STATION_ID": "84a0159b-5f00-417a-8f06-6c7c8437049f", "STATION_STATUS": null, "LAST_REPORTED": "2026-06-22T16:31:15Z", "NUM_DOCKS_AVAILABLE": 12, "NUM_DOCKS_DISABLED": 0, "NUM_BIKES_AVAILABLE": 2, "NUM_EBIKES_AVAILABLE": 2, "NUM_BIKES_DISABLED": 1, "IS_INSTALLED": "YES", "IS_RETURNING": "YES", "IS_RENTING": "YES", "HAS_KIOSK": "YES", "IOS": "https://dc.lft.to/lastmile_qr_scan", "ANDROID": "https://dc.lft.to/lastmile_qr_scan", "ELECTRIC_BIKE_SURCHARGE_WAIVER": "NO", "EIGHTD_HAS_KEY_DISPENSER": "NO", "CAPACITY": 15, "RENTAL_METHODS": "KEY,CREDITCARD", "REGION_ID": "42", "REGION_NAME": "Washington, DC", "GIS_ID": null, "LATITUDE": 38.870824, "LONGITUDE": -77.011915, "GIS_LAST_MOD_DTTM": "2026-06-22T16:32:06Z", "OBJECTID": 357728611 }, "geometry": { "type": "Point", "coordinates": [ -77.011917564129774, 38.870835318425655 ] } },
{ "type": "Feature", "properties": { "NAME": "Reed & Edison", "STATION_TYPE": "classic", "STATION_ID": "febec658-2bcd-473e-8ba8-f84f016da7cd", "STATION_STATUS": null, "LAST_REPORTED": "2026-06-22T16:31:17Z", "NUM_DOCKS_AVAILABLE": 1, "NUM_DOCKS_DISABLED": 0, "NUM_BIKES_AVAILABLE": 10, "NUM_EBIKES_AVAILABLE": 1, "NUM_BIKES_DISABLED": 0, "IS_INSTALLED": "YES", "IS_RETURNING": "YES", "IS_RENTING": "YES", "HAS_KIOSK": "YES", "IOS": "https://dc.lft.to/lastmile_qr_scan", "ANDROID": "https://dc.lft.to/lastmile_qr_scan", "ELECTRIC_BIKE_SURCHARGE_WAIVER": "NO", "EIGHTD_HAS_KEY_DISPENSER": "NO", "CAPACITY": 11, "RENTAL_METHODS": "KEY,CREDITCARD", "REGION_ID": "40", "REGION_NAME": "Alexandria, VA", "GIS_ID": null, "LATITUDE": 38.83728, "LONGITUDE": -77.060899, "GIS_LAST_MOD_DTTM": "2026-06-22T16:32:06Z", "OBJECTID": 357728612 }, "geometry": { "type": "Point", "coordinates": [ -77.060898319493532, 38.837290657368925 ] } },
{ "type": "Feature", "properties": { "NAME": "Monroe St & Monroe Pl", "STATION_TYPE": "classic", "STATION_ID": "082595a1-1f3f-11e7-bf6b-3863bb334450", "STATION_STATUS": null, "LAST_REPORTED": "2026-06-22T16:31:18Z", "NUM_DOCKS_AVAILABLE": 9, "NUM_DOCKS_DISABLED": 0, "NUM_BIKES_AVAILABLE": 6, "NUM_EBIKES_AVAILABLE": 0, "NUM_BIKES_DISABLED": 0, "IS_INSTALLED": "YES", "IS_RETURNING": "YES", "IS_RENTING": "YES", "HAS_KIOSK": "YES", "IOS": "https://dc.lft.to/lastmile_qr_scan", "ANDROID": "https://dc.lft.to/lastmile_qr_scan", "ELECTRIC_BIKE_SURCHARGE_WAIVER": "NO", "EIGHTD_HAS_KEY_DISPENSER": "NO", "CAPACITY": 15, "RENTAL_METHODS": "KEY,CREDITCARD", "REGION_ID": "43", "REGION_NAME": "Montgomery County, MD (North)", "GIS_ID": null, "LATITUDE": 39.083673, "LONGITUDE": -77.149162, "GIS_LAST_MOD_DTTM": "2026-06-22T16:32:06Z", "OBJECTID": 357728613 }, "geometry": { "type": "Point", "coordinates": [ -77.149169340225541, 39.083677293404946 ] } },
{ "type": "Feature", "properties": { "NAME": "N Howard St & Taney Ave", "STATION_TYPE": "classic", "STATION_ID": "cdeeb133-ccd7-418f-a8d7-0b5c5380a8ae", "STATION_STATUS": null, "LAST_REPORTED": "2026-06-22T16:31:19Z", "NUM_DOCKS_AVAILABLE": 7, "NUM_DOCKS_DISABLED": 0, "NUM_BIKES_AVAILABLE": 4, "NUM_EBIKES_AVAILABLE": 1, "NUM_BIKES_DISABLED": 0, "IS_INSTALLED": "YES", "IS_RETURNING": "YES", "IS_RENTING": "YES", "HAS_KIOSK": "YES", "IOS": "https://dc.lft.to/lastmile_qr_scan", "ANDROID": "https://dc.lft.to/lastmile_qr_scan", "ELECTRIC_BIKE_SURCHARGE_WAIVER": "NO", "EIGHTD_HAS_KEY_DISPENSER": "NO", "CAPACITY": 11, "RENTAL_METHODS": "KEY,CREDITCARD", "REGION_ID": "40", "REGION_NAME": "Alexandria, VA", "GIS_ID": null, "LATITUDE": 38.815842, "LONGITUDE": -77.110014, "GIS_LAST_MOD_DTTM": "2026-06-22T16:32:06Z", "OBJECTID": 357728614 }, "geometry": { "type": "Point", "coordinates": [ -77.110012909352335, 38.815850554202036 ] } },
{ "type": "Feature", "properties": { "NAME": "7th & R St NW / Shaw Library", "STATION_TYPE": "classic", "STATION_ID": "082514b8-1f3f-11e7-bf6b-3863bb334450", "STATION_STATUS": null, "LAST_REPORTED": "2026-06-22T16:31:19Z", "NUM_DOCKS_AVAILABLE": 16, "NUM_DOCKS_DISABLED": 0, "NUM_BIKES_AVAILABLE": 1, "NUM_EBIKES_AVAILABLE": 1, "NUM_BIKES_DISABLED": 2, "IS_INSTALLED": "YES", "IS_RETURNING": "YES", "IS_RENTING": "YES", "HAS_KIOSK": "YES", "IOS": "https://dc.lft.to/lastmile_qr_scan", "ANDROID": "https://dc.lft.to/lastmile_qr_scan", "ELECTRIC_BIKE_SURCHARGE_WAIVER": "NO", "EIGHTD_HAS_KEY_DISPENSER": "NO", "CAPACITY": 19, "RENTAL_METHODS": "KEY,CREDITCARD", "REGION_ID": "42", "REGION_NAME": "Washington, DC", "GIS_ID": null, "LATITUDE": 38.912719, "LONGITUDE": -77.022155, "GIS_LAST_MOD_DTTM": "2026-06-22T16:32:06Z", "OBJECTID": 357728615 }, "geometry": { "type": "Point", "coordinates": [ -77.022151897909751, 38.91272276221504 ] } },
{ "type": "Feature", "properties": { "NAME": "Bethesda Metro / Wisconsin Ave & Old Georgetown Rd", "STATION_TYPE": "classic", "STATION_ID": "0825f2b1-1f3f-11e7-bf6b-3863bb334450", "STATION_STATUS": null, "LAST_REPORTED": "2026-06-22T16:29:19Z", "NUM_DOCKS_AVAILABLE": 11, "NUM_DOCKS_DISABLED": 0, "NUM_BIKES_AVAILABLE": 0, "NUM_EBIKES_AVAILABLE": 0, "NUM_BIKES_DISABLED": 0, "IS_INSTALLED": "YES", "IS_RETURNING": "YES", "IS_RENTING": "YES", "HAS_KIOSK": "YES", "IOS": "https://dc.lft.to/lastmile_qr_scan", "ANDROID": "https://dc.lft.to/lastmile_qr_scan", "ELECTRIC_BIKE_SURCHARGE_WAIVER": "NO", "EIGHTD_HAS_KEY_DISPENSER": "NO", "CAPACITY": 12, "RENTAL_METHODS": "KEY,CREDITCARD", "REGION_ID": "44", "REGION_NAME": "Montgomery County, MD (South)", "GIS_ID": null, "LATITUDE": 38.984691, "LONGITUDE": -77.094537, "GIS_LAST_MOD_DTTM": "2026-06-22T16:32:06Z", "OBJECTID": 357728616 }, "geometry": { "type": "Point", "coordinates": [ -77.094542004346721, 38.984698824672193 ] } },
{ "type": "Feature", "properties": { "NAME": "Washington & Independence Ave SW/HHS", "STATION_TYPE": "classic", "STATION_ID": "08256e11-1f3f-11e7-bf6b-3863bb334450", "STATION_STATUS": null, "LAST_REPORTED": "2026-06-22T16:31:05Z", "NUM_DOCKS_AVAILABLE": 0, "NUM_DOCKS_DISABLED": 0, "NUM_BIKES_AVAILABLE": 39, "NUM_EBIKES_AVAILABLE": 21, "NUM_BIKES_DISABLED": 1, "IS_INSTALLED": "YES", "IS_RETURNING": "YES", "IS_RENTING": "YES", "HAS_KIOSK": "NO", "IOS": "https://dc.lft.to/lastmile_qr_scan", "ANDROID": "https://dc.lft.to/lastmile_qr_scan", "ELECTRIC_BIKE_SURCHARGE_WAIVER": "NO", "EIGHTD_HAS_KEY_DISPENSER": "NO", "CAPACITY": 40, "RENTAL_METHODS": "KEY,CREDITCARD", "REGION_ID": "42", "REGION_NAME": "Washington, DC", "GIS_ID": null, "LATITUDE": 38.886978, "LONGITUDE": -77.013769, "GIS_LAST_MOD_DTTM": "2026-06-22T16:32:06Z", "OBJECTID": 357728617 }, "geometry": { "type": "Point", "coordinates": [ -77.013775963437425, 38.886987163993908 ] } },
{ "type": "Feature", "properties": { "NAME": "17th St & Independence Ave SW", "STATION_TYPE": "classic", "STATION_ID": "082623bf-1f3f-11e7-bf6b-3863bb334450", "STATION_STATUS": null, "LAST_REPORTED": "2026-06-22T16:31:18Z", "NUM_DOCKS_AVAILABLE": 1, "NUM_DOCKS_DISABLED": 0, "NUM_BIKES_AVAILABLE": 17, "NUM_EBIKES_AVAILABLE": 2, "NUM_BIKES_DISABLED": 3, "IS_INSTALLED": "YES", "IS_RETURNING": "YES", "IS_RENTING": "YES", "HAS_KIOSK": "NO", "IOS": "https://dc.lft.to/lastmile_qr_scan", "ANDROID": "https://dc.lft.to/lastmile_qr_scan", "ELECTRIC_BIKE_SURCHARGE_WAIVER": "NO", "EIGHTD_HAS_KEY_DISPENSER": "NO", "CAPACITY": 21, "RENTAL_METHODS": "KEY,CREDITCARD", "REGION_ID": "42", "REGION_NAME": "Washington, DC", "GIS_ID": null, "LATITUDE": 38.888097, "LONGITUDE": -77.038325, "GIS_LAST_MOD_DTTM": "2026-06-22T16:32:06Z", "OBJECTID": 357728618 }, "geometry": { "type": "Point", "coordinates": [ -77.038327143710347, 38.888107735292799 ] } },
{ "type": "Feature", "properties": { "NAME": "North Capitol St & G Pl NE", "STATION_TYPE": "classic", "STATION_ID": "0825be05-1f3f-11e7-bf6b-3863bb334450", "STATION_STATUS": null, "LAST_REPORTED": "2026-06-22T16:31:18Z", "NUM_DOCKS_AVAILABLE": 9, "NUM_DOCKS_DISABLED": 0, "NUM_BIKES_AVAILABLE": 9, "NUM_EBIKES_AVAILABLE": 5, "NUM_BIKES_DISABLED": 0, "IS_INSTALLED": "YES", "IS_RETURNING": "YES", "IS_RENTING": "YES", "HAS_KIOSK": "YES", "IOS": "https://dc.lft.to/lastmile_qr_scan", "ANDROID": "https://dc.lft.to/lastmile_qr_scan", "ELECTRIC_BIKE_SURCHARGE_WAIVER": "NO", "EIGHTD_HAS_KEY_DISPENSER": "NO", "CAPACITY": 19, "RENTAL_METHODS": "KEY,CREDITCARD", "REGION_ID": "42", "REGION_NAME": "Washington, DC", "GIS_ID": null, "LATITUDE": 38.899703, "LONGITUDE": -77.008911, "GIS_LAST_MOD_DTTM": "2026-06-22T16:32:06Z", "OBJECTID": 357728619 }, "geometry": { "type": "Point", "coordinates": [ -77.008913541854369, 38.899707456193774 ] } },
{ "type": "Feature", "properties": { "NAME": "16th & R St NW", "STATION_TYPE": "classic", "STATION_ID": "0826183f-1f3f-11e7-bf6b-3863bb334450", "STATION_STATUS": null, "LAST_REPORTED": "2026-06-22T16:31:17Z", "NUM_DOCKS_AVAILABLE": 22, "NUM_DOCKS_DISABLED": 0, "NUM_BIKES_AVAILABLE": 0, "NUM_EBIKES_AVAILABLE": 0, "NUM_BIKES_DISABLED": 2, "IS_INSTALLED": "YES", "IS_RETURNING": "YES", "IS_RENTING": "YES", "HAS_KIOSK": "NO", "IOS": "https://dc.lft.to/lastmile_qr_scan", "ANDROID": "https://dc.lft.to/lastmile_qr_scan", "ELECTRIC_BIKE_SURCHARGE_WAIVER": "NO", "EIGHTD_HAS_KEY_DISPENSER": "NO", "CAPACITY": 24, "RENTAL_METHODS": "KEY,CREDITCARD", "REGION_ID": "42", "REGION_NAME": "Washington, DC", "GIS_ID": null, "LATITUDE": 38.912652, "LONGITUDE": -77.036278, "GIS_LAST_MOD_DTTM": "2026-06-22T16:32:06Z", "OBJECTID": 357728620 }, "geometry": { "type": "Point", "coordinates": [ -77.036276423020155, 38.912656172099652 ] } },
{ "type": "Feature", "properties": { "NAME": "8th & H St NE", "STATION_TYPE": "classic", "STATION_ID": "fbbeab20-556d-4275-98a9-f84d316c157f", "STATION_STATUS": null, "LAST_REPORTED": "2026-06-22T16:31:18Z", "NUM_DOCKS_AVAILABLE": 6, "NUM_DOCKS_DISABLED": 0, "NUM_BIKES_AVAILABLE": 12, "NUM_EBIKES_AVAILABLE": 0, "NUM_BIKES_DISABLED": 0, "IS_INSTALLED": "YES", "IS_RETURNING": "YES", "IS_RENTING": "YES", "HAS_KIOSK": "YES", "IOS": "https://dc.lft.to/lastmile_qr_scan", "ANDROID": "https://dc.lft.to/lastmile_qr_scan", "ELECTRIC_BIKE_SURCHARGE_WAIVER": "NO", "EIGHTD_HAS_KEY_DISPENSER": "NO", "CAPACITY": 19, "RENTAL_METHODS": "KEY,CREDITCARD", "REGION_ID": "42", "REGION_NAME": "Washington, DC", "GIS_ID": null, "LATITUDE": 38.899942, "LONGITUDE": -76.994897, "GIS_LAST_MOD_DTTM": "2026-06-22T16:32:06Z", "OBJECTID": 357728621 }, "geometry": { "type": "Point", "coordinates": [ -76.994895296585966, 38.899950910698905 ] } },
{ "type": "Feature", "properties": { "NAME": "Rhode Island Ave Metro", "STATION_TYPE": "classic", "STATION_ID": "0825e3b0-1f3f-11e7-bf6b-3863bb334450", "STATION_STATUS": null, "LAST_REPORTED": "2026-06-22T16:31:16Z", "NUM_DOCKS_AVAILABLE": 14, "NUM_DOCKS_DISABLED": 0, "NUM_BIKES_AVAILABLE": 5, "NUM_EBIKES_AVAILABLE": 0, "NUM_BIKES_DISABLED": 1, "IS_INSTALLED": "YES", "IS_RETURNING": "YES", "IS_RENTING": "YES", "HAS_KIOSK": "NO", "IOS": "https://dc.lft.to/lastmile_qr_scan", "ANDROID": "https://dc.lft.to/lastmile_qr_scan", "ELECTRIC_BIKE_SURCHARGE_WAIVER": "NO", "EIGHTD_HAS_KEY_DISPENSER": "NO", "CAPACITY": 20, "RENTAL_METHODS": "KEY,CREDITCARD", "REGION_ID": "42", "REGION_NAME": "Washington, DC", "GIS_ID": null, "LATITUDE": 38.920682, "LONGITUDE": -76.995876, "GIS_LAST_MOD_DTTM": "2026-06-22T16:32:06Z", "OBJECTID": 357728622 }, "geometry": { "type": "Point", "coordinates": [ -76.995873993657739, 38.920688155984799 ] } },
{ "type": "Feature", "properties": { "NAME": "37th & Ely Pl SE", "STATION_TYPE": "classic", "STATION_ID": "ee2cb739-9118-4069-b4f7-435ef53db537", "STATION_STATUS": null, "LAST_REPORTED": "2026-06-22T16:29:18Z", "NUM_DOCKS_AVAILABLE": 13, "NUM_DOCKS_DISABLED": 0, "NUM_BIKES_AVAILABLE": 2, "NUM_EBIKES_AVAILABLE": 0, "NUM_BIKES_DISABLED": 0, "IS_INSTALLED": "YES", "IS_RETURNING": "YES", "IS_RENTING": "YES", "HAS_KIOSK": "YES", "IOS": "https://dc.lft.to/lastmile_qr_scan", "ANDROID": "https://dc.lft.to/lastmile_qr_scan", "ELECTRIC_BIKE_SURCHARGE_WAIVER": "NO", "EIGHTD_HAS_KEY_DISPENSER": "NO", "CAPACITY": 15, "RENTAL_METHODS": "KEY,CREDITCARD", "REGION_ID": "42", "REGION_NAME": "Washington, DC", "GIS_ID": null, "LATITUDE": 38.883132, "LONGITUDE": -76.950009, "GIS_LAST_MOD_DTTM": "2026-06-22T16:32:06Z", "OBJECTID": 357728623 }, "geometry": { "type": "Point", "coordinates": [ -76.950016311967246, 38.883139710449136 ] } },
{ "type": "Feature", "properties": { "NAME": "N Shore Dr & Wainwright Dr", "STATION_TYPE": "classic", "STATION_ID": "c98241f4-a3c0-4eb8-86bd-dd057baa0192", "STATION_STATUS": null, "LAST_REPORTED": "2026-06-22T16:30:28Z", "NUM_DOCKS_AVAILABLE": 7, "NUM_DOCKS_DISABLED": 0, "NUM_BIKES_AVAILABLE": 5, "NUM_EBIKES_AVAILABLE": 0, "NUM_BIKES_DISABLED": 0, "IS_INSTALLED": "YES", "IS_RETURNING": "YES", "IS_RENTING": "YES", "HAS_KIOSK": "YES", "IOS": "https://dc.lft.to/lastmile_qr_scan", "ANDROID": "https://dc.lft.to/lastmile_qr_scan", "ELECTRIC_BIKE_SURCHARGE_WAIVER": "NO", "EIGHTD_HAS_KEY_DISPENSER": "NO", "CAPACITY": 12, "RENTAL_METHODS": "KEY,CREDITCARD", "REGION_ID": "104", "REGION_NAME": "Fairfax, VA", "GIS_ID": null, "LATITUDE": 38.963782, "LONGITUDE": -77.349764, "GIS_LAST_MOD_DTTM": "2026-06-22T16:32:06Z", "OBJECTID": 357728624 }, "geometry": { "type": "Point", "coordinates": [ -77.349770110276623, 38.963792236620115 ] } },
{ "type": "Feature", "properties": { "NAME": "7th & F St NW / National Portrait Gallery", "STATION_TYPE": "classic", "STATION_ID": "0824c772-1f3f-11e7-bf6b-3863bb334450", "STATION_STATUS": null, "LAST_REPORTED": "2026-06-22T16:30:39Z", "NUM_DOCKS_AVAILABLE": 7, "NUM_DOCKS_DISABLED": 0, "NUM_BIKES_AVAILABLE": 26, "NUM_EBIKES_AVAILABLE": 5, "NUM_BIKES_DISABLED": 2, "IS_INSTALLED": "YES", "IS_RETURNING": "YES", "IS_RENTING": "YES", "HAS_KIOSK": "YES", "IOS": "https://dc.lft.to/lastmile_qr_scan", "ANDROID": "https://dc.lft.to/lastmile_qr_scan", "ELECTRIC_BIKE_SURCHARGE_WAIVER": "NO", "EIGHTD_HAS_KEY_DISPENSER": "NO", "CAPACITY": 35, "RENTAL_METHODS": "KEY,CREDITCARD", "REGION_ID": "42", "REGION_NAME": "Washington, DC", "GIS_ID": null, "LATITUDE": 38.89732, "LONGITUDE": -77.022297, "GIS_LAST_MOD_DTTM": "2026-06-22T16:32:06Z", "OBJECTID": 357728625 }, "geometry": { "type": "Point", "coordinates": [ -77.02229697778688, 38.897327460379664 ] } },
{ "type": "Feature", "properties": { "NAME": "Columbus Circle / Union Station", "STATION_TYPE": "classic", "STATION_ID": "0824d0c6-1f3f-11e7-bf6b-3863bb334450", "STATION_STATUS": null, "LAST_REPORTED": "2026-06-22T16:29:40Z", "NUM_DOCKS_AVAILABLE": 13, "NUM_DOCKS_DISABLED": 0, "NUM_BIKES_AVAILABLE": 41, "NUM_EBIKES_AVAILABLE": 4, "NUM_BIKES_DISABLED": 1, "IS_INSTALLED": "YES", "IS_RETURNING": "YES", "IS_RENTING": "YES", "HAS_KIOSK": "YES", "IOS": "https://dc.lft.to/lastmile_qr_scan", "ANDROID": "https://dc.lft.to/lastmile_qr_scan", "ELECTRIC_BIKE_SURCHARGE_WAIVER": "NO", "EIGHTD_HAS_KEY_DISPENSER": "NO", "CAPACITY": 55, "RENTAL_METHODS": "KEY,CREDITCARD", "REGION_ID": "42", "REGION_NAME": "Washington, DC", "GIS_ID": null, "LATITUDE": 38.89696, "LONGITUDE": -77.00493, "GIS_LAST_MOD_DTTM": "2026-06-22T16:32:07Z", "OBJECTID": 357728626 }, "geometry": { "type": "Point", "coordinates": [ -77.004936141258682, 38.89696914968259 ] } },
{ "type": "Feature", "properties": { "NAME": "S Washington St & Wilkes St", "STATION_TYPE": "classic", "STATION_ID": "472dee60-f045-4f2e-9807-193e3ae9b661", "STATION_STATUS": null, "LAST_REPORTED": "2026-06-22T16:31:00Z", "NUM_DOCKS_AVAILABLE": 6, "NUM_DOCKS_DISABLED": 0, "NUM_BIKES_AVAILABLE": 6, "NUM_EBIKES_AVAILABLE": 0, "NUM_BIKES_DISABLED": 0, "IS_INSTALLED": "YES", "IS_RETURNING": "YES", "IS_RENTING": "YES", "HAS_KIOSK": "YES", "IOS": "https://dc.lft.to/lastmile_qr_scan", "ANDROID": "https://dc.lft.to/lastmile_qr_scan", "ELECTRIC_BIKE_SURCHARGE_WAIVER": "NO", "EIGHTD_HAS_KEY_DISPENSER": "NO", "CAPACITY": 12, "RENTAL_METHODS": "KEY,CREDITCARD", "REGION_ID": "40", "REGION_NAME": "Alexandria, VA", "GIS_ID": null, "LATITUDE": 38.800703, "LONGITUDE": -77.048043, "GIS_LAST_MOD_DTTM": "2026-06-22T16:32:07Z", "OBJECTID": 357728627 }, "geometry": { "type": "Point", "coordinates": [ -77.048042574067892, 38.800713207340372 ] } },
{ "type": "Feature", "properties": { "NAME": "8th & D St NW", "STATION_TYPE": "classic", "STATION_ID": "08256ac9-1f3f-11e7-bf6b-3863bb334450", "STATION_STATUS": null, "LAST_REPORTED": "2026-06-22T16:31:00Z", "NUM_DOCKS_AVAILABLE": 8, "NUM_DOCKS_DISABLED": 0, "NUM_BIKES_AVAILABLE": 16, "NUM_EBIKES_AVAILABLE": 2, "NUM_BIKES_DISABLED": 0, "IS_INSTALLED": "YES", "IS_RETURNING": "YES", "IS_RENTING": "YES", "HAS_KIOSK": "NO", "IOS": "https://dc.lft.to/lastmile_qr_scan", "ANDROID": "https://dc.lft.to/lastmile_qr_scan", "ELECTRIC_BIKE_SURCHARGE_WAIVER": "NO", "EIGHTD_HAS_KEY_DISPENSER": "NO", "CAPACITY": 24, "RENTAL_METHODS": "KEY,CREDITCARD", "REGION_ID": "42", "REGION_NAME": "Washington, DC", "GIS_ID": null, "LATITUDE": 38.894851, "LONGITUDE": -77.02324, "GIS_LAST_MOD_DTTM": "2026-06-22T16:32:07Z", "OBJECTID": 357728628 }, "geometry": { "type": "Point", "coordinates": [ -77.023241450113559, 38.894858983754965 ] } },
{ "type": "Feature", "properties": { "NAME": "Crescent Rd & Ridge Rd", "STATION_TYPE": "classic", "STATION_ID": "10d57c0d-6f3c-45d1-8a12-eda5665e213c", "STATION_STATUS": null, "LAST_REPORTED": "2026-06-22T16:29:59Z", "NUM_DOCKS_AVAILABLE": 12, "NUM_DOCKS_DISABLED": 0, "NUM_BIKES_AVAILABLE": 3, "NUM_EBIKES_AVAILABLE": 1, "NUM_BIKES_DISABLED": 0, "IS_INSTALLED": "YES", "IS_RETURNING": "YES", "IS_RENTING": "YES", "HAS_KIOSK": "YES", "IOS": "https://dc.lft.to/lastmile_qr_scan", "ANDROID": "https://dc.lft.to/lastmile_qr_scan", "ELECTRIC_BIKE_SURCHARGE_WAIVER": "NO", "EIGHTD_HAS_KEY_DISPENSER": "NO", "CAPACITY": 15, "RENTAL_METHODS": "KEY,CREDITCARD", "REGION_ID": "133", "REGION_NAME": "Prince George's County", "GIS_ID": null, "LATITUDE": 39.006191, "LONGITUDE": -76.891247, "GIS_LAST_MOD_DTTM": "2026-06-22T16:32:07Z", "OBJECTID": 357728629 }, "geometry": { "type": "Point", "coordinates": [ -76.891244753588126, 39.006198058130245 ] } },
{ "type": "Feature", "properties": { "NAME": "N Lynn St & Fairfax Dr", "STATION_TYPE": "classic", "STATION_ID": "0826402c-1f3f-11e7-bf6b-3863bb334450", "STATION_STATUS": null, "LAST_REPORTED": "2026-06-22T16:30:23Z", "NUM_DOCKS_AVAILABLE": 3, "NUM_DOCKS_DISABLED": 0, "NUM_BIKES_AVAILABLE": 12, "NUM_EBIKES_AVAILABLE": 4, "NUM_BIKES_DISABLED": 0, "IS_INSTALLED": "YES", "IS_RETURNING": "YES", "IS_RENTING": "YES", "HAS_KIOSK": "YES", "IOS": "https://dc.lft.to/lastmile_qr_scan", "ANDROID": "https://dc.lft.to/lastmile_qr_scan", "ELECTRIC_BIKE_SURCHARGE_WAIVER": "NO", "EIGHTD_HAS_KEY_DISPENSER": "NO", "CAPACITY": 15, "RENTAL_METHODS": "KEY,CREDITCARD", "REGION_ID": "41", "REGION_NAME": "Arlington, VA", "GIS_ID": null, "LATITUDE": 38.89386, "LONGITUDE": -77.070862, "GIS_LAST_MOD_DTTM": "2026-06-22T16:32:07Z", "OBJECTID": 357728630 }, "geometry": { "type": "Point", "coordinates": [ -77.070860013890098, 38.893866898986005 ] } },
{ "type": "Feature", "properties": { "NAME": "N Hampton Dr & Ford Ave", "STATION_TYPE": "classic", "STATION_ID": "e456b38d-7f5e-4d06-b2bc-022b42097a06", "STATION_STATUS": null, "LAST_REPORTED": "2026-06-22T16:29:26Z", "NUM_DOCKS_AVAILABLE": 0, "NUM_DOCKS_DISABLED": 0, "NUM_BIKES_AVAILABLE": 10, "NUM_EBIKES_AVAILABLE": 4, "NUM_BIKES_DISABLED": 0, "IS_INSTALLED": "YES", "IS_RETURNING": "YES", "IS_RENTING": "YES", "HAS_KIOSK": "YES", "IOS": "https://dc.lft.to/lastmile_qr_scan", "ANDROID": "https://dc.lft.to/lastmile_qr_scan", "ELECTRIC_BIKE_SURCHARGE_WAIVER": "NO", "EIGHTD_HAS_KEY_DISPENSER": "NO", "CAPACITY": 11, "RENTAL_METHODS": "KEY,CREDITCARD", "REGION_ID": "40", "REGION_NAME": "Alexandria, VA", "GIS_ID": null, "LATITUDE": 38.837306, "LONGITUDE": -77.106111, "GIS_LAST_MOD_DTTM": "2026-06-22T16:32:07Z", "OBJECTID": 357728631 }, "geometry": { "type": "Point", "coordinates": [ -77.106118313325339, 38.837312354313283 ] } },
{ "type": "Feature", "properties": { "NAME": "John McCormack Rd NE", "STATION_TYPE": "classic", "STATION_ID": "8bbafd08-edb1-426d-94f4-c7b7d9be34dd", "STATION_STATUS": null, "LAST_REPORTED": "2026-06-22T16:29:25Z", "NUM_DOCKS_AVAILABLE": 15, "NUM_DOCKS_DISABLED": 0, "NUM_BIKES_AVAILABLE": 4, "NUM_EBIKES_AVAILABLE": 0, "NUM_BIKES_DISABLED": 0, "IS_INSTALLED": "YES", "IS_RETURNING": "YES", "IS_RENTING": "YES", "HAS_KIOSK": "YES", "IOS": "https://dc.lft.to/lastmile_qr_scan", "ANDROID": "https://dc.lft.to/lastmile_qr_scan", "ELECTRIC_BIKE_SURCHARGE_WAIVER": "NO", "EIGHTD_HAS_KEY_DISPENSER": "NO", "CAPACITY": 19, "RENTAL_METHODS": "KEY,CREDITCARD", "REGION_ID": "42", "REGION_NAME": "Washington, DC", "GIS_ID": null, "LATITUDE": 38.938889, "LONGITUDE": -76.997226, "GIS_LAST_MOD_DTTM": "2026-06-22T16:32:07Z", "OBJECTID": 357728632 }, "geometry": { "type": "Point", "coordinates": [ -76.997234009711988, 38.93889399254634 ] } },
{ "type": "Feature", "properties": { "NAME": "5th St & Massachusetts Ave NW", "STATION_TYPE": "classic", "STATION_ID": "08254442-1f3f-11e7-bf6b-3863bb334450", "STATION_STATUS": null, "LAST_REPORTED": "2026-06-22T16:31:18Z", "NUM_DOCKS_AVAILABLE": 19, "NUM_DOCKS_DISABLED": 0, "NUM_BIKES_AVAILABLE": 1, "NUM_EBIKES_AVAILABLE": 0, "NUM_BIKES_DISABLED": 0, "IS_INSTALLED": "YES", "IS_RETURNING": "YES", "IS_RENTING": "YES", "HAS_KIOSK": "NO", "IOS": "https://dc.lft.to/lastmile_qr_scan", "ANDROID": "https://dc.lft.to/lastmile_qr_scan", "ELECTRIC_BIKE_SURCHARGE_WAIVER": "NO", "EIGHTD_HAS_KEY_DISPENSER": "NO", "CAPACITY": 20, "RENTAL_METHODS": "KEY,CREDITCARD", "REGION_ID": "42", "REGION_NAME": "Washington, DC", "GIS_ID": null, "LATITUDE": 38.90093, "LONGITUDE": -77.018677, "GIS_LAST_MOD_DTTM": "2026-06-22T16:32:07Z", "OBJECTID": 357728633 }, "geometry": { "type": "Point", "coordinates": [ -77.018678206115297, 38.90094044820961 ] } },
{ "type": "Feature", "properties": { "NAME": "Brenman Park Dr & Somervelle St", "STATION_TYPE": "classic", "STATION_ID": "2080485651052569546", "STATION_STATUS": null, "LAST_REPORTED": "2026-06-22T16:31:00Z", "NUM_DOCKS_AVAILABLE": 3, "NUM_DOCKS_DISABLED": 0, "NUM_BIKES_AVAILABLE": 11, "NUM_EBIKES_AVAILABLE": 0, "NUM_BIKES_DISABLED": 1, "IS_INSTALLED": "YES", "IS_RETURNING": "YES", "IS_RENTING": "YES", "HAS_KIOSK": "YES", "IOS": "https://dc.lft.to/lastmile_qr_scan", "ANDROID": "https://dc.lft.to/lastmile_qr_scan", "ELECTRIC_BIKE_SURCHARGE_WAIVER": "NO", "EIGHTD_HAS_KEY_DISPENSER": "NO", "CAPACITY": 15, "RENTAL_METHODS": "KEY,CREDITCARD", "REGION_ID": "40", "REGION_NAME": "Alexandria, VA", "GIS_ID": null, "LATITUDE": 38.809187, "LONGITUDE": -77.116242, "GIS_LAST_MOD_DTTM": "2026-06-22T16:32:07Z", "OBJECTID": 357728634 }, "geometry": { "type": "Point", "coordinates": [ -77.116243003159084, 38.809196242200436 ] } },
{ "type": "Feature", "properties": { "NAME": "Georgia Ave & Spring St", "STATION_TYPE": "classic", "STATION_ID": "0825b614-1f3f-11e7-bf6b-3863bb334450", "STATION_STATUS": null, "LAST_REPORTED": "2026-06-22T16:29:07Z", "NUM_DOCKS_AVAILABLE": 10, "NUM_DOCKS_DISABLED": 0, "NUM_BIKES_AVAILABLE": 1, "NUM_EBIKES_AVAILABLE": 0, "NUM_BIKES_DISABLED": 0, "IS_INSTALLED": "YES", "IS_RETURNING": "YES", "IS_RENTING": "YES", "HAS_KIOSK": "NO", "IOS": "https://dc.lft.to/lastmile_qr_scan", "ANDROID": "https://dc.lft.to/lastmile_qr_scan", "ELECTRIC_BIKE_SURCHARGE_WAIVER": "NO", "EIGHTD_HAS_KEY_DISPENSER": "NO", "CAPACITY": 11, "RENTAL_METHODS": "KEY,CREDITCARD", "REGION_ID": "44", "REGION_NAME": "Montgomery County, MD (South)", "GIS_ID": null, "LATITUDE": 38.999388, "LONGITUDE": -77.031555, "GIS_LAST_MOD_DTTM": "2026-06-22T16:32:07Z", "OBJECTID": 357728635 }, "geometry": { "type": "Point", "coordinates": [ -77.031552810739896, 38.999398129439193 ] } },
{ "type": "Feature", "properties": { "NAME": "Columbia Pike & S Walter Reed Dr", "STATION_TYPE": "classic", "STATION_ID": "08256fcd-1f3f-11e7-bf6b-3863bb334450", "STATION_STATUS": null, "LAST_REPORTED": "2026-06-22T16:29:03Z", "NUM_DOCKS_AVAILABLE": 1, "NUM_DOCKS_DISABLED": 0, "NUM_BIKES_AVAILABLE": 7, "NUM_EBIKES_AVAILABLE": 5, "NUM_BIKES_DISABLED": 0, "IS_INSTALLED": "YES", "IS_RETURNING": "YES", "IS_RENTING": "YES", "HAS_KIOSK": "NO", "IOS": "https://dc.lft.to/lastmile_qr_scan", "ANDROID": "https://dc.lft.to/lastmile_qr_scan", "ELECTRIC_BIKE_SURCHARGE_WAIVER": "NO", "EIGHTD_HAS_KEY_DISPENSER": "NO", "CAPACITY": 8, "RENTAL_METHODS": "KEY,CREDITCARD", "REGION_ID": "41", "REGION_NAME": "Arlington, VA", "GIS_ID": null, "LATITUDE": 38.862478, "LONGITUDE": -77.086599, "GIS_LAST_MOD_DTTM": "2026-06-22T16:32:07Z", "OBJECTID": 357728636 }, "geometry": { "type": "Point", "coordinates": [ -77.086602670925132, 38.862489043695241 ] } },
{ "type": "Feature", "properties": { "NAME": "6th St & Indiana Ave NW", "STATION_TYPE": "classic", "STATION_ID": "08252414-1f3f-11e7-bf6b-3863bb334450", "STATION_STATUS": null, "LAST_REPORTED": "2026-06-22T16:29:21Z", "NUM_DOCKS_AVAILABLE": 3, "NUM_DOCKS_DISABLED": 0, "NUM_BIKES_AVAILABLE": 17, "NUM_EBIKES_AVAILABLE": 13, "NUM_BIKES_DISABLED": 0, "IS_INSTALLED": "YES", "IS_RETURNING": "YES", "IS_RENTING": "YES", "HAS_KIOSK": "NO", "IOS": "https://dc.lft.to/lastmile_qr_scan", "ANDROID": "https://dc.lft.to/lastmile_qr_scan", "ELECTRIC_BIKE_SURCHARGE_WAIVER": "NO", "EIGHTD_HAS_KEY_DISPENSER": "NO", "CAPACITY": 20, "RENTAL_METHODS": "KEY,CREDITCARD", "REGION_ID": "42", "REGION_NAME": "Washington, DC", "GIS_ID": null, "LATITUDE": 38.894573, "LONGITUDE": -77.01994, "GIS_LAST_MOD_DTTM": "2026-06-22T16:32:07Z", "OBJECTID": 357728637 }, "geometry": { "type": "Point", "coordinates": [ -77.019944545891093, 38.894580333798302 ] } },
{ "type": "Feature", "properties": { "NAME": "Columbia Pike & S Courthouse Rd", "STATION_TYPE": "classic", "STATION_ID": "0825460b-1f3f-11e7-bf6b-3863bb334450", "STATION_STATUS": null, "LAST_REPORTED": "2026-06-22T16:29:29Z", "NUM_DOCKS_AVAILABLE": 13, "NUM_DOCKS_DISABLED": 0, "NUM_BIKES_AVAILABLE": 1, "NUM_EBIKES_AVAILABLE": 1, "NUM_BIKES_DISABLED": 1, "IS_INSTALLED": "YES", "IS_RETURNING": "YES", "IS_RENTING": "YES", "HAS_KIOSK": "YES", "IOS": "https://dc.lft.to/lastmile_qr_scan", "ANDROID": "https://dc.lft.to/lastmile_qr_scan", "ELECTRIC_BIKE_SURCHARGE_WAIVER": "NO", "EIGHTD_HAS_KEY_DISPENSER": "NO", "CAPACITY": 15, "RENTAL_METHODS": "KEY,CREDITCARD", "REGION_ID": "41", "REGION_NAME": "Arlington, VA", "GIS_ID": null, "LATITUDE": 38.863833, "LONGITUDE": -77.080319, "GIS_LAST_MOD_DTTM": "2026-06-22T16:32:07Z", "OBJECTID": 357728638 }, "geometry": { "type": "Point", "coordinates": [ -77.080324629835161, 38.863844794678805 ] } },
{ "type": "Feature", "properties": { "NAME": "Northwestern High School", "STATION_TYPE": "classic", "STATION_ID": "3dd9e864-a5fc-4c27-b18e-325226089293", "STATION_STATUS": null, "LAST_REPORTED": "2026-06-22T16:29:31Z", "NUM_DOCKS_AVAILABLE": 5, "NUM_DOCKS_DISABLED": 0, "NUM_BIKES_AVAILABLE": 10, "NUM_EBIKES_AVAILABLE": 1, "NUM_BIKES_DISABLED": 0, "IS_INSTALLED": "YES", "IS_RETURNING": "YES", "IS_RENTING": "YES", "HAS_KIOSK": "YES", "IOS": "https://dc.lft.to/lastmile_qr_scan", "ANDROID": "https://dc.lft.to/lastmile_qr_scan", "ELECTRIC_BIKE_SURCHARGE_WAIVER": "NO", "EIGHTD_HAS_KEY_DISPENSER": "NO", "CAPACITY": 15, "RENTAL_METHODS": "KEY,CREDITCARD", "REGION_ID": "133", "REGION_NAME": "Prince George's County", "GIS_ID": null, "LATITUDE": 38.975505, "LONGITUDE": -76.952199, "GIS_LAST_MOD_DTTM": "2026-06-22T16:32:07Z", "OBJECTID": 357728639 }, "geometry": { "type": "Point", "coordinates": [ -76.952201901752701, 38.975511857113418 ] } },
{ "type": "Feature", "properties": { "NAME": "Richmond Hwy & Swann Ave", "STATION_TYPE": "classic", "STATION_ID": "2090124359743376372", "STATION_STATUS": null, "LAST_REPORTED": "2026-06-22T16:29:32Z", "NUM_DOCKS_AVAILABLE": 15, "NUM_DOCKS_DISABLED": 0, "NUM_BIKES_AVAILABLE": 0, "NUM_EBIKES_AVAILABLE": 0, "NUM_BIKES_DISABLED": 0, "IS_INSTALLED": "YES", "IS_RETURNING": "YES", "IS_RENTING": "YES", "HAS_KIOSK": "YES", "IOS": "https://dc.lft.to/lastmile_qr_scan", "ANDROID": "https://dc.lft.to/lastmile_qr_scan", "ELECTRIC_BIKE_SURCHARGE_WAIVER": "NO", "EIGHTD_HAS_KEY_DISPENSER": "NO", "CAPACITY": 15, "RENTAL_METHODS": "KEY,CREDITCARD", "REGION_ID": "40", "REGION_NAME": "Alexandria, VA", "GIS_ID": null, "LATITUDE": 38.829222, "LONGITUDE": -77.050979, "GIS_LAST_MOD_DTTM": "2026-06-22T16:32:07Z", "OBJECTID": 357728640 }, "geometry": { "type": "Point", "coordinates": [ -77.050987023059321, 38.829232833312339 ] } },
{ "type": "Feature", "properties": { "NAME": "Mount Vernon Ave & E Nelson Ave", "STATION_TYPE": "classic", "STATION_ID": "0825f8da-1f3f-11e7-bf6b-3863bb334450", "STATION_STATUS": null, "LAST_REPORTED": "2026-06-22T16:29:33Z", "NUM_DOCKS_AVAILABLE": 5, "NUM_DOCKS_DISABLED": 0, "NUM_BIKES_AVAILABLE": 11, "NUM_EBIKES_AVAILABLE": 0, "NUM_BIKES_DISABLED": 0, "IS_INSTALLED": "YES", "IS_RETURNING": "YES", "IS_RENTING": "YES", "HAS_KIOSK": "NO", "IOS": "https://dc.lft.to/lastmile_qr_scan", "ANDROID": "https://dc.lft.to/lastmile_qr_scan", "ELECTRIC_BIKE_SURCHARGE_WAIVER": "NO", "EIGHTD_HAS_KEY_DISPENSER": "NO", "CAPACITY": 16, "RENTAL_METHODS": "KEY,CREDITCARD", "REGION_ID": "40", "REGION_NAME": "Alexandria, VA", "GIS_ID": null, "LATITUDE": 38.820064, "LONGITUDE": -77.057619, "GIS_LAST_MOD_DTTM": "2026-06-22T16:32:07Z", "OBJECTID": 357728641 }, "geometry": { "type": "Point", "coordinates": [ -77.057624804405108, 38.820068124557203 ] } },
{ "type": "Feature", "properties": { "NAME": "Georgia Ave & Dahlia St NW", "STATION_TYPE": "classic", "STATION_ID": "f8b331c6-d208-4b17-b788-1a17d2520c40", "STATION_STATUS": null, "LAST_REPORTED": "2026-06-22T16:29:41Z", "NUM_DOCKS_AVAILABLE": 9, "NUM_DOCKS_DISABLED": 0, "NUM_BIKES_AVAILABLE": 10, "NUM_EBIKES_AVAILABLE": 2, "NUM_BIKES_DISABLED": 0, "IS_INSTALLED": "YES", "IS_RETURNING": "YES", "IS_RENTING": "YES", "HAS_KIOSK": "YES", "IOS": "https://dc.lft.to/lastmile_qr_scan", "ANDROID": "https://dc.lft.to/lastmile_qr_scan", "ELECTRIC_BIKE_SURCHARGE_WAIVER": "NO", "EIGHTD_HAS_KEY_DISPENSER": "NO", "CAPACITY": 19, "RENTAL_METHODS": "KEY,CREDITCARD", "REGION_ID": "42", "REGION_NAME": "Washington, DC", "GIS_ID": null, "LATITUDE": 38.976061, "LONGITUDE": -77.026747, "GIS_LAST_MOD_DTTM": "2026-06-22T16:32:07Z", "OBJECTID": 357728642 }, "geometry": { "type": "Point", "coordinates": [ -77.026753171113782, 38.976068065562465 ] } },
{ "type": "Feature", "properties": { "NAME": "American University East Campus", "STATION_TYPE": "classic", "STATION_ID": "ad6ec1ce-db22-47c1-acf3-507897d40725", "STATION_STATUS": null, "LAST_REPORTED": "2026-06-22T16:29:42Z", "NUM_DOCKS_AVAILABLE": 1, "NUM_DOCKS_DISABLED": 0, "NUM_BIKES_AVAILABLE": 18, "NUM_EBIKES_AVAILABLE": 4, "NUM_BIKES_DISABLED": 0, "IS_INSTALLED": "YES", "IS_RETURNING": "YES", "IS_RENTING": "YES", "HAS_KIOSK": "YES", "IOS": "https://dc.lft.to/lastmile_qr_scan", "ANDROID": "https://dc.lft.to/lastmile_qr_scan", "ELECTRIC_BIKE_SURCHARGE_WAIVER": "NO", "EIGHTD_HAS_KEY_DISPENSER": "NO", "CAPACITY": 19, "RENTAL_METHODS": "KEY,CREDITCARD", "REGION_ID": "42", "REGION_NAME": "Washington, DC", "GIS_ID": null, "LATITUDE": 38.936298, "LONGITUDE": -77.087128, "GIS_LAST_MOD_DTTM": "2026-06-22T16:32:07Z", "OBJECTID": 357728643 }, "geometry": { "type": "Point", "coordinates": [ -77.087130626245553, 38.936303191635425 ] } },
{ "type": "Feature", "properties": { "NAME": "Powhatan St & Bashford Ln", "STATION_TYPE": "classic", "STATION_ID": "082630e2-1f3f-11e7-bf6b-3863bb334450", "STATION_STATUS": null, "LAST_REPORTED": "2026-06-22T16:29:39Z", "NUM_DOCKS_AVAILABLE": 12, "NUM_DOCKS_DISABLED": 0, "NUM_BIKES_AVAILABLE": 3, "NUM_EBIKES_AVAILABLE": 0, "NUM_BIKES_DISABLED": 0, "IS_INSTALLED": "YES", "IS_RETURNING": "YES", "IS_RENTING": "YES", "HAS_KIOSK": "YES", "IOS": "https://dc.lft.to/lastmile_qr_scan", "ANDROID": "https://dc.lft.to/lastmile_qr_scan", "ELECTRIC_BIKE_SURCHARGE_WAIVER": "NO", "EIGHTD_HAS_KEY_DISPENSER": "NO", "CAPACITY": 15, "RENTAL_METHODS": "KEY,CREDITCARD", "REGION_ID": "40", "REGION_NAME": "Alexandria, VA", "GIS_ID": null, "LATITUDE": 38.818748, "LONGITUDE": -77.047783, "GIS_LAST_MOD_DTTM": "2026-06-22T16:32:07Z", "OBJECTID": 357728644 }, "geometry": { "type": "Point", "coordinates": [ -77.047789866070787, 38.818757328518011 ] } },
{ "type": "Feature", "properties": { "NAME": "Fillmore & Bisdorf", "STATION_TYPE": "classic", "STATION_ID": "a8ffa826-a14d-4bb0-ab33-de6b8c34d190", "STATION_STATUS": null, "LAST_REPORTED": "2026-06-22T16:29:40Z", "NUM_DOCKS_AVAILABLE": 10, "NUM_DOCKS_DISABLED": 0, "NUM_BIKES_AVAILABLE": 1, "NUM_EBIKES_AVAILABLE": 0, "NUM_BIKES_DISABLED": 0, "IS_INSTALLED": "YES", "IS_RETURNING": "YES", "IS_RENTING": "YES", "HAS_KIOSK": "YES", "IOS": "https://dc.lft.to/lastmile_qr_scan", "ANDROID": "https://dc.lft.to/lastmile_qr_scan", "ELECTRIC_BIKE_SURCHARGE_WAIVER": "NO", "EIGHTD_HAS_KEY_DISPENSER": "NO", "CAPACITY": 11, "RENTAL_METHODS": "KEY,CREDITCARD", "REGION_ID": "40", "REGION_NAME": "Alexandria, VA", "GIS_ID": null, "LATITUDE": 38.83863, "LONGITUDE": -77.116206, "GIS_LAST_MOD_DTTM": "2026-06-22T16:32:07Z", "OBJECTID": 357728645 }, "geometry": { "type": "Point", "coordinates": [ -77.116210307507075, 38.838635994940375 ] } },
{ "type": "Feature", "properties": { "NAME": "40th Ave & Bladensburg Rd", "STATION_TYPE": "classic", "STATION_ID": "1999643103701119546", "STATION_STATUS": null, "LAST_REPORTED": "2026-06-22T16:29:40Z", "NUM_DOCKS_AVAILABLE": 1, "NUM_DOCKS_DISABLED": 0, "NUM_BIKES_AVAILABLE": 14, "NUM_EBIKES_AVAILABLE": 1, "NUM_BIKES_DISABLED": 0, "IS_INSTALLED": "YES", "IS_RETURNING": "YES", "IS_RENTING": "YES", "HAS_KIOSK": "YES", "IOS": "https://dc.lft.to/lastmile_qr_scan", "ANDROID": "https://dc.lft.to/lastmile_qr_scan", "ELECTRIC_BIKE_SURCHARGE_WAIVER": "NO", "EIGHTD_HAS_KEY_DISPENSER": "NO", "CAPACITY": 15, "RENTAL_METHODS": "KEY,CREDITCARD", "REGION_ID": "133", "REGION_NAME": "Prince George's County", "GIS_ID": null, "LATITUDE": 38.935388, "LONGITUDE": -76.949287, "GIS_LAST_MOD_DTTM": "2026-06-22T16:32:07Z", "OBJECTID": 357728646 }, "geometry": { "type": "Point", "coordinates": [ -76.949287643849274, 38.935396813233623 ] } },
{ "type": "Feature", "properties": { "NAME": "7th & S St NW", "STATION_TYPE": "classic", "STATION_ID": "4f9000ec-e47e-494e-9b49-61e95b5a6f03", "STATION_STATUS": null, "LAST_REPORTED": "2026-06-22T16:29:54Z", "NUM_DOCKS_AVAILABLE": 19, "NUM_DOCKS_DISABLED": 0, "NUM_BIKES_AVAILABLE": 0, "NUM_EBIKES_AVAILABLE": 0, "NUM_BIKES_DISABLED": 0, "IS_INSTALLED": "YES", "IS_RETURNING": "YES", "IS_RENTING": "YES", "HAS_KIOSK": "YES", "IOS": "https://dc.lft.to/lastmile_qr_scan", "ANDROID": "https://dc.lft.to/lastmile_qr_scan", "ELECTRIC_BIKE_SURCHARGE_WAIVER": "NO", "EIGHTD_HAS_KEY_DISPENSER": "NO", "CAPACITY": 19, "RENTAL_METHODS": "KEY,CREDITCARD", "REGION_ID": "42", "REGION_NAME": "Washington, DC", "GIS_ID": null, "LATITUDE": 38.914174, "LONGITUDE": -77.021595, "GIS_LAST_MOD_DTTM": "2026-06-22T16:32:07Z", "OBJECTID": 357728647 }, "geometry": { "type": "Point", "coordinates": [ -77.021598887835296, 38.914182216609674 ] } },
{ "type": "Feature", "properties": { "NAME": "Oklahoma Ave & Benning Rd NE", "STATION_TYPE": "classic", "STATION_ID": "54962348-19dd-47b8-a816-bce25eb658a1", "STATION_STATUS": null, "LAST_REPORTED": "2026-06-22T16:29:54Z", "NUM_DOCKS_AVAILABLE": 9, "NUM_DOCKS_DISABLED": 0, "NUM_BIKES_AVAILABLE": 10, "NUM_EBIKES_AVAILABLE": 1, "NUM_BIKES_DISABLED": 0, "IS_INSTALLED": "YES", "IS_RETURNING": "YES", "IS_RENTING": "YES", "HAS_KIOSK": "YES", "IOS": "https://dc.lft.to/lastmile_qr_scan", "ANDROID": "https://dc.lft.to/lastmile_qr_scan", "ELECTRIC_BIKE_SURCHARGE_WAIVER": "NO", "EIGHTD_HAS_KEY_DISPENSER": "NO", "CAPACITY": 19, "RENTAL_METHODS": "KEY,CREDITCARD", "REGION_ID": "42", "REGION_NAME": "Washington, DC", "GIS_ID": null, "LATITUDE": 38.8975, "LONGITUDE": -76.969509, "GIS_LAST_MOD_DTTM": "2026-06-22T16:32:07Z", "OBJECTID": 357728648 }, "geometry": { "type": "Point", "coordinates": [ -76.96951127271528, 38.897505777863614 ] } },
{ "type": "Feature", "properties": { "NAME": "Independence Ave & L'Enfant Plaza SW/DOE", "STATION_TYPE": "classic", "STATION_ID": "08256e7b-1f3f-11e7-bf6b-3863bb334450", "STATION_STATUS": null, "LAST_REPORTED": "2026-06-22T16:29:52Z", "NUM_DOCKS_AVAILABLE": 1, "NUM_DOCKS_DISABLED": 0, "NUM_BIKES_AVAILABLE": 22, "NUM_EBIKES_AVAILABLE": 10, "NUM_BIKES_DISABLED": 0, "IS_INSTALLED": "YES", "IS_RETURNING": "YES", "IS_RENTING": "YES", "HAS_KIOSK": "YES", "IOS": "https://dc.lft.to/lastmile_qr_scan", "ANDROID": "https://dc.lft.to/lastmile_qr_scan", "ELECTRIC_BIKE_SURCHARGE_WAIVER": "NO", "EIGHTD_HAS_KEY_DISPENSER": "NO", "CAPACITY": 23, "RENTAL_METHODS": "KEY,CREDITCARD", "REGION_ID": "42", "REGION_NAME": "Washington, DC", "GIS_ID": null, "LATITUDE": 38.887332, "LONGITUDE": -77.026141, "GIS_LAST_MOD_DTTM": "2026-06-22T16:32:07Z", "OBJECTID": 357728649 }, "geometry": { "type": "Point", "coordinates": [ -77.026143589058705, 38.88733637719703 ] } },
{ "type": "Feature", "properties": { "NAME": "N Pershing Dr & N Quebec St", "STATION_TYPE": "classic", "STATION_ID": "174fc644-1a5a-4923-a8b5-373e0ad04525", "STATION_STATUS": null, "LAST_REPORTED": "2026-06-22T16:29:55Z", "NUM_DOCKS_AVAILABLE": 5, "NUM_DOCKS_DISABLED": 0, "NUM_BIKES_AVAILABLE": 10, "NUM_EBIKES_AVAILABLE": 1, "NUM_BIKES_DISABLED": 0, "IS_INSTALLED": "YES", "IS_RETURNING": "YES", "IS_RENTING": "YES", "HAS_KIOSK": "YES", "IOS": "https://dc.lft.to/lastmile_qr_scan", "ANDROID": "https://dc.lft.to/lastmile_qr_scan", "ELECTRIC_BIKE_SURCHARGE_WAIVER": "NO", "EIGHTD_HAS_KEY_DISPENSER": "NO", "CAPACITY": 15, "RENTAL_METHODS": "KEY,CREDITCARD", "REGION_ID": "41", "REGION_NAME": "Arlington, VA", "GIS_ID": null, "LATITUDE": 38.874248, "LONGITUDE": -77.104784, "GIS_LAST_MOD_DTTM": "2026-06-22T16:32:07Z", "OBJECTID": 357728650 }, "geometry": { "type": "Point", "coordinates": [ -77.104790368402391, 38.874257144916761 ] } },
{ "type": "Feature", "properties": { "NAME": "Clark St & 26th St S", "STATION_TYPE": "classic", "STATION_ID": "0824739d-1f3f-11e7-bf6b-3863bb334450", "STATION_STATUS": null, "LAST_REPORTED": "2026-06-22T16:30:12Z", "NUM_DOCKS_AVAILABLE": 11, "NUM_DOCKS_DISABLED": 0, "NUM_BIKES_AVAILABLE": 1, "NUM_EBIKES_AVAILABLE": 0, "NUM_BIKES_DISABLED": 0, "IS_INSTALLED": "YES", "IS_RETURNING": "YES", "IS_RENTING": "YES", "HAS_KIOSK": "YES", "IOS": "https://dc.lft.to/lastmile_qr_scan", "ANDROID": "https://dc.lft.to/lastmile_qr_scan", "ELECTRIC_BIKE_SURCHARGE_WAIVER": "NO", "EIGHTD_HAS_KEY_DISPENSER": "NO", "CAPACITY": 12, "RENTAL_METHODS": "KEY,CREDITCARD", "REGION_ID": "41", "REGION_NAME": "Arlington, VA", "GIS_ID": null, "LATITUDE": 38.850688, "LONGITUDE": -77.05152, "GIS_LAST_MOD_DTTM": "2026-06-22T16:32:07Z", "OBJECTID": 357728651 }, "geometry": { "type": "Point", "coordinates": [ -77.051520767161506, 38.85069974380044 ] } },
{ "type": "Feature", "properties": { "NAME": "Arlington Blvd & Fairfax Dr", "STATION_TYPE": "classic", "STATION_ID": "abd8bd04-94ec-4818-baf5-7f79742e982c", "STATION_STATUS": null, "LAST_REPORTED": "2026-06-22T16:30:12Z", "NUM_DOCKS_AVAILABLE": 15, "NUM_DOCKS_DISABLED": 0, "NUM_BIKES_AVAILABLE": 1, "NUM_EBIKES_AVAILABLE": 0, "NUM_BIKES_DISABLED": 0, "IS_INSTALLED": "YES", "IS_RETURNING": "YES", "IS_RENTING": "YES", "HAS_KIOSK": "YES", "IOS": "https://dc.lft.to/lastmile_qr_scan", "ANDROID": "https://dc.lft.to/lastmile_qr_scan", "ELECTRIC_BIKE_SURCHARGE_WAIVER": "NO", "EIGHTD_HAS_KEY_DISPENSER": "NO", "CAPACITY": 16, "RENTAL_METHODS": "KEY,CREDITCARD", "REGION_ID": "41", "REGION_NAME": "Arlington, VA", "GIS_ID": null, "LATITUDE": 38.886256, "LONGITUDE": -77.084262, "GIS_LAST_MOD_DTTM": "2026-06-22T16:32:07Z", "OBJECTID": 357728652 }, "geometry": { "type": "Point", "coordinates": [ -77.084268703384097, 38.886263931011385 ] } },
{ "type": "Feature", "properties": { "NAME": "Cherry Hill Rd & N Woodstock St", "STATION_TYPE": "classic", "STATION_ID": "082614e4-1f3f-11e7-bf6b-3863bb334450", "STATION_STATUS": null, "LAST_REPORTED": "2026-06-22T16:30:13Z", "NUM_DOCKS_AVAILABLE": 9, "NUM_DOCKS_DISABLED": 0, "NUM_BIKES_AVAILABLE": 8, "NUM_EBIKES_AVAILABLE": 7, "NUM_BIKES_DISABLED": 0, "IS_INSTALLED": "YES", "IS_RETURNING": "YES", "IS_RENTING": "YES", "HAS_KIOSK": "YES", "IOS": "https://dc.lft.to/lastmile_qr_scan", "ANDROID": "https://dc.lft.to/lastmile_qr_scan", "ELECTRIC_BIKE_SURCHARGE_WAIVER": "NO", "EIGHTD_HAS_KEY_DISPENSER": "NO", "CAPACITY": 19, "RENTAL_METHODS": "KEY,CREDITCARD", "REGION_ID": "41", "REGION_NAME": "Arlington, VA", "GIS_ID": null, "LATITUDE": 38.898301, "LONGITUDE": -77.118009, "GIS_LAST_MOD_DTTM": "2026-06-22T16:32:07Z", "OBJECTID": 357728653 }, "geometry": { "type": "Point", "coordinates": [ -77.118013647705993, 38.898305939216911 ] } },
{ "type": "Feature", "properties": { "NAME": "Clarendon Blvd & N Fillmore St", "STATION_TYPE": "classic", "STATION_ID": "0824fd71-1f3f-11e7-bf6b-3863bb334450", "STATION_STATUS": null, "LAST_REPORTED": "2026-06-22T16:30:13Z", "NUM_DOCKS_AVAILABLE": 6, "NUM_DOCKS_DISABLED": 0, "NUM_BIKES_AVAILABLE": 9, "NUM_EBIKES_AVAILABLE": 2, "NUM_BIKES_DISABLED": 0, "IS_INSTALLED": "YES", "IS_RETURNING": "YES", "IS_RENTING": "YES", "HAS_KIOSK": "YES", "IOS": "https://dc.lft.to/lastmile_qr_scan", "ANDROID": "https://dc.lft.to/lastmile_qr_scan", "ELECTRIC_BIKE_SURCHARGE_WAIVER": "NO", "EIGHTD_HAS_KEY_DISPENSER": "NO", "CAPACITY": 15, "RENTAL_METHODS": "KEY,CREDITCARD", "REGION_ID": "41", "REGION_NAME": "Arlington, VA", "GIS_ID": null, "LATITUDE": 38.8881, "LONGITUDE": -77.09308, "GIS_LAST_MOD_DTTM": "2026-06-22T16:32:07Z", "OBJECTID": 357728654 }, "geometry": { "type": "Point", "coordinates": [ -77.093076953462088, 38.8881039628384 ] } },
{ "type": "Feature", "properties": { "NAME": "Minnesota Ave Metro/DOES", "STATION_TYPE": "classic", "STATION_ID": "0824806c-1f3f-11e7-bf6b-3863bb334450", "STATION_STATUS": null, "LAST_REPORTED": "2026-06-22T16:30:14Z", "NUM_DOCKS_AVAILABLE": 14, "NUM_DOCKS_DISABLED": 0, "NUM_BIKES_AVAILABLE": 1, "NUM_EBIKES_AVAILABLE": 1, "NUM_BIKES_DISABLED": 0, "IS_INSTALLED": "YES", "IS_RETURNING": "YES", "IS_RENTING": "YES", "HAS_KIOSK": "YES", "IOS": "https://dc.lft.to/lastmile_qr_scan", "ANDROID": "https://dc.lft.to/lastmile_qr_scan", "ELECTRIC_BIKE_SURCHARGE_WAIVER": "NO", "EIGHTD_HAS_KEY_DISPENSER": "NO", "CAPACITY": 15, "RENTAL_METHODS": "KEY,CREDITCARD", "REGION_ID": "42", "REGION_NAME": "Washington, DC", "GIS_ID": null, "LATITUDE": 38.897063, "LONGITUDE": -76.947446, "GIS_LAST_MOD_DTTM": "2026-06-22T16:32:07Z", "OBJECTID": 357728655 }, "geometry": { "type": "Point", "coordinates": [ -76.947447393969725, 38.897074542989955 ] } },
{ "type": "Feature", "properties": { "NAME": "First St & Fayette St", "STATION_TYPE": "classic", "STATION_ID": "889571f8-5774-4097-a31f-4b6e3f5b4381", "STATION_STATUS": null, "LAST_REPORTED": "2026-06-22T16:30:11Z", "NUM_DOCKS_AVAILABLE": 16, "NUM_DOCKS_DISABLED": 0, "NUM_BIKES_AVAILABLE": 0, "NUM_EBIKES_AVAILABLE": 0, "NUM_BIKES_DISABLED": 0, "IS_INSTALLED": "YES", "IS_RETURNING": "YES", "IS_RENTING": "YES", "HAS_KIOSK": "YES", "IOS": "https://dc.lft.to/lastmile_qr_scan", "ANDROID": "https://dc.lft.to/lastmile_qr_scan", "ELECTRIC_BIKE_SURCHARGE_WAIVER": "NO", "EIGHTD_HAS_KEY_DISPENSER": "NO", "CAPACITY": 16, "RENTAL_METHODS": "KEY,CREDITCARD", "REGION_ID": "40", "REGION_NAME": "Alexandria, VA", "GIS_ID": null, "LATITUDE": 38.817019, "LONGITUDE": -77.050105, "GIS_LAST_MOD_DTTM": "2026-06-22T16:32:07Z", "OBJECTID": 357728656 }, "geometry": { "type": "Point", "coordinates": [ -77.050103183474761, 38.817026729037757 ] } },
{ "type": "Feature", "properties": { "NAME": "Fessenden St & Wisconsin Ave NW", "STATION_TYPE": "classic", "STATION_ID": "08254529-1f3f-11e7-bf6b-3863bb334450", "STATION_STATUS": null, "LAST_REPORTED": "2026-06-22T16:30:11Z", "NUM_DOCKS_AVAILABLE": 6, "NUM_DOCKS_DISABLED": 0, "NUM_BIKES_AVAILABLE": 8, "NUM_EBIKES_AVAILABLE": 3, "NUM_BIKES_DISABLED": 0, "IS_INSTALLED": "YES", "IS_RETURNING": "YES", "IS_RENTING": "YES", "HAS_KIOSK": "YES", "IOS": "https://dc.lft.to/lastmile_qr_scan", "ANDROID": "https://dc.lft.to/lastmile_qr_scan", "ELECTRIC_BIKE_SURCHARGE_WAIVER": "NO", "EIGHTD_HAS_KEY_DISPENSER": "NO", "CAPACITY": 15, "RENTAL_METHODS": "KEY,CREDITCARD", "REGION_ID": "42", "REGION_NAME": "Washington, DC", "GIS_ID": null, "LATITUDE": 38.954812, "LONGITUDE": -77.082426, "GIS_LAST_MOD_DTTM": "2026-06-22T16:32:07Z", "OBJECTID": 357728657 }, "geometry": { "type": "Point", "coordinates": [ -77.082423062686587, 38.95481863708747 ] } },
{ "type": "Feature", "properties": { "NAME": "King Farm Blvd & Piccard Dr", "STATION_TYPE": "classic", "STATION_ID": "0825b7cc-1f3f-11e7-bf6b-3863bb334450", "STATION_STATUS": null, "LAST_REPORTED": "2026-06-22T16:30:11Z", "NUM_DOCKS_AVAILABLE": 14, "NUM_DOCKS_DISABLED": 0, "NUM_BIKES_AVAILABLE": 1, "NUM_EBIKES_AVAILABLE": 0, "NUM_BIKES_DISABLED": 0, "IS_INSTALLED": "YES", "IS_RETURNING": "YES", "IS_RENTING": "YES", "HAS_KIOSK": "YES", "IOS": "https://dc.lft.to/lastmile_qr_scan", "ANDROID": "https://dc.lft.to/lastmile_qr_scan", "ELECTRIC_BIKE_SURCHARGE_WAIVER": "NO", "EIGHTD_HAS_KEY_DISPENSER": "NO", "CAPACITY": 15, "RENTAL_METHODS": "KEY,CREDITCARD", "REGION_ID": "43", "REGION_NAME": "Montgomery County, MD (North)", "GIS_ID": null, "LATITUDE": 39.110314, "LONGITUDE": -77.182669, "GIS_LAST_MOD_DTTM": "2026-06-22T16:32:07Z", "OBJECTID": 357728658 }, "geometry": { "type": "Point", "coordinates": [ -77.182674970415334, 39.110320554982316 ] } },
{ "type": "Feature", "properties": { "NAME": "Oklahoma Ave & D St NE", "STATION_TYPE": "classic", "STATION_ID": "08261245-1f3f-11e7-bf6b-3863bb334450", "STATION_STATUS": null, "LAST_REPORTED": "2026-06-22T16:30:13Z", "NUM_DOCKS_AVAILABLE": 7, "NUM_DOCKS_DISABLED": 0, "NUM_BIKES_AVAILABLE": 11, "NUM_EBIKES_AVAILABLE": 0, "NUM_BIKES_DISABLED": 0, "IS_INSTALLED": "YES", "IS_RETURNING": "YES", "IS_RENTING": "YES", "HAS_KIOSK": "YES", "IOS": "https://dc.lft.to/lastmile_qr_scan", "ANDROID": "https://dc.lft.to/lastmile_qr_scan", "ELECTRIC_BIKE_SURCHARGE_WAIVER": "NO", "EIGHTD_HAS_KEY_DISPENSER": "NO", "CAPACITY": 19, "RENTAL_METHODS": "KEY,CREDITCARD", "REGION_ID": "42", "REGION_NAME": "Washington, DC", "GIS_ID": null, "LATITUDE": 38.894474, "LONGITUDE": -76.974828, "GIS_LAST_MOD_DTTM": "2026-06-22T16:32:07Z", "OBJECTID": 357728659 }, "geometry": { "type": "Point", "coordinates": [ -76.974826652682268, 38.894480232763144 ] } },
{ "type": "Feature", "properties": { "NAME": "4th & East Capitol St NE", "STATION_TYPE": "classic", "STATION_ID": "0824c1a1-1f3f-11e7-bf6b-3863bb334450", "STATION_STATUS": null, "LAST_REPORTED": "2026-06-22T16:30:13Z", "NUM_DOCKS_AVAILABLE": 6, "NUM_DOCKS_DISABLED": 0, "NUM_BIKES_AVAILABLE": 4, "NUM_EBIKES_AVAILABLE": 2, "NUM_BIKES_DISABLED": 0, "IS_INSTALLED": "YES", "IS_RETURNING": "YES", "IS_RENTING": "YES", "HAS_KIOSK": "YES", "IOS": "https://dc.lft.to/lastmile_qr_scan", "ANDROID": "https://dc.lft.to/lastmile_qr_scan", "ELECTRIC_BIKE_SURCHARGE_WAIVER": "NO", "EIGHTD_HAS_KEY_DISPENSER": "NO", "CAPACITY": 11, "RENTAL_METHODS": "KEY,CREDITCARD", "REGION_ID": "42", "REGION_NAME": "Washington, DC", "GIS_ID": null, "LATITUDE": 38.889955, "LONGITUDE": -77.000349, "GIS_LAST_MOD_DTTM": "2026-06-22T16:32:07Z", "OBJECTID": 357728660 }, "geometry": { "type": "Point", "coordinates": [ -77.000348080114321, 38.889960741071775 ] } },
{ "type": "Feature", "properties": { "NAME": "3rd & H St NW", "STATION_TYPE": "classic", "STATION_ID": "082493a5-1f3f-11e7-bf6b-3863bb334450", "STATION_STATUS": null, "LAST_REPORTED": "2026-06-22T16:30:18Z", "NUM_DOCKS_AVAILABLE": 7, "NUM_DOCKS_DISABLED": 0, "NUM_BIKES_AVAILABLE": 8, "NUM_EBIKES_AVAILABLE": 2, "NUM_BIKES_DISABLED": 0, "IS_INSTALLED": "YES", "IS_RETURNING": "YES", "IS_RENTING": "YES", "HAS_KIOSK": "YES", "IOS": "https://dc.lft.to/lastmile_qr_scan", "ANDROID": "https://dc.lft.to/lastmile_qr_scan", "ELECTRIC_BIKE_SURCHARGE_WAIVER": "NO", "EIGHTD_HAS_KEY_DISPENSER": "NO", "CAPACITY": 15, "RENTAL_METHODS": "KEY,CREDITCARD", "REGION_ID": "42", "REGION_NAME": "Washington, DC", "GIS_ID": null, "LATITUDE": 38.899408, "LONGITUDE": -77.015289, "GIS_LAST_MOD_DTTM": "2026-06-22T16:32:07Z", "OBJECTID": 357728661 }, "geometry": { "type": "Point", "coordinates": [ -77.015288545764506, 38.899418528176099 ] } },
{ "type": "Feature", "properties": { "NAME": "7th & K St NW", "STATION_TYPE": "classic", "STATION_ID": "a0d0ec92-ebda-436a-b476-7ee9a7bdb67d", "STATION_STATUS": null, "LAST_REPORTED": "2026-06-22T16:30:18Z", "NUM_DOCKS_AVAILABLE": 2, "NUM_DOCKS_DISABLED": 0, "NUM_BIKES_AVAILABLE": 16, "NUM_EBIKES_AVAILABLE": 2, "NUM_BIKES_DISABLED": 0, "IS_INSTALLED": "YES", "IS_RETURNING": "YES", "IS_RENTING": "YES", "HAS_KIOSK": "YES", "IOS": "https://dc.lft.to/lastmile_qr_scan", "ANDROID": "https://dc.lft.to/lastmile_qr_scan", "ELECTRIC_BIKE_SURCHARGE_WAIVER": "NO", "EIGHTD_HAS_KEY_DISPENSER": "NO", "CAPACITY": 19, "RENTAL_METHODS": "KEY,CREDITCARD", "REGION_ID": "42", "REGION_NAME": "Washington, DC", "GIS_ID": null, "LATITUDE": 38.902674, "LONGITUDE": -77.021392, "GIS_LAST_MOD_DTTM": "2026-06-22T16:32:07Z", "OBJECTID": 357728662 }, "geometry": { "type": "Point", "coordinates": [ -77.021399417586863, 38.902678594418006 ] } },
{ "type": "Feature", "properties": { "NAME": "New Jersey Ave & H St SE", "STATION_TYPE": "classic", "STATION_ID": "2574f980-163e-4b9b-8107-6145615815b3", "STATION_STATUS": null, "LAST_REPORTED": "2026-06-22T16:30:19Z", "NUM_DOCKS_AVAILABLE": 15, "NUM_DOCKS_DISABLED": 0, "NUM_BIKES_AVAILABLE": 4, "NUM_EBIKES_AVAILABLE": 2, "NUM_BIKES_DISABLED": 0, "IS_INSTALLED": "YES", "IS_RETURNING": "YES", "IS_RENTING": "YES", "HAS_KIOSK": "YES", "IOS": "https://dc.lft.to/lastmile_qr_scan", "ANDROID": "https://dc.lft.to/lastmile_qr_scan", "ELECTRIC_BIKE_SURCHARGE_WAIVER": "NO", "EIGHTD_HAS_KEY_DISPENSER": "NO", "CAPACITY": 19, "RENTAL_METHODS": "KEY,CREDITCARD", "REGION_ID": "42", "REGION_NAME": "Washington, DC", "GIS_ID": null, "LATITUDE": 38.880761, "LONGITUDE": -77.005741, "GIS_LAST_MOD_DTTM": "2026-06-22T16:32:07Z", "OBJECTID": 357728663 }, "geometry": { "type": "Point", "coordinates": [ -77.005741776509367, 38.880772049083809 ] } },
{ "type": "Feature", "properties": { "NAME": "South Lakes Dr and Reston Pkwy", "STATION_TYPE": "classic", "STATION_ID": "d3cf2811-ca2e-4d2c-9843-8a90049b7b80", "STATION_STATUS": null, "LAST_REPORTED": "2026-06-22T16:30:21Z", "NUM_DOCKS_AVAILABLE": 3, "NUM_DOCKS_DISABLED": 0, "NUM_BIKES_AVAILABLE": 7, "NUM_EBIKES_AVAILABLE": 1, "NUM_BIKES_DISABLED": 2, "IS_INSTALLED": "YES", "IS_RETURNING": "YES", "IS_RENTING": "YES", "HAS_KIOSK": "YES", "IOS": "https://dc.lft.to/lastmile_qr_scan", "ANDROID": "https://dc.lft.to/lastmile_qr_scan", "ELECTRIC_BIKE_SURCHARGE_WAIVER": "NO", "EIGHTD_HAS_KEY_DISPENSER": "NO", "CAPACITY": 12, "RENTAL_METHODS": "KEY,CREDITCARD", "REGION_ID": "104", "REGION_NAME": "Fairfax, VA", "GIS_ID": null, "LATITUDE": 38.94335, "LONGITUDE": -77.362304, "GIS_LAST_MOD_DTTM": "2026-06-22T16:32:07Z", "OBJECTID": 357728664 }, "geometry": { "type": "Point", "coordinates": [ -77.362301006686309, 38.943359197660619 ] } },
{ "type": "Feature", "properties": { "NAME": "Connecticut Ave & Chevy Chase Lake Dr", "STATION_TYPE": "classic", "STATION_ID": "08261407-1f3f-11e7-bf6b-3863bb334450", "STATION_STATUS": null, "LAST_REPORTED": "2026-06-22T16:30:20Z", "NUM_DOCKS_AVAILABLE": 6, "NUM_DOCKS_DISABLED": 0, "NUM_BIKES_AVAILABLE": 6, "NUM_EBIKES_AVAILABLE": 1, "NUM_BIKES_DISABLED": 1, "IS_INSTALLED": "YES", "IS_RETURNING": "YES", "IS_RENTING": "YES", "HAS_KIOSK": "YES", "IOS": "https://dc.lft.to/lastmile_qr_scan", "ANDROID": "https://dc.lft.to/lastmile_qr_scan", "ELECTRIC_BIKE_SURCHARGE_WAIVER": "NO", "EIGHTD_HAS_KEY_DISPENSER": "NO", "CAPACITY": 15, "RENTAL_METHODS": "KEY,CREDITCARD", "REGION_ID": "44", "REGION_NAME": "Montgomery County, MD (South)", "GIS_ID": null, "LATITUDE": 38.994113, "LONGITUDE": -77.076986, "GIS_LAST_MOD_DTTM": "2026-06-22T16:32:07Z", "OBJECTID": 357728665 }, "geometry": { "type": "Point", "coordinates": [ -77.076985411255606, 38.994125275867965 ] } },
{ "type": "Feature", "properties": { "NAME": "Kenmore Ave & Seminary Rd", "STATION_TYPE": "classic", "STATION_ID": "347b72fa-4ae2-4017-a9bf-344a122cddeb", "STATION_STATUS": null, "LAST_REPORTED": "2026-06-22T16:30:16Z", "NUM_DOCKS_AVAILABLE": 9, "NUM_DOCKS_DISABLED": 0, "NUM_BIKES_AVAILABLE": 2, "NUM_EBIKES_AVAILABLE": 1, "NUM_BIKES_DISABLED": 0, "IS_INSTALLED": "YES", "IS_RETURNING": "YES", "IS_RENTING": "YES", "HAS_KIOSK": "YES", "IOS": "https://dc.lft.to/lastmile_qr_scan", "ANDROID": "https://dc.lft.to/lastmile_qr_scan", "ELECTRIC_BIKE_SURCHARGE_WAIVER": "NO", "EIGHTD_HAS_KEY_DISPENSER": "NO", "CAPACITY": 11, "RENTAL_METHODS": "KEY,CREDITCARD", "REGION_ID": "40", "REGION_NAME": "Alexandria, VA", "GIS_ID": null, "LATITUDE": 38.828887, "LONGITUDE": -77.110588, "GIS_LAST_MOD_DTTM": "2026-06-22T16:32:07Z", "OBJECTID": 357728666 }, "geometry": { "type": "Point", "coordinates": [ -77.110585808363155, 38.828894297271638 ] } },
{ "type": "Feature", "properties": { "NAME": "Norfolk & Rugby Ave", "STATION_TYPE": "classic", "STATION_ID": "0825b27e-1f3f-11e7-bf6b-3863bb334450", "STATION_STATUS": null, "LAST_REPORTED": "2026-06-22T16:30:17Z", "NUM_DOCKS_AVAILABLE": 8, "NUM_DOCKS_DISABLED": 0, "NUM_BIKES_AVAILABLE": 2, "NUM_EBIKES_AVAILABLE": 0, "NUM_BIKES_DISABLED": 0, "IS_INSTALLED": "YES", "IS_RETURNING": "YES", "IS_RENTING": "YES", "HAS_KIOSK": "YES", "IOS": "https://dc.lft.to/lastmile_qr_scan", "ANDROID": "https://dc.lft.to/lastmile_qr_scan", "ELECTRIC_BIKE_SURCHARGE_WAIVER": "NO", "EIGHTD_HAS_KEY_DISPENSER": "NO", "CAPACITY": 11, "RENTAL_METHODS": "KEY,CREDITCARD", "REGION_ID": "44", "REGION_NAME": "Montgomery County, MD (South)", "GIS_ID": null, "LATITUDE": 38.990639, "LONGITUDE": -77.100239, "GIS_LAST_MOD_DTTM": "2026-06-22T16:32:07Z", "OBJECTID": 357728667 }, "geometry": { "type": "Point", "coordinates": [ -77.100240534877329, 38.990648508921126 ] } },
{ "type": "Feature", "properties": { "NAME": "Calvert St & Woodley Pl NW", "STATION_TYPE": "classic", "STATION_ID": "0825b8f0-1f3f-11e7-bf6b-3863bb334450", "STATION_STATUS": null, "LAST_REPORTED": "2026-06-22T16:30:27Z", "NUM_DOCKS_AVAILABLE": 18, "NUM_DOCKS_DISABLED": 0, "NUM_BIKES_AVAILABLE": 1, "NUM_EBIKES_AVAILABLE": 0, "NUM_BIKES_DISABLED": 1, "IS_INSTALLED": "YES", "IS_RETURNING": "YES", "IS_RENTING": "YES", "HAS_KIOSK": "NO", "IOS": "https://dc.lft.to/lastmile_qr_scan", "ANDROID": "https://dc.lft.to/lastmile_qr_scan", "ELECTRIC_BIKE_SURCHARGE_WAIVER": "NO", "EIGHTD_HAS_KEY_DISPENSER": "NO", "CAPACITY": 20, "RENTAL_METHODS": "KEY,CREDITCARD", "REGION_ID": "42", "REGION_NAME": "Washington, DC", "GIS_ID": null, "LATITUDE": 38.923583, "LONGITUDE": -77.050046, "GIS_LAST_MOD_DTTM": "2026-06-22T16:32:07Z", "OBJECTID": 357728668 }, "geometry": { "type": "Point", "coordinates": [ -77.050051203505063, 38.923587198282263 ] } },
{ "type": "Feature", "properties": { "NAME": "Fairfax Dr & N Taylor St", "STATION_TYPE": "classic", "STATION_ID": "8dfb34e2-7f75-4359-a374-5bf5e86c4793", "STATION_STATUS": null, "LAST_REPORTED": "2026-06-22T16:30:26Z", "NUM_DOCKS_AVAILABLE": 7, "NUM_DOCKS_DISABLED": 0, "NUM_BIKES_AVAILABLE": 4, "NUM_EBIKES_AVAILABLE": 2, "NUM_BIKES_DISABLED": 0, "IS_INSTALLED": "YES", "IS_RETURNING": "YES", "IS_RENTING": "YES", "HAS_KIOSK": "YES", "IOS": "https://dc.lft.to/lastmile_qr_scan", "ANDROID": "https://dc.lft.to/lastmile_qr_scan", "ELECTRIC_BIKE_SURCHARGE_WAIVER": "NO", "EIGHTD_HAS_KEY_DISPENSER": "NO", "CAPACITY": 11, "RENTAL_METHODS": "KEY,CREDITCARD", "REGION_ID": "41", "REGION_NAME": "Arlington, VA", "GIS_ID": null, "LATITUDE": 38.882425, "LONGITUDE": -77.112754, "GIS_LAST_MOD_DTTM": "2026-06-22T16:32:07Z", "OBJECTID": 357728669 }, "geometry": { "type": "Point", "coordinates": [ -77.112754872106493, 38.882429354982605 ] } },
{ "type": "Feature", "properties": { "NAME": "North Shore Dr & Village Rd", "STATION_TYPE": "classic", "STATION_ID": "0826533b-1f3f-11e7-bf6b-3863bb334450", "STATION_STATUS": null, "LAST_REPORTED": "2026-06-22T16:30:25Z", "NUM_DOCKS_AVAILABLE": 9, "NUM_DOCKS_DISABLED": 0, "NUM_BIKES_AVAILABLE": 2, "NUM_EBIKES_AVAILABLE": 0, "NUM_BIKES_DISABLED": 0, "IS_INSTALLED": "YES", "IS_RETURNING": "YES", "IS_RENTING": "YES", "HAS_KIOSK": "YES", "IOS": "https://dc.lft.to/lastmile_qr_scan", "ANDROID": "https://dc.lft.to/lastmile_qr_scan", "ELECTRIC_BIKE_SURCHARGE_WAIVER": "NO", "EIGHTD_HAS_KEY_DISPENSER": "NO", "CAPACITY": 11, "RENTAL_METHODS": "KEY,CREDITCARD", "REGION_ID": "104", "REGION_NAME": "Fairfax, VA", "GIS_ID": null, "LATITUDE": 38.970412, "LONGITUDE": -77.340787, "GIS_LAST_MOD_DTTM": "2026-06-22T16:32:07Z", "OBJECTID": 357728670 }, "geometry": { "type": "Point", "coordinates": [ -77.340790167592345, 38.970421843798398 ] } },
{ "type": "Feature", "properties": { "NAME": "24th St & Rhode Island Ave NE", "STATION_TYPE": "classic", "STATION_ID": "77cd13d5-f671-437a-a59c-bcc74c6b211e", "STATION_STATUS": null, "LAST_REPORTED": "2026-06-22T16:30:23Z", "NUM_DOCKS_AVAILABLE": 4, "NUM_DOCKS_DISABLED": 0, "NUM_BIKES_AVAILABLE": 11, "NUM_EBIKES_AVAILABLE": 0, "NUM_BIKES_DISABLED": 0, "IS_INSTALLED": "YES", "IS_RETURNING": "YES", "IS_RENTING": "YES", "HAS_KIOSK": "YES", "IOS": "https://dc.lft.to/lastmile_qr_scan", "ANDROID": "https://dc.lft.to/lastmile_qr_scan", "ELECTRIC_BIKE_SURCHARGE_WAIVER": "NO", "EIGHTD_HAS_KEY_DISPENSER": "NO", "CAPACITY": 15, "RENTAL_METHODS": "KEY,CREDITCARD", "REGION_ID": "42", "REGION_NAME": "Washington, DC", "GIS_ID": null, "LATITUDE": 38.930774, "LONGITUDE": -76.972851, "GIS_LAST_MOD_DTTM": "2026-06-22T16:32:07Z", "OBJECTID": 357728671 }, "geometry": { "type": "Point", "coordinates": [ -76.972853197774157, 38.930783400816942 ] } },
{ "type": "Feature", "properties": { "NAME": "34th & Water St NW", "STATION_TYPE": "classic", "STATION_ID": "0825f3d4-1f3f-11e7-bf6b-3863bb334450", "STATION_STATUS": null, "LAST_REPORTED": "2026-06-22T16:30:24Z", "NUM_DOCKS_AVAILABLE": 12, "NUM_DOCKS_DISABLED": 0, "NUM_BIKES_AVAILABLE": 7, "NUM_EBIKES_AVAILABLE": 1, "NUM_BIKES_DISABLED": 0, "IS_INSTALLED": "YES", "IS_RETURNING": "YES", "IS_RENTING": "YES", "HAS_KIOSK": "YES", "IOS": "https://dc.lft.to/lastmile_qr_scan", "ANDROID": "https://dc.lft.to/lastmile_qr_scan", "ELECTRIC_BIKE_SURCHARGE_WAIVER": "NO", "EIGHTD_HAS_KEY_DISPENSER": "NO", "CAPACITY": 19, "RENTAL_METHODS": "KEY,CREDITCARD", "REGION_ID": "42", "REGION_NAME": "Washington, DC", "GIS_ID": null, "LATITUDE": 38.903732, "LONGITUDE": -77.067529, "GIS_LAST_MOD_DTTM": "2026-06-22T16:32:07Z", "OBJECTID": 357728672 }, "geometry": { "type": "Point", "coordinates": [ -77.067526471182887, 38.903742041309691 ] } },
{ "type": "Feature", "properties": { "NAME": "Jefferson Dr & 14th St SW", "STATION_TYPE": "classic", "STATION_ID": "08252260-1f3f-11e7-bf6b-3863bb334450", "STATION_STATUS": null, "LAST_REPORTED": "2026-06-22T16:30:48Z", "NUM_DOCKS_AVAILABLE": 0, "NUM_DOCKS_DISABLED": 0, "NUM_BIKES_AVAILABLE": 25, "NUM_EBIKES_AVAILABLE": 5, "NUM_BIKES_DISABLED": 2, "IS_INSTALLED": "YES", "IS_RETURNING": "YES", "IS_RENTING": "YES", "HAS_KIOSK": "NO", "IOS": "https://dc.lft.to/lastmile_qr_scan", "ANDROID": "https://dc.lft.to/lastmile_qr_scan", "ELECTRIC_BIKE_SURCHARGE_WAIVER": "NO", "EIGHTD_HAS_KEY_DISPENSER": "NO", "CAPACITY": 27, "RENTAL_METHODS": "KEY,CREDITCARD", "REGION_ID": "42", "REGION_NAME": "Washington, DC", "GIS_ID": null, "LATITUDE": 38.888553, "LONGITUDE": -77.032427, "GIS_LAST_MOD_DTTM": "2026-06-22T16:32:07Z", "OBJECTID": 357728673 }, "geometry": { "type": "Point", "coordinates": [ -77.03242589670846, 38.888559941684612 ] } },
{ "type": "Feature", "properties": { "NAME": "Madron Ln & Bermudez Ct", "STATION_TYPE": "classic", "STATION_ID": "83fa4699-b2ee-4f14-af3b-167f34a62fb4", "STATION_STATUS": null, "LAST_REPORTED": "2026-06-22T16:30:46Z", "NUM_DOCKS_AVAILABLE": 5, "NUM_DOCKS_DISABLED": 0, "NUM_BIKES_AVAILABLE": 7, "NUM_EBIKES_AVAILABLE": 1, "NUM_BIKES_DISABLED": 0, "IS_INSTALLED": "YES", "IS_RETURNING": "YES", "IS_RENTING": "YES", "HAS_KIOSK": "YES", "IOS": "https://dc.lft.to/lastmile_qr_scan", "ANDROID": "https://dc.lft.to/lastmile_qr_scan", "ELECTRIC_BIKE_SURCHARGE_WAIVER": "NO", "EIGHTD_HAS_KEY_DISPENSER": "NO", "CAPACITY": 12, "RENTAL_METHODS": "KEY,CREDITCARD", "REGION_ID": "104", "REGION_NAME": "Fairfax, VA", "GIS_ID": null, "LATITUDE": 38.904415, "LONGITUDE": -77.221807, "GIS_LAST_MOD_DTTM": "2026-06-22T16:32:07Z", "OBJECTID": 357728674 }, "geometry": { "type": "Point", "coordinates": [ -77.221807207200413, 38.904424810314737 ] } },
{ "type": "Feature", "properties": { "NAME": "Court House Metro / 15th St & N Uhle St", "STATION_TYPE": "classic", "STATION_ID": "0825fa8b-1f3f-11e7-bf6b-3863bb334450", "STATION_STATUS": null, "LAST_REPORTED": "2026-06-22T16:30:46Z", "NUM_DOCKS_AVAILABLE": 12, "NUM_DOCKS_DISABLED": 0, "NUM_BIKES_AVAILABLE": 4, "NUM_EBIKES_AVAILABLE": 2, "NUM_BIKES_DISABLED": 0, "IS_INSTALLED": "YES", "IS_RETURNING": "YES", "IS_RENTING": "YES", "HAS_KIOSK": "NO", "IOS": "https://dc.lft.to/lastmile_qr_scan", "ANDROID": "https://dc.lft.to/lastmile_qr_scan", "ELECTRIC_BIKE_SURCHARGE_WAIVER": "NO", "EIGHTD_HAS_KEY_DISPENSER": "NO", "CAPACITY": 16, "RENTAL_METHODS": "KEY,CREDITCARD", "REGION_ID": "41", "REGION_NAME": "Arlington, VA", "GIS_ID": null, "LATITUDE": 38.890612, "LONGITUDE": -77.084801, "GIS_LAST_MOD_DTTM": "2026-06-22T16:32:07Z", "OBJECTID": 357728675 }, "geometry": { "type": "Point", "coordinates": [ -77.084804080478733, 38.890623600712757 ] } },
{ "type": "Feature", "properties": { "NAME": "Wilson Blvd & N Quincy St", "STATION_TYPE": "classic", "STATION_ID": "08252a00-1f3f-11e7-bf6b-3863bb334450", "STATION_STATUS": null, "LAST_REPORTED": "2026-06-22T16:30:47Z", "NUM_DOCKS_AVAILABLE": 12, "NUM_DOCKS_DISABLED": 0, "NUM_BIKES_AVAILABLE": 1, "NUM_EBIKES_AVAILABLE": 0, "NUM_BIKES_DISABLED": 2, "IS_INSTALLED": "YES", "IS_RETURNING": "YES", "IS_RENTING": "YES", "HAS_KIOSK": "YES", "IOS": "https://dc.lft.to/lastmile_qr_scan", "ANDROID": "https://dc.lft.to/lastmile_qr_scan", "ELECTRIC_BIKE_SURCHARGE_WAIVER": "NO", "EIGHTD_HAS_KEY_DISPENSER": "NO", "CAPACITY": 15, "RENTAL_METHODS": "KEY,CREDITCARD", "REGION_ID": "41", "REGION_NAME": "Arlington, VA", "GIS_ID": null, "LATITUDE": 38.880012, "LONGITUDE": -77.107854, "GIS_LAST_MOD_DTTM": "2026-06-22T16:32:07Z", "OBJECTID": 357728676 }, "geometry": { "type": "Point", "coordinates": [ -77.1078529497522, 38.880019734338852 ] } },
{ "type": "Feature", "properties": { "NAME": "Greenbelt Station Parkway", "STATION_TYPE": "classic", "STATION_ID": "cec05512-b9d1-4671-bc76-8b168079db93", "STATION_STATUS": null, "LAST_REPORTED": "2026-06-22T16:30:45Z", "NUM_DOCKS_AVAILABLE": 5, "NUM_DOCKS_DISABLED": 0, "NUM_BIKES_AVAILABLE": 6, "NUM_EBIKES_AVAILABLE": 0, "NUM_BIKES_DISABLED": 0, "IS_INSTALLED": "YES", "IS_RETURNING": "YES", "IS_RENTING": "YES", "HAS_KIOSK": "YES", "IOS": "https://dc.lft.to/lastmile_qr_scan", "ANDROID": "https://dc.lft.to/lastmile_qr_scan", "ELECTRIC_BIKE_SURCHARGE_WAIVER": "NO", "EIGHTD_HAS_KEY_DISPENSER": "NO", "CAPACITY": 11, "RENTAL_METHODS": "KEY,CREDITCARD", "REGION_ID": "133", "REGION_NAME": "Prince George's County", "GIS_ID": null, "LATITUDE": 39.002459, "LONGITUDE": -76.916243, "GIS_LAST_MOD_DTTM": "2026-06-22T16:32:07Z", "OBJECTID": 357728677 }, "geometry": { "type": "Point", "coordinates": [ -76.916244904655898, 39.002471221864411 ] } },
{ "type": "Feature", "properties": { "NAME": "New Hampshire Ave & East-West Hwy", "STATION_TYPE": "classic", "STATION_ID": "ae00650a-be2d-4912-8f0d-8338b3754eed", "STATION_STATUS": null, "LAST_REPORTED": "2026-06-22T16:30:50Z", "NUM_DOCKS_AVAILABLE": 8, "NUM_DOCKS_DISABLED": 0, "NUM_BIKES_AVAILABLE": 6, "NUM_EBIKES_AVAILABLE": 0, "NUM_BIKES_DISABLED": 1, "IS_INSTALLED": "YES", "IS_RETURNING": "YES", "IS_RENTING": "YES", "HAS_KIOSK": "YES", "IOS": "https://dc.lft.to/lastmile_qr_scan", "ANDROID": "https://dc.lft.to/lastmile_qr_scan", "ELECTRIC_BIKE_SURCHARGE_WAIVER": "NO", "EIGHTD_HAS_KEY_DISPENSER": "NO", "CAPACITY": 15, "RENTAL_METHODS": "KEY,CREDITCARD", "REGION_ID": "133", "REGION_NAME": "Prince George's County", "GIS_ID": null, "LATITUDE": 38.974205, "LONGITUDE": -76.995227, "GIS_LAST_MOD_DTTM": "2026-06-22T16:32:07Z", "OBJECTID": 357728678 }, "geometry": { "type": "Point", "coordinates": [ -76.995224644662272, 38.974215332962011 ] } },
{ "type": "Feature", "properties": { "NAME": "14th & R St NW", "STATION_TYPE": "classic", "STATION_ID": "0824799f-1f3f-11e7-bf6b-3863bb334450", "STATION_STATUS": null, "LAST_REPORTED": "2026-06-22T16:30:51Z", "NUM_DOCKS_AVAILABLE": 6, "NUM_DOCKS_DISABLED": 0, "NUM_BIKES_AVAILABLE": 13, "NUM_EBIKES_AVAILABLE": 0, "NUM_BIKES_DISABLED": 0, "IS_INSTALLED": "YES", "IS_RETURNING": "YES", "IS_RENTING": "YES", "HAS_KIOSK": "YES", "IOS": "https://dc.lft.to/lastmile_qr_scan", "ANDROID": "https://dc.lft.to/lastmile_qr_scan", "ELECTRIC_BIKE_SURCHARGE_WAIVER": "NO", "EIGHTD_HAS_KEY_DISPENSER": "NO", "CAPACITY": 19, "RENTAL_METHODS": "KEY,CREDITCARD", "REGION_ID": "42", "REGION_NAME": "Washington, DC", "GIS_ID": null, "LATITUDE": 38.913046, "LONGITUDE": -77.032008, "GIS_LAST_MOD_DTTM": "2026-06-22T16:32:07Z", "OBJECTID": 357728679 }, "geometry": { "type": "Point", "coordinates": [ -77.032010412069141, 38.913053785707142 ] } },
{ "type": "Feature", "properties": { "NAME": "Mandeville Ln & Stovall St", "STATION_TYPE": "classic", "STATION_ID": "141766fa-fa3b-4c61-8e46-a8673c910a0c", "STATION_STATUS": null, "LAST_REPORTED": "2026-06-22T16:30:53Z", "NUM_DOCKS_AVAILABLE": 8, "NUM_DOCKS_DISABLED": 0, "NUM_BIKES_AVAILABLE": 4, "NUM_EBIKES_AVAILABLE": 2, "NUM_BIKES_DISABLED": 0, "IS_INSTALLED": "YES", "IS_RETURNING": "YES", "IS_RENTING": "YES", "HAS_KIOSK": "YES", "IOS": "https://dc.lft.to/lastmile_qr_scan", "ANDROID": "https://dc.lft.to/lastmile_qr_scan", "ELECTRIC_BIKE_SURCHARGE_WAIVER": "NO", "EIGHTD_HAS_KEY_DISPENSER": "NO", "CAPACITY": 12, "RENTAL_METHODS": "KEY,CREDITCARD", "REGION_ID": "40", "REGION_NAME": "Alexandria, VA", "GIS_ID": null, "LATITUDE": 38.802893, "LONGITUDE": -77.072558, "GIS_LAST_MOD_DTTM": "2026-06-22T16:32:07Z", "OBJECTID": 357728680 }, "geometry": { "type": "Point", "coordinates": [ -77.072565726207387, 38.802898606338339 ] } },
{ "type": "Feature", "properties": { "NAME": "2nd St & Seaton Pl NE", "STATION_TYPE": "classic", "STATION_ID": "0826005e-1f3f-11e7-bf6b-3863bb334450", "STATION_STATUS": null, "LAST_REPORTED": "2026-06-22T16:31:03Z", "NUM_DOCKS_AVAILABLE": 13, "NUM_DOCKS_DISABLED": 0, "NUM_BIKES_AVAILABLE": 6, "NUM_EBIKES_AVAILABLE": 3, "NUM_BIKES_DISABLED": 0, "IS_INSTALLED": "YES", "IS_RETURNING": "YES", "IS_RENTING": "YES", "HAS_KIOSK": "YES", "IOS": "https://dc.lft.to/lastmile_qr_scan", "ANDROID": "https://dc.lft.to/lastmile_qr_scan", "ELECTRIC_BIKE_SURCHARGE_WAIVER": "NO", "EIGHTD_HAS_KEY_DISPENSER": "NO", "CAPACITY": 19, "RENTAL_METHODS": "KEY,CREDITCARD", "REGION_ID": "42", "REGION_NAME": "Washington, DC", "GIS_ID": null, "LATITUDE": 38.914751, "LONGITUDE": -77.00356, "GIS_LAST_MOD_DTTM": "2026-06-22T16:32:07Z", "OBJECTID": 357728681 }, "geometry": { "type": "Point", "coordinates": [ -77.003565233999382, 38.914760692328578 ] } },
{ "type": "Feature", "properties": { "NAME": "Largo Town Center Metro", "STATION_TYPE": "classic", "STATION_ID": "29b65d73-fc99-42e3-9007-2175402a5c56", "STATION_STATUS": null, "LAST_REPORTED": "2026-06-22T16:31:04Z", "NUM_DOCKS_AVAILABLE": 8, "NUM_DOCKS_DISABLED": 0, "NUM_BIKES_AVAILABLE": 9, "NUM_EBIKES_AVAILABLE": 1, "NUM_BIKES_DISABLED": 0, "IS_INSTALLED": "YES", "IS_RETURNING": "YES", "IS_RENTING": "YES", "HAS_KIOSK": "YES", "IOS": "https://dc.lft.to/lastmile_qr_scan", "ANDROID": "https://dc.lft.to/lastmile_qr_scan", "ELECTRIC_BIKE_SURCHARGE_WAIVER": "NO", "EIGHTD_HAS_KEY_DISPENSER": "NO", "CAPACITY": 17, "RENTAL_METHODS": "KEY,CREDITCARD", "REGION_ID": "133", "REGION_NAME": "Prince George's County", "GIS_ID": null, "LATITUDE": 38.899811, "LONGITUDE": -76.844604, "GIS_LAST_MOD_DTTM": "2026-06-22T16:32:07Z", "OBJECTID": 357728682 }, "geometry": { "type": "Point", "coordinates": [ -76.844602528298438, 38.899820645833813 ] } },
{ "type": "Feature", "properties": { "NAME": "Baltimore Avenue and Hotel Drive at UMD", "STATION_TYPE": "classic", "STATION_ID": "2007431383556444258", "STATION_STATUS": null, "LAST_REPORTED": "2026-06-22T16:31:06Z", "NUM_DOCKS_AVAILABLE": 10, "NUM_DOCKS_DISABLED": 0, "NUM_BIKES_AVAILABLE": 5, "NUM_EBIKES_AVAILABLE": 0, "NUM_BIKES_DISABLED": 0, "IS_INSTALLED": "YES", "IS_RETURNING": "YES", "IS_RENTING": "YES", "HAS_KIOSK": "YES", "IOS": "https://dc.lft.to/lastmile_qr_scan", "ANDROID": "https://dc.lft.to/lastmile_qr_scan", "ELECTRIC_BIKE_SURCHARGE_WAIVER": "NO", "EIGHTD_HAS_KEY_DISPENSER": "NO", "CAPACITY": 15, "RENTAL_METHODS": "KEY,CREDITCARD", "REGION_ID": "133", "REGION_NAME": "Prince George's County", "GIS_ID": null, "LATITUDE": 38.986639, "LONGITUDE": -76.936073, "GIS_LAST_MOD_DTTM": "2026-06-22T16:32:07Z", "OBJECTID": 357728683 }, "geometry": { "type": "Point", "coordinates": [ -76.936069953919997, 38.986647322953679 ] } },
{ "type": "Feature", "properties": { "NAME": "13th & H St NE", "STATION_TYPE": "classic", "STATION_ID": "08249fbc-1f3f-11e7-bf6b-3863bb334450", "STATION_STATUS": null, "LAST_REPORTED": "2026-06-22T16:31:05Z", "NUM_DOCKS_AVAILABLE": 25, "NUM_DOCKS_DISABLED": 0, "NUM_BIKES_AVAILABLE": 6, "NUM_EBIKES_AVAILABLE": 0, "NUM_BIKES_DISABLED": 0, "IS_INSTALLED": "YES", "IS_RETURNING": "YES", "IS_RENTING": "YES", "HAS_KIOSK": "YES", "IOS": "https://dc.lft.to/lastmile_qr_scan", "ANDROID": "https://dc.lft.to/lastmile_qr_scan", "ELECTRIC_BIKE_SURCHARGE_WAIVER": "NO", "EIGHTD_HAS_KEY_DISPENSER": "NO", "CAPACITY": 31, "RENTAL_METHODS": "KEY,CREDITCARD", "REGION_ID": "42", "REGION_NAME": "Washington, DC", "GIS_ID": null, "LATITUDE": 38.900427, "LONGITUDE": -76.98825, "GIS_LAST_MOD_DTTM": "2026-06-22T16:32:07Z", "OBJECTID": 357728684 }, "geometry": { "type": "Point", "coordinates": [ -76.988254980708447, 38.900436883386817 ] } },
{ "type": "Feature", "properties": { "NAME": "9th & Ingraham St NW", "STATION_TYPE": "classic", "STATION_ID": "30b5e0c1-7ca6-4050-8566-3fccf0b60890", "STATION_STATUS": null, "LAST_REPORTED": "2026-06-22T16:31:05Z", "NUM_DOCKS_AVAILABLE": 9, "NUM_DOCKS_DISABLED": 0, "NUM_BIKES_AVAILABLE": 10, "NUM_EBIKES_AVAILABLE": 3, "NUM_BIKES_DISABLED": 0, "IS_INSTALLED": "YES", "IS_RETURNING": "YES", "IS_RENTING": "YES", "HAS_KIOSK": "YES", "IOS": "https://dc.lft.to/lastmile_qr_scan", "ANDROID": "https://dc.lft.to/lastmile_qr_scan", "ELECTRIC_BIKE_SURCHARGE_WAIVER": "NO", "EIGHTD_HAS_KEY_DISPENSER": "NO", "CAPACITY": 19, "RENTAL_METHODS": "KEY,CREDITCARD", "REGION_ID": "42", "REGION_NAME": "Washington, DC", "GIS_ID": null, "LATITUDE": 38.953663, "LONGITUDE": -77.025613, "GIS_LAST_MOD_DTTM": "2026-06-22T16:32:07Z", "OBJECTID": 357728685 }, "geometry": { "type": "Point", "coordinates": [ -77.02561415147143, 38.953673810729036 ] } },
{ "type": "Feature", "properties": { "NAME": "Long Bridge Park / Long Bridge Dr & 6th St S", "STATION_TYPE": "classic", "STATION_ID": "0825fb66-1f3f-11e7-bf6b-3863bb334450", "STATION_STATUS": null, "LAST_REPORTED": "2026-06-22T16:31:06Z", "NUM_DOCKS_AVAILABLE": 8, "NUM_DOCKS_DISABLED": 0, "NUM_BIKES_AVAILABLE": 6, "NUM_EBIKES_AVAILABLE": 3, "NUM_BIKES_DISABLED": 1, "IS_INSTALLED": "YES", "IS_RETURNING": "YES", "IS_RENTING": "YES", "HAS_KIOSK": "YES", "IOS": "https://dc.lft.to/lastmile_qr_scan", "ANDROID": "https://dc.lft.to/lastmile_qr_scan", "ELECTRIC_BIKE_SURCHARGE_WAIVER": "NO", "EIGHTD_HAS_KEY_DISPENSER": "NO", "CAPACITY": 15, "RENTAL_METHODS": "KEY,CREDITCARD", "REGION_ID": "41", "REGION_NAME": "Arlington, VA", "GIS_ID": null, "LATITUDE": 38.865553, "LONGITUDE": -77.05003, "GIS_LAST_MOD_DTTM": "2026-06-22T16:32:07Z", "OBJECTID": 357728686 }, "geometry": { "type": "Point", "coordinates": [ -77.050033555615897, 38.865564294852767 ] } },
{ "type": "Feature", "properties": { "NAME": "Radford & Osage St", "STATION_TYPE": "classic", "STATION_ID": "08261ee4-1f3f-11e7-bf6b-3863bb334450", "STATION_STATUS": null, "LAST_REPORTED": "2026-06-22T16:31:02Z", "NUM_DOCKS_AVAILABLE": 2, "NUM_DOCKS_DISABLED": 0, "NUM_BIKES_AVAILABLE": 9, "NUM_EBIKES_AVAILABLE": 2, "NUM_BIKES_DISABLED": 0, "IS_INSTALLED": "YES", "IS_RETURNING": "YES", "IS_RENTING": "YES", "HAS_KIOSK": "YES", "IOS": "https://dc.lft.to/lastmile_qr_scan", "ANDROID": "https://dc.lft.to/lastmile_qr_scan", "ELECTRIC_BIKE_SURCHARGE_WAIVER": "NO", "EIGHTD_HAS_KEY_DISPENSER": "NO", "CAPACITY": 11, "RENTAL_METHODS": "KEY,CREDITCARD", "REGION_ID": "40", "REGION_NAME": "Alexandria, VA", "GIS_ID": null, "LATITUDE": 38.828471, "LONGITUDE": -77.086061, "GIS_LAST_MOD_DTTM": "2026-06-22T16:32:07Z", "OBJECTID": 357728687 }, "geometry": { "type": "Point", "coordinates": [ -77.0860662105042, 38.828482549019114 ] } },
{ "type": "Feature", "properties": { "NAME": "Montgomery College / W Campus Dr & Mannakee St", "STATION_TYPE": "classic", "STATION_ID": "0825aa94-1f3f-11e7-bf6b-3863bb334450", "STATION_STATUS": null, "LAST_REPORTED": "2026-06-22T16:31:07Z", "NUM_DOCKS_AVAILABLE": 19, "NUM_DOCKS_DISABLED": 0, "NUM_BIKES_AVAILABLE": 2, "NUM_EBIKES_AVAILABLE": 0, "NUM_BIKES_DISABLED": 0, "IS_INSTALLED": "YES", "IS_RETURNING": "YES", "IS_RENTING": "YES", "HAS_KIOSK": "YES", "IOS": "https://dc.lft.to/lastmile_qr_scan", "ANDROID": "https://dc.lft.to/lastmile_qr_scan", "ELECTRIC_BIKE_SURCHARGE_WAIVER": "NO", "EIGHTD_HAS_KEY_DISPENSER": "NO", "CAPACITY": 21, "RENTAL_METHODS": "KEY,CREDITCARD", "REGION_ID": "43", "REGION_NAME": "Montgomery County, MD (North)", "GIS_ID": null, "LATITUDE": 39.095661, "LONGITUDE": -77.159048, "GIS_LAST_MOD_DTTM": "2026-06-22T16:32:07Z", "OBJECTID": 357728688 }, "geometry": { "type": "Point", "coordinates": [ -77.159055105730943, 39.095671974819687 ] } },
{ "type": "Feature", "properties": { "NAME": "17th & Upshur St NW", "STATION_TYPE": "classic", "STATION_ID": "72e7c396-11ad-4e88-bf4b-e60584f748fc", "STATION_STATUS": null, "LAST_REPORTED": "2026-06-22T16:31:06Z", "NUM_DOCKS_AVAILABLE": 6, "NUM_DOCKS_DISABLED": 0, "NUM_BIKES_AVAILABLE": 13, "NUM_EBIKES_AVAILABLE": 7, "NUM_BIKES_DISABLED": 0, "IS_INSTALLED": "YES", "IS_RETURNING": "YES", "IS_RENTING": "YES", "HAS_KIOSK": "YES", "IOS": "https://dc.lft.to/lastmile_qr_scan", "ANDROID": "https://dc.lft.to/lastmile_qr_scan", "ELECTRIC_BIKE_SURCHARGE_WAIVER": "NO", "EIGHTD_HAS_KEY_DISPENSER": "NO", "CAPACITY": 19, "RENTAL_METHODS": "KEY,CREDITCARD", "REGION_ID": "42", "REGION_NAME": "Washington, DC", "GIS_ID": null, "LATITUDE": 38.942146, "LONGITUDE": -77.038684, "GIS_LAST_MOD_DTTM": "2026-06-22T16:32:07Z", "OBJECTID": 357728689 }, "geometry": { "type": "Point", "coordinates": [ -77.038690718195724, 38.942157631646197 ] } },
{ "type": "Feature", "properties": { "NAME": "Virginia Ave & 25th St NW", "STATION_TYPE": "classic", "STATION_ID": "bce02846-6f5e-466a-a643-50534a119533", "STATION_STATUS": null, "LAST_REPORTED": "2026-06-22T16:31:02Z", "NUM_DOCKS_AVAILABLE": 7, "NUM_DOCKS_DISABLED": 0, "NUM_BIKES_AVAILABLE": 10, "NUM_EBIKES_AVAILABLE": 3, "NUM_BIKES_DISABLED": 1, "IS_INSTALLED": "YES", "IS_RETURNING": "YES", "IS_RENTING": "YES", "HAS_KIOSK": "YES", "IOS": "https://dc.lft.to/lastmile_qr_scan", "ANDROID": "https://dc.lft.to/lastmile_qr_scan", "ELECTRIC_BIKE_SURCHARGE_WAIVER": "NO", "EIGHTD_HAS_KEY_DISPENSER": "NO", "CAPACITY": 19, "RENTAL_METHODS": "KEY,CREDITCARD", "REGION_ID": "42", "REGION_NAME": "Washington, DC", "GIS_ID": null, "LATITUDE": 38.89846, "LONGITUDE": -77.053052, "GIS_LAST_MOD_DTTM": "2026-06-22T16:32:07Z", "OBJECTID": 357728690 }, "geometry": { "type": "Point", "coordinates": [ -77.053053903191682, 38.898470611165919 ] } },
{ "type": "Feature", "properties": { "NAME": "Montgomery Ave & Waverly St ", "STATION_TYPE": "classic", "STATION_ID": "0825756e-1f3f-11e7-bf6b-3863bb334450", "STATION_STATUS": null, "LAST_REPORTED": "2026-06-22T16:31:09Z", "NUM_DOCKS_AVAILABLE": 9, "NUM_DOCKS_DISABLED": 0, "NUM_BIKES_AVAILABLE": 2, "NUM_EBIKES_AVAILABLE": 0, "NUM_BIKES_DISABLED": 0, "IS_INSTALLED": "YES", "IS_RETURNING": "YES", "IS_RENTING": "YES", "HAS_KIOSK": "YES", "IOS": "https://dc.lft.to/lastmile_qr_scan", "ANDROID": "https://dc.lft.to/lastmile_qr_scan", "ELECTRIC_BIKE_SURCHARGE_WAIVER": "NO", "EIGHTD_HAS_KEY_DISPENSER": "NO", "CAPACITY": 11, "RENTAL_METHODS": "KEY,CREDITCARD", "REGION_ID": "44", "REGION_NAME": "Montgomery County, MD (South)", "GIS_ID": null, "LATITUDE": 38.983838, "LONGITUDE": -77.09221, "GIS_LAST_MOD_DTTM": "2026-06-22T16:32:07Z", "OBJECTID": 357728691 }, "geometry": { "type": "Point", "coordinates": [ -77.092209434272391, 38.983844906040197 ] } },
{ "type": "Feature", "properties": { "NAME": "29th & M St NW", "STATION_TYPE": "classic", "STATION_ID": "2092445515673610924", "STATION_STATUS": null, "LAST_REPORTED": "2026-06-22T16:31:10Z", "NUM_DOCKS_AVAILABLE": 1, "NUM_DOCKS_DISABLED": 0, "NUM_BIKES_AVAILABLE": 18, "NUM_EBIKES_AVAILABLE": 7, "NUM_BIKES_DISABLED": 1, "IS_INSTALLED": "YES", "IS_RETURNING": "YES", "IS_RENTING": "YES", "HAS_KIOSK": "NO", "IOS": "https://dc.lft.to/lastmile_qr_scan", "ANDROID": "https://dc.lft.to/lastmile_qr_scan", "ELECTRIC_BIKE_SURCHARGE_WAIVER": "NO", "EIGHTD_HAS_KEY_DISPENSER": "NO", "CAPACITY": 20, "RENTAL_METHODS": "KEY,CREDITCARD", "REGION_ID": "42", "REGION_NAME": "Washington, DC", "GIS_ID": null, "LATITUDE": 38.904942, "LONGITUDE": -77.058056, "GIS_LAST_MOD_DTTM": "2026-06-22T16:32:07Z", "OBJECTID": 357728692 }, "geometry": { "type": "Point", "coordinates": [ -77.05806231094175, 38.904954247897955 ] } },
{ "type": "Feature", "properties": { "NAME": "North Capitol & R St NE", "STATION_TYPE": "classic", "STATION_ID": "2a76806e-32b4-4ec6-a851-f73ba7dafda1", "STATION_STATUS": null, "LAST_REPORTED": "2026-06-22T16:31:09Z", "NUM_DOCKS_AVAILABLE": 15, "NUM_DOCKS_DISABLED": 0, "NUM_BIKES_AVAILABLE": 0, "NUM_EBIKES_AVAILABLE": 0, "NUM_BIKES_DISABLED": 0, "IS_INSTALLED": "YES", "IS_RETURNING": "YES", "IS_RENTING": "YES", "HAS_KIOSK": "YES", "IOS": "https://dc.lft.to/lastmile_qr_scan", "ANDROID": "https://dc.lft.to/lastmile_qr_scan", "ELECTRIC_BIKE_SURCHARGE_WAIVER": "NO", "EIGHTD_HAS_KEY_DISPENSER": "NO", "CAPACITY": 15, "RENTAL_METHODS": "KEY,CREDITCARD", "REGION_ID": "42", "REGION_NAME": "Washington, DC", "GIS_ID": null, "LATITUDE": 38.91256, "LONGITUDE": -77.008775, "GIS_LAST_MOD_DTTM": "2026-06-22T16:32:07Z", "OBJECTID": 357728693 }, "geometry": { "type": "Point", "coordinates": [ -77.0087767871848, 38.912571390862091 ] } },
{ "type": "Feature", "properties": { "NAME": "Jones Branch & Westbranch Dr", "STATION_TYPE": "classic", "STATION_ID": "082636d5-1f3f-11e7-bf6b-3863bb334450", "STATION_STATUS": null, "LAST_REPORTED": "2026-06-22T16:31:13Z", "NUM_DOCKS_AVAILABLE": 1, "NUM_DOCKS_DISABLED": 0, "NUM_BIKES_AVAILABLE": 12, "NUM_EBIKES_AVAILABLE": 0, "NUM_BIKES_DISABLED": 0, "IS_INSTALLED": "YES", "IS_RETURNING": "YES", "IS_RENTING": "YES", "HAS_KIOSK": "YES", "IOS": "https://dc.lft.to/lastmile_qr_scan", "ANDROID": "https://dc.lft.to/lastmile_qr_scan", "ELECTRIC_BIKE_SURCHARGE_WAIVER": "NO", "EIGHTD_HAS_KEY_DISPENSER": "NO", "CAPACITY": 13, "RENTAL_METHODS": "KEY,CREDITCARD", "REGION_ID": "104", "REGION_NAME": "Fairfax, VA", "GIS_ID": null, "LATITUDE": 38.931911, "LONGITUDE": -77.219261, "GIS_LAST_MOD_DTTM": "2026-06-22T16:32:07Z", "OBJECTID": 357728694 }, "geometry": { "type": "Point", "coordinates": [ -77.219263136708477, 38.931923116416094 ] } },
{ "type": "Feature", "properties": { "NAME": "10th St & Spring Rd NW", "STATION_TYPE": "classic", "STATION_ID": "63fa246c-6bed-41f0-97eb-d2d7888c1db0", "STATION_STATUS": null, "LAST_REPORTED": "2026-06-22T16:31:13Z", "NUM_DOCKS_AVAILABLE": 13, "NUM_DOCKS_DISABLED": 0, "NUM_BIKES_AVAILABLE": 2, "NUM_EBIKES_AVAILABLE": 0, "NUM_BIKES_DISABLED": 0, "IS_INSTALLED": "YES", "IS_RETURNING": "YES", "IS_RENTING": "YES", "HAS_KIOSK": "YES", "IOS": "https://dc.lft.to/lastmile_qr_scan", "ANDROID": "https://dc.lft.to/lastmile_qr_scan", "ELECTRIC_BIKE_SURCHARGE_WAIVER": "NO", "EIGHTD_HAS_KEY_DISPENSER": "NO", "CAPACITY": 15, "RENTAL_METHODS": "KEY,CREDITCARD", "REGION_ID": "42", "REGION_NAME": "Washington, DC", "GIS_ID": null, "LATITUDE": 38.936228, "LONGITUDE": -77.027163, "GIS_LAST_MOD_DTTM": "2026-06-22T16:32:07Z", "OBJECTID": 357728695 }, "geometry": { "type": "Point", "coordinates": [ -77.027164982724557, 38.93623342020458 ] } },
{ "type": "Feature", "properties": { "NAME": "Queens Chapel & Hamilton St", "STATION_TYPE": "classic", "STATION_ID": "27d919c7-7fda-41d1-9c05-2f537d5c4ce2", "STATION_STATUS": null, "LAST_REPORTED": "2026-06-22T16:31:14Z", "NUM_DOCKS_AVAILABLE": 1, "NUM_DOCKS_DISABLED": 0, "NUM_BIKES_AVAILABLE": 13, "NUM_EBIKES_AVAILABLE": 0, "NUM_BIKES_DISABLED": 1, "IS_INSTALLED": "YES", "IS_RETURNING": "YES", "IS_RENTING": "YES", "HAS_KIOSK": "YES", "IOS": "https://dc.lft.to/lastmile_qr_scan", "ANDROID": "https://dc.lft.to/lastmile_qr_scan", "ELECTRIC_BIKE_SURCHARGE_WAIVER": "NO", "EIGHTD_HAS_KEY_DISPENSER": "NO", "CAPACITY": 15, "RENTAL_METHODS": "KEY,CREDITCARD", "REGION_ID": "133", "REGION_NAME": "Prince George's County", "GIS_ID": null, "LATITUDE": 38.9546, "LONGITUDE": -76.9595, "GIS_LAST_MOD_DTTM": "2026-06-22T16:32:07Z", "OBJECTID": 357728696 }, "geometry": { "type": "Point", "coordinates": [ -76.959507321572161, 38.954606465536564 ] } },
{ "type": "Feature", "properties": { "NAME": "Eastern Market / 7th & North Carolina Ave SE", "STATION_TYPE": "classic", "STATION_ID": "08249a1c-1f3f-11e7-bf6b-3863bb334450", "STATION_STATUS": null, "LAST_REPORTED": "2026-06-22T16:31:14Z", "NUM_DOCKS_AVAILABLE": 12, "NUM_DOCKS_DISABLED": 0, "NUM_BIKES_AVAILABLE": 2, "NUM_EBIKES_AVAILABLE": 0, "NUM_BIKES_DISABLED": 1, "IS_INSTALLED": "YES", "IS_RETURNING": "YES", "IS_RENTING": "YES", "HAS_KIOSK": "YES", "IOS": "https://dc.lft.to/lastmile_qr_scan", "ANDROID": "https://dc.lft.to/lastmile_qr_scan", "ELECTRIC_BIKE_SURCHARGE_WAIVER": "NO", "EIGHTD_HAS_KEY_DISPENSER": "NO", "CAPACITY": 15, "RENTAL_METHODS": "KEY,CREDITCARD", "REGION_ID": "42", "REGION_NAME": "Washington, DC", "GIS_ID": null, "LATITUDE": 38.886952, "LONGITUDE": -76.996806, "GIS_LAST_MOD_DTTM": "2026-06-22T16:32:07Z", "OBJECTID": 357728697 }, "geometry": { "type": "Point", "coordinates": [ -76.99680955626954, 38.88696090796374 ] } },
{ "type": "Feature", "properties": { "NAME": "31st & M St NW", "STATION_TYPE": "classic", "STATION_ID": "2212287707819235400", "STATION_STATUS": null, "LAST_REPORTED": "2026-06-22T16:28:15Z", "NUM_DOCKS_AVAILABLE": 1, "NUM_DOCKS_DISABLED": 0, "NUM_BIKES_AVAILABLE": 11, "NUM_EBIKES_AVAILABLE": 4, "NUM_BIKES_DISABLED": 0, "IS_INSTALLED": "YES", "IS_RETURNING": "YES", "IS_RENTING": "YES", "HAS_KIOSK": "NO", "IOS": "https://dc.lft.to/lastmile_qr_scan", "ANDROID": "https://dc.lft.to/lastmile_qr_scan", "ELECTRIC_BIKE_SURCHARGE_WAIVER": "NO", "EIGHTD_HAS_KEY_DISPENSER": "NO", "CAPACITY": 12, "RENTAL_METHODS": "KEY,CREDITCARD", "REGION_ID": "42", "REGION_NAME": "Washington, DC", "GIS_ID": null, "LATITUDE": 38.904787, "LONGITUDE": -77.061076, "GIS_LAST_MOD_DTTM": "2026-06-22T16:32:07Z", "OBJECTID": 357728698 }, "geometry": { "type": "Point", "coordinates": [ -77.061082768321853, 38.904790557337662 ] } },
{ "type": "Feature", "properties": { "NAME": "4th & O St SW", "STATION_TYPE": "classic", "STATION_ID": "9c6fb0a8-d371-433f-b52e-ca47881156b3", "STATION_STATUS": null, "LAST_REPORTED": "2026-06-22T16:31:12Z", "NUM_DOCKS_AVAILABLE": 14, "NUM_DOCKS_DISABLED": 0, "NUM_BIKES_AVAILABLE": 0, "NUM_EBIKES_AVAILABLE": 0, "NUM_BIKES_DISABLED": 1, "IS_INSTALLED": "YES", "IS_RETURNING": "YES", "IS_RENTING": "YES", "HAS_KIOSK": "YES", "IOS": "https://dc.lft.to/lastmile_qr_scan", "ANDROID": "https://dc.lft.to/lastmile_qr_scan", "ELECTRIC_BIKE_SURCHARGE_WAIVER": "NO", "EIGHTD_HAS_KEY_DISPENSER": "NO", "CAPACITY": 15, "RENTAL_METHODS": "KEY,CREDITCARD", "REGION_ID": "42", "REGION_NAME": "Washington, DC", "GIS_ID": null, "LATITUDE": 38.872964, "LONGITUDE": -77.017585, "GIS_LAST_MOD_DTTM": "2026-06-22T16:32:07Z", "OBJECTID": 357728699 }, "geometry": { "type": "Point", "coordinates": [ -77.017587644328216, 38.872969593923479 ] } },
{ "type": "Feature", "properties": { "NAME": "Deanwood Rec Center", "STATION_TYPE": "classic", "STATION_ID": "0825baa3-1f3f-11e7-bf6b-3863bb334450", "STATION_STATUS": null, "LAST_REPORTED": "2026-06-22T16:31:11Z", "NUM_DOCKS_AVAILABLE": 12, "NUM_DOCKS_DISABLED": 0, "NUM_BIKES_AVAILABLE": 2, "NUM_EBIKES_AVAILABLE": 2, "NUM_BIKES_DISABLED": 1, "IS_INSTALLED": "YES", "IS_RETURNING": "YES", "IS_RENTING": "YES", "HAS_KIOSK": "YES", "IOS": "https://dc.lft.to/lastmile_qr_scan", "ANDROID": "https://dc.lft.to/lastmile_qr_scan", "ELECTRIC_BIKE_SURCHARGE_WAIVER": "NO", "EIGHTD_HAS_KEY_DISPENSER": "NO", "CAPACITY": 15, "RENTAL_METHODS": "KEY,CREDITCARD", "REGION_ID": "42", "REGION_NAME": "Washington, DC", "GIS_ID": null, "LATITUDE": 38.908473, "LONGITUDE": -76.933099, "GIS_LAST_MOD_DTTM": "2026-06-22T16:32:07Z", "OBJECTID": 357728700 }, "geometry": { "type": "Point", "coordinates": [ -76.933096207197508, 38.908480795504921 ] } },
{ "type": "Feature", "properties": { "NAME": "13th & E St SE", "STATION_TYPE": "classic", "STATION_ID": "082494e7-1f3f-11e7-bf6b-3863bb334450", "STATION_STATUS": null, "LAST_REPORTED": "2026-06-22T16:31:12Z", "NUM_DOCKS_AVAILABLE": 14, "NUM_DOCKS_DISABLED": 0, "NUM_BIKES_AVAILABLE": 1, "NUM_EBIKES_AVAILABLE": 0, "NUM_BIKES_DISABLED": 0, "IS_INSTALLED": "YES", "IS_RETURNING": "YES", "IS_RENTING": "YES", "HAS_KIOSK": "YES", "IOS": "https://dc.lft.to/lastmile_qr_scan", "ANDROID": "https://dc.lft.to/lastmile_qr_scan", "ELECTRIC_BIKE_SURCHARGE_WAIVER": "NO", "EIGHTD_HAS_KEY_DISPENSER": "NO", "CAPACITY": 15, "RENTAL_METHODS": "KEY,CREDITCARD", "REGION_ID": "42", "REGION_NAME": "Washington, DC", "GIS_ID": null, "LATITUDE": 38.882915, "LONGITUDE": -76.987907, "GIS_LAST_MOD_DTTM": "2026-06-22T16:32:07Z", "OBJECTID": 357728701 }, "geometry": { "type": "Point", "coordinates": [ -76.987912099759441, 38.882924570014325 ] } },
{ "type": "Feature", "properties": { "NAME": "W St & Shannon Pl SE", "STATION_TYPE": "classic", "STATION_ID": "2057213452968541050", "STATION_STATUS": null, "LAST_REPORTED": "2026-06-22T16:31:07Z", "NUM_DOCKS_AVAILABLE": 12, "NUM_DOCKS_DISABLED": 0, "NUM_BIKES_AVAILABLE": 0, "NUM_EBIKES_AVAILABLE": 0, "NUM_BIKES_DISABLED": 0, "IS_INSTALLED": "YES", "IS_RETURNING": "YES", "IS_RENTING": "YES", "HAS_KIOSK": "NO", "IOS": "https://dc.lft.to/lastmile_qr_scan", "ANDROID": "https://dc.lft.to/lastmile_qr_scan", "ELECTRIC_BIKE_SURCHARGE_WAIVER": "NO", "EIGHTD_HAS_KEY_DISPENSER": "NO", "CAPACITY": 12, "RENTAL_METHODS": "KEY,CREDITCARD", "REGION_ID": "42", "REGION_NAME": "Washington, DC", "GIS_ID": null, "LATITUDE": 38.865404, "LONGITUDE": -76.990779, "GIS_LAST_MOD_DTTM": "2026-06-22T16:32:07Z", "OBJECTID": 357728702 }, "geometry": { "type": "Point", "coordinates": [ -76.990784194768622, 38.865412500230889 ] } },
{ "type": "Feature", "properties": { "NAME": "14th & D St SE", "STATION_TYPE": "classic", "STATION_ID": "55fc40ce-5be9-4e45-9c84-daacced3c852", "STATION_STATUS": null, "LAST_REPORTED": "2026-06-22T16:31:08Z", "NUM_DOCKS_AVAILABLE": 16, "NUM_DOCKS_DISABLED": 0, "NUM_BIKES_AVAILABLE": 3, "NUM_EBIKES_AVAILABLE": 3, "NUM_BIKES_DISABLED": 0, "IS_INSTALLED": "YES", "IS_RETURNING": "YES", "IS_RENTING": "YES", "HAS_KIOSK": "YES", "IOS": "https://dc.lft.to/lastmile_qr_scan", "ANDROID": "https://dc.lft.to/lastmile_qr_scan", "ELECTRIC_BIKE_SURCHARGE_WAIVER": "NO", "EIGHTD_HAS_KEY_DISPENSER": "NO", "CAPACITY": 19, "RENTAL_METHODS": "KEY,CREDITCARD", "REGION_ID": "42", "REGION_NAME": "Washington, DC", "GIS_ID": null, "LATITUDE": 38.884058, "LONGITUDE": -76.986385, "GIS_LAST_MOD_DTTM": "2026-06-22T16:32:07Z", "OBJECTID": 357728703 }, "geometry": { "type": "Point", "coordinates": [ -76.98639052399912, 38.884068467756755 ] } },
{ "type": "Feature", "properties": { "NAME": "39th & Veazey St NW", "STATION_TYPE": "classic", "STATION_ID": "082544b7-1f3f-11e7-bf6b-3863bb334450", "STATION_STATUS": null, "LAST_REPORTED": "2026-06-22T16:31:09Z", "NUM_DOCKS_AVAILABLE": 10, "NUM_DOCKS_DISABLED": 0, "NUM_BIKES_AVAILABLE": 4, "NUM_EBIKES_AVAILABLE": 1, "NUM_BIKES_DISABLED": 1, "IS_INSTALLED": "YES", "IS_RETURNING": "YES", "IS_RENTING": "YES", "HAS_KIOSK": "YES", "IOS": "https://dc.lft.to/lastmile_qr_scan", "ANDROID": "https://dc.lft.to/lastmile_qr_scan", "ELECTRIC_BIKE_SURCHARGE_WAIVER": "NO", "EIGHTD_HAS_KEY_DISPENSER": "NO", "CAPACITY": 15, "RENTAL_METHODS": "KEY,CREDITCARD", "REGION_ID": "42", "REGION_NAME": "Washington, DC", "GIS_ID": null, "LATITUDE": 38.943837, "LONGITUDE": -77.077078, "GIS_LAST_MOD_DTTM": "2026-06-22T16:32:07Z", "OBJECTID": 357728704 }, "geometry": { "type": "Point", "coordinates": [ -77.07708106711695, 38.943841187161304 ] } },
{ "type": "Feature", "properties": { "NAME": "S Four Mile Run Dr & Walter Reed Dr", "STATION_TYPE": "classic", "STATION_ID": "08254d7e-1f3f-11e7-bf6b-3863bb334450", "STATION_STATUS": null, "LAST_REPORTED": "2026-06-22T16:31:10Z", "NUM_DOCKS_AVAILABLE": 5, "NUM_DOCKS_DISABLED": 0, "NUM_BIKES_AVAILABLE": 7, "NUM_EBIKES_AVAILABLE": 2, "NUM_BIKES_DISABLED": 0, "IS_INSTALLED": "YES", "IS_RETURNING": "YES", "IS_RENTING": "YES", "HAS_KIOSK": "YES", "IOS": "https://dc.lft.to/lastmile_qr_scan", "ANDROID": "https://dc.lft.to/lastmile_qr_scan", "ELECTRIC_BIKE_SURCHARGE_WAIVER": "NO", "EIGHTD_HAS_KEY_DISPENSER": "NO", "CAPACITY": 12, "RENTAL_METHODS": "KEY,CREDITCARD", "REGION_ID": "41", "REGION_NAME": "Arlington, VA", "GIS_ID": null, "LATITUDE": 38.84736, "LONGITUDE": -77.095431, "GIS_LAST_MOD_DTTM": "2026-06-22T16:32:07Z", "OBJECTID": 357728705 }, "geometry": { "type": "Point", "coordinates": [ -77.095431454789477, 38.847366007260909 ] } },
{ "type": "Feature", "properties": { "NAME": "MBT & Bryant St NE", "STATION_TYPE": "classic", "STATION_ID": "0627dc3c-5c62-4ab1-a6f0-3635c6f80d23", "STATION_STATUS": null, "LAST_REPORTED": "2026-06-22T16:31:05Z", "NUM_DOCKS_AVAILABLE": 15, "NUM_DOCKS_DISABLED": 0, "NUM_BIKES_AVAILABLE": 1, "NUM_EBIKES_AVAILABLE": 1, "NUM_BIKES_DISABLED": 3, "IS_INSTALLED": "YES", "IS_RETURNING": "YES", "IS_RENTING": "YES", "HAS_KIOSK": "YES", "IOS": "https://dc.lft.to/lastmile_qr_scan", "ANDROID": "https://dc.lft.to/lastmile_qr_scan", "ELECTRIC_BIKE_SURCHARGE_WAIVER": "NO", "EIGHTD_HAS_KEY_DISPENSER": "NO", "CAPACITY": 19, "RENTAL_METHODS": "KEY,CREDITCARD", "REGION_ID": "42", "REGION_NAME": "Washington, DC", "GIS_ID": null, "LATITUDE": 38.922404, "LONGITUDE": -76.996023, "GIS_LAST_MOD_DTTM": "2026-06-22T16:32:07Z", "OBJECTID": 357728706 }, "geometry": { "type": "Point", "coordinates": [ -76.996023807787253, 38.922408751231025 ] } },
{ "type": "Feature", "properties": { "NAME": "18th St & Pennsylvania Ave NW", "STATION_TYPE": "classic", "STATION_ID": "08250172-1f3f-11e7-bf6b-3863bb334450", "STATION_STATUS": null, "LAST_REPORTED": "2026-06-22T16:29:45Z", "NUM_DOCKS_AVAILABLE": 1, "NUM_DOCKS_DISABLED": 0, "NUM_BIKES_AVAILABLE": 22, "NUM_EBIKES_AVAILABLE": 15, "NUM_BIKES_DISABLED": 1, "IS_INSTALLED": "YES", "IS_RETURNING": "YES", "IS_RENTING": "YES", "HAS_KIOSK": "NO", "IOS": "https://dc.lft.to/lastmile_qr_scan", "ANDROID": "https://dc.lft.to/lastmile_qr_scan", "ELECTRIC_BIKE_SURCHARGE_WAIVER": "NO", "EIGHTD_HAS_KEY_DISPENSER": "NO", "CAPACITY": 24, "RENTAL_METHODS": "KEY,CREDITCARD", "REGION_ID": "42", "REGION_NAME": "Washington, DC", "GIS_ID": null, "LATITUDE": 38.89968, "LONGITUDE": -77.041539, "GIS_LAST_MOD_DTTM": "2026-06-22T16:32:07Z", "OBJECTID": 357728707 }, "geometry": { "type": "Point", "coordinates": [ -77.041538192459811, 38.899691402560869 ] } },
{ "type": "Feature", "properties": { "NAME": "14th & Belmont St NW", "STATION_TYPE": "classic", "STATION_ID": "08258d95-1f3f-11e7-bf6b-3863bb334450", "STATION_STATUS": null, "LAST_REPORTED": "2026-06-22T16:31:08Z", "NUM_DOCKS_AVAILABLE": 22, "NUM_DOCKS_DISABLED": 0, "NUM_BIKES_AVAILABLE": 1, "NUM_EBIKES_AVAILABLE": 1, "NUM_BIKES_DISABLED": 0, "IS_INSTALLED": "YES", "IS_RETURNING": "YES", "IS_RENTING": "YES", "HAS_KIOSK": "NO", "IOS": "https://dc.lft.to/lastmile_qr_scan", "ANDROID": "https://dc.lft.to/lastmile_qr_scan", "ELECTRIC_BIKE_SURCHARGE_WAIVER": "NO", "EIGHTD_HAS_KEY_DISPENSER": "NO", "CAPACITY": 24, "RENTAL_METHODS": "KEY,CREDITCARD", "REGION_ID": "42", "REGION_NAME": "Washington, DC", "GIS_ID": null, "LATITUDE": 38.921074, "LONGITUDE": -77.031887, "GIS_LAST_MOD_DTTM": "2026-06-22T16:32:07Z", "OBJECTID": 357728708 }, "geometry": { "type": "Point", "coordinates": [ -77.031887167497558, 38.921080244020452 ] } },
{ "type": "Feature", "properties": { "NAME": "20th St & Columbia Rd NW", "STATION_TYPE": "classic", "STATION_ID": "7346145e-f487-4f07-acb8-ed3e0b8b56bb", "STATION_STATUS": null, "LAST_REPORTED": "2026-06-22T16:30:51Z", "NUM_DOCKS_AVAILABLE": 18, "NUM_DOCKS_DISABLED": 0, "NUM_BIKES_AVAILABLE": 0, "NUM_EBIKES_AVAILABLE": 0, "NUM_BIKES_DISABLED": 1, "IS_INSTALLED": "YES", "IS_RETURNING": "YES", "IS_RENTING": "YES", "HAS_KIOSK": "YES", "IOS": "https://dc.lft.to/lastmile_qr_scan", "ANDROID": "https://dc.lft.to/lastmile_qr_scan", "ELECTRIC_BIKE_SURCHARGE_WAIVER": "NO", "EIGHTD_HAS_KEY_DISPENSER": "NO", "CAPACITY": 19, "RENTAL_METHODS": "KEY,CREDITCARD", "REGION_ID": "42", "REGION_NAME": "Washington, DC", "GIS_ID": null, "LATITUDE": 38.918103, "LONGITUDE": -77.045469, "GIS_LAST_MOD_DTTM": "2026-06-22T16:32:07Z", "OBJECTID": 357728709 }, "geometry": { "type": "Point", "coordinates": [ -77.045469504308883, 38.918112007923639 ] } },
{ "type": "Feature", "properties": { "NAME": "Rockville Metro West", "STATION_TYPE": "classic", "STATION_ID": "0825f1f7-1f3f-11e7-bf6b-3863bb334450", "STATION_STATUS": null, "LAST_REPORTED": "2026-06-22T16:31:07Z", "NUM_DOCKS_AVAILABLE": 15, "NUM_DOCKS_DISABLED": 0, "NUM_BIKES_AVAILABLE": 3, "NUM_EBIKES_AVAILABLE": 0, "NUM_BIKES_DISABLED": 0, "IS_INSTALLED": "YES", "IS_RETURNING": "YES", "IS_RENTING": "YES", "HAS_KIOSK": "YES", "IOS": "https://dc.lft.to/lastmile_qr_scan", "ANDROID": "https://dc.lft.to/lastmile_qr_scan", "ELECTRIC_BIKE_SURCHARGE_WAIVER": "NO", "EIGHTD_HAS_KEY_DISPENSER": "NO", "CAPACITY": 19, "RENTAL_METHODS": "KEY,CREDITCARD", "REGION_ID": "43", "REGION_NAME": "Montgomery County, MD (North)", "GIS_ID": null, "LATITUDE": 39.084379, "LONGITUDE": -77.146866, "GIS_LAST_MOD_DTTM": "2026-06-22T16:32:07Z", "OBJECTID": 357728710 }, "geometry": { "type": "Point", "coordinates": [ -77.146870760418892, 39.084382824444454 ] } },
{ "type": "Feature", "properties": { "NAME": "N Veitch St & Key Blvd", "STATION_TYPE": "classic", "STATION_ID": "082524a2-1f3f-11e7-bf6b-3863bb334450", "STATION_STATUS": null, "LAST_REPORTED": "2026-06-22T16:31:00Z", "NUM_DOCKS_AVAILABLE": 11, "NUM_DOCKS_DISABLED": 0, "NUM_BIKES_AVAILABLE": 1, "NUM_EBIKES_AVAILABLE": 0, "NUM_BIKES_DISABLED": 0, "IS_INSTALLED": "YES", "IS_RETURNING": "YES", "IS_RENTING": "YES", "HAS_KIOSK": "YES", "IOS": "https://dc.lft.to/lastmile_qr_scan", "ANDROID": "https://dc.lft.to/lastmile_qr_scan", "ELECTRIC_BIKE_SURCHARGE_WAIVER": "NO", "EIGHTD_HAS_KEY_DISPENSER": "NO", "CAPACITY": 12, "RENTAL_METHODS": "KEY,CREDITCARD", "REGION_ID": "41", "REGION_NAME": "Arlington, VA", "GIS_ID": null, "LATITUDE": 38.893237, "LONGITUDE": -77.086063, "GIS_LAST_MOD_DTTM": "2026-06-22T16:32:07Z", "OBJECTID": 357728711 }, "geometry": { "type": "Point", "coordinates": [ -77.086063650407866, 38.893244117209335 ] } },
{ "type": "Feature", "properties": { "NAME": "12th St & New York Ave NW", "STATION_TYPE": "classic", "STATION_ID": "b554d2fc-8912-4730-b2cb-9a3e1a96b223", "STATION_STATUS": null, "LAST_REPORTED": "2026-06-22T16:31:14Z", "NUM_DOCKS_AVAILABLE": 5, "NUM_DOCKS_DISABLED": 0, "NUM_BIKES_AVAILABLE": 21, "NUM_EBIKES_AVAILABLE": 13, "NUM_BIKES_DISABLED": 1, "IS_INSTALLED": "YES", "IS_RETURNING": "YES", "IS_RENTING": "YES", "HAS_KIOSK": "YES", "IOS": "https://dc.lft.to/lastmile_qr_scan", "ANDROID": "https://dc.lft.to/lastmile_qr_scan", "ELECTRIC_BIKE_SURCHARGE_WAIVER": "NO", "EIGHTD_HAS_KEY_DISPENSER": "NO", "CAPACITY": 27, "RENTAL_METHODS": "KEY,CREDITCARD", "REGION_ID": "42", "REGION_NAME": "Washington, DC", "GIS_ID": null, "LATITUDE": 38.901104, "LONGITUDE": -77.028061, "GIS_LAST_MOD_DTTM": "2026-06-22T16:32:07Z", "OBJECTID": 357728712 }, "geometry": { "type": "Point", "coordinates": [ -77.028062347610017, 38.901109729620849 ] } },
{ "type": "Feature", "properties": { "NAME": "Columbia Pike & Carlin Springs Rd", "STATION_TYPE": "classic", "STATION_ID": "2215553632310562096", "STATION_STATUS": null, "LAST_REPORTED": "2026-06-22T16:31:15Z", "NUM_DOCKS_AVAILABLE": 9, "NUM_DOCKS_DISABLED": 0, "NUM_BIKES_AVAILABLE": 1, "NUM_EBIKES_AVAILABLE": 0, "NUM_BIKES_DISABLED": 1, "IS_INSTALLED": "YES", "IS_RETURNING": "YES", "IS_RENTING": "YES", "HAS_KIOSK": "YES", "IOS": "https://dc.lft.to/lastmile_qr_scan", "ANDROID": "https://dc.lft.to/lastmile_qr_scan", "ELECTRIC_BIKE_SURCHARGE_WAIVER": "NO", "EIGHTD_HAS_KEY_DISPENSER": "NO", "CAPACITY": 11, "RENTAL_METHODS": "KEY,CREDITCARD", "REGION_ID": "104", "REGION_NAME": "Fairfax, VA", "GIS_ID": null, "LATITUDE": 38.853359, "LONGITUDE": -77.122361, "GIS_LAST_MOD_DTTM": "2026-06-22T16:32:07Z", "OBJECTID": 357728713 }, "geometry": { "type": "Point", "coordinates": [ -77.122363289464047, 38.853367533287013 ] } },
{ "type": "Feature", "properties": { "NAME": "Henry Bacon Dr & Lincoln Memorial Circle NW", "STATION_TYPE": "classic", "STATION_ID": "0826233f-1f3f-11e7-bf6b-3863bb334450", "STATION_STATUS": null, "LAST_REPORTED": "2026-06-22T16:31:15Z", "NUM_DOCKS_AVAILABLE": 13, "NUM_DOCKS_DISABLED": 0, "NUM_BIKES_AVAILABLE": 8, "NUM_EBIKES_AVAILABLE": 0, "NUM_BIKES_DISABLED": 0, "IS_INSTALLED": "YES", "IS_RETURNING": "YES", "IS_RENTING": "YES", "HAS_KIOSK": "NO", "IOS": "https://dc.lft.to/lastmile_qr_scan", "ANDROID": "https://dc.lft.to/lastmile_qr_scan", "ELECTRIC_BIKE_SURCHARGE_WAIVER": "NO", "EIGHTD_HAS_KEY_DISPENSER": "NO", "CAPACITY": 21, "RENTAL_METHODS": "KEY,CREDITCARD", "REGION_ID": "42", "REGION_NAME": "Washington, DC", "GIS_ID": null, "LATITUDE": 38.890539, "LONGITUDE": -77.049383, "GIS_LAST_MOD_DTTM": "2026-06-22T16:32:07Z", "OBJECTID": 357728714 }, "geometry": { "type": "Point", "coordinates": [ -77.049382528310289, 38.890544854907624 ] } },
{ "type": "Feature", "properties": { "NAME": "Hyattsville Library / Adelphi Rd & Toledo Rd", "STATION_TYPE": "classic", "STATION_ID": "bcb21167-85ed-4374-8807-d9409aaa01a5", "STATION_STATUS": null, "LAST_REPORTED": "2026-06-22T16:31:18Z", "NUM_DOCKS_AVAILABLE": 11, "NUM_DOCKS_DISABLED": 0, "NUM_BIKES_AVAILABLE": 4, "NUM_EBIKES_AVAILABLE": 0, "NUM_BIKES_DISABLED": 0, "IS_INSTALLED": "YES", "IS_RETURNING": "YES", "IS_RENTING": "YES", "HAS_KIOSK": "YES", "IOS": "https://dc.lft.to/lastmile_qr_scan", "ANDROID": "https://dc.lft.to/lastmile_qr_scan", "ELECTRIC_BIKE_SURCHARGE_WAIVER": "NO", "EIGHTD_HAS_KEY_DISPENSER": "NO", "CAPACITY": 15, "RENTAL_METHODS": "KEY,CREDITCARD", "REGION_ID": "133", "REGION_NAME": "Prince George's County", "GIS_ID": null, "LATITUDE": 38.9698, "LONGITUDE": -76.9493, "GIS_LAST_MOD_DTTM": "2026-06-22T16:32:07Z", "OBJECTID": 357728715 }, "geometry": { "type": "Point", "coordinates": [ -76.949297775637348, 38.96980842002155 ] } },
{ "type": "Feature", "properties": { "NAME": "Pimmit Dr & Idyl Ln", "STATION_TYPE": "classic", "STATION_ID": "4b55ad18-eb2e-47b5-aaeb-aefd6ad856fd", "STATION_STATUS": null, "LAST_REPORTED": "2026-06-22T16:31:16Z", "NUM_DOCKS_AVAILABLE": 9, "NUM_DOCKS_DISABLED": 0, "NUM_BIKES_AVAILABLE": 3, "NUM_EBIKES_AVAILABLE": 0, "NUM_BIKES_DISABLED": 0, "IS_INSTALLED": "YES", "IS_RETURNING": "YES", "IS_RENTING": "YES", "HAS_KIOSK": "YES", "IOS": "https://dc.lft.to/lastmile_qr_scan", "ANDROID": "https://dc.lft.to/lastmile_qr_scan", "ELECTRIC_BIKE_SURCHARGE_WAIVER": "NO", "EIGHTD_HAS_KEY_DISPENSER": "NO", "CAPACITY": 12, "RENTAL_METHODS": "KEY,CREDITCARD", "REGION_ID": "104", "REGION_NAME": "Fairfax, VA", "GIS_ID": null, "LATITUDE": 38.897692, "LONGITUDE": -77.207261, "GIS_LAST_MOD_DTTM": "2026-06-22T16:32:07Z", "OBJECTID": 357728716 }, "geometry": { "type": "Point", "coordinates": [ -77.207261212201061, 38.897704243112287 ] } },
{ "type": "Feature", "properties": { "NAME": "South Capitol St and Southern Ave SE", "STATION_TYPE": "classic", "STATION_ID": "9973e0f4-23dd-4b50-9ef4-8408fa8a1105", "STATION_STATUS": null, "LAST_REPORTED": "2026-06-22T16:31:16Z", "NUM_DOCKS_AVAILABLE": 12, "NUM_DOCKS_DISABLED": 0, "NUM_BIKES_AVAILABLE": 3, "NUM_EBIKES_AVAILABLE": 0, "NUM_BIKES_DISABLED": 0, "IS_INSTALLED": "YES", "IS_RETURNING": "YES", "IS_RENTING": "YES", "HAS_KIOSK": "YES", "IOS": "https://dc.lft.to/lastmile_qr_scan", "ANDROID": "https://dc.lft.to/lastmile_qr_scan", "ELECTRIC_BIKE_SURCHARGE_WAIVER": "NO", "EIGHTD_HAS_KEY_DISPENSER": "NO", "CAPACITY": 15, "RENTAL_METHODS": "KEY,CREDITCARD", "REGION_ID": "42", "REGION_NAME": "Washington, DC", "GIS_ID": null, "LATITUDE": 38.821563, "LONGITUDE": -77.001095, "GIS_LAST_MOD_DTTM": "2026-06-22T16:32:07Z", "OBJECTID": 357728717 }, "geometry": { "type": "Point", "coordinates": [ -77.001096254503807, 38.821568747691458 ] } },
{ "type": "Feature", "properties": { "NAME": "Columbia Pike & S Greenbrier St", "STATION_TYPE": "classic", "STATION_ID": "f0d7675e-2ce0-41e7-94f5-28ca712fa456", "STATION_STATUS": null, "LAST_REPORTED": "2026-06-22T16:31:16Z", "NUM_DOCKS_AVAILABLE": 13, "NUM_DOCKS_DISABLED": 0, "NUM_BIKES_AVAILABLE": 1, "NUM_EBIKES_AVAILABLE": 1, "NUM_BIKES_DISABLED": 1, "IS_INSTALLED": "YES", "IS_RETURNING": "YES", "IS_RENTING": "YES", "HAS_KIOSK": "YES", "IOS": "https://dc.lft.to/lastmile_qr_scan", "ANDROID": "https://dc.lft.to/lastmile_qr_scan", "ELECTRIC_BIKE_SURCHARGE_WAIVER": "NO", "EIGHTD_HAS_KEY_DISPENSER": "NO", "CAPACITY": 15, "RENTAL_METHODS": "KEY,CREDITCARD", "REGION_ID": "41", "REGION_NAME": "Arlington, VA", "GIS_ID": null, "LATITUDE": 38.854019, "LONGITUDE": -77.118106, "GIS_LAST_MOD_DTTM": "2026-06-22T16:32:07Z", "OBJECTID": 357728718 }, "geometry": { "type": "Point", "coordinates": [ -77.118113256166694, 38.854029526596563 ] } },
{ "type": "Feature", "properties": { "NAME": "16th & Bangor St SE", "STATION_TYPE": "classic", "STATION_ID": "7c790f6e-7889-4c3c-97d6-ffd37e68bb2d", "STATION_STATUS": null, "LAST_REPORTED": "2026-06-22T16:31:16Z", "NUM_DOCKS_AVAILABLE": 14, "NUM_DOCKS_DISABLED": 0, "NUM_BIKES_AVAILABLE": 1, "NUM_EBIKES_AVAILABLE": 0, "NUM_BIKES_DISABLED": 0, "IS_INSTALLED": "YES", "IS_RETURNING": "YES", "IS_RENTING": "YES", "HAS_KIOSK": "YES", "IOS": "https://dc.lft.to/lastmile_qr_scan", "ANDROID": "https://dc.lft.to/lastmile_qr_scan", "ELECTRIC_BIKE_SURCHARGE_WAIVER": "NO", "EIGHTD_HAS_KEY_DISPENSER": "NO", "CAPACITY": 15, "RENTAL_METHODS": "KEY,CREDITCARD", "REGION_ID": "42", "REGION_NAME": "Washington, DC", "GIS_ID": null, "LATITUDE": 38.86044, "LONGITUDE": -76.983585, "GIS_LAST_MOD_DTTM": "2026-06-22T16:32:07Z", "OBJECTID": 357728719 }, "geometry": { "type": "Point", "coordinates": [ -76.98358370626741, 38.860448071531955 ] } },
{ "type": "Feature", "properties": { "NAME": "3000 Connecticut Ave NW / National Zoo", "STATION_TYPE": "classic", "STATION_ID": "0825180e-1f3f-11e7-bf6b-3863bb334450", "STATION_STATUS": null, "LAST_REPORTED": "2026-06-22T16:31:17Z", "NUM_DOCKS_AVAILABLE": 14, "NUM_DOCKS_DISABLED": 0, "NUM_BIKES_AVAILABLE": 2, "NUM_EBIKES_AVAILABLE": 2, "NUM_BIKES_DISABLED": 0, "IS_INSTALLED": "YES", "IS_RETURNING": "YES", "IS_RENTING": "YES", "HAS_KIOSK": "NO", "IOS": "https://dc.lft.to/lastmile_qr_scan", "ANDROID": "https://dc.lft.to/lastmile_qr_scan", "ELECTRIC_BIKE_SURCHARGE_WAIVER": "NO", "EIGHTD_HAS_KEY_DISPENSER": "NO", "CAPACITY": 16, "RENTAL_METHODS": "KEY,CREDITCARD", "REGION_ID": "42", "REGION_NAME": "Washington, DC", "GIS_ID": null, "LATITUDE": 38.930282, "LONGITUDE": -77.055599, "GIS_LAST_MOD_DTTM": "2026-06-22T16:32:07Z", "OBJECTID": 357728720 }, "geometry": { "type": "Point", "coordinates": [ -77.05560332458262, 38.930286876601933 ] } },
{ "type": "Feature", "properties": { "NAME": "13th St & New York Ave NW", "STATION_TYPE": "classic", "STATION_ID": "0824aa39-1f3f-11e7-bf6b-3863bb334450", "STATION_STATUS": null, "LAST_REPORTED": "2026-06-22T16:31:17Z", "NUM_DOCKS_AVAILABLE": 12, "NUM_DOCKS_DISABLED": 0, "NUM_BIKES_AVAILABLE": 15, "NUM_EBIKES_AVAILABLE": 8, "NUM_BIKES_DISABLED": 0, "IS_INSTALLED": "YES", "IS_RETURNING": "YES", "IS_RENTING": "YES", "HAS_KIOSK": "YES", "IOS": "https://dc.lft.to/lastmile_qr_scan", "ANDROID": "https://dc.lft.to/lastmile_qr_scan", "ELECTRIC_BIKE_SURCHARGE_WAIVER": "NO", "EIGHTD_HAS_KEY_DISPENSER": "NO", "CAPACITY": 27, "RENTAL_METHODS": "KEY,CREDITCARD", "REGION_ID": "42", "REGION_NAME": "Washington, DC", "GIS_ID": null, "LATITUDE": 38.900283, "LONGITUDE": -77.029822, "GIS_LAST_MOD_DTTM": "2026-06-22T16:32:07Z", "OBJECTID": 357728721 }, "geometry": { "type": "Point", "coordinates": [ -77.029825846035749, 38.900289531947422 ] } },
{ "type": "Feature", "properties": { "NAME": "22nd & I St NW / Foggy Bottom", "STATION_TYPE": "classic", "STATION_ID": "08254037-1f3f-11e7-bf6b-3863bb334450", "STATION_STATUS": null, "LAST_REPORTED": "2026-06-22T16:31:17Z", "NUM_DOCKS_AVAILABLE": 7, "NUM_DOCKS_DISABLED": 0, "NUM_BIKES_AVAILABLE": 25, "NUM_EBIKES_AVAILABLE": 10, "NUM_BIKES_DISABLED": 0, "IS_INSTALLED": "YES", "IS_RETURNING": "YES", "IS_RENTING": "YES", "HAS_KIOSK": "NO", "IOS": "https://dc.lft.to/lastmile_qr_scan", "ANDROID": "https://dc.lft.to/lastmile_qr_scan", "ELECTRIC_BIKE_SURCHARGE_WAIVER": "NO", "EIGHTD_HAS_KEY_DISPENSER": "NO", "CAPACITY": 32, "RENTAL_METHODS": "KEY,CREDITCARD", "REGION_ID": "42", "REGION_NAME": "Washington, DC", "GIS_ID": null, "LATITUDE": 38.90088, "LONGITUDE": -77.048911, "GIS_LAST_MOD_DTTM": "2026-06-22T16:32:07Z", "OBJECTID": 357728722 }, "geometry": { "type": "Point", "coordinates": [ -77.048917026023261, 38.900886657779466 ] } },
{ "type": "Feature", "properties": { "NAME": "21st St & Pennsylvania Ave NW", "STATION_TYPE": "classic", "STATION_ID": "0825388d-1f3f-11e7-bf6b-3863bb334450", "STATION_STATUS": null, "LAST_REPORTED": "2026-06-22T16:31:16Z", "NUM_DOCKS_AVAILABLE": 0, "NUM_DOCKS_DISABLED": 0, "NUM_BIKES_AVAILABLE": 19, "NUM_EBIKES_AVAILABLE": 16, "NUM_BIKES_DISABLED": 1, "IS_INSTALLED": "YES", "IS_RETURNING": "YES", "IS_RENTING": "YES", "HAS_KIOSK": "NO", "IOS": "https://dc.lft.to/lastmile_qr_scan", "ANDROID": "https://dc.lft.to/lastmile_qr_scan", "ELECTRIC_BIKE_SURCHARGE_WAIVER": "NO", "EIGHTD_HAS_KEY_DISPENSER": "NO", "CAPACITY": 20, "RENTAL_METHODS": "KEY,CREDITCARD", "REGION_ID": "42", "REGION_NAME": "Washington, DC", "GIS_ID": null, "LATITUDE": 38.901539, "LONGITUDE": -77.046564, "GIS_LAST_MOD_DTTM": "2026-06-22T16:32:07Z", "OBJECTID": 357728723 }, "geometry": { "type": "Point", "coordinates": [ -77.046565674580734, 38.901545228957751 ] } },
{ "type": "Feature", "properties": { "NAME": "15th & K St NW", "STATION_TYPE": "classic", "STATION_ID": "08253b2b-1f3f-11e7-bf6b-3863bb334450", "STATION_STATUS": null, "LAST_REPORTED": "2026-06-22T16:31:05Z", "NUM_DOCKS_AVAILABLE": 3, "NUM_DOCKS_DISABLED": 0, "NUM_BIKES_AVAILABLE": 21, "NUM_EBIKES_AVAILABLE": 9, "NUM_BIKES_DISABLED": 3, "IS_INSTALLED": "YES", "IS_RETURNING": "YES", "IS_RENTING": "YES", "HAS_KIOSK": "YES", "IOS": "https://dc.lft.to/lastmile_qr_scan", "ANDROID": "https://dc.lft.to/lastmile_qr_scan", "ELECTRIC_BIKE_SURCHARGE_WAIVER": "NO", "EIGHTD_HAS_KEY_DISPENSER": "NO", "CAPACITY": 27, "RENTAL_METHODS": "KEY,CREDITCARD", "REGION_ID": "42", "REGION_NAME": "Washington, DC", "GIS_ID": null, "LATITUDE": 38.902, "LONGITUDE": -77.03353, "GIS_LAST_MOD_DTTM": "2026-06-22T16:32:07Z", "OBJECTID": 357728724 }, "geometry": { "type": "Point", "coordinates": [ -77.033527220188219, 38.902009124844369 ] } },
{ "type": "Feature", "properties": { "NAME": "10th & G St NW", "STATION_TYPE": "classic", "STATION_ID": "0825f622-1f3f-11e7-bf6b-3863bb334450", "STATION_STATUS": null, "LAST_REPORTED": "2026-06-22T16:30:30Z", "NUM_DOCKS_AVAILABLE": 0, "NUM_DOCKS_DISABLED": 0, "NUM_BIKES_AVAILABLE": 1, "NUM_EBIKES_AVAILABLE": 0, "NUM_BIKES_DISABLED": 14, "IS_INSTALLED": "YES", "IS_RETURNING": "YES", "IS_RENTING": "YES", "HAS_KIOSK": "YES", "IOS": "https://dc.lft.to/lastmile_qr_scan", "ANDROID": "https://dc.lft.to/lastmile_qr_scan", "ELECTRIC_BIKE_SURCHARGE_WAIVER": "NO", "EIGHTD_HAS_KEY_DISPENSER": "NO", "CAPACITY": 1, "RENTAL_METHODS": "KEY,CREDITCARD", "REGION_ID": "42", "REGION_NAME": "Washington, DC", "GIS_ID": null, "LATITUDE": 38.898243, "LONGITUDE": -77.026235, "GIS_LAST_MOD_DTTM": "2026-06-22T16:32:07Z", "OBJECTID": 357728725 }, "geometry": { "type": "Point", "coordinates": [ -77.026239813987743, 38.898254502729209 ] } },
{ "type": "Feature", "properties": { "NAME": "18th & L St NW", "STATION_TYPE": "classic", "STATION_ID": "0824a5b0-1f3f-11e7-bf6b-3863bb334450", "STATION_STATUS": null, "LAST_REPORTED": "2026-06-22T16:30:20Z", "NUM_DOCKS_AVAILABLE": 7, "NUM_DOCKS_DISABLED": 0, "NUM_BIKES_AVAILABLE": 11, "NUM_EBIKES_AVAILABLE": 2, "NUM_BIKES_DISABLED": 1, "IS_INSTALLED": "YES", "IS_RETURNING": "YES", "IS_RENTING": "YES", "HAS_KIOSK": "YES", "IOS": "https://dc.lft.to/lastmile_qr_scan", "ANDROID": "https://dc.lft.to/lastmile_qr_scan", "ELECTRIC_BIKE_SURCHARGE_WAIVER": "NO", "EIGHTD_HAS_KEY_DISPENSER": "NO", "CAPACITY": 19, "RENTAL_METHODS": "KEY,CREDITCARD", "REGION_ID": "42", "REGION_NAME": "Washington, DC", "GIS_ID": null, "LATITUDE": 38.903741, "LONGITUDE": -77.042452, "GIS_LAST_MOD_DTTM": "2026-06-22T16:32:07Z", "OBJECTID": 357728726 }, "geometry": { "type": "Point", "coordinates": [ -77.042451328344967, 38.903744835617687 ] } },
{ "type": "Feature", "properties": { "NAME": "22nd & H St NW", "STATION_TYPE": "classic", "STATION_ID": "d325a449-32d7-488d-b746-9455ad003834", "STATION_STATUS": null, "LAST_REPORTED": "2026-06-22T16:30:50Z", "NUM_DOCKS_AVAILABLE": 9, "NUM_DOCKS_DISABLED": 0, "NUM_BIKES_AVAILABLE": 8, "NUM_EBIKES_AVAILABLE": 1, "NUM_BIKES_DISABLED": 0, "IS_INSTALLED": "YES", "IS_RETURNING": "YES", "IS_RENTING": "YES", "HAS_KIOSK": "YES", "IOS": "https://dc.lft.to/lastmile_qr_scan", "ANDROID": "https://dc.lft.to/lastmile_qr_scan", "ELECTRIC_BIKE_SURCHARGE_WAIVER": "NO", "EIGHTD_HAS_KEY_DISPENSER": "NO", "CAPACITY": 17, "RENTAL_METHODS": "KEY,CREDITCARD", "REGION_ID": "42", "REGION_NAME": "Washington, DC", "GIS_ID": null, "LATITUDE": 38.898925, "LONGITUDE": -77.048852, "GIS_LAST_MOD_DTTM": "2026-06-22T16:32:07Z", "OBJECTID": 357728727 }, "geometry": { "type": "Point", "coordinates": [ -77.048858045387973, 38.898931867966851 ] } },
{ "type": "Feature", "properties": { "NAME": "Library St & Freedom Dr", "STATION_TYPE": "classic", "STATION_ID": "08263b6d-1f3f-11e7-bf6b-3863bb334450", "STATION_STATUS": null, "LAST_REPORTED": "2026-06-22T16:29:20Z", "NUM_DOCKS_AVAILABLE": 3, "NUM_DOCKS_DISABLED": 0, "NUM_BIKES_AVAILABLE": 11, "NUM_EBIKES_AVAILABLE": 0, "NUM_BIKES_DISABLED": 1, "IS_INSTALLED": "YES", "IS_RETURNING": "YES", "IS_RENTING": "YES", "HAS_KIOSK": "YES", "IOS": "https://dc.lft.to/lastmile_qr_scan", "ANDROID": "https://dc.lft.to/lastmile_qr_scan", "ELECTRIC_BIKE_SURCHARGE_WAIVER": "NO", "EIGHTD_HAS_KEY_DISPENSER": "NO", "CAPACITY": 15, "RENTAL_METHODS": "KEY,CREDITCARD", "REGION_ID": "104", "REGION_NAME": "Fairfax, VA", "GIS_ID": null, "LATITUDE": 38.959633, "LONGITUDE": -77.358741, "GIS_LAST_MOD_DTTM": "2026-06-22T16:32:07Z", "OBJECTID": 357728728 }, "geometry": { "type": "Point", "coordinates": [ -77.358737775901105, 38.959639254755928 ] } },
{ "type": "Feature", "properties": { "NAME": "Briggs Chaney & Castle Dr", "STATION_TYPE": "classic", "STATION_ID": "5075ddc9-7546-44a6-9445-0a48a53267df", "STATION_STATUS": null, "LAST_REPORTED": "2026-06-22T16:29:19Z", "NUM_DOCKS_AVAILABLE": 19, "NUM_DOCKS_DISABLED": 0, "NUM_BIKES_AVAILABLE": 0, "NUM_EBIKES_AVAILABLE": 0, "NUM_BIKES_DISABLED": 0, "IS_INSTALLED": "YES", "IS_RETURNING": "YES", "IS_RENTING": "YES", "HAS_KIOSK": "YES", "IOS": "https://dc.lft.to/lastmile_qr_scan", "ANDROID": "https://dc.lft.to/lastmile_qr_scan", "ELECTRIC_BIKE_SURCHARGE_WAIVER": "NO", "EIGHTD_HAS_KEY_DISPENSER": "NO", "CAPACITY": 19, "RENTAL_METHODS": "KEY,CREDITCARD", "REGION_ID": "44", "REGION_NAME": "Montgomery County, MD (South)", "GIS_ID": null, "LATITUDE": 39.081638, "LONGITUDE": -76.945495, "GIS_LAST_MOD_DTTM": "2026-06-22T16:32:07Z", "OBJECTID": 357728729 }, "geometry": { "type": "Point", "coordinates": [ -76.945496530005528, 39.081642717480747 ] } },
{ "type": "Feature", "properties": { "NAME": "Reston YMCA", "STATION_TYPE": "classic", "STATION_ID": "08263f4a-1f3f-11e7-bf6b-3863bb334450", "STATION_STATUS": null, "LAST_REPORTED": "2026-06-22T16:29:22Z", "NUM_DOCKS_AVAILABLE": 5, "NUM_DOCKS_DISABLED": 0, "NUM_BIKES_AVAILABLE": 9, "NUM_EBIKES_AVAILABLE": 0, "NUM_BIKES_DISABLED": 1, "IS_INSTALLED": "YES", "IS_RETURNING": "YES", "IS_RENTING": "YES", "HAS_KIOSK": "YES", "IOS": "https://dc.lft.to/lastmile_qr_scan", "ANDROID": "https://dc.lft.to/lastmile_qr_scan", "ELECTRIC_BIKE_SURCHARGE_WAIVER": "NO", "EIGHTD_HAS_KEY_DISPENSER": "NO", "CAPACITY": 15, "RENTAL_METHODS": "KEY,CREDITCARD", "REGION_ID": "104", "REGION_NAME": "Fairfax, VA", "GIS_ID": null, "LATITUDE": 38.955314, "LONGITUDE": -77.368416, "GIS_LAST_MOD_DTTM": "2026-06-22T16:32:07Z", "OBJECTID": 357728730 }, "geometry": { "type": "Point", "coordinates": [ -77.368418857000577, 38.955321182445914 ] } },
{ "type": "Feature", "properties": { "NAME": "Amherst Ave & Elkins St", "STATION_TYPE": "classic", "STATION_ID": "0826518d-1f3f-11e7-bf6b-3863bb334450", "STATION_STATUS": null, "LAST_REPORTED": "2026-06-22T16:30:58Z", "NUM_DOCKS_AVAILABLE": 9, "NUM_DOCKS_DISABLED": 0, "NUM_BIKES_AVAILABLE": 6, "NUM_EBIKES_AVAILABLE": 1, "NUM_BIKES_DISABLED": 0, "IS_INSTALLED": "YES", "IS_RETURNING": "YES", "IS_RENTING": "YES", "HAS_KIOSK": "YES", "IOS": "https://dc.lft.to/lastmile_qr_scan", "ANDROID": "https://dc.lft.to/lastmile_qr_scan", "ELECTRIC_BIKE_SURCHARGE_WAIVER": "NO", "EIGHTD_HAS_KEY_DISPENSER": "NO", "CAPACITY": 15, "RENTAL_METHODS": "KEY,CREDITCARD", "REGION_ID": "44", "REGION_NAME": "Montgomery County, MD (South)", "GIS_ID": null, "LATITUDE": 39.044887, "LONGITUDE": -77.047788, "GIS_LAST_MOD_DTTM": "2026-06-22T16:32:07Z", "OBJECTID": 357728731 }, "geometry": { "type": "Point", "coordinates": [ -77.047791507353494, 39.044892756438749 ] } },
{ "type": "Feature", "properties": { "NAME": "Falls Church City Hall / Park Ave & Little Falls St", "STATION_TYPE": "classic", "STATION_ID": "3735d025-7e82-467c-8844-29d08d66b0e4", "STATION_STATUS": null, "LAST_REPORTED": "2026-06-22T16:29:37Z", "NUM_DOCKS_AVAILABLE": 6, "NUM_DOCKS_DISABLED": 0, "NUM_BIKES_AVAILABLE": 6, "NUM_EBIKES_AVAILABLE": 1, "NUM_BIKES_DISABLED": 0, "IS_INSTALLED": "YES", "IS_RETURNING": "YES", "IS_RENTING": "YES", "HAS_KIOSK": "YES", "IOS": "https://dc.lft.to/lastmile_qr_scan", "ANDROID": "https://dc.lft.to/lastmile_qr_scan", "ELECTRIC_BIKE_SURCHARGE_WAIVER": "NO", "EIGHTD_HAS_KEY_DISPENSER": "NO", "CAPACITY": 12, "RENTAL_METHODS": "KEY,CREDITCARD", "REGION_ID": "152", "REGION_NAME": "Falls Church, VA", "GIS_ID": null, "LATITUDE": 38.885434, "LONGITUDE": -77.173605, "GIS_LAST_MOD_DTTM": "2026-06-22T16:32:07Z", "OBJECTID": 357728732 }, "geometry": { "type": "Point", "coordinates": [ -77.173604640582582, 38.885444639483865 ] } },
{ "type": "Feature", "properties": { "NAME": "S Pickett St & Shillings St", "STATION_TYPE": "classic", "STATION_ID": "2260574d-dbc6-4416-9f8c-3e1fcc0d9f5b", "STATION_STATUS": null, "LAST_REPORTED": "2026-06-22T16:29:23Z", "NUM_DOCKS_AVAILABLE": 11, "NUM_DOCKS_DISABLED": 0, "NUM_BIKES_AVAILABLE": 4, "NUM_EBIKES_AVAILABLE": 1, "NUM_BIKES_DISABLED": 0, "IS_INSTALLED": "YES", "IS_RETURNING": "YES", "IS_RENTING": "YES", "HAS_KIOSK": "YES", "IOS": "https://dc.lft.to/lastmile_qr_scan", "ANDROID": "https://dc.lft.to/lastmile_qr_scan", "ELECTRIC_BIKE_SURCHARGE_WAIVER": "NO", "EIGHTD_HAS_KEY_DISPENSER": "NO", "CAPACITY": 15, "RENTAL_METHODS": "KEY,CREDITCARD", "REGION_ID": "40", "REGION_NAME": "Alexandria, VA", "GIS_ID": null, "LATITUDE": 38.804486, "LONGITUDE": -77.132334, "GIS_LAST_MOD_DTTM": "2026-06-22T16:32:07Z", "OBJECTID": 357728733 }, "geometry": { "type": "Point", "coordinates": [ -77.132341748332365, 38.804494667675577 ] } },
{ "type": "Feature", "properties": { "NAME": "Nebraska & Utah Ave NW", "STATION_TYPE": "classic", "STATION_ID": "2084992700567684030", "STATION_STATUS": null, "LAST_REPORTED": "2026-06-22T16:31:09Z", "NUM_DOCKS_AVAILABLE": 0, "NUM_DOCKS_DISABLED": 0, "NUM_BIKES_AVAILABLE": 14, "NUM_EBIKES_AVAILABLE": 1, "NUM_BIKES_DISABLED": 0, "IS_INSTALLED": "YES", "IS_RETURNING": "YES", "IS_RENTING": "YES", "HAS_KIOSK": "NO", "IOS": "https://dc.lft.to/lastmile_qr_scan", "ANDROID": "https://dc.lft.to/lastmile_qr_scan", "ELECTRIC_BIKE_SURCHARGE_WAIVER": "NO", "EIGHTD_HAS_KEY_DISPENSER": "NO", "CAPACITY": 16, "RENTAL_METHODS": "KEY,CREDITCARD", "REGION_ID": "42", "REGION_NAME": "Washington, DC", "GIS_ID": null, "LATITUDE": 38.967291, "LONGITUDE": -77.060662, "GIS_LAST_MOD_DTTM": "2026-06-22T16:32:07Z", "OBJECTID": 357728734 }, "geometry": { "type": "Point", "coordinates": [ -77.06066324394871, 38.96729938277528 ] } },
{ "type": "Feature", "properties": { "NAME": "23rd St S & Hayes St", "STATION_TYPE": "classic", "STATION_ID": "99644655-ef85-4e13-a331-a344d88ded32", "STATION_STATUS": null, "LAST_REPORTED": "2026-06-22T16:30:58Z", "NUM_DOCKS_AVAILABLE": 2, "NUM_DOCKS_DISABLED": 0, "NUM_BIKES_AVAILABLE": 12, "NUM_EBIKES_AVAILABLE": 3, "NUM_BIKES_DISABLED": 1, "IS_INSTALLED": "YES", "IS_RETURNING": "YES", "IS_RENTING": "YES", "HAS_KIOSK": "YES", "IOS": "https://dc.lft.to/lastmile_qr_scan", "ANDROID": "https://dc.lft.to/lastmile_qr_scan", "ELECTRIC_BIKE_SURCHARGE_WAIVER": "NO", "EIGHTD_HAS_KEY_DISPENSER": "NO", "CAPACITY": 15, "RENTAL_METHODS": "KEY,CREDITCARD", "REGION_ID": "41", "REGION_NAME": "Arlington, VA", "GIS_ID": null, "LATITUDE": 38.853002, "LONGITUDE": -77.059496, "GIS_LAST_MOD_DTTM": "2026-06-22T16:32:07Z", "OBJECTID": 357728735 }, "geometry": { "type": "Point", "coordinates": [ -77.05949469662967, 38.853011120507134 ] } },
{ "type": "Feature", "properties": { "NAME": "13th & U St NW", "STATION_TYPE": "classic", "STATION_ID": "732103a1-eedd-4044-afa6-67b2d192ff22", "STATION_STATUS": null, "LAST_REPORTED": "2026-06-22T16:30:46Z", "NUM_DOCKS_AVAILABLE": 19, "NUM_DOCKS_DISABLED": 0, "NUM_BIKES_AVAILABLE": 0, "NUM_EBIKES_AVAILABLE": 0, "NUM_BIKES_DISABLED": 0, "IS_INSTALLED": "YES", "IS_RETURNING": "YES", "IS_RENTING": "YES", "HAS_KIOSK": "YES", "IOS": "https://dc.lft.to/lastmile_qr_scan", "ANDROID": "https://dc.lft.to/lastmile_qr_scan", "ELECTRIC_BIKE_SURCHARGE_WAIVER": "NO", "EIGHTD_HAS_KEY_DISPENSER": "NO", "CAPACITY": 19, "RENTAL_METHODS": "KEY,CREDITCARD", "REGION_ID": "42", "REGION_NAME": "Washington, DC", "GIS_ID": null, "LATITUDE": 38.916936, "LONGITUDE": -77.029631, "GIS_LAST_MOD_DTTM": "2026-06-22T16:32:07Z", "OBJECTID": 357728736 }, "geometry": { "type": "Point", "coordinates": [ -77.029636786557305, 38.916946013168555 ] } },
{ "type": "Feature", "properties": { "NAME": "9th & Upshur St NW", "STATION_TYPE": "classic", "STATION_ID": "08251532-1f3f-11e7-bf6b-3863bb334450", "STATION_STATUS": null, "LAST_REPORTED": "2026-06-22T16:28:42Z", "NUM_DOCKS_AVAILABLE": 15, "NUM_DOCKS_DISABLED": 0, "NUM_BIKES_AVAILABLE": 0, "NUM_EBIKES_AVAILABLE": 0, "NUM_BIKES_DISABLED": 1, "IS_INSTALLED": "YES", "IS_RETURNING": "YES", "IS_RENTING": "YES", "HAS_KIOSK": "NO", "IOS": "https://dc.lft.to/lastmile_qr_scan", "ANDROID": "https://dc.lft.to/lastmile_qr_scan", "ELECTRIC_BIKE_SURCHARGE_WAIVER": "NO", "EIGHTD_HAS_KEY_DISPENSER": "NO", "CAPACITY": 16, "RENTAL_METHODS": "KEY,CREDITCARD", "REGION_ID": "42", "REGION_NAME": "Washington, DC", "GIS_ID": null, "LATITUDE": 38.9418, "LONGITUDE": -77.0251, "GIS_LAST_MOD_DTTM": "2026-06-22T16:32:07Z", "OBJECTID": 357728737 }, "geometry": { "type": "Point", "coordinates": [ -77.025102350572638, 38.941810016381496 ] } },
{ "type": "Feature", "properties": { "NAME": "Georgia Ave & Fairmont St NW", "STATION_TYPE": "classic", "STATION_ID": "0824844b-1f3f-11e7-bf6b-3863bb334450", "STATION_STATUS": null, "LAST_REPORTED": "2026-06-22T16:29:22Z", "NUM_DOCKS_AVAILABLE": 3, "NUM_DOCKS_DISABLED": 0, "NUM_BIKES_AVAILABLE": 12, "NUM_EBIKES_AVAILABLE": 0, "NUM_BIKES_DISABLED": 0, "IS_INSTALLED": "YES", "IS_RETURNING": "YES", "IS_RENTING": "YES", "HAS_KIOSK": "YES", "IOS": "https://dc.lft.to/lastmile_qr_scan", "ANDROID": "https://dc.lft.to/lastmile_qr_scan", "ELECTRIC_BIKE_SURCHARGE_WAIVER": "NO", "EIGHTD_HAS_KEY_DISPENSER": "NO", "CAPACITY": 15, "RENTAL_METHODS": "KEY,CREDITCARD", "REGION_ID": "42", "REGION_NAME": "Washington, DC", "GIS_ID": null, "LATITUDE": 38.924785, "LONGITUDE": -77.022327, "GIS_LAST_MOD_DTTM": "2026-06-22T16:32:07Z", "OBJECTID": 357728738 }, "geometry": { "type": "Point", "coordinates": [ -77.022328631139644, 38.924793890501 ] } },
{ "type": "Feature", "properties": { "NAME": "Langston Blvd & N Cleveland St", "STATION_TYPE": "classic", "STATION_ID": "0825f4f2-1f3f-11e7-bf6b-3863bb334450", "STATION_STATUS": null, "LAST_REPORTED": "2026-06-22T16:31:08Z", "NUM_DOCKS_AVAILABLE": 10, "NUM_DOCKS_DISABLED": 0, "NUM_BIKES_AVAILABLE": 2, "NUM_EBIKES_AVAILABLE": 2, "NUM_BIKES_DISABLED": 0, "IS_INSTALLED": "YES", "IS_RETURNING": "YES", "IS_RENTING": "YES", "HAS_KIOSK": "NO", "IOS": "https://dc.lft.to/lastmile_qr_scan", "ANDROID": "https://dc.lft.to/lastmile_qr_scan", "ELECTRIC_BIKE_SURCHARGE_WAIVER": "NO", "EIGHTD_HAS_KEY_DISPENSER": "NO", "CAPACITY": 12, "RENTAL_METHODS": "KEY,CREDITCARD", "REGION_ID": "41", "REGION_NAME": "Arlington, VA", "GIS_ID": null, "LATITUDE": 38.894941, "LONGITUDE": -77.09169, "GIS_LAST_MOD_DTTM": "2026-06-22T16:32:07Z", "OBJECTID": 357728739 }, "geometry": { "type": "Point", "coordinates": [ -77.091691073925446, 38.894951426582608 ] } },
{ "type": "Feature", "properties": { "NAME": "18th St & Belmont Rd NW", "STATION_TYPE": "classic", "STATION_ID": "2072399988132893690", "STATION_STATUS": null, "LAST_REPORTED": "2026-06-22T16:31:02Z", "NUM_DOCKS_AVAILABLE": 15, "NUM_DOCKS_DISABLED": 1, "NUM_BIKES_AVAILABLE": 0, "NUM_EBIKES_AVAILABLE": 0, "NUM_BIKES_DISABLED": 0, "IS_INSTALLED": "YES", "IS_RETURNING": "YES", "IS_RENTING": "YES", "HAS_KIOSK": "NO", "IOS": "https://dc.lft.to/lastmile_qr_scan", "ANDROID": "https://dc.lft.to/lastmile_qr_scan", "ELECTRIC_BIKE_SURCHARGE_WAIVER": "NO", "EIGHTD_HAS_KEY_DISPENSER": "NO", "CAPACITY": 16, "RENTAL_METHODS": "KEY,CREDITCARD", "REGION_ID": "42", "REGION_NAME": "Washington, DC", "GIS_ID": null, "LATITUDE": 38.920925, "LONGITUDE": -77.042071, "GIS_LAST_MOD_DTTM": "2026-06-22T16:32:07Z", "OBJECTID": 357728740 }, "geometry": { "type": "Point", "coordinates": [ -77.042069486767772, 38.920932888561978 ] } },
{ "type": "Feature", "properties": { "NAME": "Georgia Ave & Morton St NW", "STATION_TYPE": "classic", "STATION_ID": "461df1a0-fac6-4a11-ac4c-ff795e6299c9", "STATION_STATUS": null, "LAST_REPORTED": "2026-06-22T16:29:25Z", "NUM_DOCKS_AVAILABLE": 17, "NUM_DOCKS_DISABLED": 0, "NUM_BIKES_AVAILABLE": 1, "NUM_EBIKES_AVAILABLE": 0, "NUM_BIKES_DISABLED": 0, "IS_INSTALLED": "YES", "IS_RETURNING": "YES", "IS_RENTING": "YES", "HAS_KIOSK": "YES", "IOS": "https://dc.lft.to/lastmile_qr_scan", "ANDROID": "https://dc.lft.to/lastmile_qr_scan", "ELECTRIC_BIKE_SURCHARGE_WAIVER": "NO", "EIGHTD_HAS_KEY_DISPENSER": "NO", "CAPACITY": 19, "RENTAL_METHODS": "KEY,CREDITCARD", "REGION_ID": "42", "REGION_NAME": "Washington, DC", "GIS_ID": null, "LATITUDE": 38.932128, "LONGITUDE": -77.0235, "GIS_LAST_MOD_DTTM": "2026-06-22T16:32:07Z", "OBJECTID": 357728741 }, "geometry": { "type": "Point", "coordinates": [ -77.023507336298223, 38.932135434869714 ] } },
{ "type": "Feature", "properties": { "NAME": "L'Enfant Plaza / 7th & C St SW", "STATION_TYPE": "classic", "STATION_ID": "08249d44-1f3f-11e7-bf6b-3863bb334450", "STATION_STATUS": null, "LAST_REPORTED": "2026-06-22T16:30:52Z", "NUM_DOCKS_AVAILABLE": 0, "NUM_DOCKS_DISABLED": 0, "NUM_BIKES_AVAILABLE": 15, "NUM_EBIKES_AVAILABLE": 3, "NUM_BIKES_DISABLED": 0, "IS_INSTALLED": "YES", "IS_RETURNING": "YES", "IS_RENTING": "YES", "HAS_KIOSK": "YES", "IOS": "https://dc.lft.to/lastmile_qr_scan", "ANDROID": "https://dc.lft.to/lastmile_qr_scan", "ELECTRIC_BIKE_SURCHARGE_WAIVER": "NO", "EIGHTD_HAS_KEY_DISPENSER": "NO", "CAPACITY": 15, "RENTAL_METHODS": "KEY,CREDITCARD", "REGION_ID": "42", "REGION_NAME": "Washington, DC", "GIS_ID": null, "LATITUDE": 38.886266, "LONGITUDE": -77.022241, "GIS_LAST_MOD_DTTM": "2026-06-22T16:32:07Z", "OBJECTID": 357728742 }, "geometry": { "type": "Point", "coordinates": [ -77.022247419320891, 38.886274195320411 ] } },
{ "type": "Feature", "properties": { "NAME": "Jefferson Memorial", "STATION_TYPE": "classic", "STATION_ID": "082527e7-1f3f-11e7-bf6b-3863bb334450", "STATION_STATUS": null, "LAST_REPORTED": "2026-06-22T16:31:19Z", "NUM_DOCKS_AVAILABLE": 19, "NUM_DOCKS_DISABLED": 0, "NUM_BIKES_AVAILABLE": 9, "NUM_EBIKES_AVAILABLE": 0, "NUM_BIKES_DISABLED": 0, "IS_INSTALLED": "YES", "IS_RETURNING": "YES", "IS_RENTING": "YES", "HAS_KIOSK": "NO", "IOS": "https://dc.lft.to/lastmile_qr_scan", "ANDROID": "https://dc.lft.to/lastmile_qr_scan", "ELECTRIC_BIKE_SURCHARGE_WAIVER": "NO", "EIGHTD_HAS_KEY_DISPENSER": "NO", "CAPACITY": 29, "RENTAL_METHODS": "KEY,CREDITCARD", "REGION_ID": "42", "REGION_NAME": "Washington, DC", "GIS_ID": null, "LATITUDE": 38.879819, "LONGITUDE": -77.037413, "GIS_LAST_MOD_DTTM": "2026-06-22T16:32:07Z", "OBJECTID": 357728743 }, "geometry": { "type": "Point", "coordinates": [ -77.037412226810915, 38.879829324695997 ] } },
{ "type": "Feature", "properties": { "NAME": "Kenilworth Terr & Hayes St. NE", "STATION_TYPE": "classic", "STATION_ID": "07a453e5-2e14-4276-85df-49e0d6144e54", "STATION_STATUS": null, "LAST_REPORTED": "2026-06-22T16:30:49Z", "NUM_DOCKS_AVAILABLE": 8, "NUM_DOCKS_DISABLED": 0, "NUM_BIKES_AVAILABLE": 10, "NUM_EBIKES_AVAILABLE": 3, "NUM_BIKES_DISABLED": 0, "IS_INSTALLED": "YES", "IS_RETURNING": "YES", "IS_RENTING": "YES", "HAS_KIOSK": "YES", "IOS": "https://dc.lft.to/lastmile_qr_scan", "ANDROID": "https://dc.lft.to/lastmile_qr_scan", "ELECTRIC_BIKE_SURCHARGE_WAIVER": "NO", "EIGHTD_HAS_KEY_DISPENSER": "NO", "CAPACITY": 19, "RENTAL_METHODS": "KEY,CREDITCARD", "REGION_ID": "42", "REGION_NAME": "Washington, DC", "GIS_ID": null, "LATITUDE": 38.900468, "LONGITUDE": -76.947287, "GIS_LAST_MOD_DTTM": "2026-06-22T16:32:07Z", "OBJECTID": 357728744 }, "geometry": { "type": "Point", "coordinates": [ -76.947295017932788, 38.900479635847873 ] } },
{ "type": "Feature", "properties": { "NAME": "Rhode Island Ave & 39th St / Brentwood Arts Exchange", "STATION_TYPE": "classic", "STATION_ID": "199df30f-328b-48af-8627-952bd9d6fe7c", "STATION_STATUS": null, "LAST_REPORTED": "2026-06-22T16:30:36Z", "NUM_DOCKS_AVAILABLE": 1, "NUM_DOCKS_DISABLED": 0, "NUM_BIKES_AVAILABLE": 14, "NUM_EBIKES_AVAILABLE": 2, "NUM_BIKES_DISABLED": 0, "IS_INSTALLED": "YES", "IS_RETURNING": "YES", "IS_RENTING": "YES", "HAS_KIOSK": "YES", "IOS": "https://dc.lft.to/lastmile_qr_scan", "ANDROID": "https://dc.lft.to/lastmile_qr_scan", "ELECTRIC_BIKE_SURCHARGE_WAIVER": "NO", "EIGHTD_HAS_KEY_DISPENSER": "NO", "CAPACITY": 15, "RENTAL_METHODS": "KEY,CREDITCARD", "REGION_ID": "133", "REGION_NAME": "Prince George's County", "GIS_ID": null, "LATITUDE": 38.939271, "LONGITUDE": -76.955047, "GIS_LAST_MOD_DTTM": "2026-06-22T16:32:07Z", "OBJECTID": 357728745 }, "geometry": { "type": "Point", "coordinates": [ -76.955052154835386, 38.939281749019131 ] } },
{ "type": "Feature", "properties": { "NAME": "Ohio Dr & West Basin Dr SW / MLK & FDR Memorials", "STATION_TYPE": "classic", "STATION_ID": "0824e68d-1f3f-11e7-bf6b-3863bb334450", "STATION_STATUS": null, "LAST_REPORTED": "2026-06-22T16:31:13Z", "NUM_DOCKS_AVAILABLE": 21, "NUM_DOCKS_DISABLED": 0, "NUM_BIKES_AVAILABLE": 14, "NUM_EBIKES_AVAILABLE": 5, "NUM_BIKES_DISABLED": 0, "IS_INSTALLED": "YES", "IS_RETURNING": "YES", "IS_RENTING": "YES", "HAS_KIOSK": "NO", "IOS": "https://dc.lft.to/lastmile_qr_scan", "ANDROID": "https://dc.lft.to/lastmile_qr_scan", "ELECTRIC_BIKE_SURCHARGE_WAIVER": "NO", "EIGHTD_HAS_KEY_DISPENSER": "NO", "CAPACITY": 35, "RENTAL_METHODS": "KEY,CREDITCARD", "REGION_ID": "42", "REGION_NAME": "Washington, DC", "GIS_ID": null, "LATITUDE": 38.88412, "LONGITUDE": -77.04657, "GIS_LAST_MOD_DTTM": "2026-06-22T16:32:07Z", "OBJECTID": 357728746 }, "geometry": { "type": "Point", "coordinates": [ -77.046577360940972, 38.884132039455537 ] } },
{ "type": "Feature", "properties": { "NAME": "Windham Ln & Amherst Ave", "STATION_TYPE": "classic", "STATION_ID": "082652d2-1f3f-11e7-bf6b-3863bb334450", "STATION_STATUS": null, "LAST_REPORTED": "2026-06-22T16:30:38Z", "NUM_DOCKS_AVAILABLE": 12, "NUM_DOCKS_DISABLED": 0, "NUM_BIKES_AVAILABLE": 3, "NUM_EBIKES_AVAILABLE": 1, "NUM_BIKES_DISABLED": 0, "IS_INSTALLED": "YES", "IS_RETURNING": "YES", "IS_RENTING": "YES", "HAS_KIOSK": "YES", "IOS": "https://dc.lft.to/lastmile_qr_scan", "ANDROID": "https://dc.lft.to/lastmile_qr_scan", "ELECTRIC_BIKE_SURCHARGE_WAIVER": "NO", "EIGHTD_HAS_KEY_DISPENSER": "NO", "CAPACITY": 15, "RENTAL_METHODS": "KEY,CREDITCARD", "REGION_ID": "44", "REGION_NAME": "Montgomery County, MD (South)", "GIS_ID": null, "LATITUDE": 39.032029, "LONGITUDE": -77.04735, "GIS_LAST_MOD_DTTM": "2026-06-22T16:32:07Z", "OBJECTID": 357728747 }, "geometry": { "type": "Point", "coordinates": [ -77.047355544535847, 39.032038358152114 ] } },
{ "type": "Feature", "properties": { "NAME": "Prince St & Union St", "STATION_TYPE": "classic", "STATION_ID": "08253976-1f3f-11e7-bf6b-3863bb334450", "STATION_STATUS": null, "LAST_REPORTED": "2026-06-22T16:30:20Z", "NUM_DOCKS_AVAILABLE": 0, "NUM_DOCKS_DISABLED": 0, "NUM_BIKES_AVAILABLE": 23, "NUM_EBIKES_AVAILABLE": 4, "NUM_BIKES_DISABLED": 0, "IS_INSTALLED": "YES", "IS_RETURNING": "YES", "IS_RENTING": "YES", "HAS_KIOSK": "YES", "IOS": "https://dc.lft.to/lastmile_qr_scan", "ANDROID": "https://dc.lft.to/lastmile_qr_scan", "ELECTRIC_BIKE_SURCHARGE_WAIVER": "NO", "EIGHTD_HAS_KEY_DISPENSER": "NO", "CAPACITY": 23, "RENTAL_METHODS": "KEY,CREDITCARD", "REGION_ID": "40", "REGION_NAME": "Alexandria, VA", "GIS_ID": null, "LATITUDE": 38.803124, "LONGITUDE": -77.040363, "GIS_LAST_MOD_DTTM": "2026-06-22T16:32:07Z", "OBJECTID": 357728748 }, "geometry": { "type": "Point", "coordinates": [ -77.04036532027942, 38.803130396158508 ] } },
{ "type": "Feature", "properties": { "NAME": "20th & N St NW ", "STATION_TYPE": "classic", "STATION_ID": "2059787017920998338", "STATION_STATUS": null, "LAST_REPORTED": "2026-06-22T16:29:26Z", "NUM_DOCKS_AVAILABLE": 17, "NUM_DOCKS_DISABLED": 0, "NUM_BIKES_AVAILABLE": 3, "NUM_EBIKES_AVAILABLE": 2, "NUM_BIKES_DISABLED": 0, "IS_INSTALLED": "YES", "IS_RETURNING": "YES", "IS_RENTING": "YES", "HAS_KIOSK": "NO", "IOS": "https://dc.lft.to/lastmile_qr_scan", "ANDROID": "https://dc.lft.to/lastmile_qr_scan", "ELECTRIC_BIKE_SURCHARGE_WAIVER": "NO", "EIGHTD_HAS_KEY_DISPENSER": "NO", "CAPACITY": 20, "RENTAL_METHODS": "KEY,CREDITCARD", "REGION_ID": "42", "REGION_NAME": "Washington, DC", "GIS_ID": null, "LATITUDE": 38.907045, "LONGITUDE": -77.044975, "GIS_LAST_MOD_DTTM": "2026-06-22T16:32:07Z", "OBJECTID": 357728749 }, "geometry": { "type": "Point", "coordinates": [ -77.044978220085909, 38.90704995549391 ] } },
{ "type": "Feature", "properties": { "NAME": "W&OD Trail & Langston Blvd", "STATION_TYPE": "classic", "STATION_ID": "5982cdb9-2f4d-490f-8e7c-030adfac87be", "STATION_STATUS": null, "LAST_REPORTED": "2026-06-22T16:28:37Z", "NUM_DOCKS_AVAILABLE": 11, "NUM_DOCKS_DISABLED": 0, "NUM_BIKES_AVAILABLE": 0, "NUM_EBIKES_AVAILABLE": 0, "NUM_BIKES_DISABLED": 1, "IS_INSTALLED": "YES", "IS_RETURNING": "YES", "IS_RENTING": "YES", "HAS_KIOSK": "NO", "IOS": "https://dc.lft.to/lastmile_qr_scan", "ANDROID": "https://dc.lft.to/lastmile_qr_scan", "ELECTRIC_BIKE_SURCHARGE_WAIVER": "NO", "EIGHTD_HAS_KEY_DISPENSER": "NO", "CAPACITY": 12, "RENTAL_METHODS": "KEY,CREDITCARD", "REGION_ID": "41", "REGION_NAME": "Arlington, VA", "GIS_ID": null, "LATITUDE": 38.88715, "LONGITUDE": -77.16212, "GIS_LAST_MOD_DTTM": "2026-06-22T16:32:07Z", "OBJECTID": 357728750 }, "geometry": { "type": "Point", "coordinates": [ -77.162117240927245, 38.887154727541485 ] } },
{ "type": "Feature", "properties": { "NAME": "Castle Blvd & Castle Ln", "STATION_TYPE": "classic", "STATION_ID": "804fb759-1127-4059-a67a-c1fdd5d98082", "STATION_STATUS": null, "LAST_REPORTED": "2026-06-22T16:29:01Z", "NUM_DOCKS_AVAILABLE": 7, "NUM_DOCKS_DISABLED": 0, "NUM_BIKES_AVAILABLE": 3, "NUM_EBIKES_AVAILABLE": 0, "NUM_BIKES_DISABLED": 0, "IS_INSTALLED": "YES", "IS_RETURNING": "YES", "IS_RENTING": "YES", "HAS_KIOSK": "NO", "IOS": "https://dc.lft.to/lastmile_qr_scan", "ANDROID": "https://dc.lft.to/lastmile_qr_scan", "ELECTRIC_BIKE_SURCHARGE_WAIVER": "NO", "EIGHTD_HAS_KEY_DISPENSER": "NO", "CAPACITY": 11, "RENTAL_METHODS": "KEY,CREDITCARD", "REGION_ID": "44", "REGION_NAME": "Montgomery County, MD (South)", "GIS_ID": null, "LATITUDE": 39.085314, "LONGITUDE": -76.940547, "GIS_LAST_MOD_DTTM": "2026-06-22T16:32:07Z", "OBJECTID": 357728751 }, "geometry": { "type": "Point", "coordinates": [ -76.940546788900136, 39.08532458982306 ] } },
{ "type": "Feature", "properties": { "NAME": "1st St & Potomac Ave SE", "STATION_TYPE": "classic", "STATION_ID": "66c82803-70e3-496f-9942-30e0936de3f5", "STATION_STATUS": null, "LAST_REPORTED": "2026-06-22T16:30:54Z", "NUM_DOCKS_AVAILABLE": 15, "NUM_DOCKS_DISABLED": 0, "NUM_BIKES_AVAILABLE": 4, "NUM_EBIKES_AVAILABLE": 0, "NUM_BIKES_DISABLED": 0, "IS_INSTALLED": "YES", "IS_RETURNING": "YES", "IS_RENTING": "YES", "HAS_KIOSK": "YES", "IOS": "https://dc.lft.to/lastmile_qr_scan", "ANDROID": "https://dc.lft.to/lastmile_qr_scan", "ELECTRIC_BIKE_SURCHARGE_WAIVER": "NO", "EIGHTD_HAS_KEY_DISPENSER": "NO", "CAPACITY": 19, "RENTAL_METHODS": "KEY,CREDITCARD", "REGION_ID": "42", "REGION_NAME": "Washington, DC", "GIS_ID": null, "LATITUDE": 38.871841, "LONGITUDE": -77.00591, "GIS_LAST_MOD_DTTM": "2026-06-22T16:32:07Z", "OBJECTID": 357728752 }, "geometry": { "type": "Point", "coordinates": [ -77.005913912673819, 38.871844718314264 ] } },
{ "type": "Feature", "properties": { "NAME": "1st & M St NE", "STATION_TYPE": "classic", "STATION_ID": "0824927c-1f3f-11e7-bf6b-3863bb334450", "STATION_STATUS": null, "LAST_REPORTED": "2026-06-22T16:30:54Z", "NUM_DOCKS_AVAILABLE": 2, "NUM_DOCKS_DISABLED": 0, "NUM_BIKES_AVAILABLE": 11, "NUM_EBIKES_AVAILABLE": 1, "NUM_BIKES_DISABLED": 2, "IS_INSTALLED": "YES", "IS_RETURNING": "YES", "IS_RENTING": "YES", "HAS_KIOSK": "YES", "IOS": "https://dc.lft.to/lastmile_qr_scan", "ANDROID": "https://dc.lft.to/lastmile_qr_scan", "ELECTRIC_BIKE_SURCHARGE_WAIVER": "NO", "EIGHTD_HAS_KEY_DISPENSER": "NO", "CAPACITY": 15, "RENTAL_METHODS": "KEY,CREDITCARD", "REGION_ID": "42", "REGION_NAME": "Washington, DC", "GIS_ID": null, "LATITUDE": 38.905697, "LONGITUDE": -77.005483, "GIS_LAST_MOD_DTTM": "2026-06-22T16:32:07Z", "OBJECTID": 357728753 }, "geometry": { "type": "Point", "coordinates": [ -77.005490143853919, 38.905707232344682 ] } },
{ "type": "Feature", "properties": { "NAME": "New Hampshire Ave & Ward Pl NW", "STATION_TYPE": "classic", "STATION_ID": "082492e1-1f3f-11e7-bf6b-3863bb334450", "STATION_STATUS": null, "LAST_REPORTED": "2026-06-22T16:30:55Z", "NUM_DOCKS_AVAILABLE": 10, "NUM_DOCKS_DISABLED": 0, "NUM_BIKES_AVAILABLE": 7, "NUM_EBIKES_AVAILABLE": 1, "NUM_BIKES_DISABLED": 2, "IS_INSTALLED": "YES", "IS_RETURNING": "YES", "IS_RENTING": "YES", "HAS_KIOSK": "YES", "IOS": "https://dc.lft.to/lastmile_qr_scan", "ANDROID": "https://dc.lft.to/lastmile_qr_scan", "ELECTRIC_BIKE_SURCHARGE_WAIVER": "NO", "EIGHTD_HAS_KEY_DISPENSER": "NO", "CAPACITY": 19, "RENTAL_METHODS": "KEY,CREDITCARD", "REGION_ID": "42", "REGION_NAME": "Washington, DC", "GIS_ID": null, "LATITUDE": 38.905711, "LONGITUDE": -77.047318, "GIS_LAST_MOD_DTTM": "2026-06-22T16:32:07Z", "OBJECTID": 357728754 }, "geometry": { "type": "Point", "coordinates": [ -77.047317790206051, 38.905715795393327 ] } },
{ "type": "Feature", "properties": { "NAME": "Woodland Park Rd & Cooperative Way", "STATION_TYPE": "classic", "STATION_ID": "2116133645427905274", "STATION_STATUS": null, "LAST_REPORTED": "2026-06-22T16:30:55Z", "NUM_DOCKS_AVAILABLE": 8, "NUM_DOCKS_DISABLED": 0, "NUM_BIKES_AVAILABLE": 3, "NUM_EBIKES_AVAILABLE": 1, "NUM_BIKES_DISABLED": 0, "IS_INSTALLED": "YES", "IS_RETURNING": "YES", "IS_RENTING": "YES", "HAS_KIOSK": "YES", "IOS": "https://dc.lft.to/lastmile_qr_scan", "ANDROID": "https://dc.lft.to/lastmile_qr_scan", "ELECTRIC_BIKE_SURCHARGE_WAIVER": "NO", "EIGHTD_HAS_KEY_DISPENSER": "NO", "CAPACITY": 11, "RENTAL_METHODS": "KEY,CREDITCARD", "REGION_ID": "104", "REGION_NAME": "Fairfax, VA", "GIS_ID": null, "LATITUDE": 38.954281, "LONGITUDE": -77.402847, "GIS_LAST_MOD_DTTM": "2026-06-22T16:32:07Z", "OBJECTID": 357728755 }, "geometry": { "type": "Point", "coordinates": [ -77.40285169958176, 38.954288755439755 ] } },
{ "type": "Feature", "properties": { "NAME": "Trinidad Rec Center", "STATION_TYPE": "classic", "STATION_ID": "d0a82ee8-e718-4598-aa5e-dda9292c248c", "STATION_STATUS": null, "LAST_REPORTED": "2026-06-22T16:30:51Z", "NUM_DOCKS_AVAILABLE": 14, "NUM_DOCKS_DISABLED": 0, "NUM_BIKES_AVAILABLE": 5, "NUM_EBIKES_AVAILABLE": 0, "NUM_BIKES_DISABLED": 0, "IS_INSTALLED": "YES", "IS_RETURNING": "YES", "IS_RENTING": "YES", "HAS_KIOSK": "YES", "IOS": "https://dc.lft.to/lastmile_qr_scan", "ANDROID": "https://dc.lft.to/lastmile_qr_scan", "ELECTRIC_BIKE_SURCHARGE_WAIVER": "NO", "EIGHTD_HAS_KEY_DISPENSER": "NO", "CAPACITY": 19, "RENTAL_METHODS": "KEY,CREDITCARD", "REGION_ID": "42", "REGION_NAME": "Washington, DC", "GIS_ID": null, "LATITUDE": 38.906299, "LONGITUDE": -76.983221, "GIS_LAST_MOD_DTTM": "2026-06-22T16:32:07Z", "OBJECTID": 357728756 }, "geometry": { "type": "Point", "coordinates": [ -76.983227276066913, 38.906309717275391 ] } },
{ "type": "Feature", "properties": { "NAME": "McNair Farms Dr & Thomas Jefferson Dr", "STATION_TYPE": "classic", "STATION_ID": "2116134313574447476", "STATION_STATUS": null, "LAST_REPORTED": "2026-06-22T16:29:45Z", "NUM_DOCKS_AVAILABLE": 4, "NUM_DOCKS_DISABLED": 0, "NUM_BIKES_AVAILABLE": 3, "NUM_EBIKES_AVAILABLE": 1, "NUM_BIKES_DISABLED": 4, "IS_INSTALLED": "YES", "IS_RETURNING": "YES", "IS_RENTING": "YES", "HAS_KIOSK": "YES", "IOS": "https://dc.lft.to/lastmile_qr_scan", "ANDROID": "https://dc.lft.to/lastmile_qr_scan", "ELECTRIC_BIKE_SURCHARGE_WAIVER": "NO", "EIGHTD_HAS_KEY_DISPENSER": "NO", "CAPACITY": 11, "RENTAL_METHODS": "KEY,CREDITCARD", "REGION_ID": "104", "REGION_NAME": "Fairfax, VA", "GIS_ID": null, "LATITUDE": 38.948588, "LONGITUDE": -77.408743, "GIS_LAST_MOD_DTTM": "2026-06-22T16:32:07Z", "OBJECTID": 357728757 }, "geometry": { "type": "Point", "coordinates": [ -77.408749101243984, 38.94859301643163 ] } },
{ "type": "Feature", "properties": { "NAME": "Coppermine Rd & River Birch Rd", "STATION_TYPE": "classic", "STATION_ID": "2114282571488313432", "STATION_STATUS": null, "LAST_REPORTED": "2026-06-22T16:29:45Z", "NUM_DOCKS_AVAILABLE": 6, "NUM_DOCKS_DISABLED": 0, "NUM_BIKES_AVAILABLE": 5, "NUM_EBIKES_AVAILABLE": 1, "NUM_BIKES_DISABLED": 0, "IS_INSTALLED": "YES", "IS_RETURNING": "YES", "IS_RENTING": "YES", "HAS_KIOSK": "YES", "IOS": "https://dc.lft.to/lastmile_qr_scan", "ANDROID": "https://dc.lft.to/lastmile_qr_scan", "ELECTRIC_BIKE_SURCHARGE_WAIVER": "NO", "EIGHTD_HAS_KEY_DISPENSER": "NO", "CAPACITY": 11, "RENTAL_METHODS": "KEY,CREDITCARD", "REGION_ID": "104", "REGION_NAME": "Fairfax, VA", "GIS_ID": null, "LATITUDE": 38.949381, "LONGITUDE": -77.416074, "GIS_LAST_MOD_DTTM": "2026-06-22T16:32:07Z", "OBJECTID": 357728758 }, "geometry": { "type": "Point", "coordinates": [ -77.416079203905753, 38.949386918914072 ] } },
{ "type": "Feature", "properties": { "NAME": "Wakefield Dr & Potomac ave", "STATION_TYPE": "classic", "STATION_ID": "2223359623029584870", "STATION_STATUS": null, "LAST_REPORTED": "2026-06-22T16:29:59Z", "NUM_DOCKS_AVAILABLE": 6, "NUM_DOCKS_DISABLED": 0, "NUM_BIKES_AVAILABLE": 5, "NUM_EBIKES_AVAILABLE": 1, "NUM_BIKES_DISABLED": 0, "IS_INSTALLED": "YES", "IS_RETURNING": "YES", "IS_RENTING": "YES", "HAS_KIOSK": "YES", "IOS": "https://dc.lft.to/lastmile_qr_scan", "ANDROID": "https://dc.lft.to/lastmile_qr_scan", "ELECTRIC_BIKE_SURCHARGE_WAIVER": "NO", "EIGHTD_HAS_KEY_DISPENSER": "NO", "CAPACITY": 11, "RENTAL_METHODS": "KEY,CREDITCARD", "REGION_ID": "104", "REGION_NAME": "Fairfax, VA", "GIS_ID": null, "LATITUDE": 38.77298, "LONGITUDE": -77.05725, "GIS_LAST_MOD_DTTM": "2026-06-22T16:32:07Z", "OBJECTID": 357728759 }, "geometry": { "type": "Point", "coordinates": [ -77.057253117433703, 38.772989813024786 ] } },
{ "type": "Feature", "properties": { "NAME": "Wisconsin Ave & Ingomar St NW", "STATION_TYPE": "classic", "STATION_ID": "0826176a-1f3f-11e7-bf6b-3863bb334450", "STATION_STATUS": null, "LAST_REPORTED": "2026-06-22T16:30:02Z", "NUM_DOCKS_AVAILABLE": 7, "NUM_DOCKS_DISABLED": 0, "NUM_BIKES_AVAILABLE": 12, "NUM_EBIKES_AVAILABLE": 3, "NUM_BIKES_DISABLED": 0, "IS_INSTALLED": "YES", "IS_RETURNING": "YES", "IS_RENTING": "YES", "HAS_KIOSK": "YES", "IOS": "https://dc.lft.to/lastmile_qr_scan", "ANDROID": "https://dc.lft.to/lastmile_qr_scan", "ELECTRIC_BIKE_SURCHARGE_WAIVER": "NO", "EIGHTD_HAS_KEY_DISPENSER": "NO", "CAPACITY": 19, "RENTAL_METHODS": "KEY,CREDITCARD", "REGION_ID": "42", "REGION_NAME": "Washington, DC", "GIS_ID": null, "LATITUDE": 38.958267, "LONGITUDE": -77.084636, "GIS_LAST_MOD_DTTM": "2026-06-22T16:32:07Z", "OBJECTID": 357728760 }, "geometry": { "type": "Point", "coordinates": [ -77.084642285258482, 38.958276226590087 ] } },
{ "type": "Feature", "properties": { "NAME": "Wilson Blvd & N Edgewood St", "STATION_TYPE": "classic", "STATION_ID": "0824f3d6-1f3f-11e7-bf6b-3863bb334450", "STATION_STATUS": null, "LAST_REPORTED": "2026-06-22T16:30:01Z", "NUM_DOCKS_AVAILABLE": 13, "NUM_DOCKS_DISABLED": 0, "NUM_BIKES_AVAILABLE": 2, "NUM_EBIKES_AVAILABLE": 2, "NUM_BIKES_DISABLED": 0, "IS_INSTALLED": "YES", "IS_RETURNING": "YES", "IS_RENTING": "YES", "HAS_KIOSK": "YES", "IOS": "https://dc.lft.to/lastmile_qr_scan", "ANDROID": "https://dc.lft.to/lastmile_qr_scan", "ELECTRIC_BIKE_SURCHARGE_WAIVER": "NO", "EIGHTD_HAS_KEY_DISPENSER": "NO", "CAPACITY": 15, "RENTAL_METHODS": "KEY,CREDITCARD", "REGION_ID": "41", "REGION_NAME": "Arlington, VA", "GIS_ID": null, "LATITUDE": 38.889396, "LONGITUDE": -77.091862, "GIS_LAST_MOD_DTTM": "2026-06-22T16:32:07Z", "OBJECTID": 357728761 }, "geometry": { "type": "Point", "coordinates": [ -77.091868365772669, 38.889402126813323 ] } },
{ "type": "Feature", "properties": { "NAME": "Benning Branch Library", "STATION_TYPE": "classic", "STATION_ID": "08249b10-1f3f-11e7-bf6b-3863bb334450", "STATION_STATUS": null, "LAST_REPORTED": "2026-06-22T16:30:03Z", "NUM_DOCKS_AVAILABLE": 9, "NUM_DOCKS_DISABLED": 0, "NUM_BIKES_AVAILABLE": 2, "NUM_EBIKES_AVAILABLE": 1, "NUM_BIKES_DISABLED": 0, "IS_INSTALLED": "YES", "IS_RETURNING": "YES", "IS_RENTING": "YES", "HAS_KIOSK": "YES", "IOS": "https://dc.lft.to/lastmile_qr_scan", "ANDROID": "https://dc.lft.to/lastmile_qr_scan", "ELECTRIC_BIKE_SURCHARGE_WAIVER": "NO", "EIGHTD_HAS_KEY_DISPENSER": "NO", "CAPACITY": 11, "RENTAL_METHODS": "KEY,CREDITCARD", "REGION_ID": "42", "REGION_NAME": "Washington, DC", "GIS_ID": null, "LATITUDE": 38.894, "LONGITUDE": -76.947974, "GIS_LAST_MOD_DTTM": "2026-06-22T16:32:07Z", "OBJECTID": 357728762 }, "geometry": { "type": "Point", "coordinates": [ -76.947979902481947, 38.894011935890774 ] } },
{ "type": "Feature", "properties": { "NAME": "USDA / 12th & C St SW", "STATION_TYPE": "classic", "STATION_ID": "08249b7f-1f3f-11e7-bf6b-3863bb334450", "STATION_STATUS": null, "LAST_REPORTED": "2026-06-22T16:30:03Z", "NUM_DOCKS_AVAILABLE": 0, "NUM_DOCKS_DISABLED": 0, "NUM_BIKES_AVAILABLE": 47, "NUM_EBIKES_AVAILABLE": 11, "NUM_BIKES_DISABLED": 0, "IS_INSTALLED": "YES", "IS_RETURNING": "YES", "IS_RENTING": "YES", "HAS_KIOSK": "YES", "IOS": "https://dc.lft.to/lastmile_qr_scan", "ANDROID": "https://dc.lft.to/lastmile_qr_scan", "ELECTRIC_BIKE_SURCHARGE_WAIVER": "NO", "EIGHTD_HAS_KEY_DISPENSER": "NO", "CAPACITY": 47, "RENTAL_METHODS": "KEY,CREDITCARD", "REGION_ID": "42", "REGION_NAME": "Washington, DC", "GIS_ID": null, "LATITUDE": 38.885891, "LONGITUDE": -77.028396, "GIS_LAST_MOD_DTTM": "2026-06-22T16:32:07Z", "OBJECTID": 357728763 }, "geometry": { "type": "Point", "coordinates": [ -77.028402140340475, 38.885894508664727 ] } },
{ "type": "Feature", "properties": { "NAME": "Madison St & Fairfax St", "STATION_TYPE": "classic", "STATION_ID": "08264173-1f3f-11e7-bf6b-3863bb334450", "STATION_STATUS": null, "LAST_REPORTED": "2026-06-22T16:30:03Z", "NUM_DOCKS_AVAILABLE": 12, "NUM_DOCKS_DISABLED": 0, "NUM_BIKES_AVAILABLE": 3, "NUM_EBIKES_AVAILABLE": 2, "NUM_BIKES_DISABLED": 0, "IS_INSTALLED": "YES", "IS_RETURNING": "YES", "IS_RENTING": "YES", "HAS_KIOSK": "YES", "IOS": "https://dc.lft.to/lastmile_qr_scan", "ANDROID": "https://dc.lft.to/lastmile_qr_scan", "ELECTRIC_BIKE_SURCHARGE_WAIVER": "NO", "EIGHTD_HAS_KEY_DISPENSER": "NO", "CAPACITY": 15, "RENTAL_METHODS": "KEY,CREDITCARD", "REGION_ID": "40", "REGION_NAME": "Alexandria, VA", "GIS_ID": null, "LATITUDE": 38.812351, "LONGITUDE": -77.040691, "GIS_LAST_MOD_DTTM": "2026-06-22T16:32:07Z", "OBJECTID": 357728764 }, "geometry": { "type": "Point", "coordinates": [ -77.040692927264502, 38.812354984650746 ] } },
{ "type": "Feature", "properties": { "NAME": "Potomac Ave & 35th St S", "STATION_TYPE": "classic", "STATION_ID": "0824e2e3-1f3f-11e7-bf6b-3863bb334450", "STATION_STATUS": null, "LAST_REPORTED": "2026-06-22T16:30:04Z", "NUM_DOCKS_AVAILABLE": 13, "NUM_DOCKS_DISABLED": 0, "NUM_BIKES_AVAILABLE": 2, "NUM_EBIKES_AVAILABLE": 0, "NUM_BIKES_DISABLED": 0, "IS_INSTALLED": "YES", "IS_RETURNING": "YES", "IS_RENTING": "YES", "HAS_KIOSK": "YES", "IOS": "https://dc.lft.to/lastmile_qr_scan", "ANDROID": "https://dc.lft.to/lastmile_qr_scan", "ELECTRIC_BIKE_SURCHARGE_WAIVER": "NO", "EIGHTD_HAS_KEY_DISPENSER": "NO", "CAPACITY": 15, "RENTAL_METHODS": "KEY,CREDITCARD", "REGION_ID": "41", "REGION_NAME": "Arlington, VA", "GIS_ID": null, "LATITUDE": 38.844015, "LONGITUDE": -77.050537, "GIS_LAST_MOD_DTTM": "2026-06-22T16:32:07Z", "OBJECTID": 357728765 }, "geometry": { "type": "Point", "coordinates": [ -77.050536821521916, 38.844024917798272 ] } },
{ "type": "Feature", "properties": { "NAME": "Eden Center", "STATION_TYPE": "classic", "STATION_ID": "a016ea6f-0d7f-45fb-b8ac-0cfe22cd972a", "STATION_STATUS": null, "LAST_REPORTED": "2026-06-22T16:30:27Z", "NUM_DOCKS_AVAILABLE": 11, "NUM_DOCKS_DISABLED": 0, "NUM_BIKES_AVAILABLE": 0, "NUM_EBIKES_AVAILABLE": 0, "NUM_BIKES_DISABLED": 1, "IS_INSTALLED": "YES", "IS_RETURNING": "YES", "IS_RENTING": "YES", "HAS_KIOSK": "YES", "IOS": "https://dc.lft.to/lastmile_qr_scan", "ANDROID": "https://dc.lft.to/lastmile_qr_scan", "ELECTRIC_BIKE_SURCHARGE_WAIVER": "NO", "EIGHTD_HAS_KEY_DISPENSER": "NO", "CAPACITY": 12, "RENTAL_METHODS": "KEY,CREDITCARD", "REGION_ID": "152", "REGION_NAME": "Falls Church, VA", "GIS_ID": null, "LATITUDE": 38.873808, "LONGITUDE": -77.152849, "GIS_LAST_MOD_DTTM": "2026-06-22T16:32:07Z", "OBJECTID": 357728766 }, "geometry": { "type": "Point", "coordinates": [ -77.152856229511215, 38.873816759970737 ] } },
{ "type": "Feature", "properties": { "NAME": "King St & N Pitt St", "STATION_TYPE": "classic", "STATION_ID": "e84a9c46-89ce-45dc-866f-fe8cbc50e88e", "STATION_STATUS": null, "LAST_REPORTED": "2026-06-22T16:30:27Z", "NUM_DOCKS_AVAILABLE": 1, "NUM_DOCKS_DISABLED": 0, "NUM_BIKES_AVAILABLE": 10, "NUM_EBIKES_AVAILABLE": 3, "NUM_BIKES_DISABLED": 0, "IS_INSTALLED": "YES", "IS_RETURNING": "YES", "IS_RENTING": "YES", "HAS_KIOSK": "YES", "IOS": "https://dc.lft.to/lastmile_qr_scan", "ANDROID": "https://dc.lft.to/lastmile_qr_scan", "ELECTRIC_BIKE_SURCHARGE_WAIVER": "NO", "EIGHTD_HAS_KEY_DISPENSER": "NO", "CAPACITY": 11, "RENTAL_METHODS": "KEY,CREDITCARD", "REGION_ID": "40", "REGION_NAME": "Alexandria, VA", "GIS_ID": null, "LATITUDE": 38.804801, "LONGITUDE": -77.044676, "GIS_LAST_MOD_DTTM": "2026-06-22T16:32:07Z", "OBJECTID": 357728767 }, "geometry": { "type": "Point", "coordinates": [ -77.044683578583218, 38.804804403737045 ] } },
{ "type": "Feature", "properties": { "NAME": "15th & P St NW", "STATION_TYPE": "classic", "STATION_ID": "0824791a-1f3f-11e7-bf6b-3863bb334450", "STATION_STATUS": null, "LAST_REPORTED": "2026-06-22T16:30:29Z", "NUM_DOCKS_AVAILABLE": 14, "NUM_DOCKS_DISABLED": 0, "NUM_BIKES_AVAILABLE": 4, "NUM_EBIKES_AVAILABLE": 0, "NUM_BIKES_DISABLED": 1, "IS_INSTALLED": "YES", "IS_RETURNING": "YES", "IS_RENTING": "YES", "HAS_KIOSK": "YES", "IOS": "https://dc.lft.to/lastmile_qr_scan", "ANDROID": "https://dc.lft.to/lastmile_qr_scan", "ELECTRIC_BIKE_SURCHARGE_WAIVER": "NO", "EIGHTD_HAS_KEY_DISPENSER": "NO", "CAPACITY": 19, "RENTAL_METHODS": "KEY,CREDITCARD", "REGION_ID": "42", "REGION_NAME": "Washington, DC", "GIS_ID": null, "LATITUDE": 38.909801, "LONGITUDE": -77.034427, "GIS_LAST_MOD_DTTM": "2026-06-22T16:32:07Z", "OBJECTID": 357728768 }, "geometry": { "type": "Point", "coordinates": [ -77.03443021033361, 38.909810094461278 ] } },
{ "type": "Feature", "properties": { "NAME": "M St & New Jersey Ave SE", "STATION_TYPE": "classic", "STATION_ID": "082486f0-1f3f-11e7-bf6b-3863bb334450", "STATION_STATUS": null, "LAST_REPORTED": "2026-06-22T16:30:30Z", "NUM_DOCKS_AVAILABLE": 7, "NUM_DOCKS_DISABLED": 0, "NUM_BIKES_AVAILABLE": 9, "NUM_EBIKES_AVAILABLE": 1, "NUM_BIKES_DISABLED": 1, "IS_INSTALLED": "YES", "IS_RETURNING": "YES", "IS_RENTING": "YES", "HAS_KIOSK": "YES", "IOS": "https://dc.lft.to/lastmile_qr_scan", "ANDROID": "https://dc.lft.to/lastmile_qr_scan", "ELECTRIC_BIKE_SURCHARGE_WAIVER": "NO", "EIGHTD_HAS_KEY_DISPENSER": "NO", "CAPACITY": 17, "RENTAL_METHODS": "KEY,CREDITCARD", "REGION_ID": "42", "REGION_NAME": "Washington, DC", "GIS_ID": null, "LATITUDE": 38.876219, "LONGITUDE": -77.004169, "GIS_LAST_MOD_DTTM": "2026-06-22T16:32:07Z", "OBJECTID": 357728769 }, "geometry": { "type": "Point", "coordinates": [ -77.004174098201801, 38.876222876510319 ] } },
{ "type": "Feature", "properties": { "NAME": "Lamont & Mt Pleasant NW", "STATION_TYPE": "classic", "STATION_ID": "082477f4-1f3f-11e7-bf6b-3863bb334450", "STATION_STATUS": null, "LAST_REPORTED": "2026-06-22T16:30:31Z", "NUM_DOCKS_AVAILABLE": 6, "NUM_DOCKS_DISABLED": 0, "NUM_BIKES_AVAILABLE": 15, "NUM_EBIKES_AVAILABLE": 1, "NUM_BIKES_DISABLED": 1, "IS_INSTALLED": "YES", "IS_RETURNING": "YES", "IS_RENTING": "YES", "HAS_KIOSK": "YES", "IOS": "https://dc.lft.to/lastmile_qr_scan", "ANDROID": "https://dc.lft.to/lastmile_qr_scan", "ELECTRIC_BIKE_SURCHARGE_WAIVER": "NO", "EIGHTD_HAS_KEY_DISPENSER": "NO", "CAPACITY": 23, "RENTAL_METHODS": "KEY,CREDITCARD", "REGION_ID": "42", "REGION_NAME": "Washington, DC", "GIS_ID": null, "LATITUDE": 38.9319, "LONGITUDE": -77.0388, "GIS_LAST_MOD_DTTM": "2026-06-22T16:32:07Z", "OBJECTID": 357728770 }, "geometry": { "type": "Point", "coordinates": [ -77.038800488688011, 38.931906150470482 ] } },
{ "type": "Feature", "properties": { "NAME": "1st & N St SE", "STATION_TYPE": "classic", "STATION_ID": "082484cf-1f3f-11e7-bf6b-3863bb334450", "STATION_STATUS": null, "LAST_REPORTED": "2026-06-22T16:30:28Z", "NUM_DOCKS_AVAILABLE": 35, "NUM_DOCKS_DISABLED": 0, "NUM_BIKES_AVAILABLE": 3, "NUM_EBIKES_AVAILABLE": 1, "NUM_BIKES_DISABLED": 1, "IS_INSTALLED": "YES", "IS_RETURNING": "YES", "IS_RENTING": "YES", "HAS_KIOSK": "YES", "IOS": "https://dc.lft.to/lastmile_qr_scan", "ANDROID": "https://dc.lft.to/lastmile_qr_scan", "ELECTRIC_BIKE_SURCHARGE_WAIVER": "NO", "EIGHTD_HAS_KEY_DISPENSER": "NO", "CAPACITY": 39, "RENTAL_METHODS": "KEY,CREDITCARD", "REGION_ID": "42", "REGION_NAME": "Washington, DC", "GIS_ID": null, "LATITUDE": 38.875023, "LONGITUDE": -77.005754, "GIS_LAST_MOD_DTTM": "2026-06-22T16:32:07Z", "OBJECTID": 357728771 }, "geometry": { "type": "Point", "coordinates": [ -77.005752838784801, 38.87503370074031 ] } },
{ "type": "Feature", "properties": { "NAME": "New York Ave & Hecht Ave NE", "STATION_TYPE": "classic", "STATION_ID": "0826132d-1f3f-11e7-bf6b-3863bb334450", "STATION_STATUS": null, "LAST_REPORTED": "2026-06-22T16:30:35Z", "NUM_DOCKS_AVAILABLE": 15, "NUM_DOCKS_DISABLED": 0, "NUM_BIKES_AVAILABLE": 5, "NUM_EBIKES_AVAILABLE": 0, "NUM_BIKES_DISABLED": 0, "IS_INSTALLED": "YES", "IS_RETURNING": "YES", "IS_RENTING": "YES", "HAS_KIOSK": "YES", "IOS": "https://dc.lft.to/lastmile_qr_scan", "ANDROID": "https://dc.lft.to/lastmile_qr_scan", "ELECTRIC_BIKE_SURCHARGE_WAIVER": "NO", "EIGHTD_HAS_KEY_DISPENSER": "NO", "CAPACITY": 23, "RENTAL_METHODS": "KEY,CREDITCARD", "REGION_ID": "42", "REGION_NAME": "Washington, DC", "GIS_ID": null, "LATITUDE": 38.915604, "LONGITUDE": -76.983683, "GIS_LAST_MOD_DTTM": "2026-06-22T16:32:07Z", "OBJECTID": 357728772 }, "geometry": { "type": "Point", "coordinates": [ -76.983686316612804, 38.915615400144937 ] } },
{ "type": "Feature", "properties": { "NAME": "Bethesda Ave & Arlington Rd", "STATION_TYPE": "classic", "STATION_ID": "0825738d-1f3f-11e7-bf6b-3863bb334450", "STATION_STATUS": null, "LAST_REPORTED": "2026-06-22T16:30:35Z", "NUM_DOCKS_AVAILABLE": 16, "NUM_DOCKS_DISABLED": 0, "NUM_BIKES_AVAILABLE": 2, "NUM_EBIKES_AVAILABLE": 0, "NUM_BIKES_DISABLED": 0, "IS_INSTALLED": "YES", "IS_RETURNING": "YES", "IS_RENTING": "YES", "HAS_KIOSK": "YES", "IOS": "https://dc.lft.to/lastmile_qr_scan", "ANDROID": "https://dc.lft.to/lastmile_qr_scan", "ELECTRIC_BIKE_SURCHARGE_WAIVER": "NO", "EIGHTD_HAS_KEY_DISPENSER": "NO", "CAPACITY": 19, "RENTAL_METHODS": "KEY,CREDITCARD", "REGION_ID": "44", "REGION_NAME": "Montgomery County, MD (South)", "GIS_ID": null, "LATITUDE": 38.981103, "LONGITUDE": -77.097426, "GIS_LAST_MOD_DTTM": "2026-06-22T16:32:07Z", "OBJECTID": 357728773 }, "geometry": { "type": "Point", "coordinates": [ -77.09742257512832, 38.981111188352479 ] } },
{ "type": "Feature", "properties": { "NAME": "37th & O St NW / Georgetown University", "STATION_TYPE": "classic", "STATION_ID": "0824cdb0-1f3f-11e7-bf6b-3863bb334450", "STATION_STATUS": null, "LAST_REPORTED": "2026-06-22T16:30:38Z", "NUM_DOCKS_AVAILABLE": 7, "NUM_DOCKS_DISABLED": 0, "NUM_BIKES_AVAILABLE": 15, "NUM_EBIKES_AVAILABLE": 7, "NUM_BIKES_DISABLED": 0, "IS_INSTALLED": "YES", "IS_RETURNING": "YES", "IS_RENTING": "YES", "HAS_KIOSK": "YES", "IOS": "https://dc.lft.to/lastmile_qr_scan", "ANDROID": "https://dc.lft.to/lastmile_qr_scan", "ELECTRIC_BIKE_SURCHARGE_WAIVER": "NO", "EIGHTD_HAS_KEY_DISPENSER": "NO", "CAPACITY": 23, "RENTAL_METHODS": "KEY,CREDITCARD", "REGION_ID": "42", "REGION_NAME": "Washington, DC", "GIS_ID": null, "LATITUDE": 38.907837, "LONGITUDE": -77.07166, "GIS_LAST_MOD_DTTM": "2026-06-22T16:32:07Z", "OBJECTID": 357728774 }, "geometry": { "type": "Point", "coordinates": [ -77.071657907053577, 38.90784738953829 ] } },
{ "type": "Feature", "properties": { "NAME": "23rd & M St NW", "STATION_TYPE": "classic", "STATION_ID": "5b745524-d0d3-4197-8c69-0ad4e5761883", "STATION_STATUS": null, "LAST_REPORTED": "2026-06-22T16:30:38Z", "NUM_DOCKS_AVAILABLE": 11, "NUM_DOCKS_DISABLED": 0, "NUM_BIKES_AVAILABLE": 8, "NUM_EBIKES_AVAILABLE": 1, "NUM_BIKES_DISABLED": 1, "IS_INSTALLED": "YES", "IS_RETURNING": "YES", "IS_RENTING": "YES", "HAS_KIOSK": "NO", "IOS": "https://dc.lft.to/lastmile_qr_scan", "ANDROID": "https://dc.lft.to/lastmile_qr_scan", "ELECTRIC_BIKE_SURCHARGE_WAIVER": "NO", "EIGHTD_HAS_KEY_DISPENSER": "NO", "CAPACITY": 20, "RENTAL_METHODS": "KEY,CREDITCARD", "REGION_ID": "42", "REGION_NAME": "Washington, DC", "GIS_ID": null, "LATITUDE": 38.90588, "LONGITUDE": -77.05002, "GIS_LAST_MOD_DTTM": "2026-06-22T16:32:07Z", "OBJECTID": 357728775 }, "geometry": { "type": "Point", "coordinates": [ -77.050027252803375, 38.905885825281864 ] } },
{ "type": "Feature", "properties": { "NAME": "Carta Way & Sayward Blvd", "STATION_TYPE": "classic", "STATION_ID": "2113923012090415284", "STATION_STATUS": null, "LAST_REPORTED": "2026-06-22T16:30:32Z", "NUM_DOCKS_AVAILABLE": 11, "NUM_DOCKS_DISABLED": 0, "NUM_BIKES_AVAILABLE": 0, "NUM_EBIKES_AVAILABLE": 0, "NUM_BIKES_DISABLED": 0, "IS_INSTALLED": "YES", "IS_RETURNING": "YES", "IS_RENTING": "YES", "HAS_KIOSK": "YES", "IOS": "https://dc.lft.to/lastmile_qr_scan", "ANDROID": "https://dc.lft.to/lastmile_qr_scan", "ELECTRIC_BIKE_SURCHARGE_WAIVER": "NO", "EIGHTD_HAS_KEY_DISPENSER": "NO", "CAPACITY": 11, "RENTAL_METHODS": "KEY,CREDITCARD", "REGION_ID": "104", "REGION_NAME": "Fairfax, VA", "GIS_ID": null, "LATITUDE": 38.957834, "LONGITUDE": -77.419355, "GIS_LAST_MOD_DTTM": "2026-06-22T16:32:07Z", "OBJECTID": 357728776 }, "geometry": { "type": "Point", "coordinates": [ -77.419359115830659, 38.957843062244464 ] } },
{ "type": "Feature", "properties": { "NAME": "Kansas Ave & Longfellow St NW", "STATION_TYPE": "classic", "STATION_ID": "d1fd7121-67e3-46a9-b415-e84a565394f2", "STATION_STATUS": null, "LAST_REPORTED": "2026-06-22T16:30:38Z", "NUM_DOCKS_AVAILABLE": 9, "NUM_DOCKS_DISABLED": 0, "NUM_BIKES_AVAILABLE": 9, "NUM_EBIKES_AVAILABLE": 0, "NUM_BIKES_DISABLED": 0, "IS_INSTALLED": "YES", "IS_RETURNING": "YES", "IS_RENTING": "YES", "HAS_KIOSK": "YES", "IOS": "https://dc.lft.to/lastmile_qr_scan", "ANDROID": "https://dc.lft.to/lastmile_qr_scan", "ELECTRIC_BIKE_SURCHARGE_WAIVER": "NO", "EIGHTD_HAS_KEY_DISPENSER": "NO", "CAPACITY": 19, "RENTAL_METHODS": "KEY,CREDITCARD", "REGION_ID": "42", "REGION_NAME": "Washington, DC", "GIS_ID": null, "LATITUDE": 38.95787, "LONGITUDE": -77.013697, "GIS_LAST_MOD_DTTM": "2026-06-22T16:32:07Z", "OBJECTID": 357728777 }, "geometry": { "type": "Point", "coordinates": [ -77.013697365641832, 38.957873666442865 ] } },
{ "type": "Feature", "properties": { "NAME": "48th Pl & MacArthur Blvd NW", "STATION_TYPE": "classic", "STATION_ID": "e07eed7c-2d2a-4f13-aff7-2be6500958f7", "STATION_STATUS": null, "LAST_REPORTED": "2026-06-22T16:30:39Z", "NUM_DOCKS_AVAILABLE": 1, "NUM_DOCKS_DISABLED": 0, "NUM_BIKES_AVAILABLE": 12, "NUM_EBIKES_AVAILABLE": 2, "NUM_BIKES_DISABLED": 1, "IS_INSTALLED": "YES", "IS_RETURNING": "YES", "IS_RENTING": "YES", "HAS_KIOSK": "YES", "IOS": "https://dc.lft.to/lastmile_qr_scan", "ANDROID": "https://dc.lft.to/lastmile_qr_scan", "ELECTRIC_BIKE_SURCHARGE_WAIVER": "NO", "EIGHTD_HAS_KEY_DISPENSER": "NO", "CAPACITY": 15, "RENTAL_METHODS": "KEY,CREDITCARD", "REGION_ID": "42", "REGION_NAME": "Washington, DC", "GIS_ID": null, "LATITUDE": 38.917105, "LONGITUDE": -77.095825, "GIS_LAST_MOD_DTTM": "2026-06-22T16:32:07Z", "OBJECTID": 357728778 }, "geometry": { "type": "Point", "coordinates": [ -77.095824585760937, 38.917108663231673 ] } },
{ "type": "Feature", "properties": { "NAME": "Whitehaven Pkwy & Foxhall Rd NW / GWU Mt. Vernon", "STATION_TYPE": "classic", "STATION_ID": "55d4e20d-6b27-485e-8115-4046ac2313ea", "STATION_STATUS": null, "LAST_REPORTED": "2026-06-22T16:30:39Z", "NUM_DOCKS_AVAILABLE": 1, "NUM_DOCKS_DISABLED": 0, "NUM_BIKES_AVAILABLE": 17, "NUM_EBIKES_AVAILABLE": 15, "NUM_BIKES_DISABLED": 0, "IS_INSTALLED": "YES", "IS_RETURNING": "YES", "IS_RENTING": "YES", "HAS_KIOSK": "YES", "IOS": "https://dc.lft.to/lastmile_qr_scan", "ANDROID": "https://dc.lft.to/lastmile_qr_scan", "ELECTRIC_BIKE_SURCHARGE_WAIVER": "NO", "EIGHTD_HAS_KEY_DISPENSER": "NO", "CAPACITY": 19, "RENTAL_METHODS": "KEY,CREDITCARD", "REGION_ID": "42", "REGION_NAME": "Washington, DC", "GIS_ID": null, "LATITUDE": 38.916501, "LONGITUDE": -77.090911, "GIS_LAST_MOD_DTTM": "2026-06-22T16:32:07Z", "OBJECTID": 357728779 }, "geometry": { "type": "Point", "coordinates": [ -77.090911629526019, 38.916509030307807 ] } },
{ "type": "Feature", "properties": { "NAME": "White Oak Rec Center", "STATION_TYPE": "classic", "STATION_ID": "2213781a-5c69-43eb-9b33-346d61e7e1ba", "STATION_STATUS": null, "LAST_REPORTED": "2026-06-22T16:30:39Z", "NUM_DOCKS_AVAILABLE": 13, "NUM_DOCKS_DISABLED": 0, "NUM_BIKES_AVAILABLE": 2, "NUM_EBIKES_AVAILABLE": 1, "NUM_BIKES_DISABLED": 0, "IS_INSTALLED": "YES", "IS_RETURNING": "YES", "IS_RENTING": "YES", "HAS_KIOSK": "YES", "IOS": "https://dc.lft.to/lastmile_qr_scan", "ANDROID": "https://dc.lft.to/lastmile_qr_scan", "ELECTRIC_BIKE_SURCHARGE_WAIVER": "NO", "EIGHTD_HAS_KEY_DISPENSER": "NO", "CAPACITY": 15, "RENTAL_METHODS": "KEY,CREDITCARD", "REGION_ID": "44", "REGION_NAME": "Montgomery County, MD (South)", "GIS_ID": null, "LATITUDE": 39.046144, "LONGITUDE": -76.975723, "GIS_LAST_MOD_DTTM": "2026-06-22T16:32:07Z", "OBJECTID": 357728780 }, "geometry": { "type": "Point", "coordinates": [ -76.975720275690804, 39.046152120695197 ] } },
{ "type": "Feature", "properties": { "NAME": "Arlington National Cemetery", "STATION_TYPE": "classic", "STATION_ID": "af5c5675-452b-4e1f-9d9f-7f4a0c50388d", "STATION_STATUS": null, "LAST_REPORTED": "2026-06-22T16:30:40Z", "NUM_DOCKS_AVAILABLE": 17, "NUM_DOCKS_DISABLED": 0, "NUM_BIKES_AVAILABLE": 2, "NUM_EBIKES_AVAILABLE": 0, "NUM_BIKES_DISABLED": 0, "IS_INSTALLED": "YES", "IS_RETURNING": "YES", "IS_RENTING": "YES", "HAS_KIOSK": "YES", "IOS": "https://dc.lft.to/lastmile_qr_scan", "ANDROID": "https://dc.lft.to/lastmile_qr_scan", "ELECTRIC_BIKE_SURCHARGE_WAIVER": "NO", "EIGHTD_HAS_KEY_DISPENSER": "NO", "CAPACITY": 19, "RENTAL_METHODS": "KEY,CREDITCARD", "REGION_ID": "41", "REGION_NAME": "Arlington, VA", "GIS_ID": null, "LATITUDE": 38.884533, "LONGITUDE": -77.065803, "GIS_LAST_MOD_DTTM": "2026-06-22T16:32:07Z", "OBJECTID": 357728781 }, "geometry": { "type": "Point", "coordinates": [ -77.065802491381334, 38.884537175961938 ] } },
{ "type": "Feature", "properties": { "NAME": "S Clark St & 33rd St", "STATION_TYPE": "classic", "STATION_ID": "e2a96f4c-801e-4cf8-be0f-f767a5d8ca1b", "STATION_STATUS": null, "LAST_REPORTED": "2026-06-22T16:30:40Z", "NUM_DOCKS_AVAILABLE": 11, "NUM_DOCKS_DISABLED": 0, "NUM_BIKES_AVAILABLE": 1, "NUM_EBIKES_AVAILABLE": 0, "NUM_BIKES_DISABLED": 0, "IS_INSTALLED": "YES", "IS_RETURNING": "YES", "IS_RENTING": "YES", "HAS_KIOSK": "YES", "IOS": "https://dc.lft.to/lastmile_qr_scan", "ANDROID": "https://dc.lft.to/lastmile_qr_scan", "ELECTRIC_BIKE_SURCHARGE_WAIVER": "NO", "EIGHTD_HAS_KEY_DISPENSER": "NO", "CAPACITY": 12, "RENTAL_METHODS": "KEY,CREDITCARD", "REGION_ID": "41", "REGION_NAME": "Arlington, VA", "GIS_ID": null, "LATITUDE": 38.845028, "LONGITUDE": -77.051956, "GIS_LAST_MOD_DTTM": "2026-06-22T16:32:07Z", "OBJECTID": 357728782 }, "geometry": { "type": "Point", "coordinates": [ -77.051954411801674, 38.845033241510471 ] } },
{ "type": "Feature", "properties": { "NAME": "N Pershing Dr & N George Mason Dr", "STATION_TYPE": "classic", "STATION_ID": "082572b6-1f3f-11e7-bf6b-3863bb334450", "STATION_STATUS": null, "LAST_REPORTED": "2026-06-22T16:31:00Z", "NUM_DOCKS_AVAILABLE": 3, "NUM_DOCKS_DISABLED": 0, "NUM_BIKES_AVAILABLE": 7, "NUM_EBIKES_AVAILABLE": 1, "NUM_BIKES_DISABLED": 1, "IS_INSTALLED": "YES", "IS_RETURNING": "YES", "IS_RENTING": "YES", "HAS_KIOSK": "YES", "IOS": "https://dc.lft.to/lastmile_qr_scan", "ANDROID": "https://dc.lft.to/lastmile_qr_scan", "ELECTRIC_BIKE_SURCHARGE_WAIVER": "NO", "EIGHTD_HAS_KEY_DISPENSER": "NO", "CAPACITY": 11, "RENTAL_METHODS": "KEY,CREDITCARD", "REGION_ID": "41", "REGION_NAME": "Arlington, VA", "GIS_ID": null, "LATITUDE": 38.871822, "LONGITUDE": -77.107906, "GIS_LAST_MOD_DTTM": "2026-06-22T16:32:07Z", "OBJECTID": 357728783 }, "geometry": { "type": "Point", "coordinates": [ -77.10790971564218, 38.871831042098115 ] } },
{ "type": "Feature", "properties": { "NAME": "14th & Quincy St NW", "STATION_TYPE": "classic", "STATION_ID": "08247c29-1f3f-11e7-bf6b-3863bb334450", "STATION_STATUS": null, "LAST_REPORTED": "2026-06-22T16:31:00Z", "NUM_DOCKS_AVAILABLE": 17, "NUM_DOCKS_DISABLED": 0, "NUM_BIKES_AVAILABLE": 0, "NUM_EBIKES_AVAILABLE": 0, "NUM_BIKES_DISABLED": 1, "IS_INSTALLED": "YES", "IS_RETURNING": "YES", "IS_RENTING": "YES", "HAS_KIOSK": "YES", "IOS": "https://dc.lft.to/lastmile_qr_scan", "ANDROID": "https://dc.lft.to/lastmile_qr_scan", "ELECTRIC_BIKE_SURCHARGE_WAIVER": "NO", "EIGHTD_HAS_KEY_DISPENSER": "NO", "CAPACITY": 19, "RENTAL_METHODS": "KEY,CREDITCARD", "REGION_ID": "42", "REGION_NAME": "Washington, DC", "GIS_ID": null, "LATITUDE": 38.938024, "LONGITUDE": -77.032688, "GIS_LAST_MOD_DTTM": "2026-06-22T16:32:07Z", "OBJECTID": 357728784 }, "geometry": { "type": "Point", "coordinates": [ -77.032690620244537, 38.938033665097258 ] } },
{ "type": "Feature", "properties": { "NAME": "18th & M St NW", "STATION_TYPE": "classic", "STATION_ID": "08249ef2-1f3f-11e7-bf6b-3863bb334450", "STATION_STATUS": null, "LAST_REPORTED": "2026-06-22T16:31:01Z", "NUM_DOCKS_AVAILABLE": 8, "NUM_DOCKS_DISABLED": 0, "NUM_BIKES_AVAILABLE": 17, "NUM_EBIKES_AVAILABLE": 5, "NUM_BIKES_DISABLED": 0, "IS_INSTALLED": "YES", "IS_RETURNING": "YES", "IS_RENTING": "YES", "HAS_KIOSK": "YES", "IOS": "https://dc.lft.to/lastmile_qr_scan", "ANDROID": "https://dc.lft.to/lastmile_qr_scan", "ELECTRIC_BIKE_SURCHARGE_WAIVER": "NO", "EIGHTD_HAS_KEY_DISPENSER": "NO", "CAPACITY": 27, "RENTAL_METHODS": "KEY,CREDITCARD", "REGION_ID": "42", "REGION_NAME": "Washington, DC", "GIS_ID": null, "LATITUDE": 38.905067, "LONGITUDE": -77.041779, "GIS_LAST_MOD_DTTM": "2026-06-22T16:32:07Z", "OBJECTID": 357728785 }, "geometry": { "type": "Point", "coordinates": [ -77.041783439000014, 38.905078312809891 ] } },
{ "type": "Feature", "properties": { "NAME": "Riverdale Park Town Center", "STATION_TYPE": "classic", "STATION_ID": "d8f65b11-57ec-4a9f-9b52-f5696e129f02", "STATION_STATUS": null, "LAST_REPORTED": "2026-06-22T16:30:56Z", "NUM_DOCKS_AVAILABLE": 0, "NUM_DOCKS_DISABLED": 0, "NUM_BIKES_AVAILABLE": 16, "NUM_EBIKES_AVAILABLE": 0, "NUM_BIKES_DISABLED": 1, "IS_INSTALLED": "YES", "IS_RETURNING": "YES", "IS_RENTING": "YES", "HAS_KIOSK": "YES", "IOS": "https://dc.lft.to/lastmile_qr_scan", "ANDROID": "https://dc.lft.to/lastmile_qr_scan", "ELECTRIC_BIKE_SURCHARGE_WAIVER": "NO", "EIGHTD_HAS_KEY_DISPENSER": "NO", "CAPACITY": 17, "RENTAL_METHODS": "KEY,CREDITCARD", "REGION_ID": "133", "REGION_NAME": "Prince George's County", "GIS_ID": null, "LATITUDE": 38.962119, "LONGITUDE": -76.935578, "GIS_LAST_MOD_DTTM": "2026-06-22T16:32:07Z", "OBJECTID": 357728786 }, "geometry": { "type": "Point", "coordinates": [ -76.935584265219717, 38.962126641229943 ] } },
{ "type": "Feature", "properties": { "NAME": "4th & W St NE", "STATION_TYPE": "classic", "STATION_ID": "0824833c-1f3f-11e7-bf6b-3863bb334450", "STATION_STATUS": null, "LAST_REPORTED": "2026-06-22T16:30:56Z", "NUM_DOCKS_AVAILABLE": 5, "NUM_DOCKS_DISABLED": 0, "NUM_BIKES_AVAILABLE": 10, "NUM_EBIKES_AVAILABLE": 1, "NUM_BIKES_DISABLED": 0, "IS_INSTALLED": "YES", "IS_RETURNING": "YES", "IS_RENTING": "YES", "HAS_KIOSK": "YES", "IOS": "https://dc.lft.to/lastmile_qr_scan", "ANDROID": "https://dc.lft.to/lastmile_qr_scan", "ELECTRIC_BIKE_SURCHARGE_WAIVER": "NO", "EIGHTD_HAS_KEY_DISPENSER": "NO", "CAPACITY": 15, "RENTAL_METHODS": "KEY,CREDITCARD", "REGION_ID": "42", "REGION_NAME": "Washington, DC", "GIS_ID": null, "LATITUDE": 38.919077, "LONGITUDE": -77.000648, "GIS_LAST_MOD_DTTM": "2026-06-22T16:32:07Z", "OBJECTID": 357728787 }, "geometry": { "type": "Point", "coordinates": [ -77.000648036395518, 38.919084744619092 ] } },
{ "type": "Feature", "properties": { "NAME": "S Wakefield St & 28th St S", "STATION_TYPE": "classic", "STATION_ID": "7af26d39-a3b4-4fb3-b5b2-3acd415b9bea", "STATION_STATUS": null, "LAST_REPORTED": "2026-06-22T16:30:58Z", "NUM_DOCKS_AVAILABLE": 14, "NUM_DOCKS_DISABLED": 0, "NUM_BIKES_AVAILABLE": 1, "NUM_EBIKES_AVAILABLE": 0, "NUM_BIKES_DISABLED": 0, "IS_INSTALLED": "YES", "IS_RETURNING": "YES", "IS_RENTING": "YES", "HAS_KIOSK": "YES", "IOS": "https://dc.lft.to/lastmile_qr_scan", "ANDROID": "https://dc.lft.to/lastmile_qr_scan", "ELECTRIC_BIKE_SURCHARGE_WAIVER": "NO", "EIGHTD_HAS_KEY_DISPENSER": "NO", "CAPACITY": 15, "RENTAL_METHODS": "KEY,CREDITCARD", "REGION_ID": "41", "REGION_NAME": "Arlington, VA", "GIS_ID": null, "LATITUDE": 38.84404, "LONGITUDE": -77.098093, "GIS_LAST_MOD_DTTM": "2026-06-22T16:32:07Z", "OBJECTID": 357728788 }, "geometry": { "type": "Point", "coordinates": [ -77.098099466960932, 38.844048686394203 ] } },
{ "type": "Feature", "properties": { "NAME": "W&OD Trail/Sunset Hills Rd & Old Reston Ave", "STATION_TYPE": "classic", "STATION_ID": "082639c8-1f3f-11e7-bf6b-3863bb334450", "STATION_STATUS": null, "LAST_REPORTED": "2026-06-22T16:30:59Z", "NUM_DOCKS_AVAILABLE": 11, "NUM_DOCKS_DISABLED": 0, "NUM_BIKES_AVAILABLE": 3, "NUM_EBIKES_AVAILABLE": 0, "NUM_BIKES_DISABLED": 0, "IS_INSTALLED": "YES", "IS_RETURNING": "YES", "IS_RENTING": "YES", "HAS_KIOSK": "YES", "IOS": "https://dc.lft.to/lastmile_qr_scan", "ANDROID": "https://dc.lft.to/lastmile_qr_scan", "ELECTRIC_BIKE_SURCHARGE_WAIVER": "NO", "EIGHTD_HAS_KEY_DISPENSER": "NO", "CAPACITY": 15, "RENTAL_METHODS": "KEY,CREDITCARD", "REGION_ID": "104", "REGION_NAME": "Fairfax, VA", "GIS_ID": null, "LATITUDE": 38.955079, "LONGITUDE": -77.351649, "GIS_LAST_MOD_DTTM": "2026-06-22T16:32:07Z", "OBJECTID": 357728789 }, "geometry": { "type": "Point", "coordinates": [ -77.351654091138457, 38.955084542589582 ] } },
{ "type": "Feature", "properties": { "NAME": "16th & Harvard St NW", "STATION_TYPE": "classic", "STATION_ID": "ae007456-14ad-4619-a92e-e3a40f93a412", "STATION_STATUS": null, "LAST_REPORTED": "2026-06-22T16:31:00Z", "NUM_DOCKS_AVAILABLE": 14, "NUM_DOCKS_DISABLED": 0, "NUM_BIKES_AVAILABLE": 5, "NUM_EBIKES_AVAILABLE": 1, "NUM_BIKES_DISABLED": 0, "IS_INSTALLED": "YES", "IS_RETURNING": "YES", "IS_RENTING": "YES", "HAS_KIOSK": "YES", "IOS": "https://dc.lft.to/lastmile_qr_scan", "ANDROID": "https://dc.lft.to/lastmile_qr_scan", "ELECTRIC_BIKE_SURCHARGE_WAIVER": "NO", "EIGHTD_HAS_KEY_DISPENSER": "NO", "CAPACITY": 19, "RENTAL_METHODS": "KEY,CREDITCARD", "REGION_ID": "42", "REGION_NAME": "Washington, DC", "GIS_ID": null, "LATITUDE": 38.926102, "LONGITUDE": -77.03665, "GIS_LAST_MOD_DTTM": "2026-06-22T16:32:07Z", "OBJECTID": 357728790 }, "geometry": { "type": "Point", "coordinates": [ -77.036652302763471, 38.926105490305275 ] } },
{ "type": "Feature", "properties": { "NAME": "Maine Ave & Water St SW", "STATION_TYPE": "classic", "STATION_ID": "a41e5bd2-b599-4c47-a36f-31ffa2e2dd0b", "STATION_STATUS": null, "LAST_REPORTED": "2026-06-22T16:30:58Z", "NUM_DOCKS_AVAILABLE": 7, "NUM_DOCKS_DISABLED": 0, "NUM_BIKES_AVAILABLE": 10, "NUM_EBIKES_AVAILABLE": 2, "NUM_BIKES_DISABLED": 2, "IS_INSTALLED": "YES", "IS_RETURNING": "YES", "IS_RENTING": "YES", "HAS_KIOSK": "YES", "IOS": "https://dc.lft.to/lastmile_qr_scan", "ANDROID": "https://dc.lft.to/lastmile_qr_scan", "ELECTRIC_BIKE_SURCHARGE_WAIVER": "NO", "EIGHTD_HAS_KEY_DISPENSER": "NO", "CAPACITY": 19, "RENTAL_METHODS": "KEY,CREDITCARD", "REGION_ID": "42", "REGION_NAME": "Washington, DC", "GIS_ID": null, "LATITUDE": 38.876747, "LONGITUDE": -77.020945, "GIS_LAST_MOD_DTTM": "2026-06-22T16:32:07Z", "OBJECTID": 357728791 }, "geometry": { "type": "Point", "coordinates": [ -77.020942188780978, 38.876752568561507 ] } },
{ "type": "Feature", "properties": { "NAME": "Traville Gateway Dr & Gudelsky Dr", "STATION_TYPE": "classic", "STATION_ID": "08257f71-1f3f-11e7-bf6b-3863bb334450", "STATION_STATUS": null, "LAST_REPORTED": "2026-06-22T16:30:57Z", "NUM_DOCKS_AVAILABLE": 11, "NUM_DOCKS_DISABLED": 0, "NUM_BIKES_AVAILABLE": 8, "NUM_EBIKES_AVAILABLE": 3, "NUM_BIKES_DISABLED": 0, "IS_INSTALLED": "YES", "IS_RETURNING": "YES", "IS_RENTING": "YES", "HAS_KIOSK": "YES", "IOS": "https://dc.lft.to/lastmile_qr_scan", "ANDROID": "https://dc.lft.to/lastmile_qr_scan", "ELECTRIC_BIKE_SURCHARGE_WAIVER": "NO", "EIGHTD_HAS_KEY_DISPENSER": "NO", "CAPACITY": 19, "RENTAL_METHODS": "KEY,CREDITCARD", "REGION_ID": "43", "REGION_NAME": "Montgomery County, MD (North)", "GIS_ID": null, "LATITUDE": 39.093783, "LONGITUDE": -77.202501, "GIS_LAST_MOD_DTTM": "2026-06-22T16:32:07Z", "OBJECTID": 357728792 }, "geometry": { "type": "Point", "coordinates": [ -77.202503528160847, 39.093794315504482 ] } },
{ "type": "Feature", "properties": { "NAME": "Barcroft Community Center", "STATION_TYPE": "classic", "STATION_ID": "08251c45-1f3f-11e7-bf6b-3863bb334450", "STATION_STATUS": null, "LAST_REPORTED": "2026-06-22T16:31:03Z", "NUM_DOCKS_AVAILABLE": 5, "NUM_DOCKS_DISABLED": 0, "NUM_BIKES_AVAILABLE": 5, "NUM_EBIKES_AVAILABLE": 2, "NUM_BIKES_DISABLED": 1, "IS_INSTALLED": "YES", "IS_RETURNING": "YES", "IS_RENTING": "YES", "HAS_KIOSK": "YES", "IOS": "https://dc.lft.to/lastmile_qr_scan", "ANDROID": "https://dc.lft.to/lastmile_qr_scan", "ELECTRIC_BIKE_SURCHARGE_WAIVER": "NO", "EIGHTD_HAS_KEY_DISPENSER": "NO", "CAPACITY": 11, "RENTAL_METHODS": "KEY,CREDITCARD", "REGION_ID": "41", "REGION_NAME": "Arlington, VA", "GIS_ID": null, "LATITUDE": 38.850337, "LONGITUDE": -77.100989, "GIS_LAST_MOD_DTTM": "2026-06-22T16:32:07Z", "OBJECTID": 357728793 }, "geometry": { "type": "Point", "coordinates": [ -77.100988162847784, 38.850343127547688 ] } },
{ "type": "Feature", "properties": { "NAME": "5th & F St NW", "STATION_TYPE": "classic", "STATION_ID": "0824a28b-1f3f-11e7-bf6b-3863bb334450", "STATION_STATUS": null, "LAST_REPORTED": "2026-06-22T16:31:02Z", "NUM_DOCKS_AVAILABLE": 3, "NUM_DOCKS_DISABLED": 0, "NUM_BIKES_AVAILABLE": 27, "NUM_EBIKES_AVAILABLE": 2, "NUM_BIKES_DISABLED": 0, "IS_INSTALLED": "YES", "IS_RETURNING": "YES", "IS_RENTING": "YES", "HAS_KIOSK": "YES", "IOS": "https://dc.lft.to/lastmile_qr_scan", "ANDROID": "https://dc.lft.to/lastmile_qr_scan", "ELECTRIC_BIKE_SURCHARGE_WAIVER": "NO", "EIGHTD_HAS_KEY_DISPENSER": "NO", "CAPACITY": 31, "RENTAL_METHODS": "KEY,CREDITCARD", "REGION_ID": "42", "REGION_NAME": "Washington, DC", "GIS_ID": null, "LATITUDE": 38.897222, "LONGITUDE": -77.019347, "GIS_LAST_MOD_DTTM": "2026-06-22T16:32:07Z", "OBJECTID": 357728794 }, "geometry": { "type": "Point", "coordinates": [ -77.019345843576588, 38.897228894416017 ] } },
{ "type": "Feature", "properties": { "NAME": "Lake Newport Rd and Autumn Ridge Cir", "STATION_TYPE": "classic", "STATION_ID": "29f174dd-e7bc-4329-a570-0220f0d1be84", "STATION_STATUS": null, "LAST_REPORTED": "2026-06-22T16:31:03Z", "NUM_DOCKS_AVAILABLE": 6, "NUM_DOCKS_DISABLED": 0, "NUM_BIKES_AVAILABLE": 4, "NUM_EBIKES_AVAILABLE": 0, "NUM_BIKES_DISABLED": 2, "IS_INSTALLED": "YES", "IS_RETURNING": "YES", "IS_RENTING": "YES", "HAS_KIOSK": "YES", "IOS": "https://dc.lft.to/lastmile_qr_scan", "ANDROID": "https://dc.lft.to/lastmile_qr_scan", "ELECTRIC_BIKE_SURCHARGE_WAIVER": "NO", "EIGHTD_HAS_KEY_DISPENSER": "NO", "CAPACITY": 12, "RENTAL_METHODS": "KEY,CREDITCARD", "REGION_ID": "104", "REGION_NAME": "Fairfax, VA", "GIS_ID": null, "LATITUDE": 38.978503, "LONGITUDE": -77.353454, "GIS_LAST_MOD_DTTM": "2026-06-22T16:32:07Z", "OBJECTID": 357728795 }, "geometry": { "type": "Point", "coordinates": [ -77.353454682366774, 38.978509737247634 ] } },
{ "type": "Feature", "properties": { "NAME": "Georgia Ave & Longfellow St NW", "STATION_TYPE": "classic", "STATION_ID": "568a84a6-8911-48aa-8ad4-9a1b46564e9d", "STATION_STATUS": null, "LAST_REPORTED": "2026-06-22T16:31:03Z", "NUM_DOCKS_AVAILABLE": 13, "NUM_DOCKS_DISABLED": 0, "NUM_BIKES_AVAILABLE": 2, "NUM_EBIKES_AVAILABLE": 2, "NUM_BIKES_DISABLED": 0, "IS_INSTALLED": "YES", "IS_RETURNING": "YES", "IS_RENTING": "YES", "HAS_KIOSK": "NO", "IOS": "https://dc.lft.to/lastmile_qr_scan", "ANDROID": "https://dc.lft.to/lastmile_qr_scan", "ELECTRIC_BIKE_SURCHARGE_WAIVER": "NO", "EIGHTD_HAS_KEY_DISPENSER": "NO", "CAPACITY": 15, "RENTAL_METHODS": "KEY,CREDITCARD", "REGION_ID": "42", "REGION_NAME": "Washington, DC", "GIS_ID": null, "LATITUDE": 38.957441, "LONGITUDE": -77.028008, "GIS_LAST_MOD_DTTM": "2026-06-22T16:32:07Z", "OBJECTID": 357728796 }, "geometry": { "type": "Point", "coordinates": [ -77.02801530511806, 38.957447723770457 ] } },
{ "type": "Feature", "properties": { "NAME": "Grandview & Blueridge Ave", "STATION_TYPE": "classic", "STATION_ID": "08265262-1f3f-11e7-bf6b-3863bb334450", "STATION_STATUS": null, "LAST_REPORTED": "2026-06-22T16:31:03Z", "NUM_DOCKS_AVAILABLE": 5, "NUM_DOCKS_DISABLED": 0, "NUM_BIKES_AVAILABLE": 10, "NUM_EBIKES_AVAILABLE": 0, "NUM_BIKES_DISABLED": 0, "IS_INSTALLED": "YES", "IS_RETURNING": "YES", "IS_RENTING": "YES", "HAS_KIOSK": "YES", "IOS": "https://dc.lft.to/lastmile_qr_scan", "ANDROID": "https://dc.lft.to/lastmile_qr_scan", "ELECTRIC_BIKE_SURCHARGE_WAIVER": "NO", "EIGHTD_HAS_KEY_DISPENSER": "NO", "CAPACITY": 15, "RENTAL_METHODS": "KEY,CREDITCARD", "REGION_ID": "44", "REGION_NAME": "Montgomery County, MD (South)", "GIS_ID": null, "LATITUDE": 39.043272, "LONGITUDE": -77.053085, "GIS_LAST_MOD_DTTM": "2026-06-22T16:32:07Z", "OBJECTID": 357728797 }, "geometry": { "type": "Point", "coordinates": [ -77.05309251525297, 39.043278022151426 ] } },
{ "type": "Feature", "properties": { "NAME": "New Hampshire & Gallatin St NW", "STATION_TYPE": "classic", "STATION_ID": "89263cc9-13f6-4185-b315-5164c9bb930e", "STATION_STATUS": null, "LAST_REPORTED": "2026-06-22T16:31:04Z", "NUM_DOCKS_AVAILABLE": 9, "NUM_DOCKS_DISABLED": 0, "NUM_BIKES_AVAILABLE": 10, "NUM_EBIKES_AVAILABLE": 1, "NUM_BIKES_DISABLED": 0, "IS_INSTALLED": "YES", "IS_RETURNING": "YES", "IS_RENTING": "YES", "HAS_KIOSK": "YES", "IOS": "https://dc.lft.to/lastmile_qr_scan", "ANDROID": "https://dc.lft.to/lastmile_qr_scan", "ELECTRIC_BIKE_SURCHARGE_WAIVER": "NO", "EIGHTD_HAS_KEY_DISPENSER": "NO", "CAPACITY": 19, "RENTAL_METHODS": "KEY,CREDITCARD", "REGION_ID": "42", "REGION_NAME": "Washington, DC", "GIS_ID": null, "LATITUDE": 38.951596, "LONGITUDE": -77.012808, "GIS_LAST_MOD_DTTM": "2026-06-22T16:32:07Z", "OBJECTID": 357728798 }, "geometry": { "type": "Point", "coordinates": [ -77.012807847051036, 38.951604012793162 ] } },
{ "type": "Feature", "properties": { "NAME": "16th St & North Carolina Ave NE", "STATION_TYPE": "classic", "STATION_ID": "1932168474073292810", "STATION_STATUS": null, "LAST_REPORTED": "2026-06-22T16:29:32Z", "NUM_DOCKS_AVAILABLE": 13, "NUM_DOCKS_DISABLED": 0, "NUM_BIKES_AVAILABLE": 6, "NUM_EBIKES_AVAILABLE": 1, "NUM_BIKES_DISABLED": 0, "IS_INSTALLED": "YES", "IS_RETURNING": "YES", "IS_RENTING": "YES", "HAS_KIOSK": "YES", "IOS": "https://dc.lft.to/lastmile_qr_scan", "ANDROID": "https://dc.lft.to/lastmile_qr_scan", "ELECTRIC_BIKE_SURCHARGE_WAIVER": "NO", "EIGHTD_HAS_KEY_DISPENSER": "NO", "CAPACITY": 19, "RENTAL_METHODS": "KEY,CREDITCARD", "REGION_ID": null, "REGION_NAME": "DCA-CABI", "GIS_ID": null, "LATITUDE": 38.893062, "LONGITUDE": -76.982464, "GIS_LAST_MOD_DTTM": "2026-06-22T16:32:07Z", "OBJECTID": 357728799 }, "geometry": { "type": "Point", "coordinates": [ -76.982469602072726, 38.893067315476351 ] } },
{ "type": "Feature", "properties": { "NAME": "Route 29 & Circle Woods Dr", "STATION_TYPE": "classic", "STATION_ID": "1892760823152249488", "STATION_STATUS": null, "LAST_REPORTED": "2026-06-22T16:30:07Z", "NUM_DOCKS_AVAILABLE": 0, "NUM_DOCKS_DISABLED": 0, "NUM_BIKES_AVAILABLE": 11, "NUM_EBIKES_AVAILABLE": 0, "NUM_BIKES_DISABLED": 0, "IS_INSTALLED": "YES", "IS_RETURNING": "YES", "IS_RENTING": "YES", "HAS_KIOSK": "YES", "IOS": "https://dc.lft.to/lastmile_qr_scan", "ANDROID": "https://dc.lft.to/lastmile_qr_scan", "ELECTRIC_BIKE_SURCHARGE_WAIVER": "NO", "EIGHTD_HAS_KEY_DISPENSER": "NO", "CAPACITY": 11, "RENTAL_METHODS": "KEY,CREDITCARD", "REGION_ID": null, "REGION_NAME": "DCA-CABI", "GIS_ID": null, "LATITUDE": 38.869114, "LONGITUDE": -77.271538, "GIS_LAST_MOD_DTTM": "2026-06-22T16:32:07Z", "OBJECTID": 357728800 }, "geometry": { "type": "Point", "coordinates": [ -77.271535544577617, 38.869123913734292 ] } },
{ "type": "Feature", "properties": { "NAME": "Dorr Ave & Prosperity Ave", "STATION_TYPE": "classic", "STATION_ID": "1890204129337198944", "STATION_STATUS": null, "LAST_REPORTED": "2026-06-22T16:30:28Z", "NUM_DOCKS_AVAILABLE": 3, "NUM_DOCKS_DISABLED": 0, "NUM_BIKES_AVAILABLE": 8, "NUM_EBIKES_AVAILABLE": 0, "NUM_BIKES_DISABLED": 0, "IS_INSTALLED": "YES", "IS_RETURNING": "YES", "IS_RENTING": "YES", "HAS_KIOSK": "YES", "IOS": "https://dc.lft.to/lastmile_qr_scan", "ANDROID": "https://dc.lft.to/lastmile_qr_scan", "ELECTRIC_BIKE_SURCHARGE_WAIVER": "NO", "EIGHTD_HAS_KEY_DISPENSER": "NO", "CAPACITY": 11, "RENTAL_METHODS": "KEY,CREDITCARD", "REGION_ID": null, "REGION_NAME": "DCA-CABI", "GIS_ID": null, "LATITUDE": 38.879256, "LONGITUDE": -77.233583, "GIS_LAST_MOD_DTTM": "2026-06-22T16:32:07Z", "OBJECTID": 357728801 }, "geometry": { "type": "Point", "coordinates": [ -77.233588081800519, 38.879259397570166 ] } },
{ "type": "Feature", "properties": { "NAME": "Blenheim Blvd & North St", "STATION_TYPE": "classic", "STATION_ID": "1874573898176678104", "STATION_STATUS": null, "LAST_REPORTED": "2026-06-22T16:30:29Z", "NUM_DOCKS_AVAILABLE": 5, "NUM_DOCKS_DISABLED": 0, "NUM_BIKES_AVAILABLE": 7, "NUM_EBIKES_AVAILABLE": 2, "NUM_BIKES_DISABLED": 0, "IS_INSTALLED": "YES", "IS_RETURNING": "YES", "IS_RENTING": "YES", "HAS_KIOSK": "YES", "IOS": "https://dc.lft.to/lastmile_qr_scan", "ANDROID": "https://dc.lft.to/lastmile_qr_scan", "ELECTRIC_BIKE_SURCHARGE_WAIVER": "NO", "EIGHTD_HAS_KEY_DISPENSER": "NO", "CAPACITY": 12, "RENTAL_METHODS": "KEY,CREDITCARD", "REGION_ID": null, "REGION_NAME": "DCA-CABI", "GIS_ID": null, "LATITUDE": 38.846972, "LONGITUDE": -77.303349, "GIS_LAST_MOD_DTTM": "2026-06-22T16:32:07Z", "OBJECTID": 357728802 }, "geometry": { "type": "Point", "coordinates": [ -77.303349354829479, 38.846983845450822 ] } },
{ "type": "Feature", "properties": { "NAME": "39th St & Tunlaw Rd NW", "STATION_TYPE": "classic", "STATION_ID": "1879766346478500482", "STATION_STATUS": null, "LAST_REPORTED": "2026-06-22T16:30:41Z", "NUM_DOCKS_AVAILABLE": 15, "NUM_DOCKS_DISABLED": 0, "NUM_BIKES_AVAILABLE": 4, "NUM_EBIKES_AVAILABLE": 1, "NUM_BIKES_DISABLED": 0, "IS_INSTALLED": "YES", "IS_RETURNING": "YES", "IS_RENTING": "YES", "HAS_KIOSK": "YES", "IOS": "https://dc.lft.to/lastmile_qr_scan", "ANDROID": "https://dc.lft.to/lastmile_qr_scan", "ELECTRIC_BIKE_SURCHARGE_WAIVER": "NO", "EIGHTD_HAS_KEY_DISPENSER": "NO", "CAPACITY": 19, "RENTAL_METHODS": "KEY,CREDITCARD", "REGION_ID": null, "REGION_NAME": "DCA-CABI", "GIS_ID": null, "LATITUDE": 38.9257, "LONGITUDE": -77.079119, "GIS_LAST_MOD_DTTM": "2026-06-22T16:32:07Z", "OBJECTID": 357728803 }, "geometry": { "type": "Point", "coordinates": [ -77.079125755003773, 38.925706101259806 ] } },
{ "type": "Feature", "properties": { "NAME": "Kansas Ave & Tuckerman St NW / Lamond Rec ", "STATION_TYPE": "classic", "STATION_ID": "1934289487117353510", "STATION_STATUS": null, "LAST_REPORTED": "2026-06-22T16:30:51Z", "NUM_DOCKS_AVAILABLE": 3, "NUM_DOCKS_DISABLED": 0, "NUM_BIKES_AVAILABLE": 12, "NUM_EBIKES_AVAILABLE": 5, "NUM_BIKES_DISABLED": 0, "IS_INSTALLED": "YES", "IS_RETURNING": "YES", "IS_RENTING": "YES", "HAS_KIOSK": "YES", "IOS": "https://dc.lft.to/lastmile_qr_scan", "ANDROID": "https://dc.lft.to/lastmile_qr_scan", "ELECTRIC_BIKE_SURCHARGE_WAIVER": "NO", "EIGHTD_HAS_KEY_DISPENSER": "NO", "CAPACITY": 15, "RENTAL_METHODS": "KEY,CREDITCARD", "REGION_ID": null, "REGION_NAME": "DCA-CABI", "GIS_ID": null, "LATITUDE": 38.967492, "LONGITUDE": -77.007003, "GIS_LAST_MOD_DTTM": "2026-06-22T16:32:07Z", "OBJECTID": 357728804 }, "geometry": { "type": "Point", "coordinates": [ -77.00700653030519, 38.967504082238058 ] } },
{ "type": "Feature", "properties": { "NAME": "N Shore Dr & Bandit Loop", "STATION_TYPE": "classic", "STATION_ID": "1900964406001033780", "STATION_STATUS": null, "LAST_REPORTED": "2026-06-22T16:30:59Z", "NUM_DOCKS_AVAILABLE": 9, "NUM_DOCKS_DISABLED": 0, "NUM_BIKES_AVAILABLE": 2, "NUM_EBIKES_AVAILABLE": 0, "NUM_BIKES_DISABLED": 0, "IS_INSTALLED": "YES", "IS_RETURNING": "YES", "IS_RENTING": "YES", "HAS_KIOSK": "YES", "IOS": "https://dc.lft.to/lastmile_qr_scan", "ANDROID": "https://dc.lft.to/lastmile_qr_scan", "ELECTRIC_BIKE_SURCHARGE_WAIVER": "NO", "EIGHTD_HAS_KEY_DISPENSER": "NO", "CAPACITY": 11, "RENTAL_METHODS": "KEY,CREDITCARD", "REGION_ID": null, "REGION_NAME": "DCA-CABI", "GIS_ID": null, "LATITUDE": 38.95937, "LONGITUDE": -77.331794, "GIS_LAST_MOD_DTTM": "2026-06-22T16:32:07Z", "OBJECTID": 357728805 }, "geometry": { "type": "Point", "coordinates": [ -77.331795500206425, 38.959376498404595 ] } },
{ "type": "Feature", "properties": { "NAME": "16th & Pine St NW", "STATION_TYPE": "classic", "STATION_ID": "2122153217843808314", "STATION_STATUS": null, "LAST_REPORTED": "2026-06-22T16:30:40Z", "NUM_DOCKS_AVAILABLE": 12, "NUM_DOCKS_DISABLED": 0, "NUM_BIKES_AVAILABLE": 3, "NUM_EBIKES_AVAILABLE": 1, "NUM_BIKES_DISABLED": 4, "IS_INSTALLED": "YES", "IS_RETURNING": "YES", "IS_RENTING": "YES", "HAS_KIOSK": "YES", "IOS": "https://dc.lft.to/lastmile_qr_scan", "ANDROID": "https://dc.lft.to/lastmile_qr_scan", "ELECTRIC_BIKE_SURCHARGE_WAIVER": "NO", "EIGHTD_HAS_KEY_DISPENSER": "NO", "CAPACITY": 19, "RENTAL_METHODS": "KEY,CREDITCARD", "REGION_ID": null, "REGION_NAME": "DCA-CABI", "GIS_ID": null, "LATITUDE": 38.930845, "LONGITUDE": -77.036232, "GIS_LAST_MOD_DTTM": "2026-06-22T16:32:07Z", "OBJECTID": 357728806 }, "geometry": { "type": "Point", "coordinates": [ -77.036239548641831, 38.930853000477939 ] } },
{ "type": "Feature", "properties": { "NAME": "Americana Dr & Americana Pl", "STATION_TYPE": "classic", "STATION_ID": "2220022922909468160", "STATION_STATUS": null, "LAST_REPORTED": "2026-06-22T16:31:10Z", "NUM_DOCKS_AVAILABLE": 3, "NUM_DOCKS_DISABLED": 0, "NUM_BIKES_AVAILABLE": 6, "NUM_EBIKES_AVAILABLE": 0, "NUM_BIKES_DISABLED": 2, "IS_INSTALLED": "YES", "IS_RETURNING": "YES", "IS_RENTING": "YES", "HAS_KIOSK": "YES", "IOS": "https://dc.lft.to/lastmile_qr_scan", "ANDROID": "https://dc.lft.to/lastmile_qr_scan", "ELECTRIC_BIKE_SURCHARGE_WAIVER": "NO", "EIGHTD_HAS_KEY_DISPENSER": "NO", "CAPACITY": 11, "RENTAL_METHODS": "KEY,CREDITCARD", "REGION_ID": null, "REGION_NAME": "DCA-CABI", "GIS_ID": null, "LATITUDE": 38.819184, "LONGITUDE": -77.216574, "GIS_LAST_MOD_DTTM": "2026-06-22T16:32:07Z", "OBJECTID": 357728807 }, "geometry": { "type": "Point", "coordinates": [ -77.216579426514159, 38.819187708942337 ] } },
{ "type": "Feature", "properties": { "NAME": "Franconia-Springfield Metro North", "STATION_TYPE": "classic", "STATION_ID": "1917259666206632502", "STATION_STATUS": null, "LAST_REPORTED": "2026-06-22T16:31:17Z", "NUM_DOCKS_AVAILABLE": 15, "NUM_DOCKS_DISABLED": 0, "NUM_BIKES_AVAILABLE": 4, "NUM_EBIKES_AVAILABLE": 0, "NUM_BIKES_DISABLED": 0, "IS_INSTALLED": "YES", "IS_RETURNING": "YES", "IS_RENTING": "YES", "HAS_KIOSK": "YES", "IOS": "https://dc.lft.to/lastmile_qr_scan", "ANDROID": "https://dc.lft.to/lastmile_qr_scan", "ELECTRIC_BIKE_SURCHARGE_WAIVER": "NO", "EIGHTD_HAS_KEY_DISPENSER": "NO", "CAPACITY": 19, "RENTAL_METHODS": "KEY,CREDITCARD", "REGION_ID": null, "REGION_NAME": "DCA-CABI", "GIS_ID": null, "LATITUDE": 38.766946, "LONGITUDE": -77.168902, "GIS_LAST_MOD_DTTM": "2026-06-22T16:32:07Z", "OBJECTID": 357728808 }, "geometry": { "type": "Point", "coordinates": [ -77.168909723482173, 38.766953902583154 ] } },
{ "type": "Feature", "properties": { "NAME": "55th & East Capitol St NE", "STATION_TYPE": "classic", "STATION_ID": "1950995089993550758", "STATION_STATUS": null, "LAST_REPORTED": "2026-06-22T16:29:30Z", "NUM_DOCKS_AVAILABLE": 11, "NUM_DOCKS_DISABLED": 0, "NUM_BIKES_AVAILABLE": 1, "NUM_EBIKES_AVAILABLE": 1, "NUM_BIKES_DISABLED": 0, "IS_INSTALLED": "YES", "IS_RETURNING": "YES", "IS_RENTING": "YES", "HAS_KIOSK": "YES", "IOS": "https://dc.lft.to/lastmile_qr_scan", "ANDROID": "https://dc.lft.to/lastmile_qr_scan", "ELECTRIC_BIKE_SURCHARGE_WAIVER": "NO", "EIGHTD_HAS_KEY_DISPENSER": "NO", "CAPACITY": 12, "RENTAL_METHODS": "KEY,CREDITCARD", "REGION_ID": null, "REGION_NAME": "DCA-CABI", "GIS_ID": null, "LATITUDE": 38.889926, "LONGITUDE": -76.922783, "GIS_LAST_MOD_DTTM": "2026-06-22T16:32:07Z", "OBJECTID": 357728809 }, "geometry": { "type": "Point", "coordinates": [ -76.922785788923434, 38.889935222134504 ] } },
{ "type": "Feature", "properties": { "NAME": "18th St & Ingleside Ter NW", "STATION_TYPE": "classic", "STATION_ID": "1931715167823202508", "STATION_STATUS": null, "LAST_REPORTED": "2026-06-22T16:29:29Z", "NUM_DOCKS_AVAILABLE": 19, "NUM_DOCKS_DISABLED": 0, "NUM_BIKES_AVAILABLE": 0, "NUM_EBIKES_AVAILABLE": 0, "NUM_BIKES_DISABLED": 0, "IS_INSTALLED": "YES", "IS_RETURNING": "YES", "IS_RENTING": "YES", "HAS_KIOSK": "YES", "IOS": "https://dc.lft.to/lastmile_qr_scan", "ANDROID": "https://dc.lft.to/lastmile_qr_scan", "ELECTRIC_BIKE_SURCHARGE_WAIVER": "NO", "EIGHTD_HAS_KEY_DISPENSER": "NO", "CAPACITY": 19, "RENTAL_METHODS": "KEY,CREDITCARD", "REGION_ID": null, "REGION_NAME": "DCA-CABI", "GIS_ID": null, "LATITUDE": 38.934784, "LONGITUDE": -77.041362, "GIS_LAST_MOD_DTTM": "2026-06-22T16:32:07Z", "OBJECTID": 357728810 }, "geometry": { "type": "Point", "coordinates": [ -77.041362565276373, 38.934787929675359 ] } },
{ "type": "Feature", "properties": { "NAME": "Michigan Ave & Allison St NE", "STATION_TYPE": "classic", "STATION_ID": "1934706002043462112", "STATION_STATUS": null, "LAST_REPORTED": "2026-06-22T16:29:52Z", "NUM_DOCKS_AVAILABLE": 0, "NUM_DOCKS_DISABLED": 0, "NUM_BIKES_AVAILABLE": 14, "NUM_EBIKES_AVAILABLE": 3, "NUM_BIKES_DISABLED": 1, "IS_INSTALLED": "YES", "IS_RETURNING": "YES", "IS_RENTING": "YES", "HAS_KIOSK": "YES", "IOS": "https://dc.lft.to/lastmile_qr_scan", "ANDROID": "https://dc.lft.to/lastmile_qr_scan", "ELECTRIC_BIKE_SURCHARGE_WAIVER": "NO", "EIGHTD_HAS_KEY_DISPENSER": "NO", "CAPACITY": 15, "RENTAL_METHODS": "KEY,CREDITCARD", "REGION_ID": null, "REGION_NAME": "DCA-CABI", "GIS_ID": null, "LATITUDE": 38.945068, "LONGITUDE": -76.978783, "GIS_LAST_MOD_DTTM": "2026-06-22T16:32:07Z", "OBJECTID": 357728811 }, "geometry": { "type": "Point", "coordinates": [ -76.978788531519157, 38.94507178820222 ] } },
{ "type": "Feature", "properties": { "NAME": "Seatrend Way & Topsails Ln", "STATION_TYPE": "classic", "STATION_ID": "1917259953969440770", "STATION_STATUS": null, "LAST_REPORTED": "2026-06-22T16:29:52Z", "NUM_DOCKS_AVAILABLE": 7, "NUM_DOCKS_DISABLED": 0, "NUM_BIKES_AVAILABLE": 4, "NUM_EBIKES_AVAILABLE": 2, "NUM_BIKES_DISABLED": 0, "IS_INSTALLED": "YES", "IS_RETURNING": "YES", "IS_RENTING": "YES", "HAS_KIOSK": "YES", "IOS": "https://dc.lft.to/lastmile_qr_scan", "ANDROID": "https://dc.lft.to/lastmile_qr_scan", "ELECTRIC_BIKE_SURCHARGE_WAIVER": "NO", "EIGHTD_HAS_KEY_DISPENSER": "NO", "CAPACITY": 12, "RENTAL_METHODS": "KEY,CREDITCARD", "REGION_ID": null, "REGION_NAME": "DCA-CABI", "GIS_ID": null, "LATITUDE": 38.775639, "LONGITUDE": -77.160014, "GIS_LAST_MOD_DTTM": "2026-06-22T16:32:07Z", "OBJECTID": 357728812 }, "geometry": { "type": "Point", "coordinates": [ -77.160011461420453, 38.775650703949886 ] } },
{ "type": "Feature", "properties": { "NAME": "Hilltop Rd & Willowmere Dr ", "STATION_TYPE": "classic", "STATION_ID": "1957750905852681124", "STATION_STATUS": null, "LAST_REPORTED": "2026-06-22T16:30:11Z", "NUM_DOCKS_AVAILABLE": 3, "NUM_DOCKS_DISABLED": 0, "NUM_BIKES_AVAILABLE": 8, "NUM_EBIKES_AVAILABLE": 0, "NUM_BIKES_DISABLED": 0, "IS_INSTALLED": "YES", "IS_RETURNING": "YES", "IS_RENTING": "YES", "HAS_KIOSK": "YES", "IOS": "https://dc.lft.to/lastmile_qr_scan", "ANDROID": "https://dc.lft.to/lastmile_qr_scan", "ELECTRIC_BIKE_SURCHARGE_WAIVER": "NO", "EIGHTD_HAS_KEY_DISPENSER": "NO", "CAPACITY": 11, "RENTAL_METHODS": "KEY,CREDITCARD", "REGION_ID": null, "REGION_NAME": "DCA-CABI", "GIS_ID": null, "LATITUDE": 38.876903, "LONGITUDE": -77.241518, "GIS_LAST_MOD_DTTM": "2026-06-22T16:32:07Z", "OBJECTID": 357728813 }, "geometry": { "type": "Point", "coordinates": [ -77.241520774493708, 38.876910079515056 ] } },
{ "type": "Feature", "properties": { "NAME": "Westbranch Dr & Maitland St", "STATION_TYPE": "classic", "STATION_ID": "1900610962867255780", "STATION_STATUS": null, "LAST_REPORTED": "2026-06-22T16:30:48Z", "NUM_DOCKS_AVAILABLE": 6, "NUM_DOCKS_DISABLED": 0, "NUM_BIKES_AVAILABLE": 6, "NUM_EBIKES_AVAILABLE": 0, "NUM_BIKES_DISABLED": 0, "IS_INSTALLED": "YES", "IS_RETURNING": "YES", "IS_RENTING": "YES", "HAS_KIOSK": "YES", "IOS": "https://dc.lft.to/lastmile_qr_scan", "ANDROID": "https://dc.lft.to/lastmile_qr_scan", "ELECTRIC_BIKE_SURCHARGE_WAIVER": "NO", "EIGHTD_HAS_KEY_DISPENSER": "NO", "CAPACITY": 12, "RENTAL_METHODS": "KEY,CREDITCARD", "REGION_ID": null, "REGION_NAME": "DCA-CABI", "GIS_ID": null, "LATITUDE": 38.927943, "LONGITUDE": -77.220829, "GIS_LAST_MOD_DTTM": "2026-06-22T16:32:07Z", "OBJECTID": 357728814 }, "geometry": { "type": "Point", "coordinates": [ -77.220830898057898, 38.927947488049341 ] } },
{ "type": "Feature", "properties": { "NAME": "Prosperity Ave & Avenir Pl", "STATION_TYPE": "classic", "STATION_ID": "1893303738183408178", "STATION_STATUS": null, "LAST_REPORTED": "2026-06-22T16:30:47Z", "NUM_DOCKS_AVAILABLE": 10, "NUM_DOCKS_DISABLED": 0, "NUM_BIKES_AVAILABLE": 1, "NUM_EBIKES_AVAILABLE": 1, "NUM_BIKES_DISABLED": 0, "IS_INSTALLED": "YES", "IS_RETURNING": "YES", "IS_RENTING": "YES", "HAS_KIOSK": "YES", "IOS": "https://dc.lft.to/lastmile_qr_scan", "ANDROID": "https://dc.lft.to/lastmile_qr_scan", "ELECTRIC_BIKE_SURCHARGE_WAIVER": "NO", "EIGHTD_HAS_KEY_DISPENSER": "NO", "CAPACITY": 11, "RENTAL_METHODS": "KEY,CREDITCARD", "REGION_ID": null, "REGION_NAME": "DCA-CABI", "GIS_ID": null, "LATITUDE": 38.881436, "LONGITUDE": -77.230377, "GIS_LAST_MOD_DTTM": "2026-06-22T16:32:07Z", "OBJECTID": 357728815 }, "geometry": { "type": "Point", "coordinates": [ -77.230379699004487, 38.881445808258889 ] } },
{ "type": "Feature", "properties": { "NAME": "17th St & Potomac Ave SE / Congressional Cemetery ", "STATION_TYPE": "classic", "STATION_ID": "1941813138517442794", "STATION_STATUS": null, "LAST_REPORTED": "2026-06-22T16:30:05Z", "NUM_DOCKS_AVAILABLE": 12, "NUM_DOCKS_DISABLED": 0, "NUM_BIKES_AVAILABLE": 7, "NUM_EBIKES_AVAILABLE": 0, "NUM_BIKES_DISABLED": 0, "IS_INSTALLED": "YES", "IS_RETURNING": "YES", "IS_RENTING": "YES", "HAS_KIOSK": "YES", "IOS": "https://dc.lft.to/lastmile_qr_scan", "ANDROID": "https://dc.lft.to/lastmile_qr_scan", "ELECTRIC_BIKE_SURCHARGE_WAIVER": "NO", "EIGHTD_HAS_KEY_DISPENSER": "NO", "CAPACITY": 19, "RENTAL_METHODS": "KEY,CREDITCARD", "REGION_ID": null, "REGION_NAME": "DCA-CABI", "GIS_ID": null, "LATITUDE": 38.882458, "LONGITUDE": -76.980715, "GIS_LAST_MOD_DTTM": "2026-06-22T16:32:07Z", "OBJECTID": 357728816 }, "geometry": { "type": "Point", "coordinates": [ -76.980720351774082, 38.882464176616999 ] } },
{ "type": "Feature", "properties": { "NAME": "Western Ave & Pinehurst Cir NW ", "STATION_TYPE": "classic", "STATION_ID": "1939176485434179842", "STATION_STATUS": null, "LAST_REPORTED": "2026-06-22T16:30:29Z", "NUM_DOCKS_AVAILABLE": 6, "NUM_DOCKS_DISABLED": 0, "NUM_BIKES_AVAILABLE": 9, "NUM_EBIKES_AVAILABLE": 5, "NUM_BIKES_DISABLED": 0, "IS_INSTALLED": "YES", "IS_RETURNING": "YES", "IS_RENTING": "YES", "HAS_KIOSK": "YES", "IOS": "https://dc.lft.to/lastmile_qr_scan", "ANDROID": "https://dc.lft.to/lastmile_qr_scan", "ELECTRIC_BIKE_SURCHARGE_WAIVER": "NO", "EIGHTD_HAS_KEY_DISPENSER": "NO", "CAPACITY": 15, "RENTAL_METHODS": "KEY,CREDITCARD", "REGION_ID": null, "REGION_NAME": "DCA-CABI", "GIS_ID": null, "LATITUDE": 38.975739, "LONGITUDE": -77.066409, "GIS_LAST_MOD_DTTM": "2026-06-22T16:32:07Z", "OBJECTID": 357728817 }, "geometry": { "type": "Point", "coordinates": [ -77.066406039680601, 38.975745991795655 ] } },
{ "type": "Feature", "properties": { "NAME": "Connecticut Ave & Ordway St NW / Cleveland Park Metro ", "STATION_TYPE": "classic", "STATION_ID": "1928837279316128558", "STATION_STATUS": null, "LAST_REPORTED": "2026-06-22T16:31:05Z", "NUM_DOCKS_AVAILABLE": 12, "NUM_DOCKS_DISABLED": 0, "NUM_BIKES_AVAILABLE": 3, "NUM_EBIKES_AVAILABLE": 3, "NUM_BIKES_DISABLED": 0, "IS_INSTALLED": "YES", "IS_RETURNING": "YES", "IS_RENTING": "YES", "HAS_KIOSK": "YES", "IOS": "https://dc.lft.to/lastmile_qr_scan", "ANDROID": "https://dc.lft.to/lastmile_qr_scan", "ELECTRIC_BIKE_SURCHARGE_WAIVER": "NO", "EIGHTD_HAS_KEY_DISPENSER": "NO", "CAPACITY": 15, "RENTAL_METHODS": "KEY,CREDITCARD", "REGION_ID": null, "REGION_NAME": "DCA-CABI", "GIS_ID": null, "LATITUDE": 38.935842, "LONGITUDE": -77.058468, "GIS_LAST_MOD_DTTM": "2026-06-22T16:32:07Z", "OBJECTID": 357728818 }, "geometry": { "type": "Point", "coordinates": [ -77.058468095894568, 38.935852612414813 ] } },
{ "type": "Feature", "properties": { "NAME": "44th St & New Mexico Ave NW", "STATION_TYPE": "classic", "STATION_ID": "1877753940179542324", "STATION_STATUS": null, "LAST_REPORTED": "2026-06-22T16:31:10Z", "NUM_DOCKS_AVAILABLE": 8, "NUM_DOCKS_DISABLED": 0, "NUM_BIKES_AVAILABLE": 11, "NUM_EBIKES_AVAILABLE": 2, "NUM_BIKES_DISABLED": 0, "IS_INSTALLED": "YES", "IS_RETURNING": "YES", "IS_RENTING": "YES", "HAS_KIOSK": "YES", "IOS": "https://dc.lft.to/lastmile_qr_scan", "ANDROID": "https://dc.lft.to/lastmile_qr_scan", "ELECTRIC_BIKE_SURCHARGE_WAIVER": "NO", "EIGHTD_HAS_KEY_DISPENSER": "NO", "CAPACITY": 19, "RENTAL_METHODS": "KEY,CREDITCARD", "REGION_ID": null, "REGION_NAME": "DCA-CABI", "GIS_ID": null, "LATITUDE": 38.933899, "LONGITUDE": -77.086263, "GIS_LAST_MOD_DTTM": "2026-06-22T16:32:07Z", "OBJECTID": 357728819 }, "geometry": { "type": "Point", "coordinates": [ -77.086262672534346, 38.933907626048487 ] } },
{ "type": "Feature", "properties": { "NAME": "Chain Bridge Rd & Anderson Rd", "STATION_TYPE": "classic", "STATION_ID": "1957757292469049786", "STATION_STATUS": null, "LAST_REPORTED": "2026-06-22T16:31:18Z", "NUM_DOCKS_AVAILABLE": 5, "NUM_DOCKS_DISABLED": 0, "NUM_BIKES_AVAILABLE": 5, "NUM_EBIKES_AVAILABLE": 1, "NUM_BIKES_DISABLED": 1, "IS_INSTALLED": "YES", "IS_RETURNING": "YES", "IS_RENTING": "YES", "HAS_KIOSK": "YES", "IOS": "https://dc.lft.to/lastmile_qr_scan", "ANDROID": "https://dc.lft.to/lastmile_qr_scan", "ELECTRIC_BIKE_SURCHARGE_WAIVER": "NO", "EIGHTD_HAS_KEY_DISPENSER": "NO", "CAPACITY": 11, "RENTAL_METHODS": "KEY,CREDITCARD", "REGION_ID": null, "REGION_NAME": "DCA-CABI", "GIS_ID": null, "LATITUDE": 38.925572, "LONGITUDE": -77.204762, "GIS_LAST_MOD_DTTM": "2026-06-22T16:32:07Z", "OBJECTID": 357728820 }, "geometry": { "type": "Point", "coordinates": [ -77.204758987651942, 38.925580533663627 ] } },
{ "type": "Feature", "properties": { "NAME": "18th & Upshur St NE", "STATION_TYPE": "classic", "STATION_ID": "1934708272694780030", "STATION_STATUS": null, "LAST_REPORTED": "2026-06-22T16:31:15Z", "NUM_DOCKS_AVAILABLE": 1, "NUM_DOCKS_DISABLED": 0, "NUM_BIKES_AVAILABLE": 14, "NUM_EBIKES_AVAILABLE": 1, "NUM_BIKES_DISABLED": 0, "IS_INSTALLED": "YES", "IS_RETURNING": "YES", "IS_RENTING": "YES", "HAS_KIOSK": "YES", "IOS": "https://dc.lft.to/lastmile_qr_scan", "ANDROID": "https://dc.lft.to/lastmile_qr_scan", "ELECTRIC_BIKE_SURCHARGE_WAIVER": "NO", "EIGHTD_HAS_KEY_DISPENSER": "NO", "CAPACITY": 15, "RENTAL_METHODS": "KEY,CREDITCARD", "REGION_ID": null, "REGION_NAME": "DCA-CABI", "GIS_ID": null, "LATITUDE": 38.941733, "LONGITUDE": -76.980378, "GIS_LAST_MOD_DTTM": "2026-06-22T16:32:07Z", "OBJECTID": 357728821 }, "geometry": { "type": "Point", "coordinates": [ -76.980381345396438, 38.941738999824921 ] } },
{ "type": "Feature", "properties": { "NAME": "Fair Woods Pkwy & Fairfax Blvd", "STATION_TYPE": "classic", "STATION_ID": "1875305027705686898", "STATION_STATUS": null, "LAST_REPORTED": "2026-06-22T16:31:15Z", "NUM_DOCKS_AVAILABLE": 9, "NUM_DOCKS_DISABLED": 0, "NUM_BIKES_AVAILABLE": 3, "NUM_EBIKES_AVAILABLE": 0, "NUM_BIKES_DISABLED": 0, "IS_INSTALLED": "YES", "IS_RETURNING": "YES", "IS_RENTING": "YES", "HAS_KIOSK": "YES", "IOS": "https://dc.lft.to/lastmile_qr_scan", "ANDROID": "https://dc.lft.to/lastmile_qr_scan", "ELECTRIC_BIKE_SURCHARGE_WAIVER": "NO", "EIGHTD_HAS_KEY_DISPENSER": "NO", "CAPACITY": 12, "RENTAL_METHODS": "KEY,CREDITCARD", "REGION_ID": null, "REGION_NAME": "DCA-CABI", "GIS_ID": null, "LATITUDE": 38.862804, "LONGITUDE": -77.293922, "GIS_LAST_MOD_DTTM": "2026-06-22T16:32:07Z", "OBJECTID": 357728822 }, "geometry": { "type": "Point", "coordinates": [ -77.293922281717968, 38.862808830674759 ] } },
{ "type": "Feature", "properties": { "NAME": "Sunrise Valley Dr & Roland Clarke Pl", "STATION_TYPE": "classic", "STATION_ID": "1901331776956725958", "STATION_STATUS": null, "LAST_REPORTED": "2026-06-22T16:29:29Z", "NUM_DOCKS_AVAILABLE": 5, "NUM_DOCKS_DISABLED": 0, "NUM_BIKES_AVAILABLE": 7, "NUM_EBIKES_AVAILABLE": 0, "NUM_BIKES_DISABLED": 0, "IS_INSTALLED": "YES", "IS_RETURNING": "YES", "IS_RENTING": "YES", "HAS_KIOSK": "YES", "IOS": "https://dc.lft.to/lastmile_qr_scan", "ANDROID": "https://dc.lft.to/lastmile_qr_scan", "ELECTRIC_BIKE_SURCHARGE_WAIVER": "NO", "EIGHTD_HAS_KEY_DISPENSER": "NO", "CAPACITY": 12, "RENTAL_METHODS": "KEY,CREDITCARD", "REGION_ID": null, "REGION_NAME": "DCA-CABI", "GIS_ID": null, "LATITUDE": 38.949366, "LONGITUDE": -77.350396, "GIS_LAST_MOD_DTTM": "2026-06-22T16:32:07Z", "OBJECTID": 357728823 }, "geometry": { "type": "Point", "coordinates": [ -77.350403090841212, 38.949377011962319 ] } },
{ "type": "Feature", "properties": { "NAME": "School St & George Mason Blvd", "STATION_TYPE": "classic", "STATION_ID": "1877540418168925068", "STATION_STATUS": null, "LAST_REPORTED": "2026-06-22T16:29:59Z", "NUM_DOCKS_AVAILABLE": 10, "NUM_DOCKS_DISABLED": 0, "NUM_BIKES_AVAILABLE": 2, "NUM_EBIKES_AVAILABLE": 0, "NUM_BIKES_DISABLED": 0, "IS_INSTALLED": "YES", "IS_RETURNING": "YES", "IS_RENTING": "YES", "HAS_KIOSK": "YES", "IOS": "https://dc.lft.to/lastmile_qr_scan", "ANDROID": "https://dc.lft.to/lastmile_qr_scan", "ELECTRIC_BIKE_SURCHARGE_WAIVER": "NO", "EIGHTD_HAS_KEY_DISPENSER": "NO", "CAPACITY": 12, "RENTAL_METHODS": "KEY,CREDITCARD", "REGION_ID": null, "REGION_NAME": "DCA-CABI", "GIS_ID": null, "LATITUDE": 38.837382, "LONGITUDE": -77.30938, "GIS_LAST_MOD_DTTM": "2026-06-22T16:32:07Z", "OBJECTID": 357728824 }, "geometry": { "type": "Point", "coordinates": [ -77.309378666958239, 38.837391985604206 ] } },
{ "type": "Feature", "properties": { "NAME": "New Mexico & Cathedral Ave NW", "STATION_TYPE": "classic", "STATION_ID": "1884993950171398452", "STATION_STATUS": null, "LAST_REPORTED": "2026-06-22T16:30:00Z", "NUM_DOCKS_AVAILABLE": 11, "NUM_DOCKS_DISABLED": 0, "NUM_BIKES_AVAILABLE": 8, "NUM_EBIKES_AVAILABLE": 0, "NUM_BIKES_DISABLED": 0, "IS_INSTALLED": "YES", "IS_RETURNING": "YES", "IS_RENTING": "YES", "HAS_KIOSK": "YES", "IOS": "https://dc.lft.to/lastmile_qr_scan", "ANDROID": "https://dc.lft.to/lastmile_qr_scan", "ELECTRIC_BIKE_SURCHARGE_WAIVER": "NO", "EIGHTD_HAS_KEY_DISPENSER": "NO", "CAPACITY": 19, "RENTAL_METHODS": "KEY,CREDITCARD", "REGION_ID": null, "REGION_NAME": "DCA-CABI", "GIS_ID": null, "LATITUDE": 38.930316, "LONGITUDE": -77.083704, "GIS_LAST_MOD_DTTM": "2026-06-22T16:32:07Z", "OBJECTID": 357728825 }, "geometry": { "type": "Point", "coordinates": [ -77.083709521475569, 38.930324174829373 ] } },
{ "type": "Feature", "properties": { "NAME": "Tyco Rd & Boyd Pointe Way", "STATION_TYPE": "classic", "STATION_ID": "1890899353648060422", "STATION_STATUS": null, "LAST_REPORTED": "2026-06-22T16:30:17Z", "NUM_DOCKS_AVAILABLE": 1, "NUM_DOCKS_DISABLED": 0, "NUM_BIKES_AVAILABLE": 11, "NUM_EBIKES_AVAILABLE": 0, "NUM_BIKES_DISABLED": 0, "IS_INSTALLED": "YES", "IS_RETURNING": "YES", "IS_RENTING": "YES", "HAS_KIOSK": "YES", "IOS": "https://dc.lft.to/lastmile_qr_scan", "ANDROID": "https://dc.lft.to/lastmile_qr_scan", "ELECTRIC_BIKE_SURCHARGE_WAIVER": "NO", "EIGHTD_HAS_KEY_DISPENSER": "NO", "CAPACITY": 12, "RENTAL_METHODS": "KEY,CREDITCARD", "REGION_ID": null, "REGION_NAME": "DCA-CABI", "GIS_ID": null, "LATITUDE": 38.930767, "LONGITUDE": -77.241436, "GIS_LAST_MOD_DTTM": "2026-06-22T16:32:07Z", "OBJECTID": 357728826 }, "geometry": { "type": "Point", "coordinates": [ -77.241437951981837, 38.930771386168097 ] } },
{ "type": "Feature", "properties": { "NAME": "33rd St & Wisconsin Ave NW", "STATION_TYPE": "classic", "STATION_ID": "1926924117062925284", "STATION_STATUS": null, "LAST_REPORTED": "2026-06-22T16:30:32Z", "NUM_DOCKS_AVAILABLE": 11, "NUM_DOCKS_DISABLED": 0, "NUM_BIKES_AVAILABLE": 8, "NUM_EBIKES_AVAILABLE": 0, "NUM_BIKES_DISABLED": 0, "IS_INSTALLED": "YES", "IS_RETURNING": "YES", "IS_RENTING": "YES", "HAS_KIOSK": "YES", "IOS": "https://dc.lft.to/lastmile_qr_scan", "ANDROID": "https://dc.lft.to/lastmile_qr_scan", "ELECTRIC_BIKE_SURCHARGE_WAIVER": "NO", "EIGHTD_HAS_KEY_DISPENSER": "NO", "CAPACITY": 19, "RENTAL_METHODS": "KEY,CREDITCARD", "REGION_ID": null, "REGION_NAME": "DCA-CABI", "GIS_ID": null, "LATITUDE": 38.912181, "LONGITUDE": -77.066074, "GIS_LAST_MOD_DTTM": "2026-06-22T16:32:07Z", "OBJECTID": 357728827 }, "geometry": { "type": "Point", "coordinates": [ -77.06608167103326, 38.912192699500039 ] } },
{ "type": "Feature", "properties": { "NAME": "Potomac Yard Metro South", "STATION_TYPE": "classic", "STATION_ID": "1869388517211023780", "STATION_STATUS": null, "LAST_REPORTED": "2026-06-22T16:30:35Z", "NUM_DOCKS_AVAILABLE": 4, "NUM_DOCKS_DISABLED": 0, "NUM_BIKES_AVAILABLE": 11, "NUM_EBIKES_AVAILABLE": 5, "NUM_BIKES_DISABLED": 0, "IS_INSTALLED": "YES", "IS_RETURNING": "YES", "IS_RENTING": "YES", "HAS_KIOSK": "YES", "IOS": "https://dc.lft.to/lastmile_qr_scan", "ANDROID": "https://dc.lft.to/lastmile_qr_scan", "ELECTRIC_BIKE_SURCHARGE_WAIVER": "NO", "EIGHTD_HAS_KEY_DISPENSER": "NO", "CAPACITY": 15, "RENTAL_METHODS": "KEY,CREDITCARD", "REGION_ID": null, "REGION_NAME": "DCA-CABI", "GIS_ID": null, "LATITUDE": 38.833437, "LONGITUDE": -77.047846, "GIS_LAST_MOD_DTTM": "2026-06-22T16:32:07Z", "OBJECTID": 357728828 }, "geometry": { "type": "Point", "coordinates": [ -77.047845764247057, 38.833441116998223 ] } },
{ "type": "Feature", "properties": { "NAME": "Kingsbridge Dr & Draper Dr", "STATION_TYPE": "classic", "STATION_ID": "1892762694406615240", "STATION_STATUS": null, "LAST_REPORTED": "2026-06-22T16:30:35Z", "NUM_DOCKS_AVAILABLE": 4, "NUM_DOCKS_DISABLED": 0, "NUM_BIKES_AVAILABLE": 7, "NUM_EBIKES_AVAILABLE": 1, "NUM_BIKES_DISABLED": 0, "IS_INSTALLED": "YES", "IS_RETURNING": "YES", "IS_RENTING": "YES", "HAS_KIOSK": "YES", "IOS": "https://dc.lft.to/lastmile_qr_scan", "ANDROID": "https://dc.lft.to/lastmile_qr_scan", "ELECTRIC_BIKE_SURCHARGE_WAIVER": "NO", "EIGHTD_HAS_KEY_DISPENSER": "NO", "CAPACITY": 11, "RENTAL_METHODS": "KEY,CREDITCARD", "REGION_ID": null, "REGION_NAME": "DCA-CABI", "GIS_ID": null, "LATITUDE": 38.868545, "LONGITUDE": -77.282083, "GIS_LAST_MOD_DTTM": "2026-06-22T16:32:07Z", "OBJECTID": 357728829 }, "geometry": { "type": "Point", "coordinates": [ -77.28208858023676, 38.868549381699758 ] } },
{ "type": "Feature", "properties": { "NAME": "GMU/Rappahannock River Ln", "STATION_TYPE": "classic", "STATION_ID": "1929488700232798842", "STATION_STATUS": null, "LAST_REPORTED": "2026-06-22T16:30:59Z", "NUM_DOCKS_AVAILABLE": 3, "NUM_DOCKS_DISABLED": 0, "NUM_BIKES_AVAILABLE": 9, "NUM_EBIKES_AVAILABLE": 6, "NUM_BIKES_DISABLED": 0, "IS_INSTALLED": "YES", "IS_RETURNING": "YES", "IS_RENTING": "YES", "HAS_KIOSK": "YES", "IOS": "https://dc.lft.to/lastmile_qr_scan", "ANDROID": "https://dc.lft.to/lastmile_qr_scan", "ELECTRIC_BIKE_SURCHARGE_WAIVER": "NO", "EIGHTD_HAS_KEY_DISPENSER": "NO", "CAPACITY": 12, "RENTAL_METHODS": "KEY,CREDITCARD", "REGION_ID": null, "REGION_NAME": "DCA-CABI", "GIS_ID": null, "LATITUDE": 38.8348, "LONGITUDE": -77.307057, "GIS_LAST_MOD_DTTM": "2026-06-22T16:32:07Z", "OBJECTID": 357728830 }, "geometry": { "type": "Point", "coordinates": [ -77.307063904722895, 38.834803647706288 ] } },
{ "type": "Feature", "properties": { "NAME": "GMU/Horizon Hall & Harris Theater", "STATION_TYPE": "classic", "STATION_ID": "1929517249726509974", "STATION_STATUS": null, "LAST_REPORTED": "2026-06-22T16:31:05Z", "NUM_DOCKS_AVAILABLE": 10, "NUM_DOCKS_DISABLED": 0, "NUM_BIKES_AVAILABLE": 5, "NUM_EBIKES_AVAILABLE": 1, "NUM_BIKES_DISABLED": 0, "IS_INSTALLED": "YES", "IS_RETURNING": "YES", "IS_RENTING": "YES", "HAS_KIOSK": "YES", "IOS": "https://dc.lft.to/lastmile_qr_scan", "ANDROID": "https://dc.lft.to/lastmile_qr_scan", "ELECTRIC_BIKE_SURCHARGE_WAIVER": "NO", "EIGHTD_HAS_KEY_DISPENSER": "NO", "CAPACITY": 15, "RENTAL_METHODS": "KEY,CREDITCARD", "REGION_ID": null, "REGION_NAME": "DCA-CABI", "GIS_ID": null, "LATITUDE": 38.831211, "LONGITUDE": -77.308069, "GIS_LAST_MOD_DTTM": "2026-06-22T16:32:07Z", "OBJECTID": 357728831 }, "geometry": { "type": "Point", "coordinates": [ -77.308073501480081, 38.831215598820478 ] } },
{ "type": "Feature", "properties": { "NAME": "South St & University Dr", "STATION_TYPE": "classic", "STATION_ID": "1877158937567185816", "STATION_STATUS": null, "LAST_REPORTED": "2026-06-22T16:31:07Z", "NUM_DOCKS_AVAILABLE": 7, "NUM_DOCKS_DISABLED": 0, "NUM_BIKES_AVAILABLE": 5, "NUM_EBIKES_AVAILABLE": 0, "NUM_BIKES_DISABLED": 0, "IS_INSTALLED": "YES", "IS_RETURNING": "YES", "IS_RENTING": "YES", "HAS_KIOSK": "YES", "IOS": "https://dc.lft.to/lastmile_qr_scan", "ANDROID": "https://dc.lft.to/lastmile_qr_scan", "ELECTRIC_BIKE_SURCHARGE_WAIVER": "NO", "EIGHTD_HAS_KEY_DISPENSER": "NO", "CAPACITY": 12, "RENTAL_METHODS": "KEY,CREDITCARD", "REGION_ID": null, "REGION_NAME": "DCA-CABI", "GIS_ID": null, "LATITUDE": 38.844249, "LONGITUDE": -77.305336, "GIS_LAST_MOD_DTTM": "2026-06-22T16:32:07Z", "OBJECTID": 357728832 }, "geometry": { "type": "Point", "coordinates": [ -77.305342123502754, 38.844258084698545 ] } },
{ "type": "Feature", "properties": { "NAME": "Fairfax Blvd & Pickett Rd North", "STATION_TYPE": "classic", "STATION_ID": "1872703318198888690", "STATION_STATUS": null, "LAST_REPORTED": "2026-06-22T16:31:12Z", "NUM_DOCKS_AVAILABLE": 2, "NUM_DOCKS_DISABLED": 0, "NUM_BIKES_AVAILABLE": 10, "NUM_EBIKES_AVAILABLE": 1, "NUM_BIKES_DISABLED": 0, "IS_INSTALLED": "YES", "IS_RETURNING": "YES", "IS_RENTING": "YES", "HAS_KIOSK": "YES", "IOS": "https://dc.lft.to/lastmile_qr_scan", "ANDROID": "https://dc.lft.to/lastmile_qr_scan", "ELECTRIC_BIKE_SURCHARGE_WAIVER": "NO", "EIGHTD_HAS_KEY_DISPENSER": "NO", "CAPACITY": 12, "RENTAL_METHODS": "KEY,CREDITCARD", "REGION_ID": null, "REGION_NAME": "DCA-CABI", "GIS_ID": null, "LATITUDE": 38.865091, "LONGITUDE": -77.271911, "GIS_LAST_MOD_DTTM": "2026-06-22T16:32:07Z", "OBJECTID": 357728833 }, "geometry": { "type": "Point", "coordinates": [ -77.271911989408764, 38.865096259789695 ] } },
{ "type": "Feature", "properties": { "NAME": "Metro Park Dr & Walker Ln ", "STATION_TYPE": "classic", "STATION_ID": "1957669092295526720", "STATION_STATUS": null, "LAST_REPORTED": "2026-06-22T16:30:54Z", "NUM_DOCKS_AVAILABLE": 8, "NUM_DOCKS_DISABLED": 0, "NUM_BIKES_AVAILABLE": 3, "NUM_EBIKES_AVAILABLE": 1, "NUM_BIKES_DISABLED": 1, "IS_INSTALLED": "YES", "IS_RETURNING": "YES", "IS_RENTING": "YES", "HAS_KIOSK": "YES", "IOS": "https://dc.lft.to/lastmile_qr_scan", "ANDROID": "https://dc.lft.to/lastmile_qr_scan", "ELECTRIC_BIKE_SURCHARGE_WAIVER": "NO", "EIGHTD_HAS_KEY_DISPENSER": "NO", "CAPACITY": 12, "RENTAL_METHODS": "KEY,CREDITCARD", "REGION_ID": null, "REGION_NAME": "DCA-CABI", "GIS_ID": null, "LATITUDE": 38.76843, "LONGITUDE": -77.156504, "GIS_LAST_MOD_DTTM": "2026-06-22T16:32:07Z", "OBJECTID": 357728834 }, "geometry": { "type": "Point", "coordinates": [ -77.156508697824464, 38.76843960297677 ] } },
{ "type": "Feature", "properties": { "NAME": "South Dakota Ave & Decatur St NE ", "STATION_TYPE": "classic", "STATION_ID": "1936546121234841642", "STATION_STATUS": null, "LAST_REPORTED": "2026-06-22T16:29:30Z", "NUM_DOCKS_AVAILABLE": 10, "NUM_DOCKS_DISABLED": 0, "NUM_BIKES_AVAILABLE": 5, "NUM_EBIKES_AVAILABLE": 0, "NUM_BIKES_DISABLED": 0, "IS_INSTALLED": "YES", "IS_RETURNING": "YES", "IS_RENTING": "YES", "HAS_KIOSK": "YES", "IOS": "https://dc.lft.to/lastmile_qr_scan", "ANDROID": "https://dc.lft.to/lastmile_qr_scan", "ELECTRIC_BIKE_SURCHARGE_WAIVER": "NO", "EIGHTD_HAS_KEY_DISPENSER": "NO", "CAPACITY": 15, "RENTAL_METHODS": "KEY,CREDITCARD", "REGION_ID": null, "REGION_NAME": "DCA-CABI", "GIS_ID": null, "LATITUDE": 38.948307, "LONGITUDE": -76.991829, "GIS_LAST_MOD_DTTM": "2026-06-22T16:32:07Z", "OBJECTID": 357728835 }, "geometry": { "type": "Point", "coordinates": [ -76.99183479226501, 38.948316408752817 ] } },
{ "type": "Feature", "properties": { "NAME": "Layton Hall Dr & University Dr", "STATION_TYPE": "classic", "STATION_ID": "1873077316413198460", "STATION_STATUS": null, "LAST_REPORTED": "2026-06-22T16:30:42Z", "NUM_DOCKS_AVAILABLE": 5, "NUM_DOCKS_DISABLED": 0, "NUM_BIKES_AVAILABLE": 7, "NUM_EBIKES_AVAILABLE": 6, "NUM_BIKES_DISABLED": 0, "IS_INSTALLED": "YES", "IS_RETURNING": "YES", "IS_RENTING": "YES", "HAS_KIOSK": "YES", "IOS": "https://dc.lft.to/lastmile_qr_scan", "ANDROID": "https://dc.lft.to/lastmile_qr_scan", "ELECTRIC_BIKE_SURCHARGE_WAIVER": "NO", "EIGHTD_HAS_KEY_DISPENSER": "NO", "CAPACITY": 12, "RENTAL_METHODS": "KEY,CREDITCARD", "REGION_ID": null, "REGION_NAME": "DCA-CABI", "GIS_ID": null, "LATITUDE": 38.850932, "LONGITUDE": -77.302732, "GIS_LAST_MOD_DTTM": "2026-06-22T16:32:07Z", "OBJECTID": 357728836 }, "geometry": { "type": "Point", "coordinates": [ -77.30273254904499, 38.850940173156239 ] } },
{ "type": "Feature", "properties": { "NAME": "Beech Dr at Draper Dr Park", "STATION_TYPE": "classic", "STATION_ID": "1871684492868499562", "STATION_STATUS": null, "LAST_REPORTED": "2026-06-22T16:30:53Z", "NUM_DOCKS_AVAILABLE": 1, "NUM_DOCKS_DISABLED": 0, "NUM_BIKES_AVAILABLE": 11, "NUM_EBIKES_AVAILABLE": 0, "NUM_BIKES_DISABLED": 0, "IS_INSTALLED": "YES", "IS_RETURNING": "YES", "IS_RENTING": "YES", "HAS_KIOSK": "YES", "IOS": "https://dc.lft.to/lastmile_qr_scan", "ANDROID": "https://dc.lft.to/lastmile_qr_scan", "ELECTRIC_BIKE_SURCHARGE_WAIVER": "NO", "EIGHTD_HAS_KEY_DISPENSER": "NO", "CAPACITY": 12, "RENTAL_METHODS": "KEY,CREDITCARD", "REGION_ID": null, "REGION_NAME": "DCA-CABI", "GIS_ID": null, "LATITUDE": 38.866659, "LONGITUDE": -77.282077, "GIS_LAST_MOD_DTTM": "2026-06-22T16:32:07Z", "OBJECTID": 357728837 }, "geometry": { "type": "Point", "coordinates": [ -77.282081138461365, 38.866666632766197 ] } },
{ "type": "Feature", "properties": { "NAME": "9th & N St NW ", "STATION_TYPE": "classic", "STATION_ID": "1926601045514275106", "STATION_STATUS": null, "LAST_REPORTED": "2026-06-22T16:30:49Z", "NUM_DOCKS_AVAILABLE": 20, "NUM_DOCKS_DISABLED": 0, "NUM_BIKES_AVAILABLE": 3, "NUM_EBIKES_AVAILABLE": 1, "NUM_BIKES_DISABLED": 0, "IS_INSTALLED": "YES", "IS_RETURNING": "YES", "IS_RENTING": "YES", "HAS_KIOSK": "YES", "IOS": "https://dc.lft.to/lastmile_qr_scan", "ANDROID": "https://dc.lft.to/lastmile_qr_scan", "ELECTRIC_BIKE_SURCHARGE_WAIVER": "NO", "EIGHTD_HAS_KEY_DISPENSER": "NO", "CAPACITY": 23, "RENTAL_METHODS": "KEY,CREDITCARD", "REGION_ID": null, "REGION_NAME": "DCA-CABI", "GIS_ID": null, "LATITUDE": 38.906622, "LONGITUDE": -77.023885, "GIS_LAST_MOD_DTTM": "2026-06-22T16:32:07Z", "OBJECTID": 357728838 }, "geometry": { "type": "Point", "coordinates": [ -77.023890925800188, 38.906632778430392 ] } },
{ "type": "Feature", "properties": { "NAME": "University Dr & Democracy Ln", "STATION_TYPE": "classic", "STATION_ID": "1875304680551764838", "STATION_STATUS": null, "LAST_REPORTED": "2026-06-22T16:30:59Z", "NUM_DOCKS_AVAILABLE": 4, "NUM_DOCKS_DISABLED": 0, "NUM_BIKES_AVAILABLE": 8, "NUM_EBIKES_AVAILABLE": 3, "NUM_BIKES_DISABLED": 0, "IS_INSTALLED": "YES", "IS_RETURNING": "YES", "IS_RENTING": "YES", "HAS_KIOSK": "YES", "IOS": "https://dc.lft.to/lastmile_qr_scan", "ANDROID": "https://dc.lft.to/lastmile_qr_scan", "ELECTRIC_BIKE_SURCHARGE_WAIVER": "NO", "EIGHTD_HAS_KEY_DISPENSER": "NO", "CAPACITY": 12, "RENTAL_METHODS": "KEY,CREDITCARD", "REGION_ID": null, "REGION_NAME": "DCA-CABI", "GIS_ID": null, "LATITUDE": 38.849411, "LONGITUDE": -77.304435, "GIS_LAST_MOD_DTTM": "2026-06-22T16:32:07Z", "OBJECTID": 357728839 }, "geometry": { "type": "Point", "coordinates": [ -77.304442605548786, 38.849422300254879 ] } },
{ "type": "Feature", "properties": { "NAME": "GMU/Patriot Cir & York Dr", "STATION_TYPE": "classic", "STATION_ID": "1929488402496518868", "STATION_STATUS": null, "LAST_REPORTED": "2026-06-22T16:30:55Z", "NUM_DOCKS_AVAILABLE": 10, "NUM_DOCKS_DISABLED": 0, "NUM_BIKES_AVAILABLE": 2, "NUM_EBIKES_AVAILABLE": 0, "NUM_BIKES_DISABLED": 0, "IS_INSTALLED": "YES", "IS_RETURNING": "YES", "IS_RENTING": "YES", "HAS_KIOSK": "YES", "IOS": "https://dc.lft.to/lastmile_qr_scan", "ANDROID": "https://dc.lft.to/lastmile_qr_scan", "ELECTRIC_BIKE_SURCHARGE_WAIVER": "NO", "EIGHTD_HAS_KEY_DISPENSER": "NO", "CAPACITY": 12, "RENTAL_METHODS": "KEY,CREDITCARD", "REGION_ID": null, "REGION_NAME": "DCA-CABI", "GIS_ID": null, "LATITUDE": 38.827501, "LONGITUDE": -77.304157, "GIS_LAST_MOD_DTTM": "2026-06-22T16:32:07Z", "OBJECTID": 357728840 }, "geometry": { "type": "Point", "coordinates": [ -77.304164898216527, 38.827505333129302 ] } },
{ "type": "Feature", "properties": { "NAME": "Old Meadow Rd & Old Meadow Ln", "STATION_TYPE": "classic", "STATION_ID": "1893304030462804528", "STATION_STATUS": null, "LAST_REPORTED": "2026-06-22T16:30:05Z", "NUM_DOCKS_AVAILABLE": 10, "NUM_DOCKS_DISABLED": 0, "NUM_BIKES_AVAILABLE": 2, "NUM_EBIKES_AVAILABLE": 0, "NUM_BIKES_DISABLED": 0, "IS_INSTALLED": "YES", "IS_RETURNING": "YES", "IS_RENTING": "YES", "HAS_KIOSK": "YES", "IOS": "https://dc.lft.to/lastmile_qr_scan", "ANDROID": "https://dc.lft.to/lastmile_qr_scan", "ELECTRIC_BIKE_SURCHARGE_WAIVER": "NO", "EIGHTD_HAS_KEY_DISPENSER": "NO", "CAPACITY": 12, "RENTAL_METHODS": "KEY,CREDITCARD", "REGION_ID": null, "REGION_NAME": "DCA-CABI", "GIS_ID": null, "LATITUDE": 38.918988, "LONGITUDE": -77.21246, "GIS_LAST_MOD_DTTM": "2026-06-22T16:32:07Z", "OBJECTID": 357728841 }, "geometry": { "type": "Point", "coordinates": [ -77.212466061381207, 38.918999690245791 ] } },
{ "type": "Feature", "properties": { "NAME": "Wisconsin Ave & Upton St NW", "STATION_TYPE": "classic", "STATION_ID": "1880134928431421876", "STATION_STATUS": null, "LAST_REPORTED": "2026-06-22T16:29:51Z", "NUM_DOCKS_AVAILABLE": 10, "NUM_DOCKS_DISABLED": 0, "NUM_BIKES_AVAILABLE": 5, "NUM_EBIKES_AVAILABLE": 5, "NUM_BIKES_DISABLED": 0, "IS_INSTALLED": "YES", "IS_RETURNING": "YES", "IS_RENTING": "YES", "HAS_KIOSK": "YES", "IOS": "https://dc.lft.to/lastmile_qr_scan", "ANDROID": "https://dc.lft.to/lastmile_qr_scan", "ELECTRIC_BIKE_SURCHARGE_WAIVER": "NO", "EIGHTD_HAS_KEY_DISPENSER": "NO", "CAPACITY": 15, "RENTAL_METHODS": "KEY,CREDITCARD", "REGION_ID": null, "REGION_NAME": "DCA-CABI", "GIS_ID": null, "LATITUDE": 38.941808, "LONGITUDE": -77.07643, "GIS_LAST_MOD_DTTM": "2026-06-22T16:32:07Z", "OBJECTID": 357728842 }, "geometry": { "type": "Point", "coordinates": [ -77.076432918269674, 38.941814747099997 ] } },
{ "type": "Feature", "properties": { "NAME": "Massachusetts & Idaho Ave NW", "STATION_TYPE": "classic", "STATION_ID": "1885353633083910806", "STATION_STATUS": null, "LAST_REPORTED": "2026-06-22T16:30:04Z", "NUM_DOCKS_AVAILABLE": 10, "NUM_DOCKS_DISABLED": 0, "NUM_BIKES_AVAILABLE": 9, "NUM_EBIKES_AVAILABLE": 6, "NUM_BIKES_DISABLED": 0, "IS_INSTALLED": "YES", "IS_RETURNING": "YES", "IS_RENTING": "YES", "HAS_KIOSK": "YES", "IOS": "https://dc.lft.to/lastmile_qr_scan", "ANDROID": "https://dc.lft.to/lastmile_qr_scan", "ELECTRIC_BIKE_SURCHARGE_WAIVER": "NO", "EIGHTD_HAS_KEY_DISPENSER": "NO", "CAPACITY": 19, "RENTAL_METHODS": "KEY,CREDITCARD", "REGION_ID": null, "REGION_NAME": "DCA-CABI", "GIS_ID": null, "LATITUDE": 38.931349, "LONGITUDE": -77.077214, "GIS_LAST_MOD_DTTM": "2026-06-22T16:32:07Z", "OBJECTID": 357728843 }, "geometry": { "type": "Point", "coordinates": [ -77.077217501838092, 38.931355592075541 ] } },
{ "type": "Feature", "properties": { "NAME": "Charles Arrington Dr & Manchester Lakes Dr ", "STATION_TYPE": "classic", "STATION_ID": "1917259365558921792", "STATION_STATUS": null, "LAST_REPORTED": "2026-06-22T16:30:13Z", "NUM_DOCKS_AVAILABLE": 9, "NUM_DOCKS_DISABLED": 0, "NUM_BIKES_AVAILABLE": 3, "NUM_EBIKES_AVAILABLE": 2, "NUM_BIKES_DISABLED": 0, "IS_INSTALLED": "YES", "IS_RETURNING": "YES", "IS_RENTING": "YES", "HAS_KIOSK": "YES", "IOS": "https://dc.lft.to/lastmile_qr_scan", "ANDROID": "https://dc.lft.to/lastmile_qr_scan", "ELECTRIC_BIKE_SURCHARGE_WAIVER": "NO", "EIGHTD_HAS_KEY_DISPENSER": "NO", "CAPACITY": 12, "RENTAL_METHODS": "KEY,CREDITCARD", "REGION_ID": null, "REGION_NAME": "DCA-CABI", "GIS_ID": null, "LATITUDE": 38.766844, "LONGITUDE": -77.150359, "GIS_LAST_MOD_DTTM": "2026-06-22T16:32:07Z", "OBJECTID": 357728844 }, "geometry": { "type": "Point", "coordinates": [ -77.150360627610524, 38.76685317745433 ] } },
{ "type": "Feature", "properties": { "NAME": "George Mason Blvd & Armstrong St", "STATION_TYPE": "classic", "STATION_ID": "1874574408754907832", "STATION_STATUS": null, "LAST_REPORTED": "2026-06-22T16:30:33Z", "NUM_DOCKS_AVAILABLE": 10, "NUM_DOCKS_DISABLED": 0, "NUM_BIKES_AVAILABLE": 2, "NUM_EBIKES_AVAILABLE": 1, "NUM_BIKES_DISABLED": 0, "IS_INSTALLED": "YES", "IS_RETURNING": "YES", "IS_RENTING": "YES", "HAS_KIOSK": "YES", "IOS": "https://dc.lft.to/lastmile_qr_scan", "ANDROID": "https://dc.lft.to/lastmile_qr_scan", "ELECTRIC_BIKE_SURCHARGE_WAIVER": "NO", "EIGHTD_HAS_KEY_DISPENSER": "NO", "CAPACITY": 12, "RENTAL_METHODS": "KEY,CREDITCARD", "REGION_ID": null, "REGION_NAME": "DCA-CABI", "GIS_ID": null, "LATITUDE": 38.841099, "LONGITUDE": -77.30718, "GIS_LAST_MOD_DTTM": "2026-06-22T16:32:07Z", "OBJECTID": 357728845 }, "geometry": { "type": "Point", "coordinates": [ -77.307183175312701, 38.841109288132451 ] } },
{ "type": "Feature", "properties": { "NAME": "34th St & Minnesota Ave SE", "STATION_TYPE": "classic", "STATION_ID": "1936548863063266016", "STATION_STATUS": null, "LAST_REPORTED": "2026-06-22T16:30:08Z", "NUM_DOCKS_AVAILABLE": 10, "NUM_DOCKS_DISABLED": 0, "NUM_BIKES_AVAILABLE": 2, "NUM_EBIKES_AVAILABLE": 1, "NUM_BIKES_DISABLED": 0, "IS_INSTALLED": "YES", "IS_RETURNING": "YES", "IS_RENTING": "YES", "HAS_KIOSK": "YES", "IOS": "https://dc.lft.to/lastmile_qr_scan", "ANDROID": "https://dc.lft.to/lastmile_qr_scan", "ELECTRIC_BIKE_SURCHARGE_WAIVER": "NO", "EIGHTD_HAS_KEY_DISPENSER": "NO", "CAPACITY": 12, "RENTAL_METHODS": "KEY,CREDITCARD", "REGION_ID": null, "REGION_NAME": "DCA-CABI", "GIS_ID": null, "LATITUDE": 38.883843, "LONGITUDE": -76.957511, "GIS_LAST_MOD_DTTM": "2026-06-22T16:32:07Z", "OBJECTID": 357728846 }, "geometry": { "type": "Point", "coordinates": [ -76.957518969146804, 38.883854342772658 ] } },
{ "type": "Feature", "properties": { "NAME": "Fairfax Blvd & Pickett Rd South", "STATION_TYPE": "classic", "STATION_ID": "1872701449888114846", "STATION_STATUS": null, "LAST_REPORTED": "2026-06-22T16:31:15Z", "NUM_DOCKS_AVAILABLE": 1, "NUM_DOCKS_DISABLED": 0, "NUM_BIKES_AVAILABLE": 11, "NUM_EBIKES_AVAILABLE": 1, "NUM_BIKES_DISABLED": 0, "IS_INSTALLED": "YES", "IS_RETURNING": "YES", "IS_RENTING": "YES", "HAS_KIOSK": "YES", "IOS": "https://dc.lft.to/lastmile_qr_scan", "ANDROID": "https://dc.lft.to/lastmile_qr_scan", "ELECTRIC_BIKE_SURCHARGE_WAIVER": "NO", "EIGHTD_HAS_KEY_DISPENSER": "NO", "CAPACITY": 12, "RENTAL_METHODS": "KEY,CREDITCARD", "REGION_ID": null, "REGION_NAME": "DCA-CABI", "GIS_ID": null, "LATITUDE": 38.86476, "LONGITUDE": -77.271483, "GIS_LAST_MOD_DTTM": "2026-06-22T16:32:07Z", "OBJECTID": 357728847 }, "geometry": { "type": "Point", "coordinates": [ -77.271484388784842, 38.864763941930846 ] } },
{ "type": "Feature", "properties": { "NAME": "Old Meadow Rd & Cathy Ln", "STATION_TYPE": "classic", "STATION_ID": "1890899920583743818", "STATION_STATUS": null, "LAST_REPORTED": "2026-06-22T16:30:22Z", "NUM_DOCKS_AVAILABLE": 11, "NUM_DOCKS_DISABLED": 0, "NUM_BIKES_AVAILABLE": 1, "NUM_EBIKES_AVAILABLE": 0, "NUM_BIKES_DISABLED": 0, "IS_INSTALLED": "YES", "IS_RETURNING": "YES", "IS_RENTING": "YES", "HAS_KIOSK": "YES", "IOS": "https://dc.lft.to/lastmile_qr_scan", "ANDROID": "https://dc.lft.to/lastmile_qr_scan", "ELECTRIC_BIKE_SURCHARGE_WAIVER": "NO", "EIGHTD_HAS_KEY_DISPENSER": "NO", "CAPACITY": 12, "RENTAL_METHODS": "KEY,CREDITCARD", "REGION_ID": null, "REGION_NAME": "DCA-CABI", "GIS_ID": null, "LATITUDE": 38.916703, "LONGITUDE": -77.214448, "GIS_LAST_MOD_DTTM": "2026-06-22T16:32:07Z", "OBJECTID": 357728848 }, "geometry": { "type": "Point", "coordinates": [ -77.214454084275999, 38.916707936277675 ] } },
{ "type": "Feature", "properties": { "NAME": "25th & S St SE ", "STATION_TYPE": "classic", "STATION_ID": "1936549598369980886", "STATION_STATUS": null, "LAST_REPORTED": "2026-06-22T16:29:51Z", "NUM_DOCKS_AVAILABLE": 6, "NUM_DOCKS_DISABLED": 0, "NUM_BIKES_AVAILABLE": 6, "NUM_EBIKES_AVAILABLE": 3, "NUM_BIKES_DISABLED": 0, "IS_INSTALLED": "YES", "IS_RETURNING": "YES", "IS_RENTING": "YES", "HAS_KIOSK": "YES", "IOS": "https://dc.lft.to/lastmile_qr_scan", "ANDROID": "https://dc.lft.to/lastmile_qr_scan", "ELECTRIC_BIKE_SURCHARGE_WAIVER": "NO", "EIGHTD_HAS_KEY_DISPENSER": "NO", "CAPACITY": 12, "RENTAL_METHODS": "KEY,CREDITCARD", "REGION_ID": null, "REGION_NAME": "DCA-CABI", "GIS_ID": null, "LATITUDE": 38.868356, "LONGITUDE": -76.970997, "GIS_LAST_MOD_DTTM": "2026-06-22T16:32:07Z", "OBJECTID": 357728849 }, "geometry": { "type": "Point", "coordinates": [ -76.97099867655875, 38.868364022084286 ] } },
{ "type": "Feature", "properties": { "NAME": "Columbia Pike & W&OD Trail ", "STATION_TYPE": "classic", "STATION_ID": "1959879531637832180", "STATION_STATUS": null, "LAST_REPORTED": "2026-06-22T16:30:53Z", "NUM_DOCKS_AVAILABLE": 14, "NUM_DOCKS_DISABLED": 0, "NUM_BIKES_AVAILABLE": 2, "NUM_EBIKES_AVAILABLE": 1, "NUM_BIKES_DISABLED": 1, "IS_INSTALLED": "YES", "IS_RETURNING": "YES", "IS_RENTING": "YES", "HAS_KIOSK": "YES", "IOS": "https://dc.lft.to/lastmile_qr_scan", "ANDROID": "https://dc.lft.to/lastmile_qr_scan", "ELECTRIC_BIKE_SURCHARGE_WAIVER": "NO", "EIGHTD_HAS_KEY_DISPENSER": "NO", "CAPACITY": 17, "RENTAL_METHODS": "KEY,CREDITCARD", "REGION_ID": null, "REGION_NAME": "DCA-CABI", "GIS_ID": null, "LATITUDE": 38.856645, "LONGITUDE": -77.109609, "GIS_LAST_MOD_DTTM": "2026-06-22T16:32:07Z", "OBJECTID": 357728850 }, "geometry": { "type": "Point", "coordinates": [ -77.109614945235407, 38.856650261623237 ] } },
{ "type": "Feature", "properties": { "NAME": "31st St & S Woodrow St", "STATION_TYPE": "classic", "STATION_ID": "0825be94-1f3f-11e7-bf6b-3863bb334450", "STATION_STATUS": null, "LAST_REPORTED": "2026-06-22T16:23:41Z", "NUM_DOCKS_AVAILABLE": 2, "NUM_DOCKS_DISABLED": 0, "NUM_BIKES_AVAILABLE": 6, "NUM_EBIKES_AVAILABLE": 3, "NUM_BIKES_DISABLED": 0, "IS_INSTALLED": "YES", "IS_RETURNING": "YES", "IS_RENTING": "YES", "HAS_KIOSK": "NO", "IOS": "https://dc.lft.to/lastmile_qr_scan", "ANDROID": "https://dc.lft.to/lastmile_qr_scan", "ELECTRIC_BIKE_SURCHARGE_WAIVER": "NO", "EIGHTD_HAS_KEY_DISPENSER": "NO", "CAPACITY": 8, "RENTAL_METHODS": "KEY,CREDITCARD", "REGION_ID": "41", "REGION_NAME": "Arlington, VA", "GIS_ID": null, "LATITUDE": 38.837846, "LONGITUDE": -77.093478, "GIS_LAST_MOD_DTTM": "2026-06-22T16:32:07Z", "OBJECTID": 357728851 }, "geometry": { "type": "Point", "coordinates": [ -77.093483689377067, 38.83785465688095 ] } },
{ "type": "Feature", "properties": { "NAME": "17th St & Massachusetts Ave NW", "STATION_TYPE": "classic", "STATION_ID": "08255063-1f3f-11e7-bf6b-3863bb334450", "STATION_STATUS": null, "LAST_REPORTED": "2026-06-22T16:29:29Z", "NUM_DOCKS_AVAILABLE": 16, "NUM_DOCKS_DISABLED": 0, "NUM_BIKES_AVAILABLE": 1, "NUM_EBIKES_AVAILABLE": 0, "NUM_BIKES_DISABLED": 2, "IS_INSTALLED": "YES", "IS_RETURNING": "YES", "IS_RENTING": "YES", "HAS_KIOSK": "YES", "IOS": "https://dc.lft.to/lastmile_qr_scan", "ANDROID": "https://dc.lft.to/lastmile_qr_scan", "ELECTRIC_BIKE_SURCHARGE_WAIVER": "NO", "EIGHTD_HAS_KEY_DISPENSER": "NO", "CAPACITY": 19, "RENTAL_METHODS": "KEY,CREDITCARD", "REGION_ID": "42", "REGION_NAME": "Washington, DC", "GIS_ID": null, "LATITUDE": 38.908326, "LONGITUDE": -77.038377, "GIS_LAST_MOD_DTTM": "2026-06-22T16:32:07Z", "OBJECTID": 357728852 }, "geometry": { "type": "Point", "coordinates": [ -77.038384129685596, 38.908331493557625 ] } },
{ "type": "Feature", "properties": { "NAME": "Gallaudet / 8th St & Florida Ave NE", "STATION_TYPE": "classic", "STATION_ID": "08252b28-1f3f-11e7-bf6b-3863bb334450", "STATION_STATUS": null, "LAST_REPORTED": "2026-06-22T16:29:29Z", "NUM_DOCKS_AVAILABLE": 3, "NUM_DOCKS_DISABLED": 0, "NUM_BIKES_AVAILABLE": 16, "NUM_EBIKES_AVAILABLE": 0, "NUM_BIKES_DISABLED": 0, "IS_INSTALLED": "YES", "IS_RETURNING": "YES", "IS_RENTING": "YES", "HAS_KIOSK": "YES", "IOS": "https://dc.lft.to/lastmile_qr_scan", "ANDROID": "https://dc.lft.to/lastmile_qr_scan", "ELECTRIC_BIKE_SURCHARGE_WAIVER": "NO", "EIGHTD_HAS_KEY_DISPENSER": "NO", "CAPACITY": 19, "RENTAL_METHODS": "KEY,CREDITCARD", "REGION_ID": "42", "REGION_NAME": "Washington, DC", "GIS_ID": null, "LATITUDE": 38.90509, "LONGITUDE": -76.9941, "GIS_LAST_MOD_DTTM": "2026-06-22T16:32:07Z", "OBJECTID": 357728853 }, "geometry": { "type": "Point", "coordinates": [ -76.994099426341421, 38.905094644633081 ] } },
{ "type": "Feature", "properties": { "NAME": "Fenton St & Gist Ave", "STATION_TYPE": "classic", "STATION_ID": "0825ac97-1f3f-11e7-bf6b-3863bb334450", "STATION_STATUS": null, "LAST_REPORTED": "2026-06-22T16:29:33Z", "NUM_DOCKS_AVAILABLE": 1, "NUM_DOCKS_DISABLED": 0, "NUM_BIKES_AVAILABLE": 9, "NUM_EBIKES_AVAILABLE": 1, "NUM_BIKES_DISABLED": 0, "IS_INSTALLED": "YES", "IS_RETURNING": "YES", "IS_RENTING": "YES", "HAS_KIOSK": "YES", "IOS": "https://dc.lft.to/lastmile_qr_scan", "ANDROID": "https://dc.lft.to/lastmile_qr_scan", "ELECTRIC_BIKE_SURCHARGE_WAIVER": "NO", "EIGHTD_HAS_KEY_DISPENSER": "NO", "CAPACITY": 11, "RENTAL_METHODS": "KEY,CREDITCARD", "REGION_ID": "44", "REGION_NAME": "Montgomery County, MD (South)", "GIS_ID": null, "LATITUDE": 38.989724, "LONGITUDE": -77.023854, "GIS_LAST_MOD_DTTM": "2026-06-22T16:32:07Z", "OBJECTID": 357728854 }, "geometry": { "type": "Point", "coordinates": [ -77.0238610817091, 38.989734157214315 ] } },
{ "type": "Feature", "properties": { "NAME": "Columbia Pike & S Highland St", "STATION_TYPE": "classic", "STATION_ID": "08260472-1f3f-11e7-bf6b-3863bb334450", "STATION_STATUS": null, "LAST_REPORTED": "2026-06-22T16:29:34Z", "NUM_DOCKS_AVAILABLE": 12, "NUM_DOCKS_DISABLED": 0, "NUM_BIKES_AVAILABLE": 0, "NUM_EBIKES_AVAILABLE": 0, "NUM_BIKES_DISABLED": 0, "IS_INSTALLED": "YES", "IS_RETURNING": "YES", "IS_RENTING": "YES", "HAS_KIOSK": "YES", "IOS": "https://dc.lft.to/lastmile_qr_scan", "ANDROID": "https://dc.lft.to/lastmile_qr_scan", "ELECTRIC_BIKE_SURCHARGE_WAIVER": "NO", "EIGHTD_HAS_KEY_DISPENSER": "NO", "CAPACITY": 12, "RENTAL_METHODS": "KEY,CREDITCARD", "REGION_ID": "41", "REGION_NAME": "Arlington, VA", "GIS_ID": null, "LATITUDE": 38.862398, "LONGITUDE": -77.089133, "GIS_LAST_MOD_DTTM": "2026-06-22T16:32:07Z", "OBJECTID": 357728855 }, "geometry": { "type": "Point", "coordinates": [ -77.089137438452212, 38.862406060279618 ] } },
{ "type": "Feature", "properties": { "NAME": "Calvert & Biltmore St NW", "STATION_TYPE": "classic", "STATION_ID": "0824773f-1f3f-11e7-bf6b-3863bb334450", "STATION_STATUS": null, "LAST_REPORTED": "2026-06-22T16:29:33Z", "NUM_DOCKS_AVAILABLE": 22, "NUM_DOCKS_DISABLED": 0, "NUM_BIKES_AVAILABLE": 1, "NUM_EBIKES_AVAILABLE": 1, "NUM_BIKES_DISABLED": 0, "IS_INSTALLED": "YES", "IS_RETURNING": "YES", "IS_RENTING": "YES", "HAS_KIOSK": "YES", "IOS": "https://dc.lft.to/lastmile_qr_scan", "ANDROID": "https://dc.lft.to/lastmile_qr_scan", "ELECTRIC_BIKE_SURCHARGE_WAIVER": "NO", "EIGHTD_HAS_KEY_DISPENSER": "NO", "CAPACITY": 23, "RENTAL_METHODS": "KEY,CREDITCARD", "REGION_ID": "42", "REGION_NAME": "Washington, DC", "GIS_ID": null, "LATITUDE": 38.923203, "LONGITUDE": -77.047637, "GIS_LAST_MOD_DTTM": "2026-06-22T16:32:07Z", "OBJECTID": 357728856 }, "geometry": { "type": "Point", "coordinates": [ -77.047640761322597, 38.923209856266112 ] } },
{ "type": "Feature", "properties": { "NAME": "Peyton Randolph Dr & Willston Dr", "STATION_TYPE": "classic", "STATION_ID": "2218203130585392414", "STATION_STATUS": null, "LAST_REPORTED": "2026-06-22T16:29:34Z", "NUM_DOCKS_AVAILABLE": 10, "NUM_DOCKS_DISABLED": 0, "NUM_BIKES_AVAILABLE": 1, "NUM_EBIKES_AVAILABLE": 0, "NUM_BIKES_DISABLED": 0, "IS_INSTALLED": "YES", "IS_RETURNING": "YES", "IS_RENTING": "YES", "HAS_KIOSK": "YES", "IOS": "https://dc.lft.to/lastmile_qr_scan", "ANDROID": "https://dc.lft.to/lastmile_qr_scan", "ELECTRIC_BIKE_SURCHARGE_WAIVER": "NO", "EIGHTD_HAS_KEY_DISPENSER": "NO", "CAPACITY": 11, "RENTAL_METHODS": "KEY,CREDITCARD", "REGION_ID": "104", "REGION_NAME": "Fairfax, VA", "GIS_ID": null, "LATITUDE": 38.871959, "LONGITUDE": -77.150197, "GIS_LAST_MOD_DTTM": "2026-06-22T16:32:07Z", "OBJECTID": 357728857 }, "geometry": { "type": "Point", "coordinates": [ -77.150201815057372, 38.871964470733275 ] } },
{ "type": "Feature", "properties": { "NAME": "East Falls Church Metro / Sycamore St & 19th St N", "STATION_TYPE": "classic", "STATION_ID": "08261f4b-1f3f-11e7-bf6b-3863bb334450", "STATION_STATUS": null, "LAST_REPORTED": "2026-06-22T16:29:31Z", "NUM_DOCKS_AVAILABLE": 7, "NUM_DOCKS_DISABLED": 0, "NUM_BIKES_AVAILABLE": 10, "NUM_EBIKES_AVAILABLE": 4, "NUM_BIKES_DISABLED": 2, "IS_INSTALLED": "YES", "IS_RETURNING": "YES", "IS_RENTING": "YES", "HAS_KIOSK": "YES", "IOS": "https://dc.lft.to/lastmile_qr_scan", "ANDROID": "https://dc.lft.to/lastmile_qr_scan", "ELECTRIC_BIKE_SURCHARGE_WAIVER": "NO", "EIGHTD_HAS_KEY_DISPENSER": "NO", "CAPACITY": 19, "RENTAL_METHODS": "KEY,CREDITCARD", "REGION_ID": "41", "REGION_NAME": "Arlington, VA", "GIS_ID": null, "LATITUDE": 38.885321, "LONGITUDE": -77.156427, "GIS_LAST_MOD_DTTM": "2026-06-22T16:32:07Z", "OBJECTID": 357728858 }, "geometry": { "type": "Point", "coordinates": [ -77.156430843019052, 38.885324769047159 ] } },
{ "type": "Feature", "properties": { "NAME": "Emma Lee St & Morris St", "STATION_TYPE": "classic", "STATION_ID": "3d8b6392-9572-4c65-b71c-fd8f03af9ab2", "STATION_STATUS": null, "LAST_REPORTED": "2026-06-22T16:29:32Z", "NUM_DOCKS_AVAILABLE": 5, "NUM_DOCKS_DISABLED": 0, "NUM_BIKES_AVAILABLE": 7, "NUM_EBIKES_AVAILABLE": 0, "NUM_BIKES_DISABLED": 0, "IS_INSTALLED": "YES", "IS_RETURNING": "YES", "IS_RENTING": "YES", "HAS_KIOSK": "YES", "IOS": "https://dc.lft.to/lastmile_qr_scan", "ANDROID": "https://dc.lft.to/lastmile_qr_scan", "ELECTRIC_BIKE_SURCHARGE_WAIVER": "NO", "EIGHTD_HAS_KEY_DISPENSER": "NO", "CAPACITY": 12, "RENTAL_METHODS": "KEY,CREDITCARD", "REGION_ID": "104", "REGION_NAME": "Fairfax, VA", "GIS_ID": null, "LATITUDE": 38.877818, "LONGITUDE": -77.209421, "GIS_LAST_MOD_DTTM": "2026-06-22T16:32:07Z", "OBJECTID": 357728859 }, "geometry": { "type": "Point", "coordinates": [ -77.209427735285047, 38.877827841056245 ] } },
{ "type": "Feature", "properties": { "NAME": "Marymount University / Yorktown Blvd & 26th St N", "STATION_TYPE": "classic", "STATION_ID": "5eb5b5a7-db69-4d8a-a16a-604678a544b7", "STATION_STATUS": null, "LAST_REPORTED": "2026-06-22T16:29:39Z", "NUM_DOCKS_AVAILABLE": 5, "NUM_DOCKS_DISABLED": 0, "NUM_BIKES_AVAILABLE": 10, "NUM_EBIKES_AVAILABLE": 4, "NUM_BIKES_DISABLED": 0, "IS_INSTALLED": "YES", "IS_RETURNING": "YES", "IS_RENTING": "YES", "HAS_KIOSK": "YES", "IOS": "https://dc.lft.to/lastmile_qr_scan", "ANDROID": "https://dc.lft.to/lastmile_qr_scan", "ELECTRIC_BIKE_SURCHARGE_WAIVER": "NO", "EIGHTD_HAS_KEY_DISPENSER": "NO", "CAPACITY": 15, "RENTAL_METHODS": "KEY,CREDITCARD", "REGION_ID": "41", "REGION_NAME": "Arlington, VA", "GIS_ID": null, "LATITUDE": 38.904252, "LONGITUDE": -77.127776, "GIS_LAST_MOD_DTTM": "2026-06-22T16:32:07Z", "OBJECTID": 357728860 }, "geometry": { "type": "Point", "coordinates": [ -77.127776941668188, 38.904259207079875 ] } },
{ "type": "Feature", "properties": { "NAME": "Broad Branch Rd & Northampton St NW", "STATION_TYPE": "classic", "STATION_ID": "68eaf9f5-7b2d-4f60-9f02-9f5ba1103f80", "STATION_STATUS": null, "LAST_REPORTED": "2026-06-22T16:29:40Z", "NUM_DOCKS_AVAILABLE": 2, "NUM_DOCKS_DISABLED": 0, "NUM_BIKES_AVAILABLE": 17, "NUM_EBIKES_AVAILABLE": 6, "NUM_BIKES_DISABLED": 0, "IS_INSTALLED": "YES", "IS_RETURNING": "YES", "IS_RENTING": "YES", "HAS_KIOSK": "YES", "IOS": "https://dc.lft.to/lastmile_qr_scan", "ANDROID": "https://dc.lft.to/lastmile_qr_scan", "ELECTRIC_BIKE_SURCHARGE_WAIVER": "NO", "EIGHTD_HAS_KEY_DISPENSER": "NO", "CAPACITY": 19, "RENTAL_METHODS": "KEY,CREDITCARD", "REGION_ID": "42", "REGION_NAME": "Washington, DC", "GIS_ID": null, "LATITUDE": 38.965775, "LONGITUDE": -77.068626, "GIS_LAST_MOD_DTTM": "2026-06-22T16:32:07Z", "OBJECTID": 357728861 }, "geometry": { "type": "Point", "coordinates": [ -77.068623750684424, 38.965781596067409 ] } },
{ "type": "Feature", "properties": { "NAME": "Commonwealth and Reed", "STATION_TYPE": "classic", "STATION_ID": "3af8c81c-b8d8-4af7-afe9-332a2cac4672", "STATION_STATUS": null, "LAST_REPORTED": "2026-06-22T16:29:40Z", "NUM_DOCKS_AVAILABLE": 11, "NUM_DOCKS_DISABLED": 0, "NUM_BIKES_AVAILABLE": 5, "NUM_EBIKES_AVAILABLE": 0, "NUM_BIKES_DISABLED": 0, "IS_INSTALLED": "YES", "IS_RETURNING": "YES", "IS_RENTING": "YES", "HAS_KIOSK": "YES", "IOS": "https://dc.lft.to/lastmile_qr_scan", "ANDROID": "https://dc.lft.to/lastmile_qr_scan", "ELECTRIC_BIKE_SURCHARGE_WAIVER": "NO", "EIGHTD_HAS_KEY_DISPENSER": "NO", "CAPACITY": 16, "RENTAL_METHODS": "KEY,CREDITCARD", "REGION_ID": "40", "REGION_NAME": "Alexandria, VA", "GIS_ID": null, "LATITUDE": 38.836838, "LONGITUDE": -77.057274, "GIS_LAST_MOD_DTTM": "2026-06-22T16:32:07Z", "OBJECTID": 357728862 }, "geometry": { "type": "Point", "coordinates": [ -77.057281284895979, 38.836842065656867 ] } },
{ "type": "Feature", "properties": { "NAME": "Central Library / Quincy St & 10th St N", "STATION_TYPE": "classic", "STATION_ID": "0825213e-1f3f-11e7-bf6b-3863bb334450", "STATION_STATUS": null, "LAST_REPORTED": "2026-06-22T16:29:42Z", "NUM_DOCKS_AVAILABLE": 7, "NUM_DOCKS_DISABLED": 0, "NUM_BIKES_AVAILABLE": 5, "NUM_EBIKES_AVAILABLE": 2, "NUM_BIKES_DISABLED": 0, "IS_INSTALLED": "YES", "IS_RETURNING": "YES", "IS_RENTING": "YES", "HAS_KIOSK": "YES", "IOS": "https://dc.lft.to/lastmile_qr_scan", "ANDROID": "https://dc.lft.to/lastmile_qr_scan", "ELECTRIC_BIKE_SURCHARGE_WAIVER": "NO", "EIGHTD_HAS_KEY_DISPENSER": "NO", "CAPACITY": 12, "RENTAL_METHODS": "KEY,CREDITCARD", "REGION_ID": "41", "REGION_NAME": "Arlington, VA", "GIS_ID": null, "LATITUDE": 38.88397, "LONGITUDE": -77.10783, "GIS_LAST_MOD_DTTM": "2026-06-22T16:32:07Z", "OBJECTID": 357728863 }, "geometry": { "type": "Point", "coordinates": [ -77.107835876507963, 38.883974435587142 ] } },
{ "type": "Feature", "properties": { "NAME": "Columbia Pike & S Orme St", "STATION_TYPE": "classic", "STATION_ID": "082569e6-1f3f-11e7-bf6b-3863bb334450", "STATION_STATUS": null, "LAST_REPORTED": "2026-06-22T16:29:42Z", "NUM_DOCKS_AVAILABLE": 3, "NUM_DOCKS_DISABLED": 0, "NUM_BIKES_AVAILABLE": 5, "NUM_EBIKES_AVAILABLE": 2, "NUM_BIKES_DISABLED": 0, "IS_INSTALLED": "YES", "IS_RETURNING": "YES", "IS_RENTING": "YES", "HAS_KIOSK": "NO", "IOS": "https://dc.lft.to/lastmile_qr_scan", "ANDROID": "https://dc.lft.to/lastmile_qr_scan", "ELECTRIC_BIKE_SURCHARGE_WAIVER": "NO", "EIGHTD_HAS_KEY_DISPENSER": "NO", "CAPACITY": 8, "RENTAL_METHODS": "KEY,CREDITCARD", "REGION_ID": "41", "REGION_NAME": "Arlington, VA", "GIS_ID": null, "LATITUDE": 38.867217, "LONGITUDE": -77.072296, "GIS_LAST_MOD_DTTM": "2026-06-22T16:32:07Z", "OBJECTID": 357728864 }, "geometry": { "type": "Point", "coordinates": [ -77.072296972835446, 38.867228197683254 ] } },
{ "type": "Feature", "properties": { "NAME": "Herndon Metro South ", "STATION_TYPE": "classic", "STATION_ID": "2069025384409258804", "STATION_STATUS": null, "LAST_REPORTED": "2026-06-22T16:29:43Z", "NUM_DOCKS_AVAILABLE": 1, "NUM_DOCKS_DISABLED": 0, "NUM_BIKES_AVAILABLE": 11, "NUM_EBIKES_AVAILABLE": 0, "NUM_BIKES_DISABLED": 0, "IS_INSTALLED": "YES", "IS_RETURNING": "YES", "IS_RENTING": "YES", "HAS_KIOSK": "YES", "IOS": "https://dc.lft.to/lastmile_qr_scan", "ANDROID": "https://dc.lft.to/lastmile_qr_scan", "ELECTRIC_BIKE_SURCHARGE_WAIVER": "NO", "EIGHTD_HAS_KEY_DISPENSER": "NO", "CAPACITY": 12, "RENTAL_METHODS": "KEY,CREDITCARD", "REGION_ID": "104", "REGION_NAME": "Fairfax, VA", "GIS_ID": null, "LATITUDE": 38.952001, "LONGITUDE": -77.384557, "GIS_LAST_MOD_DTTM": "2026-06-22T16:32:07Z", "OBJECTID": 357728865 }, "geometry": { "type": "Point", "coordinates": [ -77.384564656377307, 38.952008166604458 ] } },
{ "type": "Feature", "properties": { "NAME": "Witter Field", "STATION_TYPE": "classic", "STATION_ID": "2064975968599672936", "STATION_STATUS": null, "LAST_REPORTED": "2026-06-22T16:29:50Z", "NUM_DOCKS_AVAILABLE": 8, "NUM_DOCKS_DISABLED": 0, "NUM_BIKES_AVAILABLE": 6, "NUM_EBIKES_AVAILABLE": 4, "NUM_BIKES_DISABLED": 1, "IS_INSTALLED": "YES", "IS_RETURNING": "YES", "IS_RENTING": "YES", "HAS_KIOSK": "NO", "IOS": "https://dc.lft.to/lastmile_qr_scan", "ANDROID": "https://dc.lft.to/lastmile_qr_scan", "ELECTRIC_BIKE_SURCHARGE_WAIVER": "NO", "EIGHTD_HAS_KEY_DISPENSER": "NO", "CAPACITY": 16, "RENTAL_METHODS": "KEY,CREDITCARD", "REGION_ID": "40", "REGION_NAME": "Alexandria, VA", "GIS_ID": null, "LATITUDE": 38.805524, "LONGITUDE": -77.078791, "GIS_LAST_MOD_DTTM": "2026-06-22T16:32:07Z", "OBJECTID": 357728866 }, "geometry": { "type": "Point", "coordinates": [ -77.078796911233695, 38.805534056098651 ] } },
{ "type": "Feature", "properties": { "NAME": "Waterfront Park", "STATION_TYPE": "classic", "STATION_ID": "94b1507c-7f76-483c-b06a-a4131e0b5970", "STATION_STATUS": null, "LAST_REPORTED": "2026-06-22T16:29:50Z", "NUM_DOCKS_AVAILABLE": 8, "NUM_DOCKS_DISABLED": 0, "NUM_BIKES_AVAILABLE": 10, "NUM_EBIKES_AVAILABLE": 5, "NUM_BIKES_DISABLED": 1, "IS_INSTALLED": "YES", "IS_RETURNING": "YES", "IS_RENTING": "YES", "HAS_KIOSK": "YES", "IOS": "https://dc.lft.to/lastmile_qr_scan", "ANDROID": "https://dc.lft.to/lastmile_qr_scan", "ELECTRIC_BIKE_SURCHARGE_WAIVER": "NO", "EIGHTD_HAS_KEY_DISPENSER": "NO", "CAPACITY": 19, "RENTAL_METHODS": "KEY,CREDITCARD", "REGION_ID": "42", "REGION_NAME": "Washington, DC", "GIS_ID": null, "LATITUDE": 38.874821, "LONGITUDE": -77.020788, "GIS_LAST_MOD_DTTM": "2026-06-22T16:32:07Z", "OBJECTID": 357728867 }, "geometry": { "type": "Point", "coordinates": [ -77.020791809309387, 38.87482479809384 ] } },
{ "type": "Feature", "properties": { "NAME": "Nannie Helen Burroughs & Minnesota Ave NE", "STATION_TYPE": "classic", "STATION_ID": "082480f1-1f3f-11e7-bf6b-3863bb334450", "STATION_STATUS": null, "LAST_REPORTED": "2026-06-22T16:29:47Z", "NUM_DOCKS_AVAILABLE": 10, "NUM_DOCKS_DISABLED": 0, "NUM_BIKES_AVAILABLE": 0, "NUM_EBIKES_AVAILABLE": 0, "NUM_BIKES_DISABLED": 0, "IS_INSTALLED": "YES", "IS_RETURNING": "YES", "IS_RENTING": "YES", "HAS_KIOSK": "YES", "IOS": "https://dc.lft.to/lastmile_qr_scan", "ANDROID": "https://dc.lft.to/lastmile_qr_scan", "ELECTRIC_BIKE_SURCHARGE_WAIVER": "NO", "EIGHTD_HAS_KEY_DISPENSER": "NO", "CAPACITY": 11, "RENTAL_METHODS": "KEY,CREDITCARD", "REGION_ID": "42", "REGION_NAME": "Washington, DC", "GIS_ID": null, "LATITUDE": 38.901385, "LONGITUDE": -76.941877, "GIS_LAST_MOD_DTTM": "2026-06-22T16:32:07Z", "OBJECTID": 357728868 }, "geometry": { "type": "Point", "coordinates": [ -76.941875982200216, 38.901395918265983 ] } },
{ "type": "Feature", "properties": { "NAME": "20th & Q St NW", "STATION_TYPE": "classic", "STATION_ID": "2066765243426702154", "STATION_STATUS": null, "LAST_REPORTED": "2026-06-22T16:30:02Z", "NUM_DOCKS_AVAILABLE": 25, "NUM_DOCKS_DISABLED": 0, "NUM_BIKES_AVAILABLE": 1, "NUM_EBIKES_AVAILABLE": 1, "NUM_BIKES_DISABLED": 1, "IS_INSTALLED": "YES", "IS_RETURNING": "YES", "IS_RENTING": "YES", "HAS_KIOSK": "YES", "IOS": "https://dc.lft.to/lastmile_qr_scan", "ANDROID": "https://dc.lft.to/lastmile_qr_scan", "ELECTRIC_BIKE_SURCHARGE_WAIVER": "NO", "EIGHTD_HAS_KEY_DISPENSER": "NO", "CAPACITY": 27, "RENTAL_METHODS": "KEY,CREDITCARD", "REGION_ID": "42", "REGION_NAME": "Washington, DC", "GIS_ID": null, "LATITUDE": 38.911086, "LONGITUDE": -77.045061, "GIS_LAST_MOD_DTTM": "2026-06-22T16:32:07Z", "OBJECTID": 357728869 }, "geometry": { "type": "Point", "coordinates": [ -77.045061480823847, 38.911094671050201 ] } },
{ "type": "Feature", "properties": { "NAME": "61st St & Banks Pl NE", "STATION_TYPE": "classic", "STATION_ID": "08263cab-1f3f-11e7-bf6b-3863bb334450", "STATION_STATUS": null, "LAST_REPORTED": "2026-06-22T16:30:02Z", "NUM_DOCKS_AVAILABLE": 13, "NUM_DOCKS_DISABLED": 0, "NUM_BIKES_AVAILABLE": 3, "NUM_EBIKES_AVAILABLE": 0, "NUM_BIKES_DISABLED": 1, "IS_INSTALLED": "YES", "IS_RETURNING": "YES", "IS_RENTING": "YES", "HAS_KIOSK": "YES", "IOS": "https://dc.lft.to/lastmile_qr_scan", "ANDROID": "https://dc.lft.to/lastmile_qr_scan", "ELECTRIC_BIKE_SURCHARGE_WAIVER": "NO", "EIGHTD_HAS_KEY_DISPENSER": "NO", "CAPACITY": 19, "RENTAL_METHODS": "KEY,CREDITCARD", "REGION_ID": "42", "REGION_NAME": "Washington, DC", "GIS_ID": null, "LATITUDE": 38.891805, "LONGITUDE": -76.913563, "GIS_LAST_MOD_DTTM": "2026-06-22T16:32:07Z", "OBJECTID": 357728870 }, "geometry": { "type": "Point", "coordinates": [ -76.913562256963885, 38.891811512212485 ] } },
{ "type": "Feature", "properties": { "NAME": "Anacostia Ave & Benning Rd NE / River Terrace ", "STATION_TYPE": "classic", "STATION_ID": "082518eb-1f3f-11e7-bf6b-3863bb334450", "STATION_STATUS": null, "LAST_REPORTED": "2026-06-22T16:30:02Z", "NUM_DOCKS_AVAILABLE": 12, "NUM_DOCKS_DISABLED": 0, "NUM_BIKES_AVAILABLE": 3, "NUM_EBIKES_AVAILABLE": 1, "NUM_BIKES_DISABLED": 0, "IS_INSTALLED": "YES", "IS_RETURNING": "YES", "IS_RENTING": "YES", "HAS_KIOSK": "YES", "IOS": "https://dc.lft.to/lastmile_qr_scan", "ANDROID": "https://dc.lft.to/lastmile_qr_scan", "ELECTRIC_BIKE_SURCHARGE_WAIVER": "NO", "EIGHTD_HAS_KEY_DISPENSER": "NO", "CAPACITY": 15, "RENTAL_METHODS": "KEY,CREDITCARD", "REGION_ID": "42", "REGION_NAME": "Washington, DC", "GIS_ID": null, "LATITUDE": 38.896544, "LONGITUDE": -76.96012, "GIS_LAST_MOD_DTTM": "2026-06-22T16:32:07Z", "OBJECTID": 357728871 }, "geometry": { "type": "Point", "coordinates": [ -76.96011665686629, 38.896548061588263 ] } },
{ "type": "Feature", "properties": { "NAME": "7th & Monroe St NE", "STATION_TYPE": "classic", "STATION_ID": "066fd95e-0d37-4eea-a027-88c04277bb9d", "STATION_STATUS": null, "LAST_REPORTED": "2026-06-22T16:30:06Z", "NUM_DOCKS_AVAILABLE": 9, "NUM_DOCKS_DISABLED": 0, "NUM_BIKES_AVAILABLE": 6, "NUM_EBIKES_AVAILABLE": 6, "NUM_BIKES_DISABLED": 0, "IS_INSTALLED": "YES", "IS_RETURNING": "YES", "IS_RENTING": "YES", "HAS_KIOSK": "YES", "IOS": "https://dc.lft.to/lastmile_qr_scan", "ANDROID": "https://dc.lft.to/lastmile_qr_scan", "ELECTRIC_BIKE_SURCHARGE_WAIVER": "NO", "EIGHTD_HAS_KEY_DISPENSER": "NO", "CAPACITY": 15, "RENTAL_METHODS": "KEY,CREDITCARD", "REGION_ID": "42", "REGION_NAME": "Washington, DC", "GIS_ID": null, "LATITUDE": 38.932243, "LONGITUDE": -76.996133, "GIS_LAST_MOD_DTTM": "2026-06-22T16:32:07Z", "OBJECTID": 357728872 }, "geometry": { "type": "Point", "coordinates": [ -76.996138593103225, 38.932254843555235 ] } },
{ "type": "Feature", "properties": { "NAME": "Georgia & Missouri Ave NW", "STATION_TYPE": "classic", "STATION_ID": "082605b0-1f3f-11e7-bf6b-3863bb334450", "STATION_STATUS": null, "LAST_REPORTED": "2026-06-22T16:30:05Z", "NUM_DOCKS_AVAILABLE": 5, "NUM_DOCKS_DISABLED": 0, "NUM_BIKES_AVAILABLE": 12, "NUM_EBIKES_AVAILABLE": 9, "NUM_BIKES_DISABLED": 0, "IS_INSTALLED": "YES", "IS_RETURNING": "YES", "IS_RENTING": "YES", "HAS_KIOSK": "YES", "IOS": "https://dc.lft.to/lastmile_qr_scan", "ANDROID": "https://dc.lft.to/lastmile_qr_scan", "ELECTRIC_BIKE_SURCHARGE_WAIVER": "NO", "EIGHTD_HAS_KEY_DISPENSER": "NO", "CAPACITY": 19, "RENTAL_METHODS": "KEY,CREDITCARD", "REGION_ID": "42", "REGION_NAME": "Washington, DC", "GIS_ID": null, "LATITUDE": 38.961339, "LONGITUDE": -77.027855, "GIS_LAST_MOD_DTTM": "2026-06-22T16:32:07Z", "OBJECTID": 357728873 }, "geometry": { "type": "Point", "coordinates": [ -77.027855304797583, 38.961348338595613 ] } },
{ "type": "Feature", "properties": { "NAME": "S Maple Ave & S Washington St", "STATION_TYPE": "classic", "STATION_ID": "5e571279-84a3-4dd6-9ee5-6a834e4c624a", "STATION_STATUS": null, "LAST_REPORTED": "2026-06-22T16:30:05Z", "NUM_DOCKS_AVAILABLE": 4, "NUM_DOCKS_DISABLED": 0, "NUM_BIKES_AVAILABLE": 6, "NUM_EBIKES_AVAILABLE": 2, "NUM_BIKES_DISABLED": 2, "IS_INSTALLED": "YES", "IS_RETURNING": "YES", "IS_RENTING": "YES", "HAS_KIOSK": "YES", "IOS": "https://dc.lft.to/lastmile_qr_scan", "ANDROID": "https://dc.lft.to/lastmile_qr_scan", "ELECTRIC_BIKE_SURCHARGE_WAIVER": "NO", "EIGHTD_HAS_KEY_DISPENSER": "NO", "CAPACITY": 12, "RENTAL_METHODS": "KEY,CREDITCARD", "REGION_ID": "152", "REGION_NAME": "Falls Church, VA", "GIS_ID": null, "LATITUDE": 38.87972, "LONGITUDE": -77.178408, "GIS_LAST_MOD_DTTM": "2026-06-22T16:32:07Z", "OBJECTID": 357728874 }, "geometry": { "type": "Point", "coordinates": [ -77.178408152705813, 38.87972607206072 ] } },
{ "type": "Feature", "properties": { "NAME": "New Dominion Pkwy & Fountain Dr", "STATION_TYPE": "classic", "STATION_ID": "08263959-1f3f-11e7-bf6b-3863bb334450", "STATION_STATUS": null, "LAST_REPORTED": "2026-06-22T16:30:32Z", "NUM_DOCKS_AVAILABLE": 4, "NUM_DOCKS_DISABLED": 0, "NUM_BIKES_AVAILABLE": 7, "NUM_EBIKES_AVAILABLE": 0, "NUM_BIKES_DISABLED": 0, "IS_INSTALLED": "YES", "IS_RETURNING": "YES", "IS_RENTING": "YES", "HAS_KIOSK": "YES", "IOS": "https://dc.lft.to/lastmile_qr_scan", "ANDROID": "https://dc.lft.to/lastmile_qr_scan", "ELECTRIC_BIKE_SURCHARGE_WAIVER": "NO", "EIGHTD_HAS_KEY_DISPENSER": "NO", "CAPACITY": 11, "RENTAL_METHODS": "KEY,CREDITCARD", "REGION_ID": "104", "REGION_NAME": "Fairfax, VA", "GIS_ID": null, "LATITUDE": 38.960574, "LONGITUDE": -77.356324, "GIS_LAST_MOD_DTTM": "2026-06-22T16:32:07Z", "OBJECTID": 357728875 }, "geometry": { "type": "Point", "coordinates": [ -77.356331069199442, 38.960583480219341 ] } },
{ "type": "Feature", "properties": { "NAME": "North Shore & Cameron Crescent Dr/Crescent Apartments", "STATION_TYPE": "classic", "STATION_ID": "0826380c-1f3f-11e7-bf6b-3863bb334450", "STATION_STATUS": null, "LAST_REPORTED": "2026-06-22T16:30:29Z", "NUM_DOCKS_AVAILABLE": 5, "NUM_DOCKS_DISABLED": 0, "NUM_BIKES_AVAILABLE": 6, "NUM_EBIKES_AVAILABLE": 0, "NUM_BIKES_DISABLED": 0, "IS_INSTALLED": "YES", "IS_RETURNING": "YES", "IS_RENTING": "YES", "HAS_KIOSK": "YES", "IOS": "https://dc.lft.to/lastmile_qr_scan", "ANDROID": "https://dc.lft.to/lastmile_qr_scan", "ELECTRIC_BIKE_SURCHARGE_WAIVER": "NO", "EIGHTD_HAS_KEY_DISPENSER": "NO", "CAPACITY": 11, "RENTAL_METHODS": "KEY,CREDITCARD", "REGION_ID": "104", "REGION_NAME": "Fairfax, VA", "GIS_ID": null, "LATITUDE": 38.970046, "LONGITUDE": -77.338686, "GIS_LAST_MOD_DTTM": "2026-06-22T16:32:07Z", "OBJECTID": 357728876 }, "geometry": { "type": "Point", "coordinates": [ -77.338688179036211, 38.970049601912613 ] } },
{ "type": "Feature", "properties": { "NAME": "Frederick Ave & Horners Ln", "STATION_TYPE": "classic", "STATION_ID": "08258475-1f3f-11e7-bf6b-3863bb334450", "STATION_STATUS": null, "LAST_REPORTED": "2026-06-22T16:30:34Z", "NUM_DOCKS_AVAILABLE": 9, "NUM_DOCKS_DISABLED": 0, "NUM_BIKES_AVAILABLE": 0, "NUM_EBIKES_AVAILABLE": 0, "NUM_BIKES_DISABLED": 0, "IS_INSTALLED": "YES", "IS_RETURNING": "YES", "IS_RENTING": "YES", "HAS_KIOSK": "YES", "IOS": "https://dc.lft.to/lastmile_qr_scan", "ANDROID": "https://dc.lft.to/lastmile_qr_scan", "ELECTRIC_BIKE_SURCHARGE_WAIVER": "NO", "EIGHTD_HAS_KEY_DISPENSER": "NO", "CAPACITY": 9, "RENTAL_METHODS": "KEY,CREDITCARD", "REGION_ID": "43", "REGION_NAME": "Montgomery County, MD (North)", "GIS_ID": null, "LATITUDE": 39.094772, "LONGITUDE": -77.145213, "GIS_LAST_MOD_DTTM": "2026-06-22T16:32:07Z", "OBJECTID": 357728877 }, "geometry": { "type": "Point", "coordinates": [ -77.145216059887062, 39.09478013856738 ] } },
{ "type": "Feature", "properties": { "NAME": "Reservoir Rd & 38th St NW", "STATION_TYPE": "classic", "STATION_ID": "7a19d0e7-2b3c-4805-b843-1aec84a05bfe", "STATION_STATUS": null, "LAST_REPORTED": "2026-06-22T16:30:31Z", "NUM_DOCKS_AVAILABLE": 0, "NUM_DOCKS_DISABLED": 0, "NUM_BIKES_AVAILABLE": 19, "NUM_EBIKES_AVAILABLE": 18, "NUM_BIKES_DISABLED": 0, "IS_INSTALLED": "YES", "IS_RETURNING": "YES", "IS_RENTING": "YES", "HAS_KIOSK": "YES", "IOS": "https://dc.lft.to/lastmile_qr_scan", "ANDROID": "https://dc.lft.to/lastmile_qr_scan", "ELECTRIC_BIKE_SURCHARGE_WAIVER": "NO", "EIGHTD_HAS_KEY_DISPENSER": "NO", "CAPACITY": 19, "RENTAL_METHODS": "KEY,CREDITCARD", "REGION_ID": "42", "REGION_NAME": "Washington, DC", "GIS_ID": null, "LATITUDE": 38.912614, "LONGITUDE": -77.074323, "GIS_LAST_MOD_DTTM": "2026-06-22T16:32:07Z", "OBJECTID": 357728878 }, "geometry": { "type": "Point", "coordinates": [ -77.074326187580056, 38.912620146233479 ] } },
{ "type": "Feature", "properties": { "NAME": "S Arlington Mill Dr & Campbell Ave", "STATION_TYPE": "classic", "STATION_ID": "08254dee-1f3f-11e7-bf6b-3863bb334450", "STATION_STATUS": null, "LAST_REPORTED": "2026-06-22T16:30:43Z", "NUM_DOCKS_AVAILABLE": 12, "NUM_DOCKS_DISABLED": 0, "NUM_BIKES_AVAILABLE": 3, "NUM_EBIKES_AVAILABLE": 1, "NUM_BIKES_DISABLED": 0, "IS_INSTALLED": "YES", "IS_RETURNING": "YES", "IS_RENTING": "YES", "HAS_KIOSK": "YES", "IOS": "https://dc.lft.to/lastmile_qr_scan", "ANDROID": "https://dc.lft.to/lastmile_qr_scan", "ELECTRIC_BIKE_SURCHARGE_WAIVER": "NO", "EIGHTD_HAS_KEY_DISPENSER": "NO", "CAPACITY": 15, "RENTAL_METHODS": "KEY,CREDITCARD", "REGION_ID": "41", "REGION_NAME": "Arlington, VA", "GIS_ID": null, "LATITUDE": 38.84232, "LONGITUDE": -77.089555, "GIS_LAST_MOD_DTTM": "2026-06-22T16:32:07Z", "OBJECTID": 357728879 }, "geometry": { "type": "Point", "coordinates": [ -77.089561603486231, 38.842325926669552 ] } },
{ "type": "Feature", "properties": { "NAME": "Offutt Ln & Chevy Chase Dr", "STATION_TYPE": "classic", "STATION_ID": "0825b2e7-1f3f-11e7-bf6b-3863bb334450", "STATION_STATUS": null, "LAST_REPORTED": "2026-06-22T16:30:47Z", "NUM_DOCKS_AVAILABLE": 10, "NUM_DOCKS_DISABLED": 0, "NUM_BIKES_AVAILABLE": 1, "NUM_EBIKES_AVAILABLE": 0, "NUM_BIKES_DISABLED": 0, "IS_INSTALLED": "YES", "IS_RETURNING": "YES", "IS_RENTING": "YES", "HAS_KIOSK": "YES", "IOS": "https://dc.lft.to/lastmile_qr_scan", "ANDROID": "https://dc.lft.to/lastmile_qr_scan", "ELECTRIC_BIKE_SURCHARGE_WAIVER": "NO", "EIGHTD_HAS_KEY_DISPENSER": "NO", "CAPACITY": 11, "RENTAL_METHODS": "KEY,CREDITCARD", "REGION_ID": "44", "REGION_NAME": "Montgomery County, MD (South)", "GIS_ID": null, "LATITUDE": 38.977093, "LONGITUDE": -77.094589, "GIS_LAST_MOD_DTTM": "2026-06-22T16:32:07Z", "OBJECTID": 357728880 }, "geometry": { "type": "Point", "coordinates": [ -77.094589631928585, 38.977104851979782 ] } },
{ "type": "Feature", "properties": { "NAME": "14th & Upshur St NW", "STATION_TYPE": "classic", "STATION_ID": "08254943-1f3f-11e7-bf6b-3863bb334450", "STATION_STATUS": null, "LAST_REPORTED": "2026-06-22T16:30:47Z", "NUM_DOCKS_AVAILABLE": 17, "NUM_DOCKS_DISABLED": 0, "NUM_BIKES_AVAILABLE": 1, "NUM_EBIKES_AVAILABLE": 0, "NUM_BIKES_DISABLED": 0, "IS_INSTALLED": "YES", "IS_RETURNING": "YES", "IS_RENTING": "YES", "HAS_KIOSK": "YES", "IOS": "https://dc.lft.to/lastmile_qr_scan", "ANDROID": "https://dc.lft.to/lastmile_qr_scan", "ELECTRIC_BIKE_SURCHARGE_WAIVER": "NO", "EIGHTD_HAS_KEY_DISPENSER": "NO", "CAPACITY": 19, "RENTAL_METHODS": "KEY,CREDITCARD", "REGION_ID": "42", "REGION_NAME": "Washington, DC", "GIS_ID": null, "LATITUDE": 38.942475, "LONGITUDE": -77.032678, "GIS_LAST_MOD_DTTM": "2026-06-22T16:32:07Z", "OBJECTID": 357728881 }, "geometry": { "type": "Point", "coordinates": [ -77.032681125891543, 38.942483764834265 ] } },
{ "type": "Feature", "properties": { "NAME": "Walker Mill Road/ Walker Mill Regional Park ", "STATION_TYPE": "classic", "STATION_ID": "1999699654561182176", "STATION_STATUS": null, "LAST_REPORTED": "2026-06-22T16:30:45Z", "NUM_DOCKS_AVAILABLE": 8, "NUM_DOCKS_DISABLED": 0, "NUM_BIKES_AVAILABLE": 7, "NUM_EBIKES_AVAILABLE": 0, "NUM_BIKES_DISABLED": 0, "IS_INSTALLED": "YES", "IS_RETURNING": "YES", "IS_RENTING": "YES", "HAS_KIOSK": "YES", "IOS": "https://dc.lft.to/lastmile_qr_scan", "ANDROID": "https://dc.lft.to/lastmile_qr_scan", "ELECTRIC_BIKE_SURCHARGE_WAIVER": "NO", "EIGHTD_HAS_KEY_DISPENSER": "NO", "CAPACITY": 15, "RENTAL_METHODS": "KEY,CREDITCARD", "REGION_ID": "133", "REGION_NAME": "Prince George's County", "GIS_ID": null, "LATITUDE": 38.875772, "LONGITUDE": -76.868767, "GIS_LAST_MOD_DTTM": "2026-06-22T16:32:07Z", "OBJECTID": 357728882 }, "geometry": { "type": "Point", "coordinates": [ -76.868763709348627, 38.875779870493943 ] } },
{ "type": "Feature", "properties": { "NAME": "Reston Town Center Metro North", "STATION_TYPE": "classic", "STATION_ID": "e823318f-8406-4230-8072-1667f5de78d4", "STATION_STATUS": null, "LAST_REPORTED": "2026-06-22T16:30:46Z", "NUM_DOCKS_AVAILABLE": 14, "NUM_DOCKS_DISABLED": 0, "NUM_BIKES_AVAILABLE": 8, "NUM_EBIKES_AVAILABLE": 0, "NUM_BIKES_DISABLED": 1, "IS_INSTALLED": "YES", "IS_RETURNING": "YES", "IS_RENTING": "YES", "HAS_KIOSK": "YES", "IOS": "https://dc.lft.to/lastmile_qr_scan", "ANDROID": "https://dc.lft.to/lastmile_qr_scan", "ELECTRIC_BIKE_SURCHARGE_WAIVER": "NO", "EIGHTD_HAS_KEY_DISPENSER": "NO", "CAPACITY": 23, "RENTAL_METHODS": "KEY,CREDITCARD", "REGION_ID": "104", "REGION_NAME": "Fairfax, VA", "GIS_ID": null, "LATITUDE": 38.953691, "LONGITUDE": -77.359717, "GIS_LAST_MOD_DTTM": "2026-06-22T16:32:07Z", "OBJECTID": 357728883 }, "geometry": { "type": "Point", "coordinates": [ -77.359723136560561, 38.953699734971259 ] } },
{ "type": "Feature", "properties": { "NAME": "1st & H St NW", "STATION_TYPE": "classic", "STATION_ID": "0825e1e5-1f3f-11e7-bf6b-3863bb334450", "STATION_STATUS": null, "LAST_REPORTED": "2026-06-22T16:30:40Z", "NUM_DOCKS_AVAILABLE": 11, "NUM_DOCKS_DISABLED": 0, "NUM_BIKES_AVAILABLE": 4, "NUM_EBIKES_AVAILABLE": 1, "NUM_BIKES_DISABLED": 0, "IS_INSTALLED": "YES", "IS_RETURNING": "YES", "IS_RENTING": "YES", "HAS_KIOSK": "YES", "IOS": "https://dc.lft.to/lastmile_qr_scan", "ANDROID": "https://dc.lft.to/lastmile_qr_scan", "ELECTRIC_BIKE_SURCHARGE_WAIVER": "NO", "EIGHTD_HAS_KEY_DISPENSER": "NO", "CAPACITY": 15, "RENTAL_METHODS": "KEY,CREDITCARD", "REGION_ID": "42", "REGION_NAME": "Washington, DC", "GIS_ID": null, "LATITUDE": 38.900358, "LONGITUDE": -77.012108, "GIS_LAST_MOD_DTTM": "2026-06-22T16:32:07Z", "OBJECTID": 357728884 }, "geometry": { "type": "Point", "coordinates": [ -77.012106950421597, 38.900364779138926 ] } },
{ "type": "Feature", "properties": { "NAME": "Montello Ave & Holbrook Terr NE", "STATION_TYPE": "classic", "STATION_ID": "a07bd5e0-5136-4285-ae23-54a74124957e", "STATION_STATUS": null, "LAST_REPORTED": "2026-06-22T16:30:40Z", "NUM_DOCKS_AVAILABLE": 15, "NUM_DOCKS_DISABLED": 0, "NUM_BIKES_AVAILABLE": 3, "NUM_EBIKES_AVAILABLE": 0, "NUM_BIKES_DISABLED": 0, "IS_INSTALLED": "YES", "IS_RETURNING": "YES", "IS_RENTING": "YES", "HAS_KIOSK": "YES", "IOS": "https://dc.lft.to/lastmile_qr_scan", "ANDROID": "https://dc.lft.to/lastmile_qr_scan", "ELECTRIC_BIKE_SURCHARGE_WAIVER": "NO", "EIGHTD_HAS_KEY_DISPENSER": "NO", "CAPACITY": 19, "RENTAL_METHODS": "KEY,CREDITCARD", "REGION_ID": "42", "REGION_NAME": "Washington, DC", "GIS_ID": null, "LATITUDE": 38.907444, "LONGITUDE": -76.986813, "GIS_LAST_MOD_DTTM": "2026-06-22T16:32:07Z", "OBJECTID": 357728885 }, "geometry": { "type": "Point", "coordinates": [ -76.986812650398207, 38.907454237264922 ] } },
{ "type": "Feature", "properties": { "NAME": "12th & U St NW", "STATION_TYPE": "classic", "STATION_ID": "08256670-1f3f-11e7-bf6b-3863bb334450", "STATION_STATUS": null, "LAST_REPORTED": "2026-06-22T16:30:41Z", "NUM_DOCKS_AVAILABLE": 36, "NUM_DOCKS_DISABLED": 0, "NUM_BIKES_AVAILABLE": 0, "NUM_EBIKES_AVAILABLE": 0, "NUM_BIKES_DISABLED": 0, "IS_INSTALLED": "YES", "IS_RETURNING": "YES", "IS_RENTING": "YES", "HAS_KIOSK": "NO", "IOS": "https://dc.lft.to/lastmile_qr_scan", "ANDROID": "https://dc.lft.to/lastmile_qr_scan", "ELECTRIC_BIKE_SURCHARGE_WAIVER": "NO", "EIGHTD_HAS_KEY_DISPENSER": "NO", "CAPACITY": 36, "RENTAL_METHODS": "KEY,CREDITCARD", "REGION_ID": "42", "REGION_NAME": "Washington, DC", "GIS_ID": null, "LATITUDE": 38.916787, "LONGITUDE": -77.028139, "GIS_LAST_MOD_DTTM": "2026-06-22T16:32:07Z", "OBJECTID": 357728886 }, "geometry": { "type": "Point", "coordinates": [ -77.028137704728437, 38.916793242123546 ] } },
{ "type": "Feature", "properties": { "NAME": "15th & Euclid St NW", "STATION_TYPE": "classic", "STATION_ID": "0825525a-1f3f-11e7-bf6b-3863bb334450", "STATION_STATUS": null, "LAST_REPORTED": "2026-06-22T16:30:40Z", "NUM_DOCKS_AVAILABLE": 15, "NUM_DOCKS_DISABLED": 0, "NUM_BIKES_AVAILABLE": 0, "NUM_EBIKES_AVAILABLE": 0, "NUM_BIKES_DISABLED": 0, "IS_INSTALLED": "YES", "IS_RETURNING": "YES", "IS_RENTING": "YES", "HAS_KIOSK": "YES", "IOS": "https://dc.lft.to/lastmile_qr_scan", "ANDROID": "https://dc.lft.to/lastmile_qr_scan", "ELECTRIC_BIKE_SURCHARGE_WAIVER": "NO", "EIGHTD_HAS_KEY_DISPENSER": "NO", "CAPACITY": 15, "RENTAL_METHODS": "KEY,CREDITCARD", "REGION_ID": "42", "REGION_NAME": "Washington, DC", "GIS_ID": null, "LATITUDE": 38.92333, "LONGITUDE": -77.0352, "GIS_LAST_MOD_DTTM": "2026-06-22T16:32:07Z", "OBJECTID": 357728887 }, "geometry": { "type": "Point", "coordinates": [ -77.035197853348805, 38.923340383118344 ] } },
{ "type": "Feature", "properties": { "NAME": "15th & F St NE", "STATION_TYPE": "classic", "STATION_ID": "0825610d-1f3f-11e7-bf6b-3863bb334450", "STATION_STATUS": null, "LAST_REPORTED": "2026-06-22T16:30:45Z", "NUM_DOCKS_AVAILABLE": 12, "NUM_DOCKS_DISABLED": 1, "NUM_BIKES_AVAILABLE": 6, "NUM_EBIKES_AVAILABLE": 0, "NUM_BIKES_DISABLED": 1, "IS_INSTALLED": "YES", "IS_RETURNING": "YES", "IS_RENTING": "YES", "HAS_KIOSK": "NO", "IOS": "https://dc.lft.to/lastmile_qr_scan", "ANDROID": "https://dc.lft.to/lastmile_qr_scan", "ELECTRIC_BIKE_SURCHARGE_WAIVER": "NO", "EIGHTD_HAS_KEY_DISPENSER": "NO", "CAPACITY": 20, "RENTAL_METHODS": "KEY,CREDITCARD", "REGION_ID": "42", "REGION_NAME": "Washington, DC", "GIS_ID": null, "LATITUDE": 38.897195, "LONGITUDE": -76.983575, "GIS_LAST_MOD_DTTM": "2026-06-22T16:32:07Z", "OBJECTID": 357728888 }, "geometry": { "type": "Point", "coordinates": [ -76.983575249415182, 38.89720231718065 ] } },
{ "type": "Feature", "properties": { "NAME": "Spring Hill Metro", "STATION_TYPE": "classic", "STATION_ID": "0826345e-1f3f-11e7-bf6b-3863bb334450", "STATION_STATUS": null, "LAST_REPORTED": "2026-06-22T16:30:45Z", "NUM_DOCKS_AVAILABLE": 2, "NUM_DOCKS_DISABLED": 0, "NUM_BIKES_AVAILABLE": 13, "NUM_EBIKES_AVAILABLE": 0, "NUM_BIKES_DISABLED": 0, "IS_INSTALLED": "YES", "IS_RETURNING": "YES", "IS_RENTING": "YES", "HAS_KIOSK": "YES", "IOS": "https://dc.lft.to/lastmile_qr_scan", "ANDROID": "https://dc.lft.to/lastmile_qr_scan", "ELECTRIC_BIKE_SURCHARGE_WAIVER": "NO", "EIGHTD_HAS_KEY_DISPENSER": "NO", "CAPACITY": 15, "RENTAL_METHODS": "KEY,CREDITCARD", "REGION_ID": "104", "REGION_NAME": "Fairfax, VA", "GIS_ID": null, "LATITUDE": 38.929261, "LONGITUDE": -77.240654, "GIS_LAST_MOD_DTTM": "2026-06-22T16:32:07Z", "OBJECTID": 357728889 }, "geometry": { "type": "Point", "coordinates": [ -77.24066015468712, 38.929268597254541 ] } },
{ "type": "Feature", "properties": { "NAME": "Lincoln Park / 13th & East Capitol St NE ", "STATION_TYPE": "classic", "STATION_ID": "0824c229-1f3f-11e7-bf6b-3863bb334450", "STATION_STATUS": null, "LAST_REPORTED": "2026-06-22T16:30:45Z", "NUM_DOCKS_AVAILABLE": 29, "NUM_DOCKS_DISABLED": 0, "NUM_BIKES_AVAILABLE": 4, "NUM_EBIKES_AVAILABLE": 2, "NUM_BIKES_DISABLED": 0, "IS_INSTALLED": "YES", "IS_RETURNING": "YES", "IS_RENTING": "YES", "HAS_KIOSK": "YES", "IOS": "https://dc.lft.to/lastmile_qr_scan", "ANDROID": "https://dc.lft.to/lastmile_qr_scan", "ELECTRIC_BIKE_SURCHARGE_WAIVER": "NO", "EIGHTD_HAS_KEY_DISPENSER": "NO", "CAPACITY": 33, "RENTAL_METHODS": "KEY,CREDITCARD", "REGION_ID": "42", "REGION_NAME": "Washington, DC", "GIS_ID": null, "LATITUDE": 38.890461, "LONGITUDE": -76.988355, "GIS_LAST_MOD_DTTM": "2026-06-22T16:32:07Z", "OBJECTID": 357728890 }, "geometry": { "type": "Point", "coordinates": [ -76.988360361987844, 38.890464630925372 ] } },
{ "type": "Feature", "properties": { "NAME": "Lincoln Rd & Seaton Pl NE/Harry Thomas Rec Center", "STATION_TYPE": "classic", "STATION_ID": "6d5ad96d-a704-4fa6-8b65-3ac643c5aa93", "STATION_STATUS": null, "LAST_REPORTED": "2026-06-22T16:30:47Z", "NUM_DOCKS_AVAILABLE": 17, "NUM_DOCKS_DISABLED": 0, "NUM_BIKES_AVAILABLE": 1, "NUM_EBIKES_AVAILABLE": 0, "NUM_BIKES_DISABLED": 1, "IS_INSTALLED": "YES", "IS_RETURNING": "YES", "IS_RENTING": "YES", "HAS_KIOSK": "YES", "IOS": "https://dc.lft.to/lastmile_qr_scan", "ANDROID": "https://dc.lft.to/lastmile_qr_scan", "ELECTRIC_BIKE_SURCHARGE_WAIVER": "NO", "EIGHTD_HAS_KEY_DISPENSER": "NO", "CAPACITY": 19, "RENTAL_METHODS": "KEY,CREDITCARD", "REGION_ID": "42", "REGION_NAME": "Washington, DC", "GIS_ID": null, "LATITUDE": 38.915, "LONGITUDE": -77.0078, "GIS_LAST_MOD_DTTM": "2026-06-22T16:32:07Z", "OBJECTID": 357728891 }, "geometry": { "type": "Point", "coordinates": [ -77.007796983846831, 38.915003711580326 ] } },
{ "type": "Feature", "properties": { "NAME": "Yuma St & Tenley Circle NW", "STATION_TYPE": "classic", "STATION_ID": "0826139b-1f3f-11e7-bf6b-3863bb334450", "STATION_STATUS": null, "LAST_REPORTED": "2026-06-22T16:30:51Z", "NUM_DOCKS_AVAILABLE": 9, "NUM_DOCKS_DISABLED": 0, "NUM_BIKES_AVAILABLE": 8, "NUM_EBIKES_AVAILABLE": 0, "NUM_BIKES_DISABLED": 1, "IS_INSTALLED": "YES", "IS_RETURNING": "YES", "IS_RENTING": "YES", "HAS_KIOSK": "YES", "IOS": "https://dc.lft.to/lastmile_qr_scan", "ANDROID": "https://dc.lft.to/lastmile_qr_scan", "ELECTRIC_BIKE_SURCHARGE_WAIVER": "NO", "EIGHTD_HAS_KEY_DISPENSER": "NO", "CAPACITY": 19, "RENTAL_METHODS": "KEY,CREDITCARD", "REGION_ID": "42", "REGION_NAME": "Washington, DC", "GIS_ID": null, "LATITUDE": 38.946182, "LONGITUDE": -77.08059, "GIS_LAST_MOD_DTTM": "2026-06-22T16:32:07Z", "OBJECTID": 357728892 }, "geometry": { "type": "Point", "coordinates": [ -77.080590450225046, 38.946189983622119 ] } },
{ "type": "Feature", "properties": { "NAME": "Vaden Dr & Royal Victoria Dr/Jim Scott Cmty Ctr", "STATION_TYPE": "classic", "STATION_ID": "f08db1df-054a-46c8-a3e1-b349f2a26d5e", "STATION_STATUS": null, "LAST_REPORTED": "2026-06-22T16:30:49Z", "NUM_DOCKS_AVAILABLE": 3, "NUM_DOCKS_DISABLED": 0, "NUM_BIKES_AVAILABLE": 8, "NUM_EBIKES_AVAILABLE": 0, "NUM_BIKES_DISABLED": 0, "IS_INSTALLED": "YES", "IS_RETURNING": "YES", "IS_RENTING": "YES", "HAS_KIOSK": "YES", "IOS": "https://dc.lft.to/lastmile_qr_scan", "ANDROID": "https://dc.lft.to/lastmile_qr_scan", "ELECTRIC_BIKE_SURCHARGE_WAIVER": "NO", "EIGHTD_HAS_KEY_DISPENSER": "NO", "CAPACITY": 11, "RENTAL_METHODS": "KEY,CREDITCARD", "REGION_ID": "104", "REGION_NAME": "Fairfax, VA", "GIS_ID": null, "LATITUDE": 38.873261, "LONGITUDE": -77.272999, "GIS_LAST_MOD_DTTM": "2026-06-22T16:32:07Z", "OBJECTID": 357728893 }, "geometry": { "type": "Point", "coordinates": [ -77.273003314291955, 38.873264376538856 ] } },
{ "type": "Feature", "properties": { "NAME": "Mt Vernon Trail & S. Washington St.", "STATION_TYPE": "classic", "STATION_ID": "8d8a3add-40b4-41ba-bffe-5a754ebc1625", "STATION_STATUS": null, "LAST_REPORTED": "2026-06-22T16:30:50Z", "NUM_DOCKS_AVAILABLE": 5, "NUM_DOCKS_DISABLED": 0, "NUM_BIKES_AVAILABLE": 9, "NUM_EBIKES_AVAILABLE": 6, "NUM_BIKES_DISABLED": 1, "IS_INSTALLED": "YES", "IS_RETURNING": "YES", "IS_RENTING": "YES", "HAS_KIOSK": "YES", "IOS": "https://dc.lft.to/lastmile_qr_scan", "ANDROID": "https://dc.lft.to/lastmile_qr_scan", "ELECTRIC_BIKE_SURCHARGE_WAIVER": "NO", "EIGHTD_HAS_KEY_DISPENSER": "NO", "CAPACITY": 15, "RENTAL_METHODS": "KEY,CREDITCARD", "REGION_ID": "40", "REGION_NAME": "Alexandria, VA", "GIS_ID": null, "LATITUDE": 38.793065, "LONGITUDE": -77.049436, "GIS_LAST_MOD_DTTM": "2026-06-22T16:32:07Z", "OBJECTID": 357728894 }, "geometry": { "type": "Point", "coordinates": [ -77.04944177137979, 38.793073403367494 ] } },
{ "type": "Feature", "properties": { "NAME": "Livingston Rd & 3rd St SE", "STATION_TYPE": "classic", "STATION_ID": "d72b1790-0fea-4af8-9d2a-fd4d4db24d1a", "STATION_STATUS": null, "LAST_REPORTED": "2026-06-22T16:30:47Z", "NUM_DOCKS_AVAILABLE": 11, "NUM_DOCKS_DISABLED": 0, "NUM_BIKES_AVAILABLE": 4, "NUM_EBIKES_AVAILABLE": 2, "NUM_BIKES_DISABLED": 0, "IS_INSTALLED": "YES", "IS_RETURNING": "YES", "IS_RENTING": "YES", "HAS_KIOSK": "YES", "IOS": "https://dc.lft.to/lastmile_qr_scan", "ANDROID": "https://dc.lft.to/lastmile_qr_scan", "ELECTRIC_BIKE_SURCHARGE_WAIVER": "NO", "EIGHTD_HAS_KEY_DISPENSER": "NO", "CAPACITY": 15, "RENTAL_METHODS": "KEY,CREDITCARD", "REGION_ID": "42", "REGION_NAME": "Washington, DC", "GIS_ID": null, "LATITUDE": 38.82373, "LONGITUDE": -77.00223, "GIS_LAST_MOD_DTTM": "2026-06-22T16:32:07Z", "OBJECTID": 357728895 }, "geometry": { "type": "Point", "coordinates": [ -77.002236360430999, 38.82373977431881 ] } },
{ "type": "Feature", "properties": { "NAME": "N Shore Dr & Washington Plaza/Lake Anne", "STATION_TYPE": "classic", "STATION_ID": "2112081481181194380", "STATION_STATUS": null, "LAST_REPORTED": "2026-06-22T16:30:48Z", "NUM_DOCKS_AVAILABLE": 0, "NUM_DOCKS_DISABLED": 0, "NUM_BIKES_AVAILABLE": 12, "NUM_EBIKES_AVAILABLE": 0, "NUM_BIKES_DISABLED": 0, "IS_INSTALLED": "YES", "IS_RETURNING": "YES", "IS_RENTING": "YES", "HAS_KIOSK": "YES", "IOS": "https://dc.lft.to/lastmile_qr_scan", "ANDROID": "https://dc.lft.to/lastmile_qr_scan", "ELECTRIC_BIKE_SURCHARGE_WAIVER": "NO", "EIGHTD_HAS_KEY_DISPENSER": "NO", "CAPACITY": 12, "RENTAL_METHODS": "KEY,CREDITCARD", "REGION_ID": "104", "REGION_NAME": "Fairfax, VA", "GIS_ID": null, "LATITUDE": 38.969515, "LONGITUDE": -77.342038, "GIS_LAST_MOD_DTTM": "2026-06-22T16:32:07Z", "OBJECTID": 357728896 }, "geometry": { "type": "Point", "coordinates": [ -77.342043693283472, 38.969526361919044 ] } },
{ "type": "Feature", "properties": { "NAME": "1st & Washington Hospital Center NW", "STATION_TYPE": "classic", "STATION_ID": "0825201c-1f3f-11e7-bf6b-3863bb334450", "STATION_STATUS": null, "LAST_REPORTED": "2026-06-22T16:30:20Z", "NUM_DOCKS_AVAILABLE": 4, "NUM_DOCKS_DISABLED": 0, "NUM_BIKES_AVAILABLE": 13, "NUM_EBIKES_AVAILABLE": 12, "NUM_BIKES_DISABLED": 1, "IS_INSTALLED": "YES", "IS_RETURNING": "YES", "IS_RENTING": "YES", "HAS_KIOSK": "NO", "IOS": "https://dc.lft.to/lastmile_qr_scan", "ANDROID": "https://dc.lft.to/lastmile_qr_scan", "ELECTRIC_BIKE_SURCHARGE_WAIVER": "NO", "EIGHTD_HAS_KEY_DISPENSER": "NO", "CAPACITY": 18, "RENTAL_METHODS": "KEY,CREDITCARD", "REGION_ID": "42", "REGION_NAME": "Washington, DC", "GIS_ID": null, "LATITUDE": 38.928743, "LONGITUDE": -77.012457, "GIS_LAST_MOD_DTTM": "2026-06-22T16:32:07Z", "OBJECTID": 357728897 }, "geometry": { "type": "Point", "coordinates": [ -77.012457756056776, 38.928750010582249 ] } },
{ "type": "Feature", "properties": { "NAME": "White Oak Transit Center", "STATION_TYPE": "classic", "STATION_ID": "6edca550-d78f-4c5d-ad2c-79d1ce88c48d", "STATION_STATUS": null, "LAST_REPORTED": "2026-06-22T16:30:04Z", "NUM_DOCKS_AVAILABLE": 15, "NUM_DOCKS_DISABLED": 0, "NUM_BIKES_AVAILABLE": 3, "NUM_EBIKES_AVAILABLE": 0, "NUM_BIKES_DISABLED": 0, "IS_INSTALLED": "YES", "IS_RETURNING": "YES", "IS_RENTING": "YES", "HAS_KIOSK": "YES", "IOS": "https://dc.lft.to/lastmile_qr_scan", "ANDROID": "https://dc.lft.to/lastmile_qr_scan", "ELECTRIC_BIKE_SURCHARGE_WAIVER": "NO", "EIGHTD_HAS_KEY_DISPENSER": "NO", "CAPACITY": 19, "RENTAL_METHODS": "KEY,CREDITCARD", "REGION_ID": "44", "REGION_NAME": "Montgomery County, MD (South)", "GIS_ID": null, "LATITUDE": 39.04104, "LONGITUDE": -76.987125, "GIS_LAST_MOD_DTTM": "2026-06-22T16:32:07Z", "OBJECTID": 357728898 }, "geometry": { "type": "Point", "coordinates": [ -76.987122888395419, 39.041046337163841 ] } },
{ "type": "Feature", "properties": { "NAME": "4th & Florida Ave NE", "STATION_TYPE": "classic", "STATION_ID": "21cdfe0d-71ad-4302-a003-3cfc0d355af9", "STATION_STATUS": null, "LAST_REPORTED": "2026-06-22T16:29:59Z", "NUM_DOCKS_AVAILABLE": 22, "NUM_DOCKS_DISABLED": 0, "NUM_BIKES_AVAILABLE": 7, "NUM_EBIKES_AVAILABLE": 1, "NUM_BIKES_DISABLED": 2, "IS_INSTALLED": "YES", "IS_RETURNING": "YES", "IS_RENTING": "YES", "HAS_KIOSK": "YES", "IOS": "https://dc.lft.to/lastmile_qr_scan", "ANDROID": "https://dc.lft.to/lastmile_qr_scan", "ELECTRIC_BIKE_SURCHARGE_WAIVER": "NO", "EIGHTD_HAS_KEY_DISPENSER": "NO", "CAPACITY": 31, "RENTAL_METHODS": "KEY,CREDITCARD", "REGION_ID": "42", "REGION_NAME": "Washington, DC", "GIS_ID": null, "LATITUDE": 38.907316, "LONGITUDE": -77.000698, "GIS_LAST_MOD_DTTM": "2026-06-22T16:32:07Z", "OBJECTID": 357728899 }, "geometry": { "type": "Point", "coordinates": [ -77.000705576056248, 38.907319853894059 ] } },
{ "type": "Feature", "properties": { "NAME": "Shady Grove Metro West", "STATION_TYPE": "classic", "STATION_ID": "0825e56c-1f3f-11e7-bf6b-3863bb334450", "STATION_STATUS": null, "LAST_REPORTED": "2026-06-22T16:29:59Z", "NUM_DOCKS_AVAILABLE": 18, "NUM_DOCKS_DISABLED": 0, "NUM_BIKES_AVAILABLE": 0, "NUM_EBIKES_AVAILABLE": 0, "NUM_BIKES_DISABLED": 1, "IS_INSTALLED": "YES", "IS_RETURNING": "YES", "IS_RENTING": "YES", "HAS_KIOSK": "YES", "IOS": "https://dc.lft.to/lastmile_qr_scan", "ANDROID": "https://dc.lft.to/lastmile_qr_scan", "ELECTRIC_BIKE_SURCHARGE_WAIVER": "NO", "EIGHTD_HAS_KEY_DISPENSER": "NO", "CAPACITY": 19, "RENTAL_METHODS": "KEY,CREDITCARD", "REGION_ID": "43", "REGION_NAME": "Montgomery County, MD (North)", "GIS_ID": null, "LATITUDE": 39.119765, "LONGITUDE": -77.166093, "GIS_LAST_MOD_DTTM": "2026-06-22T16:32:07Z", "OBJECTID": 357728900 }, "geometry": { "type": "Point", "coordinates": [ -77.166093581350367, 39.119776571442102 ] } },
{ "type": "Feature", "properties": { "NAME": "Joliet St & MLK Ave SW/Bald Eagle Rec Ctr", "STATION_TYPE": "classic", "STATION_ID": "7c46ff05-4fca-44e6-a50b-acbc57e8100b", "STATION_STATUS": null, "LAST_REPORTED": "2026-06-22T16:29:58Z", "NUM_DOCKS_AVAILABLE": 13, "NUM_DOCKS_DISABLED": 0, "NUM_BIKES_AVAILABLE": 2, "NUM_EBIKES_AVAILABLE": 0, "NUM_BIKES_DISABLED": 0, "IS_INSTALLED": "YES", "IS_RETURNING": "YES", "IS_RENTING": "YES", "HAS_KIOSK": "YES", "IOS": "https://dc.lft.to/lastmile_qr_scan", "ANDROID": "https://dc.lft.to/lastmile_qr_scan", "ELECTRIC_BIKE_SURCHARGE_WAIVER": "NO", "EIGHTD_HAS_KEY_DISPENSER": "NO", "CAPACITY": 15, "RENTAL_METHODS": "KEY,CREDITCARD", "REGION_ID": "42", "REGION_NAME": "Washington, DC", "GIS_ID": null, "LATITUDE": 38.81909, "LONGITUDE": -77.01033, "GIS_LAST_MOD_DTTM": "2026-06-22T16:32:07Z", "OBJECTID": 357728901 }, "geometry": { "type": "Point", "coordinates": [ -77.010331355664022, 38.819099971773255 ] } },
{ "type": "Feature", "properties": { "NAME": "Langston Blvd & N Adams St", "STATION_TYPE": "classic", "STATION_ID": "08252530-1f3f-11e7-bf6b-3863bb334450", "STATION_STATUS": null, "LAST_REPORTED": "2026-06-22T16:30:03Z", "NUM_DOCKS_AVAILABLE": 14, "NUM_DOCKS_DISABLED": 0, "NUM_BIKES_AVAILABLE": 0, "NUM_EBIKES_AVAILABLE": 0, "NUM_BIKES_DISABLED": 1, "IS_INSTALLED": "YES", "IS_RETURNING": "YES", "IS_RENTING": "YES", "HAS_KIOSK": "YES", "IOS": "https://dc.lft.to/lastmile_qr_scan", "ANDROID": "https://dc.lft.to/lastmile_qr_scan", "ELECTRIC_BIKE_SURCHARGE_WAIVER": "NO", "EIGHTD_HAS_KEY_DISPENSER": "NO", "CAPACITY": 15, "RENTAL_METHODS": "KEY,CREDITCARD", "REGION_ID": "41", "REGION_NAME": "Arlington, VA", "GIS_ID": null, "LATITUDE": 38.89593, "LONGITUDE": -77.089006, "GIS_LAST_MOD_DTTM": "2026-06-22T16:32:07Z", "OBJECTID": 357728902 }, "geometry": { "type": "Point", "coordinates": [ -77.08900642091757, 38.895935415561091 ] } },
{ "type": "Feature", "properties": { "NAME": "McLean Metro", "STATION_TYPE": "classic", "STATION_ID": "6ffb5d30-d3f4-462b-8182-c552bebc9310", "STATION_STATUS": null, "LAST_REPORTED": "2026-06-22T16:30:11Z", "NUM_DOCKS_AVAILABLE": 1, "NUM_DOCKS_DISABLED": 0, "NUM_BIKES_AVAILABLE": 18, "NUM_EBIKES_AVAILABLE": 0, "NUM_BIKES_DISABLED": 0, "IS_INSTALLED": "YES", "IS_RETURNING": "YES", "IS_RENTING": "YES", "HAS_KIOSK": "YES", "IOS": "https://dc.lft.to/lastmile_qr_scan", "ANDROID": "https://dc.lft.to/lastmile_qr_scan", "ELECTRIC_BIKE_SURCHARGE_WAIVER": "NO", "EIGHTD_HAS_KEY_DISPENSER": "NO", "CAPACITY": 19, "RENTAL_METHODS": "KEY,CREDITCARD", "REGION_ID": "104", "REGION_NAME": "Fairfax, VA", "GIS_ID": null, "LATITUDE": 38.924002, "LONGITUDE": -77.208127, "GIS_LAST_MOD_DTTM": "2026-06-22T16:32:07Z", "OBJECTID": 357728903 }, "geometry": { "type": "Point", "coordinates": [ -77.208133376702889, 38.924007121026357 ] } },
{ "type": "Feature", "properties": { "NAME": "WAU / Flower Ave & Division St", "STATION_TYPE": "classic", "STATION_ID": "0825faf6-1f3f-11e7-bf6b-3863bb334450", "STATION_STATUS": null, "LAST_REPORTED": "2026-06-22T16:30:15Z", "NUM_DOCKS_AVAILABLE": 3, "NUM_DOCKS_DISABLED": 0, "NUM_BIKES_AVAILABLE": 11, "NUM_EBIKES_AVAILABLE": 6, "NUM_BIKES_DISABLED": 1, "IS_INSTALLED": "YES", "IS_RETURNING": "YES", "IS_RENTING": "YES", "HAS_KIOSK": "YES", "IOS": "https://dc.lft.to/lastmile_qr_scan", "ANDROID": "https://dc.lft.to/lastmile_qr_scan", "ELECTRIC_BIKE_SURCHARGE_WAIVER": "NO", "EIGHTD_HAS_KEY_DISPENSER": "NO", "CAPACITY": 15, "RENTAL_METHODS": "KEY,CREDITCARD", "REGION_ID": "44", "REGION_NAME": "Montgomery County, MD (South)", "GIS_ID": null, "LATITUDE": 38.986743, "LONGITUDE": -77.000035, "GIS_LAST_MOD_DTTM": "2026-06-22T16:32:07Z", "OBJECTID": 357728904 }, "geometry": { "type": "Point", "coordinates": [ -77.000036915542424, 38.986754874727524 ] } },
{ "type": "Feature", "properties": { "NAME": "Market St & St Francis St", "STATION_TYPE": "classic", "STATION_ID": "0136af02-2670-4042-b5cd-18b46c15c0c1", "STATION_STATUS": null, "LAST_REPORTED": "2026-06-22T16:30:16Z", "NUM_DOCKS_AVAILABLE": 5, "NUM_DOCKS_DISABLED": 0, "NUM_BIKES_AVAILABLE": 7, "NUM_EBIKES_AVAILABLE": 0, "NUM_BIKES_DISABLED": 0, "IS_INSTALLED": "YES", "IS_RETURNING": "YES", "IS_RENTING": "YES", "HAS_KIOSK": "YES", "IOS": "https://dc.lft.to/lastmile_qr_scan", "ANDROID": "https://dc.lft.to/lastmile_qr_scan", "ELECTRIC_BIKE_SURCHARGE_WAIVER": "NO", "EIGHTD_HAS_KEY_DISPENSER": "NO", "CAPACITY": 12, "RENTAL_METHODS": "KEY,CREDITCARD", "REGION_ID": "104", "REGION_NAME": "Fairfax, VA", "GIS_ID": null, "LATITUDE": 38.95866, "LONGITUDE": -77.361516, "GIS_LAST_MOD_DTTM": "2026-06-22T16:32:07Z", "OBJECTID": 357728905 }, "geometry": { "type": "Point", "coordinates": [ -77.361513484901351, 38.958666814025747 ] } },
{ "type": "Feature", "properties": { "NAME": "W&OD Trail/Sunset Hills Rd & Isaac Newton Sq", "STATION_TYPE": "classic", "STATION_ID": "08263fbd-1f3f-11e7-bf6b-3863bb334450", "STATION_STATUS": null, "LAST_REPORTED": "2026-06-22T16:30:14Z", "NUM_DOCKS_AVAILABLE": 18, "NUM_DOCKS_DISABLED": 0, "NUM_BIKES_AVAILABLE": 1, "NUM_EBIKES_AVAILABLE": 0, "NUM_BIKES_DISABLED": 0, "IS_INSTALLED": "YES", "IS_RETURNING": "YES", "IS_RENTING": "YES", "HAS_KIOSK": "YES", "IOS": "https://dc.lft.to/lastmile_qr_scan", "ANDROID": "https://dc.lft.to/lastmile_qr_scan", "ELECTRIC_BIKE_SURCHARGE_WAIVER": "NO", "EIGHTD_HAS_KEY_DISPENSER": "NO", "CAPACITY": 19, "RENTAL_METHODS": "KEY,CREDITCARD", "REGION_ID": "104", "REGION_NAME": "Fairfax, VA", "GIS_ID": null, "LATITUDE": 38.951419, "LONGITUDE": -77.340281, "GIS_LAST_MOD_DTTM": "2026-06-22T16:32:07Z", "OBJECTID": 357728906 }, "geometry": { "type": "Point", "coordinates": [ -77.340284027247748, 38.951424772018129 ] } },
{ "type": "Feature", "properties": { "NAME": "14th & Otis Pl NW", "STATION_TYPE": "classic", "STATION_ID": "2a43f4e2-4102-482e-8879-245cf7555c6b", "STATION_STATUS": null, "LAST_REPORTED": "2026-06-22T16:30:14Z", "NUM_DOCKS_AVAILABLE": 24, "NUM_DOCKS_DISABLED": 0, "NUM_BIKES_AVAILABLE": 0, "NUM_EBIKES_AVAILABLE": 0, "NUM_BIKES_DISABLED": 2, "IS_INSTALLED": "YES", "IS_RETURNING": "YES", "IS_RENTING": "YES", "HAS_KIOSK": "YES", "IOS": "https://dc.lft.to/lastmile_qr_scan", "ANDROID": "https://dc.lft.to/lastmile_qr_scan", "ELECTRIC_BIKE_SURCHARGE_WAIVER": "NO", "EIGHTD_HAS_KEY_DISPENSER": "NO", "CAPACITY": 27, "RENTAL_METHODS": "KEY,CREDITCARD", "REGION_ID": "42", "REGION_NAME": "Washington, DC", "GIS_ID": null, "LATITUDE": 38.934405, "LONGITUDE": -77.032687, "GIS_LAST_MOD_DTTM": "2026-06-22T16:32:07Z", "OBJECTID": 357728907 }, "geometry": { "type": "Point", "coordinates": [ -77.032688959772784, 38.934412328710692 ] } },
{ "type": "Feature", "properties": { "NAME": "Fenton St & New York Ave ", "STATION_TYPE": "classic", "STATION_ID": "08257325-1f3f-11e7-bf6b-3863bb334450", "STATION_STATUS": null, "LAST_REPORTED": "2026-06-22T16:30:15Z", "NUM_DOCKS_AVAILABLE": 2, "NUM_DOCKS_DISABLED": 0, "NUM_BIKES_AVAILABLE": 10, "NUM_EBIKES_AVAILABLE": 10, "NUM_BIKES_DISABLED": 3, "IS_INSTALLED": "YES", "IS_RETURNING": "YES", "IS_RENTING": "YES", "HAS_KIOSK": "YES", "IOS": "https://dc.lft.to/lastmile_qr_scan", "ANDROID": "https://dc.lft.to/lastmile_qr_scan", "ELECTRIC_BIKE_SURCHARGE_WAIVER": "NO", "EIGHTD_HAS_KEY_DISPENSER": "NO", "CAPACITY": 15, "RENTAL_METHODS": "KEY,CREDITCARD", "REGION_ID": "44", "REGION_NAME": "Montgomery County, MD (South)", "GIS_ID": null, "LATITUDE": 38.985404, "LONGITUDE": -77.023082, "GIS_LAST_MOD_DTTM": "2026-06-22T16:32:07Z", "OBJECTID": 357728908 }, "geometry": { "type": "Point", "coordinates": [ -77.023086318526097, 38.985410372501647 ] } },
{ "type": "Feature", "properties": { "NAME": "Pentagon City Metro / 12th St & S Hayes St", "STATION_TYPE": "classic", "STATION_ID": "08246df5-1f3f-11e7-bf6b-3863bb334450", "STATION_STATUS": null, "LAST_REPORTED": "2026-06-22T16:30:26Z", "NUM_DOCKS_AVAILABLE": 12, "NUM_DOCKS_DISABLED": 0, "NUM_BIKES_AVAILABLE": 7, "NUM_EBIKES_AVAILABLE": 3, "NUM_BIKES_DISABLED": 0, "IS_INSTALLED": "YES", "IS_RETURNING": "YES", "IS_RENTING": "YES", "HAS_KIOSK": "YES", "IOS": "https://dc.lft.to/lastmile_qr_scan", "ANDROID": "https://dc.lft.to/lastmile_qr_scan", "ELECTRIC_BIKE_SURCHARGE_WAIVER": "NO", "EIGHTD_HAS_KEY_DISPENSER": "NO", "CAPACITY": 19, "RENTAL_METHODS": "KEY,CREDITCARD", "REGION_ID": "41", "REGION_NAME": "Arlington, VA", "GIS_ID": null, "LATITUDE": 38.862303, "LONGITUDE": -77.059936, "GIS_LAST_MOD_DTTM": "2026-06-22T16:32:07Z", "OBJECTID": 357728909 }, "geometry": { "type": "Point", "coordinates": [ -77.059940286372907, 38.862307590348834 ] } },
{ "type": "Feature", "properties": { "NAME": "Heritage Dr & Rectory Dr", "STATION_TYPE": "classic", "STATION_ID": "2220536962770042194", "STATION_STATUS": null, "LAST_REPORTED": "2026-06-22T16:30:27Z", "NUM_DOCKS_AVAILABLE": 11, "NUM_DOCKS_DISABLED": 0, "NUM_BIKES_AVAILABLE": 0, "NUM_EBIKES_AVAILABLE": 0, "NUM_BIKES_DISABLED": 0, "IS_INSTALLED": "YES", "IS_RETURNING": "YES", "IS_RENTING": "YES", "HAS_KIOSK": "YES", "IOS": "https://dc.lft.to/lastmile_qr_scan", "ANDROID": "https://dc.lft.to/lastmile_qr_scan", "ELECTRIC_BIKE_SURCHARGE_WAIVER": "NO", "EIGHTD_HAS_KEY_DISPENSER": "NO", "CAPACITY": 11, "RENTAL_METHODS": "KEY,CREDITCARD", "REGION_ID": "104", "REGION_NAME": "Fairfax, VA", "GIS_ID": null, "LATITUDE": 38.824773, "LONGITUDE": -77.213063, "GIS_LAST_MOD_DTTM": "2026-06-22T16:32:07Z", "OBJECTID": 357728910 }, "geometry": { "type": "Point", "coordinates": [ -77.213060948019873, 38.824779457793937 ] } },
{ "type": "Feature", "properties": { "NAME": "The Mall at Prince Georges", "STATION_TYPE": "classic", "STATION_ID": "d34d2639-ee43-4892-818f-f01116813744", "STATION_STATUS": null, "LAST_REPORTED": "2026-06-22T16:30:53Z", "NUM_DOCKS_AVAILABLE": 14, "NUM_DOCKS_DISABLED": 0, "NUM_BIKES_AVAILABLE": 3, "NUM_EBIKES_AVAILABLE": 2, "NUM_BIKES_DISABLED": 0, "IS_INSTALLED": "YES", "IS_RETURNING": "YES", "IS_RENTING": "YES", "HAS_KIOSK": "YES", "IOS": "https://dc.lft.to/lastmile_qr_scan", "ANDROID": "https://dc.lft.to/lastmile_qr_scan", "ELECTRIC_BIKE_SURCHARGE_WAIVER": "NO", "EIGHTD_HAS_KEY_DISPENSER": "NO", "CAPACITY": 17, "RENTAL_METHODS": "KEY,CREDITCARD", "REGION_ID": "133", "REGION_NAME": "Prince George's County", "GIS_ID": null, "LATITUDE": 38.968842, "LONGITUDE": -76.954171, "GIS_LAST_MOD_DTTM": "2026-06-22T16:32:07Z", "OBJECTID": 357728911 }, "geometry": { "type": "Point", "coordinates": [ -76.954168058766896, 38.968846548152364 ] } },
{ "type": "Feature", "properties": { "NAME": "Reston Town Center Metro South", "STATION_TYPE": "classic", "STATION_ID": "5dfab137-f65a-41c0-99ef-d58f29a735b2", "STATION_STATUS": null, "LAST_REPORTED": "2026-06-22T16:30:55Z", "NUM_DOCKS_AVAILABLE": 16, "NUM_DOCKS_DISABLED": 0, "NUM_BIKES_AVAILABLE": 3, "NUM_EBIKES_AVAILABLE": 0, "NUM_BIKES_DISABLED": 0, "IS_INSTALLED": "YES", "IS_RETURNING": "YES", "IS_RENTING": "YES", "HAS_KIOSK": "YES", "IOS": "https://dc.lft.to/lastmile_qr_scan", "ANDROID": "https://dc.lft.to/lastmile_qr_scan", "ELECTRIC_BIKE_SURCHARGE_WAIVER": "NO", "EIGHTD_HAS_KEY_DISPENSER": "NO", "CAPACITY": 19, "RENTAL_METHODS": "KEY,CREDITCARD", "REGION_ID": "104", "REGION_NAME": "Fairfax, VA", "GIS_ID": null, "LATITUDE": 38.9523, "LONGITUDE": -77.361466, "GIS_LAST_MOD_DTTM": "2026-06-22T16:32:07Z", "OBJECTID": 357728912 }, "geometry": { "type": "Point", "coordinates": [ -77.361469693540911, 38.952307063388773 ] } },
{ "type": "Feature", "properties": { "NAME": "Connecticut Ave & McKinley St NW", "STATION_TYPE": "classic", "STATION_ID": "0825fbd3-1f3f-11e7-bf6b-3863bb334450", "STATION_STATUS": null, "LAST_REPORTED": "2026-06-22T16:30:55Z", "NUM_DOCKS_AVAILABLE": 0, "NUM_DOCKS_DISABLED": 0, "NUM_BIKES_AVAILABLE": 18, "NUM_EBIKES_AVAILABLE": 5, "NUM_BIKES_DISABLED": 1, "IS_INSTALLED": "YES", "IS_RETURNING": "YES", "IS_RENTING": "YES", "HAS_KIOSK": "YES", "IOS": "https://dc.lft.to/lastmile_qr_scan", "ANDROID": "https://dc.lft.to/lastmile_qr_scan", "ELECTRIC_BIKE_SURCHARGE_WAIVER": "NO", "EIGHTD_HAS_KEY_DISPENSER": "NO", "CAPACITY": 19, "RENTAL_METHODS": "KEY,CREDITCARD", "REGION_ID": "42", "REGION_NAME": "Washington, DC", "GIS_ID": null, "LATITUDE": 38.964544, "LONGITUDE": -77.075135, "GIS_LAST_MOD_DTTM": "2026-06-22T16:32:07Z", "OBJECTID": 357728913 }, "geometry": { "type": "Point", "coordinates": [ -77.075141898971864, 38.964552466699395 ] } },
{ "type": "Feature", "properties": { "NAME": "D St & Maryland Ave NE", "STATION_TYPE": "classic", "STATION_ID": "0824a703-1f3f-11e7-bf6b-3863bb334450", "STATION_STATUS": null, "LAST_REPORTED": "2026-06-22T16:31:00Z", "NUM_DOCKS_AVAILABLE": 23, "NUM_DOCKS_DISABLED": 0, "NUM_BIKES_AVAILABLE": 0, "NUM_EBIKES_AVAILABLE": 0, "NUM_BIKES_DISABLED": 0, "IS_INSTALLED": "YES", "IS_RETURNING": "YES", "IS_RENTING": "YES", "HAS_KIOSK": "NO", "IOS": "https://dc.lft.to/lastmile_qr_scan", "ANDROID": "https://dc.lft.to/lastmile_qr_scan", "ELECTRIC_BIKE_SURCHARGE_WAIVER": "NO", "EIGHTD_HAS_KEY_DISPENSER": "NO", "CAPACITY": 24, "RENTAL_METHODS": "KEY,CREDITCARD", "REGION_ID": "42", "REGION_NAME": "Washington, DC", "GIS_ID": null, "LATITUDE": 38.894841, "LONGITUDE": -76.995916, "GIS_LAST_MOD_DTTM": "2026-06-22T16:32:07Z", "OBJECTID": 357728914 }, "geometry": { "type": "Point", "coordinates": [ -76.995921596609776, 38.894852216720807 ] } },
{ "type": "Feature", "properties": { "NAME": " Scotts Crossing Rd & Spring Gate Dr", "STATION_TYPE": "classic", "STATION_ID": "2070121870129475816", "STATION_STATUS": null, "LAST_REPORTED": "2026-06-22T16:30:58Z", "NUM_DOCKS_AVAILABLE": 3, "NUM_DOCKS_DISABLED": 0, "NUM_BIKES_AVAILABLE": 8, "NUM_EBIKES_AVAILABLE": 0, "NUM_BIKES_DISABLED": 0, "IS_INSTALLED": "YES", "IS_RETURNING": "YES", "IS_RENTING": "YES", "HAS_KIOSK": "YES", "IOS": "https://dc.lft.to/lastmile_qr_scan", "ANDROID": "https://dc.lft.to/lastmile_qr_scan", "ELECTRIC_BIKE_SURCHARGE_WAIVER": "NO", "EIGHTD_HAS_KEY_DISPENSER": "NO", "CAPACITY": 11, "RENTAL_METHODS": "KEY,CREDITCARD", "REGION_ID": "104", "REGION_NAME": "Fairfax, VA", "GIS_ID": null, "LATITUDE": 38.927018, "LONGITUDE": -77.211094, "GIS_LAST_MOD_DTTM": "2026-06-22T16:32:07Z", "OBJECTID": 357728915 }, "geometry": { "type": "Point", "coordinates": [ -77.211094540391016, 38.927028612657686 ] } },
{ "type": "Feature", "properties": { "NAME": "Commerce St & Fayette St", "STATION_TYPE": "classic", "STATION_ID": "08253b95-1f3f-11e7-bf6b-3863bb334450", "STATION_STATUS": null, "LAST_REPORTED": "2026-06-22T16:30:58Z", "NUM_DOCKS_AVAILABLE": 5, "NUM_DOCKS_DISABLED": 0, "NUM_BIKES_AVAILABLE": 10, "NUM_EBIKES_AVAILABLE": 0, "NUM_BIKES_DISABLED": 0, "IS_INSTALLED": "YES", "IS_RETURNING": "YES", "IS_RENTING": "YES", "HAS_KIOSK": "YES", "IOS": "https://dc.lft.to/lastmile_qr_scan", "ANDROID": "https://dc.lft.to/lastmile_qr_scan", "ELECTRIC_BIKE_SURCHARGE_WAIVER": "NO", "EIGHTD_HAS_KEY_DISPENSER": "NO", "CAPACITY": 15, "RENTAL_METHODS": "KEY,CREDITCARD", "REGION_ID": "40", "REGION_NAME": "Alexandria, VA", "GIS_ID": null, "LATITUDE": 38.80563, "LONGITUDE": -77.052925, "GIS_LAST_MOD_DTTM": "2026-06-22T16:32:07Z", "OBJECTID": 357728916 }, "geometry": { "type": "Point", "coordinates": [ -77.052927385355218, 38.80563874565231 ] } },
{ "type": "Feature", "properties": { "NAME": "Martha Custis Dr & Lyons Ln", "STATION_TYPE": "classic", "STATION_ID": "2077910615087598254", "STATION_STATUS": null, "LAST_REPORTED": "2026-06-22T16:30:59Z", "NUM_DOCKS_AVAILABLE": 9, "NUM_DOCKS_DISABLED": 0, "NUM_BIKES_AVAILABLE": 6, "NUM_EBIKES_AVAILABLE": 3, "NUM_BIKES_DISABLED": 0, "IS_INSTALLED": "YES", "IS_RETURNING": "YES", "IS_RENTING": "YES", "HAS_KIOSK": "YES", "IOS": "https://dc.lft.to/lastmile_qr_scan", "ANDROID": "https://dc.lft.to/lastmile_qr_scan", "ELECTRIC_BIKE_SURCHARGE_WAIVER": "NO", "EIGHTD_HAS_KEY_DISPENSER": "NO", "CAPACITY": 15, "RENTAL_METHODS": "KEY,CREDITCARD", "REGION_ID": "40", "REGION_NAME": "Alexandria, VA", "GIS_ID": null, "LATITUDE": 38.841871, "LONGITUDE": -77.082124, "GIS_LAST_MOD_DTTM": "2026-06-22T16:32:07Z", "OBJECTID": 357728917 }, "geometry": { "type": "Point", "coordinates": [ -77.082131409283051, 38.841880968613168 ] } },
{ "type": "Feature", "properties": { "NAME": "19th St N & Ft Myer Dr", "STATION_TYPE": "classic", "STATION_ID": "0824ea2c-1f3f-11e7-bf6b-3863bb334450", "STATION_STATUS": null, "LAST_REPORTED": "2026-06-22T16:30:59Z", "NUM_DOCKS_AVAILABLE": 2, "NUM_DOCKS_DISABLED": 0, "NUM_BIKES_AVAILABLE": 12, "NUM_EBIKES_AVAILABLE": 3, "NUM_BIKES_DISABLED": 2, "IS_INSTALLED": "YES", "IS_RETURNING": "YES", "IS_RENTING": "YES", "HAS_KIOSK": "YES", "IOS": "https://dc.lft.to/lastmile_qr_scan", "ANDROID": "https://dc.lft.to/lastmile_qr_scan", "ELECTRIC_BIKE_SURCHARGE_WAIVER": "NO", "EIGHTD_HAS_KEY_DISPENSER": "NO", "CAPACITY": 15, "RENTAL_METHODS": "KEY,CREDITCARD", "REGION_ID": "41", "REGION_NAME": "Arlington, VA", "GIS_ID": null, "LATITUDE": 38.897218, "LONGITUDE": -77.072143, "GIS_LAST_MOD_DTTM": "2026-06-22T16:32:07Z", "OBJECTID": 357728918 }, "geometry": { "type": "Point", "coordinates": [ -77.072142931141698, 38.897226235799828 ] } },
{ "type": "Feature", "properties": { "NAME": "Wheaton Metro / Georgia Ave & Reedie Dr", "STATION_TYPE": "classic", "STATION_ID": "08265124-1f3f-11e7-bf6b-3863bb334450", "STATION_STATUS": null, "LAST_REPORTED": "2026-06-22T16:30:54Z", "NUM_DOCKS_AVAILABLE": 19, "NUM_DOCKS_DISABLED": 0, "NUM_BIKES_AVAILABLE": 0, "NUM_EBIKES_AVAILABLE": 0, "NUM_BIKES_DISABLED": 0, "IS_INSTALLED": "YES", "IS_RETURNING": "YES", "IS_RENTING": "YES", "HAS_KIOSK": "YES", "IOS": "https://dc.lft.to/lastmile_qr_scan", "ANDROID": "https://dc.lft.to/lastmile_qr_scan", "ELECTRIC_BIKE_SURCHARGE_WAIVER": "NO", "EIGHTD_HAS_KEY_DISPENSER": "NO", "CAPACITY": 19, "RENTAL_METHODS": "KEY,CREDITCARD", "REGION_ID": "44", "REGION_NAME": "Montgomery County, MD (South)", "GIS_ID": null, "LATITUDE": 39.038424, "LONGITUDE": -77.05102, "GIS_LAST_MOD_DTTM": "2026-06-22T16:32:07Z", "OBJECTID": 357728919 }, "geometry": { "type": "Point", "coordinates": [ -77.051021342015247, 39.038432581561082 ] } },
{ "type": "Feature", "properties": { "NAME": "Mount Vernon Ave & Four Mile Run Park", "STATION_TYPE": "classic", "STATION_ID": "08262494-1f3f-11e7-bf6b-3863bb334450", "STATION_STATUS": null, "LAST_REPORTED": "2026-06-22T16:29:55Z", "NUM_DOCKS_AVAILABLE": 11, "NUM_DOCKS_DISABLED": 0, "NUM_BIKES_AVAILABLE": 4, "NUM_EBIKES_AVAILABLE": 0, "NUM_BIKES_DISABLED": 0, "IS_INSTALLED": "YES", "IS_RETURNING": "YES", "IS_RENTING": "YES", "HAS_KIOSK": "YES", "IOS": "https://dc.lft.to/lastmile_qr_scan", "ANDROID": "https://dc.lft.to/lastmile_qr_scan", "ELECTRIC_BIKE_SURCHARGE_WAIVER": "NO", "EIGHTD_HAS_KEY_DISPENSER": "NO", "CAPACITY": 15, "RENTAL_METHODS": "KEY,CREDITCARD", "REGION_ID": "40", "REGION_NAME": "Alexandria, VA", "GIS_ID": null, "LATITUDE": 38.843422, "LONGITUDE": -77.064016, "GIS_LAST_MOD_DTTM": "2026-06-22T16:32:07Z", "OBJECTID": 357728920 }, "geometry": { "type": "Point", "coordinates": [ -77.064013706105911, 38.84343275581611 ] } },
{ "type": "Feature", "properties": { "NAME": "Georgetown Harbor / 30th St NW", "STATION_TYPE": "classic", "STATION_ID": "08249be7-1f3f-11e7-bf6b-3863bb334450", "STATION_STATUS": null, "LAST_REPORTED": "2026-06-22T16:30:52Z", "NUM_DOCKS_AVAILABLE": 4, "NUM_DOCKS_DISABLED": 0, "NUM_BIKES_AVAILABLE": 15, "NUM_EBIKES_AVAILABLE": 5, "NUM_BIKES_DISABLED": 0, "IS_INSTALLED": "YES", "IS_RETURNING": "YES", "IS_RENTING": "YES", "HAS_KIOSK": "YES", "IOS": "https://dc.lft.to/lastmile_qr_scan", "ANDROID": "https://dc.lft.to/lastmile_qr_scan", "ELECTRIC_BIKE_SURCHARGE_WAIVER": "NO", "EIGHTD_HAS_KEY_DISPENSER": "NO", "CAPACITY": 19, "RENTAL_METHODS": "KEY,CREDITCARD", "REGION_ID": "42", "REGION_NAME": "Washington, DC", "GIS_ID": null, "LATITUDE": 38.902268, "LONGITUDE": -77.059117, "GIS_LAST_MOD_DTTM": "2026-06-22T16:32:07Z", "OBJECTID": 357728921 }, "geometry": { "type": "Point", "coordinates": [ -77.059120760719892, 38.902278235234931 ] } },
{ "type": "Feature", "properties": { "NAME": "Patriot Dr & Inverton Dr", "STATION_TYPE": "classic", "STATION_ID": "2220535726685720632", "STATION_STATUS": null, "LAST_REPORTED": "2026-06-22T16:30:55Z", "NUM_DOCKS_AVAILABLE": 4, "NUM_DOCKS_DISABLED": 0, "NUM_BIKES_AVAILABLE": 7, "NUM_EBIKES_AVAILABLE": 0, "NUM_BIKES_DISABLED": 0, "IS_INSTALLED": "YES", "IS_RETURNING": "YES", "IS_RENTING": "YES", "HAS_KIOSK": "YES", "IOS": "https://dc.lft.to/lastmile_qr_scan", "ANDROID": "https://dc.lft.to/lastmile_qr_scan", "ELECTRIC_BIKE_SURCHARGE_WAIVER": "NO", "EIGHTD_HAS_KEY_DISPENSER": "NO", "CAPACITY": 11, "RENTAL_METHODS": "KEY,CREDITCARD", "REGION_ID": "104", "REGION_NAME": "Fairfax, VA", "GIS_ID": null, "LATITUDE": 38.827052, "LONGITUDE": -77.216652, "GIS_LAST_MOD_DTTM": "2026-06-22T16:32:07Z", "OBJECTID": 357728922 }, "geometry": { "type": "Point", "coordinates": [ -77.216649372029039, 38.82706100947712 ] } },
{ "type": "Feature", "properties": { "NAME": "Main Line Blvd & E Glebe", "STATION_TYPE": "classic", "STATION_ID": "1b02c95b-63f9-41cd-8c0d-90334a29c7ce", "STATION_STATUS": null, "LAST_REPORTED": "2026-06-22T16:30:55Z", "NUM_DOCKS_AVAILABLE": 17, "NUM_DOCKS_DISABLED": 0, "NUM_BIKES_AVAILABLE": 2, "NUM_EBIKES_AVAILABLE": 0, "NUM_BIKES_DISABLED": 0, "IS_INSTALLED": "YES", "IS_RETURNING": "YES", "IS_RENTING": "YES", "HAS_KIOSK": "YES", "IOS": "https://dc.lft.to/lastmile_qr_scan", "ANDROID": "https://dc.lft.to/lastmile_qr_scan", "ELECTRIC_BIKE_SURCHARGE_WAIVER": "NO", "EIGHTD_HAS_KEY_DISPENSER": "NO", "CAPACITY": 19, "RENTAL_METHODS": "KEY,CREDITCARD", "REGION_ID": "40", "REGION_NAME": "Alexandria, VA", "GIS_ID": null, "LATITUDE": 38.832431, "LONGITUDE": -77.049772, "GIS_LAST_MOD_DTTM": "2026-06-22T16:32:07Z", "OBJECTID": 357728923 }, "geometry": { "type": "Point", "coordinates": [ -77.049779998202624, 38.832440368548255 ] } },
{ "type": "Feature", "properties": { "NAME": "11th & Clifton St NW", "STATION_TYPE": "classic", "STATION_ID": "5205f20c-ded8-4469-bafd-021bc7229295", "STATION_STATUS": null, "LAST_REPORTED": "2026-06-22T16:30:55Z", "NUM_DOCKS_AVAILABLE": 18, "NUM_DOCKS_DISABLED": 0, "NUM_BIKES_AVAILABLE": 0, "NUM_EBIKES_AVAILABLE": 0, "NUM_BIKES_DISABLED": 1, "IS_INSTALLED": "YES", "IS_RETURNING": "YES", "IS_RENTING": "YES", "HAS_KIOSK": "YES", "IOS": "https://dc.lft.to/lastmile_qr_scan", "ANDROID": "https://dc.lft.to/lastmile_qr_scan", "ELECTRIC_BIKE_SURCHARGE_WAIVER": "NO", "EIGHTD_HAS_KEY_DISPENSER": "NO", "CAPACITY": 19, "RENTAL_METHODS": "KEY,CREDITCARD", "REGION_ID": "42", "REGION_NAME": "Washington, DC", "GIS_ID": null, "LATITUDE": 38.922143, "LONGITUDE": -77.027122, "GIS_LAST_MOD_DTTM": "2026-06-22T16:32:07Z", "OBJECTID": 357728924 }, "geometry": { "type": "Point", "coordinates": [ -77.027125023485127, 38.922153437210063 ] } },
{ "type": "Feature", "properties": { "NAME": "Westbranch & Jones Branch Dr", "STATION_TYPE": "classic", "STATION_ID": "0d183ef3-5510-4afd-8e0d-8d240d119255", "STATION_STATUS": null, "LAST_REPORTED": "2026-06-22T16:31:11Z", "NUM_DOCKS_AVAILABLE": 0, "NUM_DOCKS_DISABLED": 0, "NUM_BIKES_AVAILABLE": 12, "NUM_EBIKES_AVAILABLE": 0, "NUM_BIKES_DISABLED": 0, "IS_INSTALLED": "YES", "IS_RETURNING": "YES", "IS_RENTING": "YES", "HAS_KIOSK": "YES", "IOS": "https://dc.lft.to/lastmile_qr_scan", "ANDROID": "https://dc.lft.to/lastmile_qr_scan", "ELECTRIC_BIKE_SURCHARGE_WAIVER": "NO", "EIGHTD_HAS_KEY_DISPENSER": "NO", "CAPACITY": 12, "RENTAL_METHODS": "KEY,CREDITCARD", "REGION_ID": "104", "REGION_NAME": "Fairfax, VA", "GIS_ID": null, "LATITUDE": 38.931089, "LONGITUDE": -77.220729, "GIS_LAST_MOD_DTTM": "2026-06-22T16:32:07Z", "OBJECTID": 357728925 }, "geometry": { "type": "Point", "coordinates": [ -77.220736864212157, 38.931100583921705 ] } },
{ "type": "Feature", "properties": { "NAME": "Huntington Ave & Farrington Ave ", "STATION_TYPE": "classic", "STATION_ID": "2116136033429721900", "STATION_STATUS": null, "LAST_REPORTED": "2026-06-22T16:31:08Z", "NUM_DOCKS_AVAILABLE": 0, "NUM_DOCKS_DISABLED": 0, "NUM_BIKES_AVAILABLE": 11, "NUM_EBIKES_AVAILABLE": 3, "NUM_BIKES_DISABLED": 0, "IS_INSTALLED": "YES", "IS_RETURNING": "YES", "IS_RENTING": "YES", "HAS_KIOSK": "YES", "IOS": "https://dc.lft.to/lastmile_qr_scan", "ANDROID": "https://dc.lft.to/lastmile_qr_scan", "ELECTRIC_BIKE_SURCHARGE_WAIVER": "NO", "EIGHTD_HAS_KEY_DISPENSER": "NO", "CAPACITY": 11, "RENTAL_METHODS": "KEY,CREDITCARD", "REGION_ID": "104", "REGION_NAME": "Fairfax, VA", "GIS_ID": null, "LATITUDE": 38.795064, "LONGITUDE": -77.072118, "GIS_LAST_MOD_DTTM": "2026-06-22T16:32:07Z", "OBJECTID": 357728926 }, "geometry": { "type": "Point", "coordinates": [ -77.072120346466349, 38.795070485532996 ] } },
{ "type": "Feature", "properties": { "NAME": "Georgia Ave & Piney Branch Rd NW", "STATION_TYPE": "classic", "STATION_ID": "08264097-1f3f-11e7-bf6b-3863bb334450", "STATION_STATUS": null, "LAST_REPORTED": "2026-06-22T16:31:08Z", "NUM_DOCKS_AVAILABLE": 7, "NUM_DOCKS_DISABLED": 0, "NUM_BIKES_AVAILABLE": 6, "NUM_EBIKES_AVAILABLE": 2, "NUM_BIKES_DISABLED": 1, "IS_INSTALLED": "YES", "IS_RETURNING": "YES", "IS_RENTING": "YES", "HAS_KIOSK": "YES", "IOS": "https://dc.lft.to/lastmile_qr_scan", "ANDROID": "https://dc.lft.to/lastmile_qr_scan", "ELECTRIC_BIKE_SURCHARGE_WAIVER": "NO", "EIGHTD_HAS_KEY_DISPENSER": "NO", "CAPACITY": 15, "RENTAL_METHODS": "KEY,CREDITCARD", "REGION_ID": "42", "REGION_NAME": "Washington, DC", "GIS_ID": null, "LATITUDE": 38.967505, "LONGITUDE": -77.027976, "GIS_LAST_MOD_DTTM": "2026-06-22T16:32:07Z", "OBJECTID": 357728927 }, "geometry": { "type": "Point", "coordinates": [ -77.027973104482911, 38.967509954195641 ] } },
{ "type": "Feature", "properties": { "NAME": "11th & M St NW", "STATION_TYPE": "classic", "STATION_ID": "0824de05-1f3f-11e7-bf6b-3863bb334450", "STATION_STATUS": null, "LAST_REPORTED": "2026-06-22T16:31:09Z", "NUM_DOCKS_AVAILABLE": 21, "NUM_DOCKS_DISABLED": 0, "NUM_BIKES_AVAILABLE": 2, "NUM_EBIKES_AVAILABLE": 1, "NUM_BIKES_DISABLED": 0, "IS_INSTALLED": "YES", "IS_RETURNING": "YES", "IS_RENTING": "YES", "HAS_KIOSK": "YES", "IOS": "https://dc.lft.to/lastmile_qr_scan", "ANDROID": "https://dc.lft.to/lastmile_qr_scan", "ELECTRIC_BIKE_SURCHARGE_WAIVER": "NO", "EIGHTD_HAS_KEY_DISPENSER": "NO", "CAPACITY": 23, "RENTAL_METHODS": "KEY,CREDITCARD", "REGION_ID": "42", "REGION_NAME": "Washington, DC", "GIS_ID": null, "LATITUDE": 38.905579, "LONGITUDE": -77.027313, "GIS_LAST_MOD_DTTM": "2026-06-22T16:32:07Z", "OBJECTID": 357728928 }, "geometry": { "type": "Point", "coordinates": [ -77.027314717802042, 38.905587059399728 ] } },
{ "type": "Feature", "properties": { "NAME": "Wiehle-Reston Metro North", "STATION_TYPE": "classic", "STATION_ID": "08263b08-1f3f-11e7-bf6b-3863bb334450", "STATION_STATUS": null, "LAST_REPORTED": "2026-06-22T16:31:09Z", "NUM_DOCKS_AVAILABLE": 18, "NUM_DOCKS_DISABLED": 0, "NUM_BIKES_AVAILABLE": 1, "NUM_EBIKES_AVAILABLE": 0, "NUM_BIKES_DISABLED": 0, "IS_INSTALLED": "YES", "IS_RETURNING": "YES", "IS_RENTING": "YES", "HAS_KIOSK": "YES", "IOS": "https://dc.lft.to/lastmile_qr_scan", "ANDROID": "https://dc.lft.to/lastmile_qr_scan", "ELECTRIC_BIKE_SURCHARGE_WAIVER": "NO", "EIGHTD_HAS_KEY_DISPENSER": "NO", "CAPACITY": 19, "RENTAL_METHODS": "KEY,CREDITCARD", "REGION_ID": "104", "REGION_NAME": "Fairfax, VA", "GIS_ID": null, "LATITUDE": 38.947971, "LONGITUDE": -77.337685, "GIS_LAST_MOD_DTTM": "2026-06-22T16:32:07Z", "OBJECTID": 357728929 }, "geometry": { "type": "Point", "coordinates": [ -77.337683521892316, 38.947982118800326 ] } },
{ "type": "Feature", "properties": { "NAME": "Old Georgetown Rd & Southwick St", "STATION_TYPE": "classic", "STATION_ID": "0825bce9-1f3f-11e7-bf6b-3863bb334450", "STATION_STATUS": null, "LAST_REPORTED": "2026-06-22T16:31:09Z", "NUM_DOCKS_AVAILABLE": 15, "NUM_DOCKS_DISABLED": 0, "NUM_BIKES_AVAILABLE": 4, "NUM_EBIKES_AVAILABLE": 3, "NUM_BIKES_DISABLED": 0, "IS_INSTALLED": "YES", "IS_RETURNING": "YES", "IS_RENTING": "YES", "HAS_KIOSK": "YES", "IOS": "https://dc.lft.to/lastmile_qr_scan", "ANDROID": "https://dc.lft.to/lastmile_qr_scan", "ELECTRIC_BIKE_SURCHARGE_WAIVER": "NO", "EIGHTD_HAS_KEY_DISPENSER": "NO", "CAPACITY": 19, "RENTAL_METHODS": "KEY,CREDITCARD", "REGION_ID": "44", "REGION_NAME": "Montgomery County, MD (South)", "GIS_ID": null, "LATITUDE": 38.999634, "LONGITUDE": -77.109647, "GIS_LAST_MOD_DTTM": "2026-06-22T16:32:07Z", "OBJECTID": 357728930 }, "geometry": { "type": "Point", "coordinates": [ -77.109650269899504, 38.999639259322585 ] } },
{ "type": "Feature", "properties": { "NAME": "Glade Dr & Pinecrest Rd/Cathy Hudgins Cmty Ctr", "STATION_TYPE": "classic", "STATION_ID": "9c8b35b2-fcab-4142-957d-5bb845374685", "STATION_STATUS": null, "LAST_REPORTED": "2026-06-22T16:31:10Z", "NUM_DOCKS_AVAILABLE": 3, "NUM_DOCKS_DISABLED": 0, "NUM_BIKES_AVAILABLE": 9, "NUM_EBIKES_AVAILABLE": 1, "NUM_BIKES_DISABLED": 0, "IS_INSTALLED": "YES", "IS_RETURNING": "YES", "IS_RENTING": "YES", "HAS_KIOSK": "YES", "IOS": "https://dc.lft.to/lastmile_qr_scan", "ANDROID": "https://dc.lft.to/lastmile_qr_scan", "ELECTRIC_BIKE_SURCHARGE_WAIVER": "NO", "EIGHTD_HAS_KEY_DISPENSER": "NO", "CAPACITY": 12, "RENTAL_METHODS": "KEY,CREDITCARD", "REGION_ID": "104", "REGION_NAME": "Fairfax, VA", "GIS_ID": null, "LATITUDE": 38.941496, "LONGITUDE": -77.366499, "GIS_LAST_MOD_DTTM": "2026-06-22T16:32:07Z", "OBJECTID": 357728931 }, "geometry": { "type": "Point", "coordinates": [ -77.366501829359564, 38.941499388020617 ] } },
{ "type": "Feature", "properties": { "NAME": "15th & W St NW", "STATION_TYPE": "classic", "STATION_ID": "08264250-1f3f-11e7-bf6b-3863bb334450", "STATION_STATUS": null, "LAST_REPORTED": "2026-06-22T16:31:10Z", "NUM_DOCKS_AVAILABLE": 16, "NUM_DOCKS_DISABLED": 0, "NUM_BIKES_AVAILABLE": 1, "NUM_EBIKES_AVAILABLE": 0, "NUM_BIKES_DISABLED": 1, "IS_INSTALLED": "YES", "IS_RETURNING": "YES", "IS_RENTING": "YES", "HAS_KIOSK": "YES", "IOS": "https://dc.lft.to/lastmile_qr_scan", "ANDROID": "https://dc.lft.to/lastmile_qr_scan", "ELECTRIC_BIKE_SURCHARGE_WAIVER": "NO", "EIGHTD_HAS_KEY_DISPENSER": "NO", "CAPACITY": 19, "RENTAL_METHODS": "KEY,CREDITCARD", "REGION_ID": "42", "REGION_NAME": "Washington, DC", "GIS_ID": null, "LATITUDE": 38.919019, "LONGITUDE": -77.034449, "GIS_LAST_MOD_DTTM": "2026-06-22T16:32:07Z", "OBJECTID": 357728932 }, "geometry": { "type": "Point", "coordinates": [ -77.034446191013615, 38.919025618887154 ] } },
{ "type": "Feature", "properties": { "NAME": "8th & K St NE", "STATION_TYPE": "classic", "STATION_ID": "3d88e01e-e071-4638-829c-543410cded50", "STATION_STATUS": null, "LAST_REPORTED": "2026-06-22T16:31:11Z", "NUM_DOCKS_AVAILABLE": 10, "NUM_DOCKS_DISABLED": 0, "NUM_BIKES_AVAILABLE": 5, "NUM_EBIKES_AVAILABLE": 0, "NUM_BIKES_DISABLED": 0, "IS_INSTALLED": "YES", "IS_RETURNING": "YES", "IS_RENTING": "YES", "HAS_KIOSK": "YES", "IOS": "https://dc.lft.to/lastmile_qr_scan", "ANDROID": "https://dc.lft.to/lastmile_qr_scan", "ELECTRIC_BIKE_SURCHARGE_WAIVER": "NO", "EIGHTD_HAS_KEY_DISPENSER": "NO", "CAPACITY": 15, "RENTAL_METHODS": "KEY,CREDITCARD", "REGION_ID": "42", "REGION_NAME": "Washington, DC", "GIS_ID": null, "LATITUDE": 38.902594, "LONGITUDE": -76.995141, "GIS_LAST_MOD_DTTM": "2026-06-22T16:32:07Z", "OBJECTID": 357728933 }, "geometry": { "type": "Point", "coordinates": [ -76.995148736667815, 38.902599378817861 ] } },
{ "type": "Feature", "properties": { "NAME": "South Dakota Ave & 33rd St NE", "STATION_TYPE": "classic", "STATION_ID": "115f58ec-eddc-40cf-a789-13517d5df2a4", "STATION_STATUS": null, "LAST_REPORTED": "2026-06-22T16:31:14Z", "NUM_DOCKS_AVAILABLE": 9, "NUM_DOCKS_DISABLED": 0, "NUM_BIKES_AVAILABLE": 6, "NUM_EBIKES_AVAILABLE": 1, "NUM_BIKES_DISABLED": 0, "IS_INSTALLED": "YES", "IS_RETURNING": "YES", "IS_RENTING": "YES", "HAS_KIOSK": "YES", "IOS": "https://dc.lft.to/lastmile_qr_scan", "ANDROID": "https://dc.lft.to/lastmile_qr_scan", "ELECTRIC_BIKE_SURCHARGE_WAIVER": "NO", "EIGHTD_HAS_KEY_DISPENSER": "NO", "CAPACITY": 15, "RENTAL_METHODS": "KEY,CREDITCARD", "REGION_ID": "42", "REGION_NAME": "Washington, DC", "GIS_ID": null, "LATITUDE": 38.921986, "LONGITUDE": -76.960696, "GIS_LAST_MOD_DTTM": "2026-06-22T16:32:07Z", "OBJECTID": 357728934 }, "geometry": { "type": "Point", "coordinates": [ -76.96070207584701, 38.921996837361185 ] } },
{ "type": "Feature", "properties": { "NAME": "Pennsylvania & Minnesota Ave SE", "STATION_TYPE": "classic", "STATION_ID": "082498ac-1f3f-11e7-bf6b-3863bb334450", "STATION_STATUS": null, "LAST_REPORTED": "2026-06-22T16:31:14Z", "NUM_DOCKS_AVAILABLE": 6, "NUM_DOCKS_DISABLED": 0, "NUM_BIKES_AVAILABLE": 5, "NUM_EBIKES_AVAILABLE": 1, "NUM_BIKES_DISABLED": 0, "IS_INSTALLED": "YES", "IS_RETURNING": "YES", "IS_RENTING": "YES", "HAS_KIOSK": "YES", "IOS": "https://dc.lft.to/lastmile_qr_scan", "ANDROID": "https://dc.lft.to/lastmile_qr_scan", "ELECTRIC_BIKE_SURCHARGE_WAIVER": "NO", "EIGHTD_HAS_KEY_DISPENSER": "NO", "CAPACITY": 11, "RENTAL_METHODS": "KEY,CREDITCARD", "REGION_ID": "42", "REGION_NAME": "Washington, DC", "GIS_ID": null, "LATITUDE": 38.873057, "LONGITUDE": -76.971015, "GIS_LAST_MOD_DTTM": "2026-06-22T16:32:07Z", "OBJECTID": 357728935 }, "geometry": { "type": "Point", "coordinates": [ -76.971019813343048, 38.873066415689586 ] } },
{ "type": "Feature", "properties": { "NAME": "27th St & Woodley Rd NW", "STATION_TYPE": "classic", "STATION_ID": "2149173059995523174", "STATION_STATUS": null, "LAST_REPORTED": "2026-06-22T16:31:14Z", "NUM_DOCKS_AVAILABLE": 16, "NUM_DOCKS_DISABLED": 0, "NUM_BIKES_AVAILABLE": 0, "NUM_EBIKES_AVAILABLE": 0, "NUM_BIKES_DISABLED": 0, "IS_INSTALLED": "YES", "IS_RETURNING": "YES", "IS_RENTING": "YES", "HAS_KIOSK": "NO", "IOS": "https://dc.lft.to/lastmile_qr_scan", "ANDROID": "https://dc.lft.to/lastmile_qr_scan", "ELECTRIC_BIKE_SURCHARGE_WAIVER": "NO", "EIGHTD_HAS_KEY_DISPENSER": "NO", "CAPACITY": 16, "RENTAL_METHODS": "KEY,CREDITCARD", "REGION_ID": "42", "REGION_NAME": "Washington, DC", "GIS_ID": null, "LATITUDE": 38.925764, "LONGITUDE": -77.055113, "GIS_LAST_MOD_DTTM": "2026-06-22T16:32:07Z", "OBJECTID": 357728936 }, "geometry": { "type": "Point", "coordinates": [ -77.055115446167193, 38.925773941572551 ] } },
{ "type": "Feature", "properties": { "NAME": "3rd & Underwood St NW", "STATION_TYPE": "classic", "STATION_ID": "0826540e-1f3f-11e7-bf6b-3863bb334450", "STATION_STATUS": null, "LAST_REPORTED": "2026-06-22T16:31:15Z", "NUM_DOCKS_AVAILABLE": 1, "NUM_DOCKS_DISABLED": 0, "NUM_BIKES_AVAILABLE": 17, "NUM_EBIKES_AVAILABLE": 2, "NUM_BIKES_DISABLED": 1, "IS_INSTALLED": "YES", "IS_RETURNING": "YES", "IS_RENTING": "YES", "HAS_KIOSK": "YES", "IOS": "https://dc.lft.to/lastmile_qr_scan", "ANDROID": "https://dc.lft.to/lastmile_qr_scan", "ELECTRIC_BIKE_SURCHARGE_WAIVER": "NO", "EIGHTD_HAS_KEY_DISPENSER": "NO", "CAPACITY": 19, "RENTAL_METHODS": "KEY,CREDITCARD", "REGION_ID": "42", "REGION_NAME": "Washington, DC", "GIS_ID": null, "LATITUDE": 38.968935, "LONGITUDE": -77.016263, "GIS_LAST_MOD_DTTM": "2026-06-22T16:32:07Z", "OBJECTID": 357728937 }, "geometry": { "type": "Point", "coordinates": [ -77.016261229093843, 38.968944480365842 ] } },
{ "type": "Feature", "properties": { "NAME": "Glen Carlyn Dr & Argyle Dr", "STATION_TYPE": "classic", "STATION_ID": "2217258284319476894", "STATION_STATUS": null, "LAST_REPORTED": "2026-06-22T16:30:58Z", "NUM_DOCKS_AVAILABLE": 3, "NUM_DOCKS_DISABLED": 0, "NUM_BIKES_AVAILABLE": 7, "NUM_EBIKES_AVAILABLE": 1, "NUM_BIKES_DISABLED": 1, "IS_INSTALLED": "YES", "IS_RETURNING": "YES", "IS_RENTING": "YES", "HAS_KIOSK": "YES", "IOS": "https://dc.lft.to/lastmile_qr_scan", "ANDROID": "https://dc.lft.to/lastmile_qr_scan", "ELECTRIC_BIKE_SURCHARGE_WAIVER": "NO", "EIGHTD_HAS_KEY_DISPENSER": "NO", "CAPACITY": 11, "RENTAL_METHODS": "KEY,CREDITCARD", "REGION_ID": "104", "REGION_NAME": "Fairfax, VA", "GIS_ID": null, "LATITUDE": 38.854512, "LONGITUDE": -77.139921, "GIS_LAST_MOD_DTTM": "2026-06-22T16:32:07Z", "OBJECTID": 357728938 }, "geometry": { "type": "Point", "coordinates": [ -77.139923056471829, 38.854518905321456 ] } },
{ "type": "Feature", "properties": { "NAME": "Wisconsin Ave & K St NW", "STATION_TYPE": "classic", "STATION_ID": "0824a623-1f3f-11e7-bf6b-3863bb334450", "STATION_STATUS": null, "LAST_REPORTED": "2026-06-22T16:31:05Z", "NUM_DOCKS_AVAILABLE": 11, "NUM_DOCKS_DISABLED": 0, "NUM_BIKES_AVAILABLE": 24, "NUM_EBIKES_AVAILABLE": 5, "NUM_BIKES_DISABLED": 0, "IS_INSTALLED": "YES", "IS_RETURNING": "YES", "IS_RENTING": "YES", "HAS_KIOSK": "YES", "IOS": "https://dc.lft.to/lastmile_qr_scan", "ANDROID": "https://dc.lft.to/lastmile_qr_scan", "ELECTRIC_BIKE_SURCHARGE_WAIVER": "NO", "EIGHTD_HAS_KEY_DISPENSER": "NO", "CAPACITY": 35, "RENTAL_METHODS": "KEY,CREDITCARD", "REGION_ID": "42", "REGION_NAME": "Washington, DC", "GIS_ID": null, "LATITUDE": 38.902801, "LONGITUDE": -77.062819, "GIS_LAST_MOD_DTTM": "2026-06-22T16:32:07Z", "OBJECTID": 357728939 }, "geometry": { "type": "Point", "coordinates": [ -77.062821896780576, 38.902807796719642 ] } },
{ "type": "Feature", "properties": { "NAME": "Crystal Dr & 20th St S", "STATION_TYPE": "classic", "STATION_ID": "08246c35-1f3f-11e7-bf6b-3863bb334450", "STATION_STATUS": null, "LAST_REPORTED": "2026-06-22T16:31:06Z", "NUM_DOCKS_AVAILABLE": 11, "NUM_DOCKS_DISABLED": 0, "NUM_BIKES_AVAILABLE": 6, "NUM_EBIKES_AVAILABLE": 4, "NUM_BIKES_DISABLED": 0, "IS_INSTALLED": "YES", "IS_RETURNING": "YES", "IS_RENTING": "YES", "HAS_KIOSK": "YES", "IOS": "https://dc.lft.to/lastmile_qr_scan", "ANDROID": "https://dc.lft.to/lastmile_qr_scan", "ELECTRIC_BIKE_SURCHARGE_WAIVER": "NO", "EIGHTD_HAS_KEY_DISPENSER": "NO", "CAPACITY": 17, "RENTAL_METHODS": "KEY,CREDITCARD", "REGION_ID": "41", "REGION_NAME": "Arlington, VA", "GIS_ID": null, "LATITUDE": 38.856425, "LONGITUDE": -77.049232, "GIS_LAST_MOD_DTTM": "2026-06-22T16:32:07Z", "OBJECTID": 357728940 }, "geometry": { "type": "Point", "coordinates": [ -77.049232192611726, 38.856430095147118 ] } },
{ "type": "Feature", "properties": { "NAME": "S George Mason Dr & S Four Mile Run Dr", "STATION_TYPE": "classic", "STATION_ID": "082566d7-1f3f-11e7-bf6b-3863bb334450", "STATION_STATUS": null, "LAST_REPORTED": "2026-06-22T16:31:06Z", "NUM_DOCKS_AVAILABLE": 8, "NUM_DOCKS_DISABLED": 0, "NUM_BIKES_AVAILABLE": 0, "NUM_EBIKES_AVAILABLE": 0, "NUM_BIKES_DISABLED": 0, "IS_INSTALLED": "YES", "IS_RETURNING": "YES", "IS_RENTING": "YES", "HAS_KIOSK": "NO", "IOS": "https://dc.lft.to/lastmile_qr_scan", "ANDROID": "https://dc.lft.to/lastmile_qr_scan", "ELECTRIC_BIKE_SURCHARGE_WAIVER": "NO", "EIGHTD_HAS_KEY_DISPENSER": "NO", "CAPACITY": 8, "RENTAL_METHODS": "KEY,CREDITCARD", "REGION_ID": "41", "REGION_NAME": "Arlington, VA", "GIS_ID": null, "LATITUDE": 38.852248, "LONGITUDE": -77.105022, "GIS_LAST_MOD_DTTM": "2026-06-22T16:32:07Z", "OBJECTID": 357728941 }, "geometry": { "type": "Point", "coordinates": [ -77.10502304476806, 38.852258365399813 ] } },
{ "type": "Feature", "properties": { "NAME": "Hardy Rec Center", "STATION_TYPE": "classic", "STATION_ID": "d8a01502-8d6c-449f-852d-d6b409e56e11", "STATION_STATUS": null, "LAST_REPORTED": "2026-06-22T16:31:02Z", "NUM_DOCKS_AVAILABLE": 2, "NUM_DOCKS_DISABLED": 0, "NUM_BIKES_AVAILABLE": 14, "NUM_EBIKES_AVAILABLE": 5, "NUM_BIKES_DISABLED": 1, "IS_INSTALLED": "YES", "IS_RETURNING": "YES", "IS_RENTING": "YES", "HAS_KIOSK": "YES", "IOS": "https://dc.lft.to/lastmile_qr_scan", "ANDROID": "https://dc.lft.to/lastmile_qr_scan", "ELECTRIC_BIKE_SURCHARGE_WAIVER": "NO", "EIGHTD_HAS_KEY_DISPENSER": "NO", "CAPACITY": 17, "RENTAL_METHODS": "KEY,CREDITCARD", "REGION_ID": "42", "REGION_NAME": "Washington, DC", "GIS_ID": null, "LATITUDE": 38.909701, "LONGITUDE": -77.085646, "GIS_LAST_MOD_DTTM": "2026-06-22T16:32:07Z", "OBJECTID": 357728942 }, "geometry": { "type": "Point", "coordinates": [ -77.085645390121769, 38.909711710067846 ] } },
{ "type": "Feature", "properties": { "NAME": " S Scott St & 12th St", "STATION_TYPE": "classic", "STATION_ID": "8d485a67-09d5-4550-8438-f1fa2f463bc2", "STATION_STATUS": null, "LAST_REPORTED": "2026-06-22T16:28:29Z", "NUM_DOCKS_AVAILABLE": 7, "NUM_DOCKS_DISABLED": 0, "NUM_BIKES_AVAILABLE": 1, "NUM_EBIKES_AVAILABLE": 0, "NUM_BIKES_DISABLED": 0, "IS_INSTALLED": "YES", "IS_RETURNING": "YES", "IS_RENTING": "YES", "HAS_KIOSK": "NO", "IOS": "https://dc.lft.to/lastmile_qr_scan", "ANDROID": "https://dc.lft.to/lastmile_qr_scan", "ELECTRIC_BIKE_SURCHARGE_WAIVER": "NO", "EIGHTD_HAS_KEY_DISPENSER": "NO", "CAPACITY": 8, "RENTAL_METHODS": "KEY,CREDITCARD", "REGION_ID": "41", "REGION_NAME": "Arlington, VA", "GIS_ID": null, "LATITUDE": 38.863531, "LONGITUDE": -77.07721, "GIS_LAST_MOD_DTTM": "2026-06-22T16:32:07Z", "OBJECTID": 357728943 }, "geometry": { "type": "Point", "coordinates": [ -77.077213263676498, 38.863540607371178 ] } },
{ "type": "Feature", "properties": { "NAME": "Fort Stanton Rec Center", "STATION_TYPE": "classic", "STATION_ID": "7641069c-42a6-4e3e-9769-7df51da6978d", "STATION_STATUS": null, "LAST_REPORTED": "2026-06-22T16:30:53Z", "NUM_DOCKS_AVAILABLE": 17, "NUM_DOCKS_DISABLED": 0, "NUM_BIKES_AVAILABLE": 2, "NUM_EBIKES_AVAILABLE": 1, "NUM_BIKES_DISABLED": 0, "IS_INSTALLED": "YES", "IS_RETURNING": "YES", "IS_RENTING": "YES", "HAS_KIOSK": "YES", "IOS": "https://dc.lft.to/lastmile_qr_scan", "ANDROID": "https://dc.lft.to/lastmile_qr_scan", "ELECTRIC_BIKE_SURCHARGE_WAIVER": "NO", "EIGHTD_HAS_KEY_DISPENSER": "NO", "CAPACITY": 19, "RENTAL_METHODS": "KEY,CREDITCARD", "REGION_ID": "42", "REGION_NAME": "Washington, DC", "GIS_ID": null, "LATITUDE": 38.857369, "LONGITUDE": -76.977688, "GIS_LAST_MOD_DTTM": "2026-06-22T16:32:07Z", "OBJECTID": 357728944 }, "geometry": { "type": "Point", "coordinates": [ -76.977685501626254, 38.857375220600041 ] } },
{ "type": "Feature", "properties": { "NAME": "17th St & New York Ave NW", "STATION_TYPE": "classic", "STATION_ID": "47ea64ba-00cd-4762-a90c-240244d1e4c8", "STATION_STATUS": null, "LAST_REPORTED": "2026-06-22T16:31:04Z", "NUM_DOCKS_AVAILABLE": 4, "NUM_DOCKS_DISABLED": 0, "NUM_BIKES_AVAILABLE": 11, "NUM_EBIKES_AVAILABLE": 7, "NUM_BIKES_DISABLED": 0, "IS_INSTALLED": "YES", "IS_RETURNING": "YES", "IS_RENTING": "YES", "HAS_KIOSK": "YES", "IOS": "https://dc.lft.to/lastmile_qr_scan", "ANDROID": "https://dc.lft.to/lastmile_qr_scan", "ELECTRIC_BIKE_SURCHARGE_WAIVER": "NO", "EIGHTD_HAS_KEY_DISPENSER": "NO", "CAPACITY": 15, "RENTAL_METHODS": "KEY,CREDITCARD", "REGION_ID": "42", "REGION_NAME": "Washington, DC", "GIS_ID": null, "LATITUDE": 38.896604, "LONGITUDE": -77.039778, "GIS_LAST_MOD_DTTM": "2026-06-22T16:32:07Z", "OBJECTID": 357728945 }, "geometry": { "type": "Point", "coordinates": [ -77.03978419622679, 38.896611152551948 ] } },
{ "type": "Feature", "properties": { "NAME": "Georgia Ave & Emerson St NW", "STATION_TYPE": "classic", "STATION_ID": "082548ce-1f3f-11e7-bf6b-3863bb334450", "STATION_STATUS": null, "LAST_REPORTED": "2026-06-22T16:30:59Z", "NUM_DOCKS_AVAILABLE": 9, "NUM_DOCKS_DISABLED": 0, "NUM_BIKES_AVAILABLE": 5, "NUM_EBIKES_AVAILABLE": 3, "NUM_BIKES_DISABLED": 1, "IS_INSTALLED": "YES", "IS_RETURNING": "YES", "IS_RENTING": "YES", "HAS_KIOSK": "NO", "IOS": "https://dc.lft.to/lastmile_qr_scan", "ANDROID": "https://dc.lft.to/lastmile_qr_scan", "ELECTRIC_BIKE_SURCHARGE_WAIVER": "NO", "EIGHTD_HAS_KEY_DISPENSER": "NO", "CAPACITY": 15, "RENTAL_METHODS": "KEY,CREDITCARD", "REGION_ID": "42", "REGION_NAME": "Washington, DC", "GIS_ID": null, "LATITUDE": 38.949662, "LONGITUDE": -77.027333, "GIS_LAST_MOD_DTTM": "2026-06-22T16:32:07Z", "OBJECTID": 357728946 }, "geometry": { "type": "Point", "coordinates": [ -77.027331612146043, 38.949673748306353 ] } },
{ "type": "Feature", "properties": { "NAME": "Van Ness Metro / UDC", "STATION_TYPE": "classic", "STATION_ID": "082495aa-1f3f-11e7-bf6b-3863bb334450", "STATION_STATUS": null, "LAST_REPORTED": "2026-06-22T16:31:00Z", "NUM_DOCKS_AVAILABLE": 7, "NUM_DOCKS_DISABLED": 0, "NUM_BIKES_AVAILABLE": 5, "NUM_EBIKES_AVAILABLE": 2, "NUM_BIKES_DISABLED": 3, "IS_INSTALLED": "YES", "IS_RETURNING": "YES", "IS_RENTING": "YES", "HAS_KIOSK": "YES", "IOS": "https://dc.lft.to/lastmile_qr_scan", "ANDROID": "https://dc.lft.to/lastmile_qr_scan", "ELECTRIC_BIKE_SURCHARGE_WAIVER": "NO", "EIGHTD_HAS_KEY_DISPENSER": "NO", "CAPACITY": 15, "RENTAL_METHODS": "KEY,CREDITCARD", "REGION_ID": "42", "REGION_NAME": "Washington, DC", "GIS_ID": null, "LATITUDE": 38.944551, "LONGITUDE": -77.063896, "GIS_LAST_MOD_DTTM": "2026-06-22T16:32:07Z", "OBJECTID": 357728947 }, "geometry": { "type": "Point", "coordinates": [ -77.063896877867464, 38.944560792283262 ] } },
{ "type": "Feature", "properties": { "NAME": "N Pershing Dr & N Wayne St", "STATION_TYPE": "classic", "STATION_ID": "0825697c-1f3f-11e7-bf6b-3863bb334450", "STATION_STATUS": null, "LAST_REPORTED": "2026-06-22T16:30:36Z", "NUM_DOCKS_AVAILABLE": 9, "NUM_DOCKS_DISABLED": 0, "NUM_BIKES_AVAILABLE": 0, "NUM_EBIKES_AVAILABLE": 0, "NUM_BIKES_DISABLED": 0, "IS_INSTALLED": "YES", "IS_RETURNING": "YES", "IS_RENTING": "YES", "HAS_KIOSK": "NO", "IOS": "https://dc.lft.to/lastmile_qr_scan", "ANDROID": "https://dc.lft.to/lastmile_qr_scan", "ELECTRIC_BIKE_SURCHARGE_WAIVER": "NO", "EIGHTD_HAS_KEY_DISPENSER": "NO", "CAPACITY": 9, "RENTAL_METHODS": "KEY,CREDITCARD", "REGION_ID": "41", "REGION_NAME": "Arlington, VA", "GIS_ID": null, "LATITUDE": 38.880705, "LONGITUDE": -77.08596, "GIS_LAST_MOD_DTTM": "2026-06-22T16:32:07Z", "OBJECTID": 357728948 }, "geometry": { "type": "Point", "coordinates": [ -77.085967860694154, 38.880713524149421 ] } },
{ "type": "Feature", "properties": { "NAME": "8th & O St NW", "STATION_TYPE": "classic", "STATION_ID": "08260549-1f3f-11e7-bf6b-3863bb334450", "STATION_STATUS": null, "LAST_REPORTED": "2026-06-22T16:31:05Z", "NUM_DOCKS_AVAILABLE": 27, "NUM_DOCKS_DISABLED": 1, "NUM_BIKES_AVAILABLE": 0, "NUM_EBIKES_AVAILABLE": 0, "NUM_BIKES_DISABLED": 0, "IS_INSTALLED": "YES", "IS_RETURNING": "YES", "IS_RENTING": "YES", "HAS_KIOSK": "NO", "IOS": "https://dc.lft.to/lastmile_qr_scan", "ANDROID": "https://dc.lft.to/lastmile_qr_scan", "ELECTRIC_BIKE_SURCHARGE_WAIVER": "NO", "EIGHTD_HAS_KEY_DISPENSER": "NO", "CAPACITY": 28, "RENTAL_METHODS": "KEY,CREDITCARD", "REGION_ID": "42", "REGION_NAME": "Washington, DC", "GIS_ID": null, "LATITUDE": 38.90864, "LONGITUDE": -77.02277, "GIS_LAST_MOD_DTTM": "2026-06-22T16:32:07Z", "OBJECTID": 357728949 }, "geometry": { "type": "Point", "coordinates": [ -77.022773231233259, 38.90865087164368 ] } },
{ "type": "Feature", "properties": { "NAME": "Merrifield Cinema & Merrifield Town Center", "STATION_TYPE": "classic", "STATION_ID": "65c9578a-8bda-4908-b626-06371c09338b", "STATION_STATUS": null, "LAST_REPORTED": "2026-06-22T16:31:05Z", "NUM_DOCKS_AVAILABLE": 3, "NUM_DOCKS_DISABLED": 0, "NUM_BIKES_AVAILABLE": 12, "NUM_EBIKES_AVAILABLE": 1, "NUM_BIKES_DISABLED": 0, "IS_INSTALLED": "YES", "IS_RETURNING": "YES", "IS_RENTING": "YES", "HAS_KIOSK": "YES", "IOS": "https://dc.lft.to/lastmile_qr_scan", "ANDROID": "https://dc.lft.to/lastmile_qr_scan", "ELECTRIC_BIKE_SURCHARGE_WAIVER": "NO", "EIGHTD_HAS_KEY_DISPENSER": "NO", "CAPACITY": 15, "RENTAL_METHODS": "KEY,CREDITCARD", "REGION_ID": "104", "REGION_NAME": "Fairfax, VA", "GIS_ID": null, "LATITUDE": 38.870093, "LONGITUDE": -77.22997, "GIS_LAST_MOD_DTTM": "2026-06-22T16:32:07Z", "OBJECTID": 357728950 }, "geometry": { "type": "Point", "coordinates": [ -77.229974339362059, 38.8701049973848 ] } },
{ "type": "Feature", "properties": { "NAME": "Vy Reston Heights", "STATION_TYPE": "classic", "STATION_ID": "84223eb6-9964-4bd7-85f0-2b6a316c3ba1", "STATION_STATUS": null, "LAST_REPORTED": "2026-06-22T16:31:02Z", "NUM_DOCKS_AVAILABLE": 5, "NUM_DOCKS_DISABLED": 0, "NUM_BIKES_AVAILABLE": 5, "NUM_EBIKES_AVAILABLE": 0, "NUM_BIKES_DISABLED": 1, "IS_INSTALLED": "YES", "IS_RETURNING": "YES", "IS_RENTING": "YES", "HAS_KIOSK": "YES", "IOS": "https://dc.lft.to/lastmile_qr_scan", "ANDROID": "https://dc.lft.to/lastmile_qr_scan", "ELECTRIC_BIKE_SURCHARGE_WAIVER": "NO", "EIGHTD_HAS_KEY_DISPENSER": "NO", "CAPACITY": 11, "RENTAL_METHODS": "KEY,CREDITCARD", "REGION_ID": "104", "REGION_NAME": "Fairfax, VA", "GIS_ID": null, "LATITUDE": 38.949008, "LONGITUDE": -77.355299, "GIS_LAST_MOD_DTTM": "2026-06-22T16:32:07Z", "OBJECTID": 357728951 }, "geometry": { "type": "Point", "coordinates": [ -77.355304224176365, 38.949019901711544 ] } },
{ "type": "Feature", "properties": { "NAME": "Little River Turnpike & Annandale Rd", "STATION_TYPE": "classic", "STATION_ID": "2222639935169595492", "STATION_STATUS": null, "LAST_REPORTED": "2026-06-22T16:31:02Z", "NUM_DOCKS_AVAILABLE": 11, "NUM_DOCKS_DISABLED": 0, "NUM_BIKES_AVAILABLE": 0, "NUM_EBIKES_AVAILABLE": 0, "NUM_BIKES_DISABLED": 0, "IS_INSTALLED": "YES", "IS_RETURNING": "YES", "IS_RENTING": "YES", "HAS_KIOSK": "YES", "IOS": "https://dc.lft.to/lastmile_qr_scan", "ANDROID": "https://dc.lft.to/lastmile_qr_scan", "ELECTRIC_BIKE_SURCHARGE_WAIVER": "NO", "EIGHTD_HAS_KEY_DISPENSER": "NO", "CAPACITY": 11, "RENTAL_METHODS": "KEY,CREDITCARD", "REGION_ID": "104", "REGION_NAME": "Fairfax, VA", "GIS_ID": null, "LATITUDE": 38.830762, "LONGITUDE": -77.196579, "GIS_LAST_MOD_DTTM": "2026-06-22T16:32:07Z", "OBJECTID": 357728952 }, "geometry": { "type": "Point", "coordinates": [ -77.196586417249051, 38.830771993953782 ] } },
{ "type": "Feature", "properties": { "NAME": "Jones Branch Dr & Blyton St", "STATION_TYPE": "classic", "STATION_ID": "50a19df9-344a-49e6-aeab-f244d9a333c8", "STATION_STATUS": null, "LAST_REPORTED": "2026-06-22T16:31:00Z", "NUM_DOCKS_AVAILABLE": 1, "NUM_DOCKS_DISABLED": 0, "NUM_BIKES_AVAILABLE": 11, "NUM_EBIKES_AVAILABLE": 2, "NUM_BIKES_DISABLED": 0, "IS_INSTALLED": "YES", "IS_RETURNING": "YES", "IS_RENTING": "YES", "HAS_KIOSK": "YES", "IOS": "https://dc.lft.to/lastmile_qr_scan", "ANDROID": "https://dc.lft.to/lastmile_qr_scan", "ELECTRIC_BIKE_SURCHARGE_WAIVER": "NO", "EIGHTD_HAS_KEY_DISPENSER": "NO", "CAPACITY": 12, "RENTAL_METHODS": "KEY,CREDITCARD", "REGION_ID": "104", "REGION_NAME": "Fairfax, VA", "GIS_ID": null, "LATITUDE": 38.926973, "LONGITUDE": -77.217376, "GIS_LAST_MOD_DTTM": "2026-06-22T16:32:07Z", "OBJECTID": 357728953 }, "geometry": { "type": "Point", "coordinates": [ -77.217379660572178, 38.92698105763818 ] } },
{ "type": "Feature", "properties": { "NAME": "3rd St & Riggs Rd NE", "STATION_TYPE": "classic", "STATION_ID": "08264325-1f3f-11e7-bf6b-3863bb334450", "STATION_STATUS": null, "LAST_REPORTED": "2026-06-22T16:31:13Z", "NUM_DOCKS_AVAILABLE": 6, "NUM_DOCKS_DISABLED": 1, "NUM_BIKES_AVAILABLE": 6, "NUM_EBIKES_AVAILABLE": 2, "NUM_BIKES_DISABLED": 2, "IS_INSTALLED": "YES", "IS_RETURNING": "YES", "IS_RENTING": "YES", "HAS_KIOSK": "YES", "IOS": "https://dc.lft.to/lastmile_qr_scan", "ANDROID": "https://dc.lft.to/lastmile_qr_scan", "ELECTRIC_BIKE_SURCHARGE_WAIVER": "NO", "EIGHTD_HAS_KEY_DISPENSER": "NO", "CAPACITY": 15, "RENTAL_METHODS": "KEY,CREDITCARD", "REGION_ID": "42", "REGION_NAME": "Washington, DC", "GIS_ID": null, "LATITUDE": 38.957463, "LONGITUDE": -77.002239, "GIS_LAST_MOD_DTTM": "2026-06-22T16:32:07Z", "OBJECTID": 357728954 }, "geometry": { "type": "Point", "coordinates": [ -77.002240560134354, 38.957469075691641 ] } },
{ "type": "Feature", "properties": { "NAME": "Harvard St & Adams Mill Rd NW", "STATION_TYPE": "classic", "STATION_ID": "0824a53f-1f3f-11e7-bf6b-3863bb334450", "STATION_STATUS": null, "LAST_REPORTED": "2026-06-22T16:31:13Z", "NUM_DOCKS_AVAILABLE": 11, "NUM_DOCKS_DISABLED": 0, "NUM_BIKES_AVAILABLE": 4, "NUM_EBIKES_AVAILABLE": 0, "NUM_BIKES_DISABLED": 0, "IS_INSTALLED": "YES", "IS_RETURNING": "YES", "IS_RENTING": "YES", "HAS_KIOSK": "YES", "IOS": "https://dc.lft.to/lastmile_qr_scan", "ANDROID": "https://dc.lft.to/lastmile_qr_scan", "ELECTRIC_BIKE_SURCHARGE_WAIVER": "NO", "EIGHTD_HAS_KEY_DISPENSER": "NO", "CAPACITY": 15, "RENTAL_METHODS": "KEY,CREDITCARD", "REGION_ID": "42", "REGION_NAME": "Washington, DC", "GIS_ID": null, "LATITUDE": 38.927872, "LONGITUDE": -77.043358, "GIS_LAST_MOD_DTTM": "2026-06-22T16:32:07Z", "OBJECTID": 357728955 }, "geometry": { "type": "Point", "coordinates": [ -77.043365247144436, 38.927877830452999 ] } },
{ "type": "Feature", "properties": { "NAME": "Oxon Hill Park & Ride", "STATION_TYPE": "classic", "STATION_ID": "ccd82461-11b7-4553-b70b-6cb7e5e4f8c2", "STATION_STATUS": null, "LAST_REPORTED": "2026-06-22T16:31:13Z", "NUM_DOCKS_AVAILABLE": 14, "NUM_DOCKS_DISABLED": 0, "NUM_BIKES_AVAILABLE": 0, "NUM_EBIKES_AVAILABLE": 0, "NUM_BIKES_DISABLED": 0, "IS_INSTALLED": "YES", "IS_RETURNING": "YES", "IS_RENTING": "YES", "HAS_KIOSK": "YES", "IOS": "https://dc.lft.to/lastmile_qr_scan", "ANDROID": "https://dc.lft.to/lastmile_qr_scan", "ELECTRIC_BIKE_SURCHARGE_WAIVER": "NO", "EIGHTD_HAS_KEY_DISPENSER": "NO", "CAPACITY": 15, "RENTAL_METHODS": "KEY,CREDITCARD", "REGION_ID": "133", "REGION_NAME": "Prince George's County", "GIS_ID": null, "LATITUDE": 38.798749, "LONGITUDE": -77.00103, "GIS_LAST_MOD_DTTM": "2026-06-22T16:32:07Z", "OBJECTID": 357728956 }, "geometry": { "type": "Point", "coordinates": [ -77.001026832674171, 38.798759241254871 ] } },
{ "type": "Feature", "properties": { "NAME": "Briggs Chaney Park & Ride", "STATION_TYPE": "classic", "STATION_ID": "ac598bfa-89c4-4229-a397-a6279b4cd536", "STATION_STATUS": null, "LAST_REPORTED": "2026-06-22T16:31:13Z", "NUM_DOCKS_AVAILABLE": 19, "NUM_DOCKS_DISABLED": 1, "NUM_BIKES_AVAILABLE": 3, "NUM_EBIKES_AVAILABLE": 0, "NUM_BIKES_DISABLED": 0, "IS_INSTALLED": "YES", "IS_RETURNING": "YES", "IS_RENTING": "YES", "HAS_KIOSK": "YES", "IOS": "https://dc.lft.to/lastmile_qr_scan", "ANDROID": "https://dc.lft.to/lastmile_qr_scan", "ELECTRIC_BIKE_SURCHARGE_WAIVER": "NO", "EIGHTD_HAS_KEY_DISPENSER": "NO", "CAPACITY": 23, "RENTAL_METHODS": "KEY,CREDITCARD", "REGION_ID": "44", "REGION_NAME": "Montgomery County, MD (South)", "GIS_ID": null, "LATITUDE": 39.077875, "LONGITUDE": -76.941867, "GIS_LAST_MOD_DTTM": "2026-06-22T16:32:07Z", "OBJECTID": 357728957 }, "geometry": { "type": "Point", "coordinates": [ -76.941870505166861, 39.077884626542392 ] } },
{ "type": "Feature", "properties": { "NAME": "4th St & Jefferson Dr SW", "STATION_TYPE": "classic", "STATION_ID": "2228919713068843676", "STATION_STATUS": null, "LAST_REPORTED": "2026-06-22T16:31:14Z", "NUM_DOCKS_AVAILABLE": 30, "NUM_DOCKS_DISABLED": 0, "NUM_BIKES_AVAILABLE": 1, "NUM_EBIKES_AVAILABLE": 0, "NUM_BIKES_DISABLED": 0, "IS_INSTALLED": "YES", "IS_RETURNING": "YES", "IS_RENTING": "YES", "HAS_KIOSK": "NO", "IOS": "https://dc.lft.to/lastmile_qr_scan", "ANDROID": "https://dc.lft.to/lastmile_qr_scan", "ELECTRIC_BIKE_SURCHARGE_WAIVER": "NO", "EIGHTD_HAS_KEY_DISPENSER": "NO", "CAPACITY": 31, "RENTAL_METHODS": "KEY,CREDITCARD", "REGION_ID": "42", "REGION_NAME": "Washington, DC", "GIS_ID": null, "LATITUDE": 38.888674, "LONGITUDE": -77.017445, "GIS_LAST_MOD_DTTM": "2026-06-22T16:32:07Z", "OBJECTID": 357728958 }, "geometry": { "type": "Point", "coordinates": [ -77.017441674874334, 38.888680249481638 ] } },
{ "type": "Feature", "properties": { "NAME": "14th & L St NW", "STATION_TYPE": "classic", "STATION_ID": "08261977-1f3f-11e7-bf6b-3863bb334450", "STATION_STATUS": null, "LAST_REPORTED": "2026-06-22T16:31:18Z", "NUM_DOCKS_AVAILABLE": 11, "NUM_DOCKS_DISABLED": 0, "NUM_BIKES_AVAILABLE": 7, "NUM_EBIKES_AVAILABLE": 6, "NUM_BIKES_DISABLED": 0, "IS_INSTALLED": "YES", "IS_RETURNING": "YES", "IS_RENTING": "YES", "HAS_KIOSK": "YES", "IOS": "https://dc.lft.to/lastmile_qr_scan", "ANDROID": "https://dc.lft.to/lastmile_qr_scan", "ELECTRIC_BIKE_SURCHARGE_WAIVER": "NO", "EIGHTD_HAS_KEY_DISPENSER": "NO", "CAPACITY": 19, "RENTAL_METHODS": "KEY,CREDITCARD", "REGION_ID": "42", "REGION_NAME": "Washington, DC", "GIS_ID": null, "LATITUDE": 38.903658, "LONGITUDE": -77.031737, "GIS_LAST_MOD_DTTM": "2026-06-22T16:32:07Z", "OBJECTID": 357728959 }, "geometry": { "type": "Point", "coordinates": [ -77.031741037323059, 38.903667161371651 ] } },
{ "type": "Feature", "properties": { "NAME": "MLK & Marion Barry Ave SE", "STATION_TYPE": "classic", "STATION_ID": "0824821f-1f3f-11e7-bf6b-3863bb334450", "STATION_STATUS": null, "LAST_REPORTED": "2026-06-22T16:31:17Z", "NUM_DOCKS_AVAILABLE": 8, "NUM_DOCKS_DISABLED": 0, "NUM_BIKES_AVAILABLE": 2, "NUM_EBIKES_AVAILABLE": 0, "NUM_BIKES_DISABLED": 0, "IS_INSTALLED": "YES", "IS_RETURNING": "YES", "IS_RENTING": "YES", "HAS_KIOSK": "YES", "IOS": "https://dc.lft.to/lastmile_qr_scan", "ANDROID": "https://dc.lft.to/lastmile_qr_scan", "ELECTRIC_BIKE_SURCHARGE_WAIVER": "NO", "EIGHTD_HAS_KEY_DISPENSER": "NO", "CAPACITY": 11, "RENTAL_METHODS": "KEY,CREDITCARD", "REGION_ID": "42", "REGION_NAME": "Washington, DC", "GIS_ID": null, "LATITUDE": 38.867373, "LONGITUDE": -76.988039, "GIS_LAST_MOD_DTTM": "2026-06-22T16:32:07Z", "OBJECTID": 357728960 }, "geometry": { "type": "Point", "coordinates": [ -76.988041483507629, 38.867385094053596 ] } },
{ "type": "Feature", "properties": { "NAME": "Potomac Greens Dr & Carpenter Rd", "STATION_TYPE": "classic", "STATION_ID": "2085689446619777748", "STATION_STATUS": null, "LAST_REPORTED": "2026-06-22T16:30:30Z", "NUM_DOCKS_AVAILABLE": 7, "NUM_DOCKS_DISABLED": 0, "NUM_BIKES_AVAILABLE": 8, "NUM_EBIKES_AVAILABLE": 4, "NUM_BIKES_DISABLED": 0, "IS_INSTALLED": "YES", "IS_RETURNING": "YES", "IS_RENTING": "YES", "HAS_KIOSK": "YES", "IOS": "https://dc.lft.to/lastmile_qr_scan", "ANDROID": "https://dc.lft.to/lastmile_qr_scan", "ELECTRIC_BIKE_SURCHARGE_WAIVER": "NO", "EIGHTD_HAS_KEY_DISPENSER": "NO", "CAPACITY": 15, "RENTAL_METHODS": "KEY,CREDITCARD", "REGION_ID": "40", "REGION_NAME": "Alexandria, VA", "GIS_ID": null, "LATITUDE": 38.831052, "LONGITUDE": -77.046121, "GIS_LAST_MOD_DTTM": "2026-06-22T16:32:07Z", "OBJECTID": 357728961 }, "geometry": { "type": "Point", "coordinates": [ -77.046128128097294, 38.831063573905283 ] } },
{ "type": "Feature", "properties": { "NAME": "Eisenhower Ave & Ike Dr", "STATION_TYPE": "classic", "STATION_ID": "b8ba3b0d-9efa-4093-8baa-bb3e7d384c46", "STATION_STATUS": null, "LAST_REPORTED": "2026-06-22T16:31:18Z", "NUM_DOCKS_AVAILABLE": 12, "NUM_DOCKS_DISABLED": 0, "NUM_BIKES_AVAILABLE": 3, "NUM_EBIKES_AVAILABLE": 0, "NUM_BIKES_DISABLED": 0, "IS_INSTALLED": "YES", "IS_RETURNING": "YES", "IS_RENTING": "YES", "HAS_KIOSK": "YES", "IOS": "https://dc.lft.to/lastmile_qr_scan", "ANDROID": "https://dc.lft.to/lastmile_qr_scan", "ELECTRIC_BIKE_SURCHARGE_WAIVER": "NO", "EIGHTD_HAS_KEY_DISPENSER": "NO", "CAPACITY": 15, "RENTAL_METHODS": "KEY,CREDITCARD", "REGION_ID": "40", "REGION_NAME": "Alexandria, VA", "GIS_ID": null, "LATITUDE": 38.802738, "LONGITUDE": -77.082463, "GIS_LAST_MOD_DTTM": "2026-06-22T16:32:07Z", "OBJECTID": 357728962 }, "geometry": { "type": "Point", "coordinates": [ -77.082466326718276, 38.802747891656395 ] } },
{ "type": "Feature", "properties": { "NAME": "Little River Turnpike & Medford Dr", "STATION_TYPE": "classic", "STATION_ID": "2222640197162600562", "STATION_STATUS": null, "LAST_REPORTED": "2026-06-22T16:31:18Z", "NUM_DOCKS_AVAILABLE": 1, "NUM_DOCKS_DISABLED": 0, "NUM_BIKES_AVAILABLE": 7, "NUM_EBIKES_AVAILABLE": 0, "NUM_BIKES_DISABLED": 1, "IS_INSTALLED": "YES", "IS_RETURNING": "YES", "IS_RENTING": "YES", "HAS_KIOSK": "YES", "IOS": "https://dc.lft.to/lastmile_qr_scan", "ANDROID": "https://dc.lft.to/lastmile_qr_scan", "ELECTRIC_BIKE_SURCHARGE_WAIVER": "NO", "EIGHTD_HAS_KEY_DISPENSER": "NO", "CAPACITY": 11, "RENTAL_METHODS": "KEY,CREDITCARD", "REGION_ID": "104", "REGION_NAME": "Fairfax, VA", "GIS_ID": null, "LATITUDE": 38.831418, "LONGITUDE": -77.202811, "GIS_LAST_MOD_DTTM": "2026-06-22T16:32:07Z", "OBJECTID": 357728963 }, "geometry": { "type": "Point", "coordinates": [ -77.202819002308146, 38.831427957223234 ] } },
{ "type": "Feature", "properties": { "NAME": "24th & N St NW", "STATION_TYPE": "classic", "STATION_ID": "08253e02-1f3f-11e7-bf6b-3863bb334450", "STATION_STATUS": null, "LAST_REPORTED": "2026-06-22T16:30:37Z", "NUM_DOCKS_AVAILABLE": 5, "NUM_DOCKS_DISABLED": 0, "NUM_BIKES_AVAILABLE": 10, "NUM_EBIKES_AVAILABLE": 4, "NUM_BIKES_DISABLED": 1, "IS_INSTALLED": "YES", "IS_RETURNING": "YES", "IS_RENTING": "YES", "HAS_KIOSK": "NO", "IOS": "https://dc.lft.to/lastmile_qr_scan", "ANDROID": "https://dc.lft.to/lastmile_qr_scan", "ELECTRIC_BIKE_SURCHARGE_WAIVER": "NO", "EIGHTD_HAS_KEY_DISPENSER": "NO", "CAPACITY": 16, "RENTAL_METHODS": "KEY,CREDITCARD", "REGION_ID": "42", "REGION_NAME": "Washington, DC", "GIS_ID": null, "LATITUDE": 38.9066, "LONGITUDE": -77.05152, "GIS_LAST_MOD_DTTM": "2026-06-22T16:32:07Z", "OBJECTID": 357728964 }, "geometry": { "type": "Point", "coordinates": [ -77.051526562220289, 38.906605841770379 ] } },
{ "type": "Feature", "properties": { "NAME": "4th & E St SW", "STATION_TYPE": "classic", "STATION_ID": "082513a4-1f3f-11e7-bf6b-3863bb334450", "STATION_STATUS": null, "LAST_REPORTED": "2026-06-22T16:31:06Z", "NUM_DOCKS_AVAILABLE": 6, "NUM_DOCKS_DISABLED": 0, "NUM_BIKES_AVAILABLE": 16, "NUM_EBIKES_AVAILABLE": 2, "NUM_BIKES_DISABLED": 1, "IS_INSTALLED": "YES", "IS_RETURNING": "YES", "IS_RENTING": "YES", "HAS_KIOSK": "YES", "IOS": "https://dc.lft.to/lastmile_qr_scan", "ANDROID": "https://dc.lft.to/lastmile_qr_scan", "ELECTRIC_BIKE_SURCHARGE_WAIVER": "NO", "EIGHTD_HAS_KEY_DISPENSER": "NO", "CAPACITY": 23, "RENTAL_METHODS": "KEY,CREDITCARD", "REGION_ID": "42", "REGION_NAME": "Washington, DC", "GIS_ID": null, "LATITUDE": 38.88412, "LONGITUDE": -77.017445, "GIS_LAST_MOD_DTTM": "2026-06-22T16:32:07Z", "OBJECTID": 357728965 }, "geometry": { "type": "Point", "coordinates": [ -77.017452088313732, 38.884131014947933 ] } },
{ "type": "Feature", "properties": { "NAME": "4th St & Mississippi Ave SE", "STATION_TYPE": "classic", "STATION_ID": "8083cb0d-c3a4-417e-b46e-afe6cf1a7e67", "STATION_STATUS": null, "LAST_REPORTED": "2026-06-22T16:29:19Z", "NUM_DOCKS_AVAILABLE": 14, "NUM_DOCKS_DISABLED": 0, "NUM_BIKES_AVAILABLE": 5, "NUM_EBIKES_AVAILABLE": 0, "NUM_BIKES_DISABLED": 0, "IS_INSTALLED": "YES", "IS_RETURNING": "YES", "IS_RENTING": "YES", "HAS_KIOSK": "YES", "IOS": "https://dc.lft.to/lastmile_qr_scan", "ANDROID": "https://dc.lft.to/lastmile_qr_scan", "ELECTRIC_BIKE_SURCHARGE_WAIVER": "NO", "EIGHTD_HAS_KEY_DISPENSER": "NO", "CAPACITY": 19, "RENTAL_METHODS": "KEY,CREDITCARD", "REGION_ID": "42", "REGION_NAME": "Washington, DC", "GIS_ID": null, "LATITUDE": 38.836, "LONGITUDE": -77.0009, "GIS_LAST_MOD_DTTM": "2026-06-22T16:32:07Z", "OBJECTID": 357728966 }, "geometry": { "type": "Point", "coordinates": [ -77.000900672964875, 38.836009323899297 ] } },
{ "type": "Feature", "properties": { "NAME": "Crabbs Branch Avenue & Gramercy Blvd", "STATION_TYPE": "classic", "STATION_ID": "2069782102977517916", "STATION_STATUS": null, "LAST_REPORTED": "2026-06-22T16:29:21Z", "NUM_DOCKS_AVAILABLE": 10, "NUM_DOCKS_DISABLED": 0, "NUM_BIKES_AVAILABLE": 1, "NUM_EBIKES_AVAILABLE": 0, "NUM_BIKES_DISABLED": 0, "IS_INSTALLED": "YES", "IS_RETURNING": "YES", "IS_RENTING": "YES", "HAS_KIOSK": "YES", "IOS": "https://dc.lft.to/lastmile_qr_scan", "ANDROID": "https://dc.lft.to/lastmile_qr_scan", "ELECTRIC_BIKE_SURCHARGE_WAIVER": "NO", "EIGHTD_HAS_KEY_DISPENSER": "NO", "CAPACITY": 11, "RENTAL_METHODS": "KEY,CREDITCARD", "REGION_ID": "43", "REGION_NAME": "Montgomery County, MD (North)", "GIS_ID": null, "LATITUDE": 39.124921, "LONGITUDE": -77.164467, "GIS_LAST_MOD_DTTM": "2026-06-22T16:32:07Z", "OBJECTID": 357728967 }, "geometry": { "type": "Point", "coordinates": [ -77.164475002462865, 39.124931400684311 ] } },
{ "type": "Feature", "properties": { "NAME": "Columbia Pike & Carlin Springs Rd South", "STATION_TYPE": "classic", "STATION_ID": "2215552945549158522", "STATION_STATUS": null, "LAST_REPORTED": "2026-06-22T16:30:26Z", "NUM_DOCKS_AVAILABLE": 9, "NUM_DOCKS_DISABLED": 0, "NUM_BIKES_AVAILABLE": 1, "NUM_EBIKES_AVAILABLE": 1, "NUM_BIKES_DISABLED": 1, "IS_INSTALLED": "YES", "IS_RETURNING": "YES", "IS_RENTING": "YES", "HAS_KIOSK": "YES", "IOS": "https://dc.lft.to/lastmile_qr_scan", "ANDROID": "https://dc.lft.to/lastmile_qr_scan", "ELECTRIC_BIKE_SURCHARGE_WAIVER": "NO", "EIGHTD_HAS_KEY_DISPENSER": "NO", "CAPACITY": 11, "RENTAL_METHODS": "KEY,CREDITCARD", "REGION_ID": "104", "REGION_NAME": "Fairfax, VA", "GIS_ID": null, "LATITUDE": 38.851757, "LONGITUDE": -77.122402, "GIS_LAST_MOD_DTTM": "2026-06-22T16:32:07Z", "OBJECTID": 357728968 }, "geometry": { "type": "Point", "coordinates": [ -77.12240662232692, 38.851763985214212 ] } },
{ "type": "Feature", "properties": { "NAME": "Ward Circle / American University", "STATION_TYPE": "classic", "STATION_ID": "082496d9-1f3f-11e7-bf6b-3863bb334450", "STATION_STATUS": null, "LAST_REPORTED": "2026-06-22T16:30:33Z", "NUM_DOCKS_AVAILABLE": 10, "NUM_DOCKS_DISABLED": 0, "NUM_BIKES_AVAILABLE": 5, "NUM_EBIKES_AVAILABLE": 1, "NUM_BIKES_DISABLED": 0, "IS_INSTALLED": "YES", "IS_RETURNING": "YES", "IS_RENTING": "YES", "HAS_KIOSK": "YES", "IOS": "https://dc.lft.to/lastmile_qr_scan", "ANDROID": "https://dc.lft.to/lastmile_qr_scan", "ELECTRIC_BIKE_SURCHARGE_WAIVER": "NO", "EIGHTD_HAS_KEY_DISPENSER": "NO", "CAPACITY": 15, "RENTAL_METHODS": "KEY,CREDITCARD", "REGION_ID": "42", "REGION_NAME": "Washington, DC", "GIS_ID": null, "LATITUDE": 38.938736, "LONGITUDE": -77.087171, "GIS_LAST_MOD_DTTM": "2026-06-22T16:32:07Z", "OBJECTID": 357728969 }, "geometry": { "type": "Point", "coordinates": [ -77.087168213147322, 38.938744413430975 ] } },
{ "type": "Feature", "properties": { "NAME": "6th & H St NE", "STATION_TYPE": "classic", "STATION_ID": "0824bc70-1f3f-11e7-bf6b-3863bb334450", "STATION_STATUS": null, "LAST_REPORTED": "2026-06-22T16:30:12Z", "NUM_DOCKS_AVAILABLE": 15, "NUM_DOCKS_DISABLED": 0, "NUM_BIKES_AVAILABLE": 7, "NUM_EBIKES_AVAILABLE": 1, "NUM_BIKES_DISABLED": 1, "IS_INSTALLED": "YES", "IS_RETURNING": "YES", "IS_RENTING": "YES", "HAS_KIOSK": "YES", "IOS": "https://dc.lft.to/lastmile_qr_scan", "ANDROID": "https://dc.lft.to/lastmile_qr_scan", "ELECTRIC_BIKE_SURCHARGE_WAIVER": "NO", "EIGHTD_HAS_KEY_DISPENSER": "NO", "CAPACITY": 23, "RENTAL_METHODS": "KEY,CREDITCARD", "REGION_ID": "42", "REGION_NAME": "Washington, DC", "GIS_ID": null, "LATITUDE": 38.899972, "LONGITUDE": -76.998347, "GIS_LAST_MOD_DTTM": "2026-06-22T16:32:07Z", "OBJECTID": 357728970 }, "geometry": { "type": "Point", "coordinates": [ -76.998353752134207, 38.899978035646356 ] } },
{ "type": "Feature", "properties": { "NAME": "Anacostia Metro", "STATION_TYPE": "classic", "STATION_ID": "08248172-1f3f-11e7-bf6b-3863bb334450", "STATION_STATUS": null, "LAST_REPORTED": "2026-06-22T16:30:58Z", "NUM_DOCKS_AVAILABLE": 8, "NUM_DOCKS_DISABLED": 0, "NUM_BIKES_AVAILABLE": 8, "NUM_EBIKES_AVAILABLE": 2, "NUM_BIKES_DISABLED": 0, "IS_INSTALLED": "YES", "IS_RETURNING": "YES", "IS_RENTING": "YES", "HAS_KIOSK": "YES", "IOS": "https://dc.lft.to/lastmile_qr_scan", "ANDROID": "https://dc.lft.to/lastmile_qr_scan", "ELECTRIC_BIKE_SURCHARGE_WAIVER": "NO", "EIGHTD_HAS_KEY_DISPENSER": "NO", "CAPACITY": 17, "RENTAL_METHODS": "KEY,CREDITCARD", "REGION_ID": "42", "REGION_NAME": "Washington, DC", "GIS_ID": null, "LATITUDE": 38.862487, "LONGITUDE": -76.99489, "GIS_LAST_MOD_DTTM": "2026-06-22T16:32:07Z", "OBJECTID": 357728971 }, "geometry": { "type": "Point", "coordinates": [ -76.994897974496212, 38.862494025367752 ] } },
{ "type": "Feature", "properties": { "NAME": "14th & D St NW / John A Wilson Building", "STATION_TYPE": "classic", "STATION_ID": "0824c69b-1f3f-11e7-bf6b-3863bb334450", "STATION_STATUS": null, "LAST_REPORTED": "2026-06-22T16:31:16Z", "NUM_DOCKS_AVAILABLE": 3, "NUM_DOCKS_DISABLED": 0, "NUM_BIKES_AVAILABLE": 35, "NUM_EBIKES_AVAILABLE": 12, "NUM_BIKES_DISABLED": 3, "IS_INSTALLED": "YES", "IS_RETURNING": "YES", "IS_RENTING": "YES", "HAS_KIOSK": "YES", "IOS": "https://dc.lft.to/lastmile_qr_scan", "ANDROID": "https://dc.lft.to/lastmile_qr_scan", "ELECTRIC_BIKE_SURCHARGE_WAIVER": "NO", "EIGHTD_HAS_KEY_DISPENSER": "NO", "CAPACITY": 41, "RENTAL_METHODS": "KEY,CREDITCARD", "REGION_ID": "42", "REGION_NAME": "Washington, DC", "GIS_ID": null, "LATITUDE": 38.894514, "LONGITUDE": -77.031617, "GIS_LAST_MOD_DTTM": "2026-06-22T16:32:07Z", "OBJECTID": 357728972 }, "geometry": { "type": "Point", "coordinates": [ -77.031621695793604, 38.894523706020131 ] } },
{ "type": "Feature", "properties": { "NAME": "Guilford Drive & Rowalt Drive / UMD", "STATION_TYPE": "classic", "STATION_ID": "2005163140164225490", "STATION_STATUS": null, "LAST_REPORTED": "2026-06-22T16:30:08Z", "NUM_DOCKS_AVAILABLE": 8, "NUM_DOCKS_DISABLED": 0, "NUM_BIKES_AVAILABLE": 6, "NUM_EBIKES_AVAILABLE": 0, "NUM_BIKES_DISABLED": 1, "IS_INSTALLED": "YES", "IS_RETURNING": "YES", "IS_RENTING": "YES", "HAS_KIOSK": "YES", "IOS": "https://dc.lft.to/lastmile_qr_scan", "ANDROID": "https://dc.lft.to/lastmile_qr_scan", "ELECTRIC_BIKE_SURCHARGE_WAIVER": "NO", "EIGHTD_HAS_KEY_DISPENSER": "NO", "CAPACITY": 15, "RENTAL_METHODS": "KEY,CREDITCARD", "REGION_ID": "133", "REGION_NAME": "Prince George's County", "GIS_ID": null, "LATITUDE": 38.978008, "LONGITUDE": -76.939269, "GIS_LAST_MOD_DTTM": "2026-06-22T16:32:07Z", "OBJECTID": 357728973 }, "geometry": { "type": "Point", "coordinates": [ -76.939274502012438, 38.978019155595113 ] } },
{ "type": "Feature", "properties": { "NAME": "11th & Park Rd NW", "STATION_TYPE": "classic", "STATION_ID": "1e19ca16-ec12-48b9-bbbe-fe878745bb23", "STATION_STATUS": null, "LAST_REPORTED": "2026-06-22T16:30:58Z", "NUM_DOCKS_AVAILABLE": 12, "NUM_DOCKS_DISABLED": 0, "NUM_BIKES_AVAILABLE": 7, "NUM_EBIKES_AVAILABLE": 2, "NUM_BIKES_DISABLED": 0, "IS_INSTALLED": "YES", "IS_RETURNING": "YES", "IS_RENTING": "YES", "HAS_KIOSK": "YES", "IOS": "https://dc.lft.to/lastmile_qr_scan", "ANDROID": "https://dc.lft.to/lastmile_qr_scan", "ELECTRIC_BIKE_SURCHARGE_WAIVER": "NO", "EIGHTD_HAS_KEY_DISPENSER": "NO", "CAPACITY": 19, "RENTAL_METHODS": "KEY,CREDITCARD", "REGION_ID": "42", "REGION_NAME": "Washington, DC", "GIS_ID": null, "LATITUDE": 38.931322, "LONGITUDE": -77.028247, "GIS_LAST_MOD_DTTM": "2026-06-22T16:32:07Z", "OBJECTID": 357728974 }, "geometry": { "type": "Point", "coordinates": [ -77.028247242067195, 38.9313326459188 ] } },
{ "type": "Feature", "properties": { "NAME": "Southern Ave Metro", "STATION_TYPE": "classic", "STATION_ID": "772ca14a-a964-4745-ab93-37cc472d8ff2", "STATION_STATUS": null, "LAST_REPORTED": "2026-06-22T16:29:59Z", "NUM_DOCKS_AVAILABLE": 15, "NUM_DOCKS_DISABLED": 0, "NUM_BIKES_AVAILABLE": 0, "NUM_EBIKES_AVAILABLE": 0, "NUM_BIKES_DISABLED": 1, "IS_INSTALLED": "YES", "IS_RETURNING": "YES", "IS_RENTING": "YES", "HAS_KIOSK": "YES", "IOS": "https://dc.lft.to/lastmile_qr_scan", "ANDROID": "https://dc.lft.to/lastmile_qr_scan", "ELECTRIC_BIKE_SURCHARGE_WAIVER": "NO", "EIGHTD_HAS_KEY_DISPENSER": "NO", "CAPACITY": 15, "RENTAL_METHODS": "KEY,CREDITCARD", "REGION_ID": "133", "REGION_NAME": "Prince George's County", "GIS_ID": null, "LATITUDE": 38.840107, "LONGITUDE": -76.9753, "GIS_LAST_MOD_DTTM": "2026-06-22T16:32:07Z", "OBJECTID": 357728975 }, "geometry": { "type": "Point", "coordinates": [ -76.975306561087748, 38.840114571303886 ] } },
{ "type": "Feature", "properties": { "NAME": "4th & M St SW", "STATION_TYPE": "classic", "STATION_ID": "08247896-1f3f-11e7-bf6b-3863bb334450", "STATION_STATUS": null, "LAST_REPORTED": "2026-06-22T16:31:17Z", "NUM_DOCKS_AVAILABLE": 13, "NUM_DOCKS_DISABLED": 1, "NUM_BIKES_AVAILABLE": 14, "NUM_EBIKES_AVAILABLE": 2, "NUM_BIKES_DISABLED": 0, "IS_INSTALLED": "YES", "IS_RETURNING": "YES", "IS_RENTING": "YES", "HAS_KIOSK": "NO", "IOS": "https://dc.lft.to/lastmile_qr_scan", "ANDROID": "https://dc.lft.to/lastmile_qr_scan", "ELECTRIC_BIKE_SURCHARGE_WAIVER": "NO", "EIGHTD_HAS_KEY_DISPENSER": "NO", "CAPACITY": 28, "RENTAL_METHODS": "KEY,CREDITCARD", "REGION_ID": "42", "REGION_NAME": "Washington, DC", "GIS_ID": null, "LATITUDE": 38.876816, "LONGITUDE": -77.017524, "GIS_LAST_MOD_DTTM": "2026-06-22T16:32:07Z", "OBJECTID": 357728976 }, "geometry": { "type": "Point", "coordinates": [ -77.017530972473679, 38.876825197685839 ] } },
{ "type": "Feature", "properties": { "NAME": "19th St & Constitution Ave NW", "STATION_TYPE": "classic", "STATION_ID": "0824cd3d-1f3f-11e7-bf6b-3863bb334450", "STATION_STATUS": null, "LAST_REPORTED": "2026-06-22T16:30:27Z", "NUM_DOCKS_AVAILABLE": 16, "NUM_DOCKS_DISABLED": 0, "NUM_BIKES_AVAILABLE": 19, "NUM_EBIKES_AVAILABLE": 3, "NUM_BIKES_DISABLED": 0, "IS_INSTALLED": "YES", "IS_RETURNING": "YES", "IS_RENTING": "YES", "HAS_KIOSK": "YES", "IOS": "https://dc.lft.to/lastmile_qr_scan", "ANDROID": "https://dc.lft.to/lastmile_qr_scan", "ELECTRIC_BIKE_SURCHARGE_WAIVER": "NO", "EIGHTD_HAS_KEY_DISPENSER": "NO", "CAPACITY": 35, "RENTAL_METHODS": "KEY,CREDITCARD", "REGION_ID": "42", "REGION_NAME": "Washington, DC", "GIS_ID": null, "LATITUDE": 38.892212, "LONGITUDE": -77.043074, "GIS_LAST_MOD_DTTM": "2026-06-22T16:32:07Z", "OBJECTID": 357728977 }, "geometry": { "type": "Point", "coordinates": [ -77.043078453734609, 38.892222907820347 ] } },
{ "type": "Feature", "properties": { "NAME": "Greensboro Metro East", "STATION_TYPE": "classic", "STATION_ID": "082638f2-1f3f-11e7-bf6b-3863bb334450", "STATION_STATUS": null, "LAST_REPORTED": "2026-06-22T16:29:26Z", "NUM_DOCKS_AVAILABLE": 8, "NUM_DOCKS_DISABLED": 0, "NUM_BIKES_AVAILABLE": 7, "NUM_EBIKES_AVAILABLE": 1, "NUM_BIKES_DISABLED": 0, "IS_INSTALLED": "YES", "IS_RETURNING": "YES", "IS_RENTING": "YES", "HAS_KIOSK": "YES", "IOS": "https://dc.lft.to/lastmile_qr_scan", "ANDROID": "https://dc.lft.to/lastmile_qr_scan", "ELECTRIC_BIKE_SURCHARGE_WAIVER": "NO", "EIGHTD_HAS_KEY_DISPENSER": "NO", "CAPACITY": 15, "RENTAL_METHODS": "KEY,CREDITCARD", "REGION_ID": "104", "REGION_NAME": "Fairfax, VA", "GIS_ID": null, "LATITUDE": 38.920687, "LONGITUDE": -77.233165, "GIS_LAST_MOD_DTTM": "2026-06-22T16:32:07Z", "OBJECTID": 357728978 }, "geometry": { "type": "Point", "coordinates": [ -77.233170301897246, 38.920698824183603 ] } },
{ "type": "Feature", "properties": { "NAME": "8th & East Capitol St NE", "STATION_TYPE": "classic", "STATION_ID": "082553a7-1f3f-11e7-bf6b-3863bb334450", "STATION_STATUS": null, "LAST_REPORTED": "2026-06-22T16:30:40Z", "NUM_DOCKS_AVAILABLE": 10, "NUM_DOCKS_DISABLED": 0, "NUM_BIKES_AVAILABLE": 0, "NUM_EBIKES_AVAILABLE": 0, "NUM_BIKES_DISABLED": 1, "IS_INSTALLED": "YES", "IS_RETURNING": "YES", "IS_RENTING": "YES", "HAS_KIOSK": "YES", "IOS": "https://dc.lft.to/lastmile_qr_scan", "ANDROID": "https://dc.lft.to/lastmile_qr_scan", "ELECTRIC_BIKE_SURCHARGE_WAIVER": "NO", "EIGHTD_HAS_KEY_DISPENSER": "NO", "CAPACITY": 11, "RENTAL_METHODS": "KEY,CREDITCARD", "REGION_ID": "42", "REGION_NAME": "Washington, DC", "GIS_ID": null, "LATITUDE": 38.889988, "LONGITUDE": -76.995193, "GIS_LAST_MOD_DTTM": "2026-06-22T16:32:07Z", "OBJECTID": 357728979 }, "geometry": { "type": "Point", "coordinates": [ -76.995195699570147, 38.889996676386147 ] } },
{ "type": "Feature", "properties": { "NAME": "Philadelphia & Maple Ave", "STATION_TYPE": "classic", "STATION_ID": "2118755911418757178", "STATION_STATUS": null, "LAST_REPORTED": "2026-06-22T16:29:28Z", "NUM_DOCKS_AVAILABLE": 7, "NUM_DOCKS_DISABLED": 0, "NUM_BIKES_AVAILABLE": 8, "NUM_EBIKES_AVAILABLE": 3, "NUM_BIKES_DISABLED": 0, "IS_INSTALLED": "YES", "IS_RETURNING": "YES", "IS_RENTING": "YES", "HAS_KIOSK": "YES", "IOS": "https://dc.lft.to/lastmile_qr_scan", "ANDROID": "https://dc.lft.to/lastmile_qr_scan", "ELECTRIC_BIKE_SURCHARGE_WAIVER": "NO", "EIGHTD_HAS_KEY_DISPENSER": "NO", "CAPACITY": 15, "RENTAL_METHODS": "KEY,CREDITCARD", "REGION_ID": "44", "REGION_NAME": "Montgomery County, MD (South)", "GIS_ID": null, "LATITUDE": 38.981251, "LONGITUDE": -77.011208, "GIS_LAST_MOD_DTTM": "2026-06-22T16:32:07Z", "OBJECTID": 357728980 }, "geometry": { "type": "Point", "coordinates": [ -77.011208931947053, 38.981259326236582 ] } },
{ "type": "Feature", "properties": { "NAME": "1st & O St NW", "STATION_TYPE": "classic", "STATION_ID": "082619e1-1f3f-11e7-bf6b-3863bb334450", "STATION_STATUS": null, "LAST_REPORTED": "2026-06-22T16:31:18Z", "NUM_DOCKS_AVAILABLE": 4, "NUM_DOCKS_DISABLED": 0, "NUM_BIKES_AVAILABLE": 11, "NUM_EBIKES_AVAILABLE": 1, "NUM_BIKES_DISABLED": 0, "IS_INSTALLED": "YES", "IS_RETURNING": "YES", "IS_RENTING": "YES", "HAS_KIOSK": "YES", "IOS": "https://dc.lft.to/lastmile_qr_scan", "ANDROID": "https://dc.lft.to/lastmile_qr_scan", "ELECTRIC_BIKE_SURCHARGE_WAIVER": "NO", "EIGHTD_HAS_KEY_DISPENSER": "NO", "CAPACITY": 15, "RENTAL_METHODS": "KEY,CREDITCARD", "REGION_ID": "42", "REGION_NAME": "Washington, DC", "GIS_ID": null, "LATITUDE": 38.908643, "LONGITUDE": -77.012365, "GIS_LAST_MOD_DTTM": "2026-06-22T16:32:07Z", "OBJECTID": 357728981 }, "geometry": { "type": "Point", "coordinates": [ -77.01236200848129, 38.908652437243511 ] } },
{ "type": "Feature", "properties": { "NAME": "17th & P St NW", "STATION_TYPE": "classic", "STATION_ID": "5e828067-2fd6-4168-b150-5409754e734c", "STATION_STATUS": null, "LAST_REPORTED": "2026-06-22T16:29:28Z", "NUM_DOCKS_AVAILABLE": 18, "NUM_DOCKS_DISABLED": 0, "NUM_BIKES_AVAILABLE": 0, "NUM_EBIKES_AVAILABLE": 0, "NUM_BIKES_DISABLED": 1, "IS_INSTALLED": "YES", "IS_RETURNING": "YES", "IS_RENTING": "YES", "HAS_KIOSK": "YES", "IOS": "https://dc.lft.to/lastmile_qr_scan", "ANDROID": "https://dc.lft.to/lastmile_qr_scan", "ELECTRIC_BIKE_SURCHARGE_WAIVER": "NO", "EIGHTD_HAS_KEY_DISPENSER": "NO", "CAPACITY": 19, "RENTAL_METHODS": "KEY,CREDITCARD", "REGION_ID": "42", "REGION_NAME": "Washington, DC", "GIS_ID": null, "LATITUDE": 38.909858, "LONGITUDE": -77.038566, "GIS_LAST_MOD_DTTM": "2026-06-22T16:32:07Z", "OBJECTID": 357728982 }, "geometry": { "type": "Point", "coordinates": [ -77.038569430491705, 38.909862851403275 ] } },
{ "type": "Feature", "properties": { "NAME": "Potomac & Pennsylvania Ave SE", "STATION_TYPE": "classic", "STATION_ID": "08249480-1f3f-11e7-bf6b-3863bb334450", "STATION_STATUS": null, "LAST_REPORTED": "2026-06-22T16:30:37Z", "NUM_DOCKS_AVAILABLE": 7, "NUM_DOCKS_DISABLED": 0, "NUM_BIKES_AVAILABLE": 7, "NUM_EBIKES_AVAILABLE": 0, "NUM_BIKES_DISABLED": 1, "IS_INSTALLED": "YES", "IS_RETURNING": "YES", "IS_RENTING": "YES", "HAS_KIOSK": "YES", "IOS": "https://dc.lft.to/lastmile_qr_scan", "ANDROID": "https://dc.lft.to/lastmile_qr_scan", "ELECTRIC_BIKE_SURCHARGE_WAIVER": "NO", "EIGHTD_HAS_KEY_DISPENSER": "NO", "CAPACITY": 15, "RENTAL_METHODS": "KEY,CREDITCARD", "REGION_ID": "42", "REGION_NAME": "Washington, DC", "GIS_ID": null, "LATITUDE": 38.880015, "LONGITUDE": -76.9865, "GIS_LAST_MOD_DTTM": "2026-06-22T16:32:07Z", "OBJECTID": 357728983 }, "geometry": { "type": "Point", "coordinates": [ -76.986506545014606, 38.88002371459352 ] } },
{ "type": "Feature", "properties": { "NAME": "13th & O St NW/ Logan Circle", "STATION_TYPE": "classic", "STATION_ID": "53ebbf74-92df-4665-b863-25bd2d96e0b7", "STATION_STATUS": null, "LAST_REPORTED": "2026-06-22T16:29:45Z", "NUM_DOCKS_AVAILABLE": 23, "NUM_DOCKS_DISABLED": 0, "NUM_BIKES_AVAILABLE": 0, "NUM_EBIKES_AVAILABLE": 0, "NUM_BIKES_DISABLED": 0, "IS_INSTALLED": "YES", "IS_RETURNING": "YES", "IS_RENTING": "YES", "HAS_KIOSK": "YES", "IOS": "https://dc.lft.to/lastmile_qr_scan", "ANDROID": "https://dc.lft.to/lastmile_qr_scan", "ELECTRIC_BIKE_SURCHARGE_WAIVER": "NO", "EIGHTD_HAS_KEY_DISPENSER": "NO", "CAPACITY": 23, "RENTAL_METHODS": "KEY,CREDITCARD", "REGION_ID": "42", "REGION_NAME": "Washington, DC", "GIS_ID": null, "LATITUDE": 38.908735, "LONGITUDE": -77.029779, "GIS_LAST_MOD_DTTM": "2026-06-22T16:32:07Z", "OBJECTID": 357728984 }, "geometry": { "type": "Point", "coordinates": [ -77.029783261262267, 38.908739378350688 ] } },
{ "type": "Feature", "properties": { "NAME": "11th & Kenyon St NW", "STATION_TYPE": "classic", "STATION_ID": "08247522-1f3f-11e7-bf6b-3863bb334450", "STATION_STATUS": null, "LAST_REPORTED": "2026-06-22T16:30:46Z", "NUM_DOCKS_AVAILABLE": 29, "NUM_DOCKS_DISABLED": 0, "NUM_BIKES_AVAILABLE": 9, "NUM_EBIKES_AVAILABLE": 1, "NUM_BIKES_DISABLED": 1, "IS_INSTALLED": "YES", "IS_RETURNING": "YES", "IS_RENTING": "YES", "HAS_KIOSK": "YES", "IOS": "https://dc.lft.to/lastmile_qr_scan", "ANDROID": "https://dc.lft.to/lastmile_qr_scan", "ELECTRIC_BIKE_SURCHARGE_WAIVER": "NO", "EIGHTD_HAS_KEY_DISPENSER": "NO", "CAPACITY": 39, "RENTAL_METHODS": "KEY,CREDITCARD", "REGION_ID": "42", "REGION_NAME": "Washington, DC", "GIS_ID": null, "LATITUDE": 38.929464, "LONGITUDE": -77.027822, "GIS_LAST_MOD_DTTM": "2026-06-22T16:32:07Z", "OBJECTID": 357728985 }, "geometry": { "type": "Point", "coordinates": [ -77.027819783830822, 38.929468028203907 ] } },
{ "type": "Feature", "properties": { "NAME": "Iwo Jima Memorial / Meade & 14th St N", "STATION_TYPE": "classic", "STATION_ID": "0825f344-1f3f-11e7-bf6b-3863bb334450", "STATION_STATUS": null, "LAST_REPORTED": "2026-06-22T16:31:08Z", "NUM_DOCKS_AVAILABLE": 14, "NUM_DOCKS_DISABLED": 0, "NUM_BIKES_AVAILABLE": 5, "NUM_EBIKES_AVAILABLE": 1, "NUM_BIKES_DISABLED": 0, "IS_INSTALLED": "YES", "IS_RETURNING": "YES", "IS_RENTING": "YES", "HAS_KIOSK": "YES", "IOS": "https://dc.lft.to/lastmile_qr_scan", "ANDROID": "https://dc.lft.to/lastmile_qr_scan", "ELECTRIC_BIKE_SURCHARGE_WAIVER": "NO", "EIGHTD_HAS_KEY_DISPENSER": "NO", "CAPACITY": 19, "RENTAL_METHODS": "KEY,CREDITCARD", "REGION_ID": "41", "REGION_NAME": "Arlington, VA", "GIS_ID": null, "LATITUDE": 38.88992, "LONGITUDE": -77.071301, "GIS_LAST_MOD_DTTM": "2026-06-22T16:32:07Z", "OBJECTID": 357728986 }, "geometry": { "type": "Point", "coordinates": [ -77.071305639885338, 38.889929967487539 ] } },
{ "type": "Feature", "properties": { "NAME": "St. Elizabeths West Campus/DHS ", "STATION_TYPE": "classic", "STATION_ID": "8a10969e-9861-4926-bda6-f0b58a0c253d", "STATION_STATUS": null, "LAST_REPORTED": "2026-06-22T16:30:46Z", "NUM_DOCKS_AVAILABLE": 10, "NUM_DOCKS_DISABLED": 0, "NUM_BIKES_AVAILABLE": 9, "NUM_EBIKES_AVAILABLE": 7, "NUM_BIKES_DISABLED": 0, "IS_INSTALLED": "YES", "IS_RETURNING": "YES", "IS_RENTING": "YES", "HAS_KIOSK": "YES", "IOS": "https://dc.lft.to/lastmile_qr_scan", "ANDROID": "https://dc.lft.to/lastmile_qr_scan", "ELECTRIC_BIKE_SURCHARGE_WAIVER": "NO", "EIGHTD_HAS_KEY_DISPENSER": "NO", "CAPACITY": 19, "RENTAL_METHODS": "KEY,CREDITCARD", "REGION_ID": "42", "REGION_NAME": "Washington, DC", "GIS_ID": null, "LATITUDE": 38.853124, "LONGITUDE": -77.005174, "GIS_LAST_MOD_DTTM": "2026-06-22T16:32:07Z", "OBJECTID": 357728987 }, "geometry": { "type": "Point", "coordinates": [ -77.005175041907506, 38.853134267443458 ] } },
{ "type": "Feature", "properties": { "NAME": "11th & Girard St NW", "STATION_TYPE": "classic", "STATION_ID": "cd1394fa-9d06-4665-bd1c-d7580d97a550", "STATION_STATUS": null, "LAST_REPORTED": "2026-06-22T16:31:18Z", "NUM_DOCKS_AVAILABLE": 14, "NUM_DOCKS_DISABLED": 0, "NUM_BIKES_AVAILABLE": 3, "NUM_EBIKES_AVAILABLE": 0, "NUM_BIKES_DISABLED": 2, "IS_INSTALLED": "YES", "IS_RETURNING": "YES", "IS_RENTING": "YES", "HAS_KIOSK": "YES", "IOS": "https://dc.lft.to/lastmile_qr_scan", "ANDROID": "https://dc.lft.to/lastmile_qr_scan", "ELECTRIC_BIKE_SURCHARGE_WAIVER": "NO", "EIGHTD_HAS_KEY_DISPENSER": "NO", "CAPACITY": 19, "RENTAL_METHODS": "KEY,CREDITCARD", "REGION_ID": "42", "REGION_NAME": "Washington, DC", "GIS_ID": null, "LATITUDE": 38.925642, "LONGITUDE": -77.027131, "GIS_LAST_MOD_DTTM": "2026-06-22T16:32:07Z", "OBJECTID": 357728988 }, "geometry": { "type": "Point", "coordinates": [ -77.027137885473337, 38.925648662904592 ] } },
{ "type": "Feature", "properties": { "NAME": "Columbus Ave & Tribeca St", "STATION_TYPE": "classic", "STATION_ID": "9029233f-84db-4f28-895d-8ecf727fb6d2", "STATION_STATUS": null, "LAST_REPORTED": "2026-06-22T16:29:55Z", "NUM_DOCKS_AVAILABLE": 11, "NUM_DOCKS_DISABLED": 0, "NUM_BIKES_AVAILABLE": 0, "NUM_EBIKES_AVAILABLE": 0, "NUM_BIKES_DISABLED": 0, "IS_INSTALLED": "YES", "IS_RETURNING": "YES", "IS_RENTING": "YES", "HAS_KIOSK": "YES", "IOS": "https://dc.lft.to/lastmile_qr_scan", "ANDROID": "https://dc.lft.to/lastmile_qr_scan", "ELECTRIC_BIKE_SURCHARGE_WAIVER": "NO", "EIGHTD_HAS_KEY_DISPENSER": "NO", "CAPACITY": 11, "RENTAL_METHODS": "KEY,CREDITCARD", "REGION_ID": "43", "REGION_NAME": "Montgomery County, MD (North)", "GIS_ID": null, "LATITUDE": 39.125828, "LONGITUDE": -77.167059, "GIS_LAST_MOD_DTTM": "2026-06-22T16:32:07Z", "OBJECTID": 357728989 }, "geometry": { "type": "Point", "coordinates": [ -77.167056055160742, 39.125837552147217 ] } },
{ "type": "Feature", "properties": { "NAME": "N. Beauregard St. & Berkley St.", "STATION_TYPE": "classic", "STATION_ID": "9f86df22-57d4-498a-ab35-2d3fb76e4723", "STATION_STATUS": null, "LAST_REPORTED": "2026-06-22T16:31:19Z", "NUM_DOCKS_AVAILABLE": 4, "NUM_DOCKS_DISABLED": 0, "NUM_BIKES_AVAILABLE": 13, "NUM_EBIKES_AVAILABLE": 6, "NUM_BIKES_DISABLED": 3, "IS_INSTALLED": "YES", "IS_RETURNING": "YES", "IS_RENTING": "YES", "HAS_KIOSK": "YES", "IOS": "https://dc.lft.to/lastmile_qr_scan", "ANDROID": "https://dc.lft.to/lastmile_qr_scan", "ELECTRIC_BIKE_SURCHARGE_WAIVER": "NO", "EIGHTD_HAS_KEY_DISPENSER": "NO", "CAPACITY": 19, "RENTAL_METHODS": "KEY,CREDITCARD", "REGION_ID": "40", "REGION_NAME": "Alexandria, VA", "GIS_ID": null, "LATITUDE": 38.841548, "LONGITUDE": -77.107734, "GIS_LAST_MOD_DTTM": "2026-06-22T16:32:07Z", "OBJECTID": 357728990 }, "geometry": { "type": "Point", "coordinates": [ -77.107737245104161, 38.841553855480569 ] } },
{ "type": "Feature", "properties": { "NAME": "Ridge Heights and Owl Cove Ln", "STATION_TYPE": "classic", "STATION_ID": "f75a76bb-34fc-4ee3-81d9-f23d9867017d", "STATION_STATUS": null, "LAST_REPORTED": "2026-06-22T16:31:19Z", "NUM_DOCKS_AVAILABLE": 5, "NUM_DOCKS_DISABLED": 0, "NUM_BIKES_AVAILABLE": 7, "NUM_EBIKES_AVAILABLE": 0, "NUM_BIKES_DISABLED": 0, "IS_INSTALLED": "YES", "IS_RETURNING": "YES", "IS_RENTING": "YES", "HAS_KIOSK": "YES", "IOS": "https://dc.lft.to/lastmile_qr_scan", "ANDROID": "https://dc.lft.to/lastmile_qr_scan", "ELECTRIC_BIKE_SURCHARGE_WAIVER": "NO", "EIGHTD_HAS_KEY_DISPENSER": "NO", "CAPACITY": 12, "RENTAL_METHODS": "KEY,CREDITCARD", "REGION_ID": "104", "REGION_NAME": "Fairfax, VA", "GIS_ID": null, "LATITUDE": 38.933923, "LONGITUDE": -77.331653, "GIS_LAST_MOD_DTTM": "2026-06-22T16:32:07Z", "OBJECTID": 357728991 }, "geometry": { "type": "Point", "coordinates": [ -77.331654008244882, 38.933928335364449 ] } },
{ "type": "Feature", "properties": { "NAME": "Virginia Theological Seminary", "STATION_TYPE": "classic", "STATION_ID": "b0cdb0b4-a4e5-47f2-90fd-f3f8266b809f", "STATION_STATUS": null, "LAST_REPORTED": "2026-06-22T16:29:20Z", "NUM_DOCKS_AVAILABLE": 1, "NUM_DOCKS_DISABLED": 0, "NUM_BIKES_AVAILABLE": 9, "NUM_EBIKES_AVAILABLE": 3, "NUM_BIKES_DISABLED": 1, "IS_INSTALLED": "YES", "IS_RETURNING": "YES", "IS_RENTING": "YES", "HAS_KIOSK": "YES", "IOS": "https://dc.lft.to/lastmile_qr_scan", "ANDROID": "https://dc.lft.to/lastmile_qr_scan", "ELECTRIC_BIKE_SURCHARGE_WAIVER": "NO", "EIGHTD_HAS_KEY_DISPENSER": "NO", "CAPACITY": 11, "RENTAL_METHODS": "KEY,CREDITCARD", "REGION_ID": "40", "REGION_NAME": "Alexandria, VA", "GIS_ID": null, "LATITUDE": 38.820152, "LONGITUDE": -77.093879, "GIS_LAST_MOD_DTTM": "2026-06-22T16:32:07Z", "OBJECTID": 357728992 }, "geometry": { "type": "Point", "coordinates": [ -77.093886595113673, 38.820161693210949 ] } },
{ "type": "Feature", "properties": { "NAME": "1st & I St SE", "STATION_TYPE": "classic", "STATION_ID": "08251f03-1f3f-11e7-bf6b-3863bb334450", "STATION_STATUS": null, "LAST_REPORTED": "2026-06-22T16:31:08Z", "NUM_DOCKS_AVAILABLE": 21, "NUM_DOCKS_DISABLED": 0, "NUM_BIKES_AVAILABLE": 2, "NUM_EBIKES_AVAILABLE": 0, "NUM_BIKES_DISABLED": 0, "IS_INSTALLED": "YES", "IS_RETURNING": "YES", "IS_RENTING": "YES", "HAS_KIOSK": "YES", "IOS": "https://dc.lft.to/lastmile_qr_scan", "ANDROID": "https://dc.lft.to/lastmile_qr_scan", "ELECTRIC_BIKE_SURCHARGE_WAIVER": "NO", "EIGHTD_HAS_KEY_DISPENSER": "NO", "CAPACITY": 23, "RENTAL_METHODS": "KEY,CREDITCARD", "REGION_ID": "42", "REGION_NAME": "Washington, DC", "GIS_ID": null, "LATITUDE": 38.878854, "LONGITUDE": -77.005727, "GIS_LAST_MOD_DTTM": "2026-06-22T16:32:07Z", "OBJECTID": 357728993 }, "geometry": { "type": "Point", "coordinates": [ -77.005730098000512, 38.878862270486927 ] } },
{ "type": "Feature", "properties": { "NAME": "Reading Ave & Merton Ct", "STATION_TYPE": "classic", "STATION_ID": "2090125891591343044", "STATION_STATUS": null, "LAST_REPORTED": "2026-06-22T16:30:17Z", "NUM_DOCKS_AVAILABLE": 4, "NUM_DOCKS_DISABLED": 0, "NUM_BIKES_AVAILABLE": 7, "NUM_EBIKES_AVAILABLE": 5, "NUM_BIKES_DISABLED": 0, "IS_INSTALLED": "YES", "IS_RETURNING": "YES", "IS_RENTING": "YES", "HAS_KIOSK": "YES", "IOS": "https://dc.lft.to/lastmile_qr_scan", "ANDROID": "https://dc.lft.to/lastmile_qr_scan", "ELECTRIC_BIKE_SURCHARGE_WAIVER": "NO", "EIGHTD_HAS_KEY_DISPENSER": "NO", "CAPACITY": 11, "RENTAL_METHODS": "KEY,CREDITCARD", "REGION_ID": "40", "REGION_NAME": "Alexandria, VA", "GIS_ID": null, "LATITUDE": 38.830352, "LONGITUDE": -77.126081, "GIS_LAST_MOD_DTTM": "2026-06-22T16:32:07Z", "OBJECTID": 357728994 }, "geometry": { "type": "Point", "coordinates": [ -77.12607838457167, 38.830355978578389 ] } },
{ "type": "Feature", "properties": { "NAME": "Washington Blvd & 10th St N", "STATION_TYPE": "classic", "STATION_ID": "082521d3-1f3f-11e7-bf6b-3863bb334450", "STATION_STATUS": null, "LAST_REPORTED": "2026-06-22T16:30:31Z", "NUM_DOCKS_AVAILABLE": 3, "NUM_DOCKS_DISABLED": 0, "NUM_BIKES_AVAILABLE": 12, "NUM_EBIKES_AVAILABLE": 1, "NUM_BIKES_DISABLED": 0, "IS_INSTALLED": "YES", "IS_RETURNING": "YES", "IS_RENTING": "YES", "HAS_KIOSK": "YES", "IOS": "https://dc.lft.to/lastmile_qr_scan", "ANDROID": "https://dc.lft.to/lastmile_qr_scan", "ELECTRIC_BIKE_SURCHARGE_WAIVER": "NO", "EIGHTD_HAS_KEY_DISPENSER": "NO", "CAPACITY": 15, "RENTAL_METHODS": "KEY,CREDITCARD", "REGION_ID": "41", "REGION_NAME": "Arlington, VA", "GIS_ID": null, "LATITUDE": 38.884734, "LONGITUDE": -77.093485, "GIS_LAST_MOD_DTTM": "2026-06-22T16:32:07Z", "OBJECTID": 357728995 }, "geometry": { "type": "Point", "coordinates": [ -77.09348749611371, 38.884743506736747 ] } },
{ "type": "Feature", "properties": { "NAME": "East West Hwy & 16th St", "STATION_TYPE": "classic", "STATION_ID": "08261b89-1f3f-11e7-bf6b-3863bb334450", "STATION_STATUS": null, "LAST_REPORTED": "2026-06-22T16:29:23Z", "NUM_DOCKS_AVAILABLE": 5, "NUM_DOCKS_DISABLED": 0, "NUM_BIKES_AVAILABLE": 13, "NUM_EBIKES_AVAILABLE": 2, "NUM_BIKES_DISABLED": 1, "IS_INSTALLED": "YES", "IS_RETURNING": "YES", "IS_RENTING": "YES", "HAS_KIOSK": "YES", "IOS": "https://dc.lft.to/lastmile_qr_scan", "ANDROID": "https://dc.lft.to/lastmile_qr_scan", "ELECTRIC_BIKE_SURCHARGE_WAIVER": "NO", "EIGHTD_HAS_KEY_DISPENSER": "NO", "CAPACITY": 19, "RENTAL_METHODS": "KEY,CREDITCARD", "REGION_ID": "44", "REGION_NAME": "Montgomery County, MD (South)", "GIS_ID": null, "LATITUDE": 38.995681, "LONGITUDE": -77.038721, "GIS_LAST_MOD_DTTM": "2026-06-22T16:32:07Z", "OBJECTID": 357728996 }, "geometry": { "type": "Point", "coordinates": [ -77.038719791263759, 38.99568460224183 ] } },
{ "type": "Feature", "properties": { "NAME": "14th & V St NW", "STATION_TYPE": "classic", "STATION_ID": "0824749f-1f3f-11e7-bf6b-3863bb334450", "STATION_STATUS": null, "LAST_REPORTED": "2026-06-22T16:30:33Z", "NUM_DOCKS_AVAILABLE": 29, "NUM_DOCKS_DISABLED": 0, "NUM_BIKES_AVAILABLE": 0, "NUM_EBIKES_AVAILABLE": 0, "NUM_BIKES_DISABLED": 2, "IS_INSTALLED": "YES", "IS_RETURNING": "YES", "IS_RENTING": "YES", "HAS_KIOSK": "YES", "IOS": "https://dc.lft.to/lastmile_qr_scan", "ANDROID": "https://dc.lft.to/lastmile_qr_scan", "ELECTRIC_BIKE_SURCHARGE_WAIVER": "NO", "EIGHTD_HAS_KEY_DISPENSER": "NO", "CAPACITY": 31, "RENTAL_METHODS": "KEY,CREDITCARD", "REGION_ID": "42", "REGION_NAME": "Washington, DC", "GIS_ID": null, "LATITUDE": 38.917765, "LONGITUDE": -77.032096, "GIS_LAST_MOD_DTTM": "2026-06-22T16:32:07Z", "OBJECTID": 357728997 }, "geometry": { "type": "Point", "coordinates": [ -77.032093248411073, 38.917774130864231 ] } },
{ "type": "Feature", "properties": { "NAME": "Cordell & Norfolk Ave", "STATION_TYPE": "classic", "STATION_ID": "08258395-1f3f-11e7-bf6b-3863bb334450", "STATION_STATUS": null, "LAST_REPORTED": "2026-06-22T16:30:24Z", "NUM_DOCKS_AVAILABLE": 4, "NUM_DOCKS_DISABLED": 0, "NUM_BIKES_AVAILABLE": 7, "NUM_EBIKES_AVAILABLE": 1, "NUM_BIKES_DISABLED": 0, "IS_INSTALLED": "YES", "IS_RETURNING": "YES", "IS_RENTING": "YES", "HAS_KIOSK": "YES", "IOS": "https://dc.lft.to/lastmile_qr_scan", "ANDROID": "https://dc.lft.to/lastmile_qr_scan", "ELECTRIC_BIKE_SURCHARGE_WAIVER": "NO", "EIGHTD_HAS_KEY_DISPENSER": "NO", "CAPACITY": 11, "RENTAL_METHODS": "KEY,CREDITCARD", "REGION_ID": "44", "REGION_NAME": "Montgomery County, MD (South)", "GIS_ID": null, "LATITUDE": 38.98954, "LONGITUDE": -77.098029, "GIS_LAST_MOD_DTTM": "2026-06-22T16:32:07Z", "OBJECTID": 357728998 }, "geometry": { "type": "Point", "coordinates": [ -77.09803433691863, 38.989551377247516 ] } },
{ "type": "Feature", "properties": { "NAME": "Braddock Rd Metro South", "STATION_TYPE": "classic", "STATION_ID": "c139589c-fe21-4834-a2a1-5528f7dd2152", "STATION_STATUS": null, "LAST_REPORTED": "2026-06-22T16:30:18Z", "NUM_DOCKS_AVAILABLE": 12, "NUM_DOCKS_DISABLED": 0, "NUM_BIKES_AVAILABLE": 11, "NUM_EBIKES_AVAILABLE": 5, "NUM_BIKES_DISABLED": 0, "IS_INSTALLED": "YES", "IS_RETURNING": "YES", "IS_RENTING": "YES", "HAS_KIOSK": "YES", "IOS": "https://dc.lft.to/lastmile_qr_scan", "ANDROID": "https://dc.lft.to/lastmile_qr_scan", "ELECTRIC_BIKE_SURCHARGE_WAIVER": "NO", "EIGHTD_HAS_KEY_DISPENSER": "NO", "CAPACITY": 23, "RENTAL_METHODS": "KEY,CREDITCARD", "REGION_ID": "40", "REGION_NAME": "Alexandria, VA", "GIS_ID": null, "LATITUDE": 38.813474, "LONGITUDE": -77.053734, "GIS_LAST_MOD_DTTM": "2026-06-22T16:32:07Z", "OBJECTID": 357728999 }, "geometry": { "type": "Point", "coordinates": [ -77.053739196162951, 38.813484775013251 ] } },
{ "type": "Feature", "properties": { "NAME": "20th & M St NW ", "STATION_TYPE": "classic", "STATION_ID": "2061576686305521766", "STATION_STATUS": null, "LAST_REPORTED": "2026-06-22T16:30:26Z", "NUM_DOCKS_AVAILABLE": 7, "NUM_DOCKS_DISABLED": 0, "NUM_BIKES_AVAILABLE": 14, "NUM_EBIKES_AVAILABLE": 5, "NUM_BIKES_DISABLED": 3, "IS_INSTALLED": "YES", "IS_RETURNING": "YES", "IS_RENTING": "YES", "HAS_KIOSK": "NO", "IOS": "https://dc.lft.to/lastmile_qr_scan", "ANDROID": "https://dc.lft.to/lastmile_qr_scan", "ELECTRIC_BIKE_SURCHARGE_WAIVER": "NO", "EIGHTD_HAS_KEY_DISPENSER": "NO", "CAPACITY": 24, "RENTAL_METHODS": "KEY,CREDITCARD", "REGION_ID": "42", "REGION_NAME": "Washington, DC", "GIS_ID": null, "LATITUDE": 38.905496, "LONGITUDE": -77.044976, "GIS_LAST_MOD_DTTM": "2026-06-22T16:32:07Z", "OBJECTID": 357729000 }, "geometry": { "type": "Point", "coordinates": [ -77.044977243007665, 38.905500519462478 ] } },
{ "type": "Feature", "properties": { "NAME": "Alabama & MLK Ave SE", "STATION_TYPE": "classic", "STATION_ID": "082564e2-1f3f-11e7-bf6b-3863bb334450", "STATION_STATUS": null, "LAST_REPORTED": "2026-06-22T16:30:46Z", "NUM_DOCKS_AVAILABLE": 8, "NUM_DOCKS_DISABLED": 0, "NUM_BIKES_AVAILABLE": 3, "NUM_EBIKES_AVAILABLE": 1, "NUM_BIKES_DISABLED": 0, "IS_INSTALLED": "YES", "IS_RETURNING": "YES", "IS_RENTING": "YES", "HAS_KIOSK": "YES", "IOS": "https://dc.lft.to/lastmile_qr_scan", "ANDROID": "https://dc.lft.to/lastmile_qr_scan", "ELECTRIC_BIKE_SURCHARGE_WAIVER": "NO", "EIGHTD_HAS_KEY_DISPENSER": "NO", "CAPACITY": 11, "RENTAL_METHODS": "KEY,CREDITCARD", "REGION_ID": "42", "REGION_NAME": "Washington, DC", "GIS_ID": null, "LATITUDE": 38.84323, "LONGITUDE": -76.999376, "GIS_LAST_MOD_DTTM": "2026-06-22T16:32:07Z", "OBJECTID": 357729001 }, "geometry": { "type": "Point", "coordinates": [ -76.999380252527786, 38.843234104821136 ] } },
{ "type": "Feature", "properties": { "NAME": "Union Market", "STATION_TYPE": "classic", "STATION_ID": "0825fe4c-1f3f-11e7-bf6b-3863bb334450", "STATION_STATUS": null, "LAST_REPORTED": "2026-06-22T16:29:26Z", "NUM_DOCKS_AVAILABLE": 15, "NUM_DOCKS_DISABLED": 0, "NUM_BIKES_AVAILABLE": 8, "NUM_EBIKES_AVAILABLE": 4, "NUM_BIKES_DISABLED": 0, "IS_INSTALLED": "YES", "IS_RETURNING": "YES", "IS_RENTING": "YES", "HAS_KIOSK": "YES", "IOS": "https://dc.lft.to/lastmile_qr_scan", "ANDROID": "https://dc.lft.to/lastmile_qr_scan", "ELECTRIC_BIKE_SURCHARGE_WAIVER": "NO", "EIGHTD_HAS_KEY_DISPENSER": "NO", "CAPACITY": 23, "RENTAL_METHODS": "KEY,CREDITCARD", "REGION_ID": "42", "REGION_NAME": "Washington, DC", "GIS_ID": null, "LATITUDE": 38.907908, "LONGITUDE": -76.99707, "GIS_LAST_MOD_DTTM": "2026-06-22T16:32:07Z", "OBJECTID": 357729002 }, "geometry": { "type": "Point", "coordinates": [ -76.997073797539585, 38.907914370408285 ] } },
{ "type": "Feature", "properties": { "NAME": "Rockville Pike & Old Georgetown Rd", "STATION_TYPE": "classic", "STATION_ID": "68bb0313-ccdb-4930-98ba-96d77ec986ef", "STATION_STATUS": null, "LAST_REPORTED": "2026-06-22T16:30:05Z", "NUM_DOCKS_AVAILABLE": 15, "NUM_DOCKS_DISABLED": 0, "NUM_BIKES_AVAILABLE": 0, "NUM_EBIKES_AVAILABLE": 0, "NUM_BIKES_DISABLED": 0, "IS_INSTALLED": "YES", "IS_RETURNING": "YES", "IS_RENTING": "YES", "HAS_KIOSK": "YES", "IOS": "https://dc.lft.to/lastmile_qr_scan", "ANDROID": "https://dc.lft.to/lastmile_qr_scan", "ELECTRIC_BIKE_SURCHARGE_WAIVER": "NO", "EIGHTD_HAS_KEY_DISPENSER": "NO", "CAPACITY": 15, "RENTAL_METHODS": "KEY,CREDITCARD", "REGION_ID": "43", "REGION_NAME": "Montgomery County, MD (North)", "GIS_ID": null, "LATITUDE": 39.049765, "LONGITUDE": -77.11368, "GIS_LAST_MOD_DTTM": "2026-06-22T16:32:07Z", "OBJECTID": 357729003 }, "geometry": { "type": "Point", "coordinates": [ -77.113678441208791, 39.049774746315038 ] } },
{ "type": "Feature", "properties": { "NAME": "8th & F St NE", "STATION_TYPE": "classic", "STATION_ID": "082554fb-1f3f-11e7-bf6b-3863bb334450", "STATION_STATUS": null, "LAST_REPORTED": "2026-06-22T16:30:48Z", "NUM_DOCKS_AVAILABLE": 22, "NUM_DOCKS_DISABLED": 0, "NUM_BIKES_AVAILABLE": 2, "NUM_EBIKES_AVAILABLE": 1, "NUM_BIKES_DISABLED": 1, "IS_INSTALLED": "YES", "IS_RETURNING": "YES", "IS_RENTING": "YES", "HAS_KIOSK": "NO", "IOS": "https://dc.lft.to/lastmile_qr_scan", "ANDROID": "https://dc.lft.to/lastmile_qr_scan", "ELECTRIC_BIKE_SURCHARGE_WAIVER": "NO", "EIGHTD_HAS_KEY_DISPENSER": "NO", "CAPACITY": 24, "RENTAL_METHODS": "KEY,CREDITCARD", "REGION_ID": "42", "REGION_NAME": "Washington, DC", "GIS_ID": null, "LATITUDE": 38.897274, "LONGITUDE": -76.994749, "GIS_LAST_MOD_DTTM": "2026-06-22T16:32:07Z", "OBJECTID": 357729004 }, "geometry": { "type": "Point", "coordinates": [ -76.994745626482057, 38.897284428755455 ] } },
{ "type": "Feature", "properties": { "NAME": "Rolfe St & 9th St S", "STATION_TYPE": "classic", "STATION_ID": "0825e443-1f3f-11e7-bf6b-3863bb334450", "STATION_STATUS": null, "LAST_REPORTED": "2026-06-22T16:31:04Z", "NUM_DOCKS_AVAILABLE": 10, "NUM_DOCKS_DISABLED": 0, "NUM_BIKES_AVAILABLE": 2, "NUM_EBIKES_AVAILABLE": 2, "NUM_BIKES_DISABLED": 0, "IS_INSTALLED": "YES", "IS_RETURNING": "YES", "IS_RENTING": "YES", "HAS_KIOSK": "NO", "IOS": "https://dc.lft.to/lastmile_qr_scan", "ANDROID": "https://dc.lft.to/lastmile_qr_scan", "ELECTRIC_BIKE_SURCHARGE_WAIVER": "NO", "EIGHTD_HAS_KEY_DISPENSER": "NO", "CAPACITY": 12, "RENTAL_METHODS": "KEY,CREDITCARD", "REGION_ID": "41", "REGION_NAME": "Arlington, VA", "GIS_ID": null, "LATITUDE": 38.866471, "LONGITUDE": -77.076131, "GIS_LAST_MOD_DTTM": "2026-06-22T16:32:07Z", "OBJECTID": 357729005 }, "geometry": { "type": "Point", "coordinates": [ -77.076133300040937, 38.866478060886024 ] } },
{ "type": "Feature", "properties": { "NAME": "Gatehouse Rd & Telestar Ct", "STATION_TYPE": "classic", "STATION_ID": "523db239-4cfe-4d84-b8ff-60f1ad4d342c", "STATION_STATUS": null, "LAST_REPORTED": "2026-06-22T16:30:47Z", "NUM_DOCKS_AVAILABLE": 2, "NUM_DOCKS_DISABLED": 0, "NUM_BIKES_AVAILABLE": 9, "NUM_EBIKES_AVAILABLE": 2, "NUM_BIKES_DISABLED": 0, "IS_INSTALLED": "YES", "IS_RETURNING": "YES", "IS_RENTING": "YES", "HAS_KIOSK": "YES", "IOS": "https://dc.lft.to/lastmile_qr_scan", "ANDROID": "https://dc.lft.to/lastmile_qr_scan", "ELECTRIC_BIKE_SURCHARGE_WAIVER": "NO", "EIGHTD_HAS_KEY_DISPENSER": "NO", "CAPACITY": 11, "RENTAL_METHODS": "KEY,CREDITCARD", "REGION_ID": "104", "REGION_NAME": "Fairfax, VA", "GIS_ID": null, "LATITUDE": 38.868536, "LONGITUDE": -77.225262, "GIS_LAST_MOD_DTTM": "2026-06-22T16:32:07Z", "OBJECTID": 357729006 }, "geometry": { "type": "Point", "coordinates": [ -77.225267872529685, 38.868546703665693 ] } },
{ "type": "Feature", "properties": { "NAME": "Arlington Blvd & Allen St", "STATION_TYPE": "classic", "STATION_ID": "79f2ceeb-df84-42dd-bf22-ceb9bc384af2", "STATION_STATUS": null, "LAST_REPORTED": "2026-06-22T16:31:07Z", "NUM_DOCKS_AVAILABLE": 6, "NUM_DOCKS_DISABLED": 0, "NUM_BIKES_AVAILABLE": 5, "NUM_EBIKES_AVAILABLE": 3, "NUM_BIKES_DISABLED": 1, "IS_INSTALLED": "YES", "IS_RETURNING": "YES", "IS_RENTING": "YES", "HAS_KIOSK": "YES", "IOS": "https://dc.lft.to/lastmile_qr_scan", "ANDROID": "https://dc.lft.to/lastmile_qr_scan", "ELECTRIC_BIKE_SURCHARGE_WAIVER": "NO", "EIGHTD_HAS_KEY_DISPENSER": "NO", "CAPACITY": 12, "RENTAL_METHODS": "KEY,CREDITCARD", "REGION_ID": "104", "REGION_NAME": "Fairfax, VA", "GIS_ID": null, "LATITUDE": 38.866361, "LONGITUDE": -77.199788, "GIS_LAST_MOD_DTTM": "2026-06-22T16:32:07Z", "OBJECTID": 357729007 }, "geometry": { "type": "Point", "coordinates": [ -77.199795621176008, 38.866367982311651 ] } },
{ "type": "Feature", "properties": { "NAME": "Potomac & M St NW", "STATION_TYPE": "classic", "STATION_ID": "082655cc-1f3f-11e7-bf6b-3863bb334450", "STATION_STATUS": null, "LAST_REPORTED": "2026-06-22T16:30:09Z", "NUM_DOCKS_AVAILABLE": 5, "NUM_DOCKS_DISABLED": 0, "NUM_BIKES_AVAILABLE": 12, "NUM_EBIKES_AVAILABLE": 6, "NUM_BIKES_DISABLED": 1, "IS_INSTALLED": "YES", "IS_RETURNING": "YES", "IS_RENTING": "YES", "HAS_KIOSK": "YES", "IOS": "https://dc.lft.to/lastmile_qr_scan", "ANDROID": "https://dc.lft.to/lastmile_qr_scan", "ELECTRIC_BIKE_SURCHARGE_WAIVER": "NO", "EIGHTD_HAS_KEY_DISPENSER": "NO", "CAPACITY": 19, "RENTAL_METHODS": "KEY,CREDITCARD", "REGION_ID": "42", "REGION_NAME": "Washington, DC", "GIS_ID": null, "LATITUDE": 38.905509, "LONGITUDE": -77.065246, "GIS_LAST_MOD_DTTM": "2026-06-22T16:32:07Z", "OBJECTID": 357729008 }, "geometry": { "type": "Point", "coordinates": [ -77.065245392673518, 38.90551798347208 ] } },
{ "type": "Feature", "properties": { "NAME": "Blueridge Ave & Elkin St", "STATION_TYPE": "classic", "STATION_ID": "ce78d5f4-486a-4a64-8518-5a10bfd7ef94", "STATION_STATUS": null, "LAST_REPORTED": "2026-06-22T16:29:54Z", "NUM_DOCKS_AVAILABLE": 6, "NUM_DOCKS_DISABLED": 0, "NUM_BIKES_AVAILABLE": 9, "NUM_EBIKES_AVAILABLE": 0, "NUM_BIKES_DISABLED": 0, "IS_INSTALLED": "YES", "IS_RETURNING": "YES", "IS_RENTING": "YES", "HAS_KIOSK": "YES", "IOS": "https://dc.lft.to/lastmile_qr_scan", "ANDROID": "https://dc.lft.to/lastmile_qr_scan", "ELECTRIC_BIKE_SURCHARGE_WAIVER": "NO", "EIGHTD_HAS_KEY_DISPENSER": "NO", "CAPACITY": 15, "RENTAL_METHODS": "KEY,CREDITCARD", "REGION_ID": "44", "REGION_NAME": "Montgomery County, MD (South)", "GIS_ID": null, "LATITUDE": 39.04313, "LONGITUDE": -77.05006, "GIS_LAST_MOD_DTTM": "2026-06-22T16:32:07Z", "OBJECTID": 357729009 }, "geometry": { "type": "Point", "coordinates": [ -77.05006594836432, 39.043135226111964 ] } },
{ "type": "Feature", "properties": { "NAME": "Belle View Blvd & 13th St S", "STATION_TYPE": "classic", "STATION_ID": "2225950881178464896", "STATION_STATUS": null, "LAST_REPORTED": "2026-06-22T16:31:19Z", "NUM_DOCKS_AVAILABLE": 6, "NUM_DOCKS_DISABLED": 0, "NUM_BIKES_AVAILABLE": 4, "NUM_EBIKES_AVAILABLE": 3, "NUM_BIKES_DISABLED": 0, "IS_INSTALLED": "YES", "IS_RETURNING": "YES", "IS_RENTING": "YES", "HAS_KIOSK": "YES", "IOS": "https://dc.lft.to/lastmile_qr_scan", "ANDROID": "https://dc.lft.to/lastmile_qr_scan", "ELECTRIC_BIKE_SURCHARGE_WAIVER": "NO", "EIGHTD_HAS_KEY_DISPENSER": "NO", "CAPACITY": 11, "RENTAL_METHODS": "KEY,CREDITCARD", "REGION_ID": "104", "REGION_NAME": "Fairfax, VA", "GIS_ID": null, "LATITUDE": 38.775162, "LONGITUDE": -77.059415, "GIS_LAST_MOD_DTTM": "2026-06-22T16:32:07Z", "OBJECTID": 357729010 }, "geometry": { "type": "Point", "coordinates": [ -77.059418378413781, 38.775168797375045 ] } },
{ "type": "Feature", "properties": { "NAME": "Washington-Liberty High School / N Stafford St & Generals Way", "STATION_TYPE": "classic", "STATION_ID": "32a59636-02e5-4c53-a437-020986923dca", "STATION_STATUS": null, "LAST_REPORTED": "2026-06-22T16:30:55Z", "NUM_DOCKS_AVAILABLE": 9, "NUM_DOCKS_DISABLED": 0, "NUM_BIKES_AVAILABLE": 6, "NUM_EBIKES_AVAILABLE": 1, "NUM_BIKES_DISABLED": 0, "IS_INSTALLED": "YES", "IS_RETURNING": "YES", "IS_RENTING": "YES", "HAS_KIOSK": "YES", "IOS": "https://dc.lft.to/lastmile_qr_scan", "ANDROID": "https://dc.lft.to/lastmile_qr_scan", "ELECTRIC_BIKE_SURCHARGE_WAIVER": "NO", "EIGHTD_HAS_KEY_DISPENSER": "NO", "CAPACITY": 15, "RENTAL_METHODS": "KEY,CREDITCARD", "REGION_ID": "41", "REGION_NAME": "Arlington, VA", "GIS_ID": null, "LATITUDE": 38.888282, "LONGITUDE": -77.111066, "GIS_LAST_MOD_DTTM": "2026-06-22T16:32:07Z", "OBJECTID": 357729011 }, "geometry": { "type": "Point", "coordinates": [ -77.111069760953043, 38.888286423365095 ] } },
{ "type": "Feature", "properties": { "NAME": "14th St & Marion Barry Ave SE", "STATION_TYPE": "classic", "STATION_ID": "08252874-1f3f-11e7-bf6b-3863bb334450", "STATION_STATUS": null, "LAST_REPORTED": "2026-06-22T16:27:35Z", "NUM_DOCKS_AVAILABLE": 5, "NUM_DOCKS_DISABLED": 0, "NUM_BIKES_AVAILABLE": 7, "NUM_EBIKES_AVAILABLE": 0, "NUM_BIKES_DISABLED": 0, "IS_INSTALLED": "YES", "IS_RETURNING": "YES", "IS_RENTING": "YES", "HAS_KIOSK": "NO", "IOS": "https://dc.lft.to/lastmile_qr_scan", "ANDROID": "https://dc.lft.to/lastmile_qr_scan", "ELECTRIC_BIKE_SURCHARGE_WAIVER": "NO", "EIGHTD_HAS_KEY_DISPENSER": "NO", "CAPACITY": 12, "RENTAL_METHODS": "KEY,CREDITCARD", "REGION_ID": "42", "REGION_NAME": "Washington, DC", "GIS_ID": null, "LATITUDE": 38.866611, "LONGITUDE": -76.985238, "GIS_LAST_MOD_DTTM": "2026-06-22T16:32:07Z", "OBJECTID": 357729012 }, "geometry": { "type": "Point", "coordinates": [ -76.98524157065728, 38.866619058759774 ] } },
{ "type": "Feature", "properties": { "NAME": "Langston Blvd & N Monroe St", "STATION_TYPE": "classic", "STATION_ID": "0825feb6-1f3f-11e7-bf6b-3863bb334450", "STATION_STATUS": null, "LAST_REPORTED": "2026-06-22T16:29:16Z", "NUM_DOCKS_AVAILABLE": 8, "NUM_DOCKS_DISABLED": 0, "NUM_BIKES_AVAILABLE": 4, "NUM_EBIKES_AVAILABLE": 1, "NUM_BIKES_DISABLED": 0, "IS_INSTALLED": "YES", "IS_RETURNING": "YES", "IS_RENTING": "YES", "HAS_KIOSK": "NO", "IOS": "https://dc.lft.to/lastmile_qr_scan", "ANDROID": "https://dc.lft.to/lastmile_qr_scan", "ELECTRIC_BIKE_SURCHARGE_WAIVER": "NO", "EIGHTD_HAS_KEY_DISPENSER": "NO", "CAPACITY": 12, "RENTAL_METHODS": "KEY,CREDITCARD", "REGION_ID": "41", "REGION_NAME": "Arlington, VA", "GIS_ID": null, "LATITUDE": 38.896456, "LONGITUDE": -77.104562, "GIS_LAST_MOD_DTTM": "2026-06-22T16:32:07Z", "OBJECTID": 357729013 }, "geometry": { "type": "Point", "coordinates": [ -77.104569379832171, 38.896463023057457 ] } },
{ "type": "Feature", "properties": { "NAME": "National Harbor Carousel", "STATION_TYPE": "classic", "STATION_ID": "55d3b43f-4ad3-4d65-889a-560ebe6126bf", "STATION_STATUS": null, "LAST_REPORTED": "2026-06-22T16:29:29Z", "NUM_DOCKS_AVAILABLE": 11, "NUM_DOCKS_DISABLED": 0, "NUM_BIKES_AVAILABLE": 3, "NUM_EBIKES_AVAILABLE": 2, "NUM_BIKES_DISABLED": 1, "IS_INSTALLED": "YES", "IS_RETURNING": "YES", "IS_RENTING": "YES", "HAS_KIOSK": "YES", "IOS": "https://dc.lft.to/lastmile_qr_scan", "ANDROID": "https://dc.lft.to/lastmile_qr_scan", "ELECTRIC_BIKE_SURCHARGE_WAIVER": "NO", "EIGHTD_HAS_KEY_DISPENSER": "NO", "CAPACITY": 15, "RENTAL_METHODS": "KEY,CREDITCARD", "REGION_ID": "133", "REGION_NAME": "Prince George's County", "GIS_ID": null, "LATITUDE": 38.7859, "LONGITUDE": -77.0167, "GIS_LAST_MOD_DTTM": "2026-06-22T16:32:07Z", "OBJECTID": 357729014 }, "geometry": { "type": "Point", "coordinates": [ -77.01670297810233, 38.78591190272887 ] } },
{ "type": "Feature", "properties": { "NAME": "1st & K St NE", "STATION_TYPE": "classic", "STATION_ID": "b8b6903d-fabc-48aa-af9b-2c5fb29344b9", "STATION_STATUS": null, "LAST_REPORTED": "2026-06-22T16:29:31Z", "NUM_DOCKS_AVAILABLE": 6, "NUM_DOCKS_DISABLED": 0, "NUM_BIKES_AVAILABLE": 11, "NUM_EBIKES_AVAILABLE": 1, "NUM_BIKES_DISABLED": 0, "IS_INSTALLED": "YES", "IS_RETURNING": "YES", "IS_RENTING": "YES", "HAS_KIOSK": "YES", "IOS": "https://dc.lft.to/lastmile_qr_scan", "ANDROID": "https://dc.lft.to/lastmile_qr_scan", "ELECTRIC_BIKE_SURCHARGE_WAIVER": "NO", "EIGHTD_HAS_KEY_DISPENSER": "NO", "CAPACITY": 17, "RENTAL_METHODS": "KEY,CREDITCARD", "REGION_ID": "42", "REGION_NAME": "Washington, DC", "GIS_ID": null, "LATITUDE": 38.902386, "LONGITUDE": -77.005649, "GIS_LAST_MOD_DTTM": "2026-06-22T16:32:07Z", "OBJECTID": 357729015 }, "geometry": { "type": "Point", "coordinates": [ -77.005651288754734, 38.902392150477382 ] } },
{ "type": "Feature", "properties": { "NAME": "17th & K St NW", "STATION_TYPE": "classic", "STATION_ID": "08249345-1f3f-11e7-bf6b-3863bb334450", "STATION_STATUS": null, "LAST_REPORTED": "2026-06-22T16:29:31Z", "NUM_DOCKS_AVAILABLE": 6, "NUM_DOCKS_DISABLED": 0, "NUM_BIKES_AVAILABLE": 17, "NUM_EBIKES_AVAILABLE": 9, "NUM_BIKES_DISABLED": 0, "IS_INSTALLED": "YES", "IS_RETURNING": "YES", "IS_RENTING": "YES", "HAS_KIOSK": "YES", "IOS": "https://dc.lft.to/lastmile_qr_scan", "ANDROID": "https://dc.lft.to/lastmile_qr_scan", "ELECTRIC_BIKE_SURCHARGE_WAIVER": "NO", "EIGHTD_HAS_KEY_DISPENSER": "NO", "CAPACITY": 23, "RENTAL_METHODS": "KEY,CREDITCARD", "REGION_ID": "42", "REGION_NAME": "Washington, DC", "GIS_ID": null, "LATITUDE": 38.90276, "LONGITUDE": -77.03863, "GIS_LAST_MOD_DTTM": "2026-06-22T16:32:07Z", "OBJECTID": 357729016 }, "geometry": { "type": "Point", "coordinates": [ -77.03863476389715, 38.902764249345331 ] } },
{ "type": "Feature", "properties": { "NAME": "Norfolk Ave & Fairmont St", "STATION_TYPE": "classic", "STATION_ID": "0825802a-1f3f-11e7-bf6b-3863bb334450", "STATION_STATUS": null, "LAST_REPORTED": "2026-06-22T16:29:31Z", "NUM_DOCKS_AVAILABLE": 7, "NUM_DOCKS_DISABLED": 0, "NUM_BIKES_AVAILABLE": 3, "NUM_EBIKES_AVAILABLE": 0, "NUM_BIKES_DISABLED": 0, "IS_INSTALLED": "YES", "IS_RETURNING": "YES", "IS_RENTING": "YES", "HAS_KIOSK": "YES", "IOS": "https://dc.lft.to/lastmile_qr_scan", "ANDROID": "https://dc.lft.to/lastmile_qr_scan", "ELECTRIC_BIKE_SURCHARGE_WAIVER": "NO", "EIGHTD_HAS_KEY_DISPENSER": "NO", "CAPACITY": 11, "RENTAL_METHODS": "KEY,CREDITCARD", "REGION_ID": "44", "REGION_NAME": "Montgomery County, MD (South)", "GIS_ID": null, "LATITUDE": 38.988562, "LONGITUDE": -77.096539, "GIS_LAST_MOD_DTTM": "2026-06-22T16:32:07Z", "OBJECTID": 357729017 }, "geometry": { "type": "Point", "coordinates": [ -77.096544000691978, 38.988570721853357 ] } },
{ "type": "Feature", "properties": { "NAME": "Monroe Ave & Leslie Ave", "STATION_TYPE": "classic", "STATION_ID": "0825f9b6-1f3f-11e7-bf6b-3863bb334450", "STATION_STATUS": null, "LAST_REPORTED": "2026-06-22T16:29:37Z", "NUM_DOCKS_AVAILABLE": 3, "NUM_DOCKS_DISABLED": 0, "NUM_BIKES_AVAILABLE": 12, "NUM_EBIKES_AVAILABLE": 0, "NUM_BIKES_DISABLED": 0, "IS_INSTALLED": "YES", "IS_RETURNING": "YES", "IS_RENTING": "YES", "HAS_KIOSK": "NO", "IOS": "https://dc.lft.to/lastmile_qr_scan", "ANDROID": "https://dc.lft.to/lastmile_qr_scan", "ELECTRIC_BIKE_SURCHARGE_WAIVER": "NO", "EIGHTD_HAS_KEY_DISPENSER": "NO", "CAPACITY": 16, "RENTAL_METHODS": "KEY,CREDITCARD", "REGION_ID": "40", "REGION_NAME": "Alexandria, VA", "GIS_ID": null, "LATITUDE": 38.820932, "LONGITUDE": -77.053096, "GIS_LAST_MOD_DTTM": "2026-06-22T16:32:07Z", "OBJECTID": 357729018 }, "geometry": { "type": "Point", "coordinates": [ -77.053099945097784, 38.820944094076928 ] } },
{ "type": "Feature", "properties": { "NAME": "Fleet St & Ritchie Pkwy", "STATION_TYPE": "classic", "STATION_ID": "0825b42a-1f3f-11e7-bf6b-3863bb334450", "STATION_STATUS": null, "LAST_REPORTED": "2026-06-22T16:29:32Z", "NUM_DOCKS_AVAILABLE": 14, "NUM_DOCKS_DISABLED": 0, "NUM_BIKES_AVAILABLE": 1, "NUM_EBIKES_AVAILABLE": 0, "NUM_BIKES_DISABLED": 0, "IS_INSTALLED": "YES", "IS_RETURNING": "YES", "IS_RENTING": "YES", "HAS_KIOSK": "YES", "IOS": "https://dc.lft.to/lastmile_qr_scan", "ANDROID": "https://dc.lft.to/lastmile_qr_scan", "ELECTRIC_BIKE_SURCHARGE_WAIVER": "NO", "EIGHTD_HAS_KEY_DISPENSER": "NO", "CAPACITY": 15, "RENTAL_METHODS": "KEY,CREDITCARD", "REGION_ID": "43", "REGION_NAME": "Montgomery County, MD (North)", "GIS_ID": null, "LATITUDE": 39.076331, "LONGITUDE": -77.141378, "GIS_LAST_MOD_DTTM": "2026-06-22T16:32:07Z", "OBJECTID": 357729019 }, "geometry": { "type": "Point", "coordinates": [ -77.141376238998234, 39.076336401616174 ] } },
{ "type": "Feature", "properties": { "NAME": "Congress Heights Metro", "STATION_TYPE": "classic", "STATION_ID": "08251aba-1f3f-11e7-bf6b-3863bb334450", "STATION_STATUS": null, "LAST_REPORTED": "2026-06-22T16:29:32Z", "NUM_DOCKS_AVAILABLE": 11, "NUM_DOCKS_DISABLED": 0, "NUM_BIKES_AVAILABLE": 4, "NUM_EBIKES_AVAILABLE": 1, "NUM_BIKES_DISABLED": 0, "IS_INSTALLED": "YES", "IS_RETURNING": "YES", "IS_RENTING": "YES", "HAS_KIOSK": "YES", "IOS": "https://dc.lft.to/lastmile_qr_scan", "ANDROID": "https://dc.lft.to/lastmile_qr_scan", "ELECTRIC_BIKE_SURCHARGE_WAIVER": "NO", "EIGHTD_HAS_KEY_DISPENSER": "NO", "CAPACITY": 15, "RENTAL_METHODS": "KEY,CREDITCARD", "REGION_ID": "42", "REGION_NAME": "Washington, DC", "GIS_ID": null, "LATITUDE": 38.844711, "LONGITUDE": -76.987823, "GIS_LAST_MOD_DTTM": "2026-06-22T16:32:07Z", "OBJECTID": 357729020 }, "geometry": { "type": "Point", "coordinates": [ -76.987826413369788, 38.844719865552783 ] } },
{ "type": "Feature", "properties": { "NAME": "21st St & G st NW", "STATION_TYPE": "classic", "STATION_ID": "8429af9f-3adc-4db6-b96a-7fd9c75fe3a3", "STATION_STATUS": null, "LAST_REPORTED": "2026-06-22T16:29:32Z", "NUM_DOCKS_AVAILABLE": 12, "NUM_DOCKS_DISABLED": 0, "NUM_BIKES_AVAILABLE": 7, "NUM_EBIKES_AVAILABLE": 2, "NUM_BIKES_DISABLED": 0, "IS_INSTALLED": "YES", "IS_RETURNING": "YES", "IS_RENTING": "YES", "HAS_KIOSK": "YES", "IOS": "https://dc.lft.to/lastmile_qr_scan", "ANDROID": "https://dc.lft.to/lastmile_qr_scan", "ELECTRIC_BIKE_SURCHARGE_WAIVER": "NO", "EIGHTD_HAS_KEY_DISPENSER": "NO", "CAPACITY": 19, "RENTAL_METHODS": "KEY,CREDITCARD", "REGION_ID": "42", "REGION_NAME": "Washington, DC", "GIS_ID": null, "LATITUDE": 38.898302, "LONGITUDE": -77.046913, "GIS_LAST_MOD_DTTM": "2026-06-22T16:32:07Z", "OBJECTID": 357729021 }, "geometry": { "type": "Point", "coordinates": [ -77.046920928995746, 38.898311084997587 ] } },
{ "type": "Feature", "properties": { "NAME": "Battery Ln & Trolley Trail", "STATION_TYPE": "classic", "STATION_ID": "0825b213-1f3f-11e7-bf6b-3863bb334450", "STATION_STATUS": null, "LAST_REPORTED": "2026-06-22T16:29:44Z", "NUM_DOCKS_AVAILABLE": 11, "NUM_DOCKS_DISABLED": 0, "NUM_BIKES_AVAILABLE": 3, "NUM_EBIKES_AVAILABLE": 0, "NUM_BIKES_DISABLED": 1, "IS_INSTALLED": "YES", "IS_RETURNING": "YES", "IS_RENTING": "YES", "HAS_KIOSK": "YES", "IOS": "https://dc.lft.to/lastmile_qr_scan", "ANDROID": "https://dc.lft.to/lastmile_qr_scan", "ELECTRIC_BIKE_SURCHARGE_WAIVER": "NO", "EIGHTD_HAS_KEY_DISPENSER": "NO", "CAPACITY": 15, "RENTAL_METHODS": "KEY,CREDITCARD", "REGION_ID": "44", "REGION_NAME": "Montgomery County, MD (South)", "GIS_ID": null, "LATITUDE": 38.992375, "LONGITUDE": -77.100104, "GIS_LAST_MOD_DTTM": "2026-06-22T16:32:07Z", "OBJECTID": 357729022 }, "geometry": { "type": "Point", "coordinates": [ -77.100104463564165, 38.992387209313684 ] } },
{ "type": "Feature", "properties": { "NAME": "4th & College St NW", "STATION_TYPE": "classic", "STATION_ID": "60b9672e-7668-431b-801b-affaccb680bb", "STATION_STATUS": null, "LAST_REPORTED": "2026-06-22T16:29:40Z", "NUM_DOCKS_AVAILABLE": 7, "NUM_DOCKS_DISABLED": 0, "NUM_BIKES_AVAILABLE": 8, "NUM_EBIKES_AVAILABLE": 1, "NUM_BIKES_DISABLED": 0, "IS_INSTALLED": "YES", "IS_RETURNING": "YES", "IS_RENTING": "YES", "HAS_KIOSK": "YES", "IOS": "https://dc.lft.to/lastmile_qr_scan", "ANDROID": "https://dc.lft.to/lastmile_qr_scan", "ELECTRIC_BIKE_SURCHARGE_WAIVER": "NO", "EIGHTD_HAS_KEY_DISPENSER": "NO", "CAPACITY": 15, "RENTAL_METHODS": "KEY,CREDITCARD", "REGION_ID": "42", "REGION_NAME": "Washington, DC", "GIS_ID": null, "LATITUDE": 38.921233, "LONGITUDE": -77.018135, "GIS_LAST_MOD_DTTM": "2026-06-22T16:32:07Z", "OBJECTID": 357729023 }, "geometry": { "type": "Point", "coordinates": [ -77.018141536020238, 38.921236328136906 ] } },
{ "type": "Feature", "properties": { "NAME": "14th St Heights / 14th & Crittenden St NW", "STATION_TYPE": "classic", "STATION_ID": "0824979f-1f3f-11e7-bf6b-3863bb334450", "STATION_STATUS": null, "LAST_REPORTED": "2026-06-22T16:29:40Z", "NUM_DOCKS_AVAILABLE": 6, "NUM_DOCKS_DISABLED": 0, "NUM_BIKES_AVAILABLE": 5, "NUM_EBIKES_AVAILABLE": 3, "NUM_BIKES_DISABLED": 0, "IS_INSTALLED": "YES", "IS_RETURNING": "YES", "IS_RENTING": "YES", "HAS_KIOSK": "YES", "IOS": "https://dc.lft.to/lastmile_qr_scan", "ANDROID": "https://dc.lft.to/lastmile_qr_scan", "ELECTRIC_BIKE_SURCHARGE_WAIVER": "NO", "EIGHTD_HAS_KEY_DISPENSER": "NO", "CAPACITY": 11, "RENTAL_METHODS": "KEY,CREDITCARD", "REGION_ID": "42", "REGION_NAME": "Washington, DC", "GIS_ID": null, "LATITUDE": 38.947774, "LONGITUDE": -77.032818, "GIS_LAST_MOD_DTTM": "2026-06-22T16:32:07Z", "OBJECTID": 357729024 }, "geometry": { "type": "Point", "coordinates": [ -77.032821985447271, 38.947780597097207 ] } },
{ "type": "Feature", "properties": { "NAME": "15th & East Capitol St NE", "STATION_TYPE": "classic", "STATION_ID": "0825548f-1f3f-11e7-bf6b-3863bb334450", "STATION_STATUS": null, "LAST_REPORTED": "2026-06-22T16:29:41Z", "NUM_DOCKS_AVAILABLE": 13, "NUM_DOCKS_DISABLED": 0, "NUM_BIKES_AVAILABLE": 2, "NUM_EBIKES_AVAILABLE": 1, "NUM_BIKES_DISABLED": 1, "IS_INSTALLED": "YES", "IS_RETURNING": "YES", "IS_RENTING": "YES", "HAS_KIOSK": "NO", "IOS": "https://dc.lft.to/lastmile_qr_scan", "ANDROID": "https://dc.lft.to/lastmile_qr_scan", "ELECTRIC_BIKE_SURCHARGE_WAIVER": "NO", "EIGHTD_HAS_KEY_DISPENSER": "NO", "CAPACITY": 16, "RENTAL_METHODS": "KEY,CREDITCARD", "REGION_ID": "42", "REGION_NAME": "Washington, DC", "GIS_ID": null, "LATITUDE": 38.889908, "LONGITUDE": -76.983326, "GIS_LAST_MOD_DTTM": "2026-06-22T16:32:07Z", "OBJECTID": 357729025 }, "geometry": { "type": "Point", "coordinates": [ -76.983323342531506, 38.889914509539807 ] } },
{ "type": "Feature", "properties": { "NAME": "Convention Center / 7th & M St NW", "STATION_TYPE": "classic", "STATION_ID": "0824a4ce-1f3f-11e7-bf6b-3863bb334450", "STATION_STATUS": null, "LAST_REPORTED": "2026-06-22T16:29:43Z", "NUM_DOCKS_AVAILABLE": 21, "NUM_DOCKS_DISABLED": 0, "NUM_BIKES_AVAILABLE": 6, "NUM_EBIKES_AVAILABLE": 2, "NUM_BIKES_DISABLED": 0, "IS_INSTALLED": "YES", "IS_RETURNING": "YES", "IS_RENTING": "YES", "HAS_KIOSK": "YES", "IOS": "https://dc.lft.to/lastmile_qr_scan", "ANDROID": "https://dc.lft.to/lastmile_qr_scan", "ELECTRIC_BIKE_SURCHARGE_WAIVER": "NO", "EIGHTD_HAS_KEY_DISPENSER": "NO", "CAPACITY": 27, "RENTAL_METHODS": "KEY,CREDITCARD", "REGION_ID": "42", "REGION_NAME": "Washington, DC", "GIS_ID": null, "LATITUDE": 38.905737, "LONGITUDE": -77.02227, "GIS_LAST_MOD_DTTM": "2026-06-22T16:32:07Z", "OBJECTID": 357729026 }, "geometry": { "type": "Point", "coordinates": [ -77.022276549890009, 38.90574127071838 ] } },
{ "type": "Feature", "properties": { "NAME": "Wheeler Ave & S. Floyd St.", "STATION_TYPE": "classic", "STATION_ID": "8e3245e2-f310-4173-9c2d-9ad00587a23c", "STATION_STATUS": null, "LAST_REPORTED": "2026-06-22T16:29:42Z", "NUM_DOCKS_AVAILABLE": 0, "NUM_DOCKS_DISABLED": 0, "NUM_BIKES_AVAILABLE": 12, "NUM_EBIKES_AVAILABLE": 0, "NUM_BIKES_DISABLED": 0, "IS_INSTALLED": "YES", "IS_RETURNING": "YES", "IS_RENTING": "YES", "HAS_KIOSK": "YES", "IOS": "https://dc.lft.to/lastmile_qr_scan", "ANDROID": "https://dc.lft.to/lastmile_qr_scan", "ELECTRIC_BIKE_SURCHARGE_WAIVER": "NO", "EIGHTD_HAS_KEY_DISPENSER": "NO", "CAPACITY": 12, "RENTAL_METHODS": "KEY,CREDITCARD", "REGION_ID": "40", "REGION_NAME": "Alexandria, VA", "GIS_ID": null, "LATITUDE": 38.808161, "LONGITUDE": -77.100796, "GIS_LAST_MOD_DTTM": "2026-06-22T16:32:07Z", "OBJECTID": 357729027 }, "geometry": { "type": "Point", "coordinates": [ -77.10080188138771, 38.808165618639997 ] } },
{ "type": "Feature", "properties": { "NAME": "Benning Rd & East Capitol St NE / Benning Rd Metro", "STATION_TYPE": "classic", "STATION_ID": "0825176c-1f3f-11e7-bf6b-3863bb334450", "STATION_STATUS": null, "LAST_REPORTED": "2026-06-22T16:29:43Z", "NUM_DOCKS_AVAILABLE": 14, "NUM_DOCKS_DISABLED": 0, "NUM_BIKES_AVAILABLE": 4, "NUM_EBIKES_AVAILABLE": 2, "NUM_BIKES_DISABLED": 1, "IS_INSTALLED": "YES", "IS_RETURNING": "YES", "IS_RENTING": "YES", "HAS_KIOSK": "YES", "IOS": "https://dc.lft.to/lastmile_qr_scan", "ANDROID": "https://dc.lft.to/lastmile_qr_scan", "ELECTRIC_BIKE_SURCHARGE_WAIVER": "NO", "EIGHTD_HAS_KEY_DISPENSER": "NO", "CAPACITY": 19, "RENTAL_METHODS": "KEY,CREDITCARD", "REGION_ID": "42", "REGION_NAME": "Washington, DC", "GIS_ID": null, "LATITUDE": 38.889935, "LONGITUDE": -76.93723, "GIS_LAST_MOD_DTTM": "2026-06-22T16:32:07Z", "OBJECTID": 357729028 }, "geometry": { "type": "Point", "coordinates": [ -76.937228576351757, 38.889943876237233 ] } },
{ "type": "Feature", "properties": { "NAME": "S Glebe Rd & Potomac Ave", "STATION_TYPE": "classic", "STATION_ID": "08247269-1f3f-11e7-bf6b-3863bb334450", "STATION_STATUS": null, "LAST_REPORTED": "2026-06-22T16:29:51Z", "NUM_DOCKS_AVAILABLE": 3, "NUM_DOCKS_DISABLED": 0, "NUM_BIKES_AVAILABLE": 8, "NUM_EBIKES_AVAILABLE": 0, "NUM_BIKES_DISABLED": 0, "IS_INSTALLED": "YES", "IS_RETURNING": "YES", "IS_RENTING": "YES", "HAS_KIOSK": "YES", "IOS": "https://dc.lft.to/lastmile_qr_scan", "ANDROID": "https://dc.lft.to/lastmile_qr_scan", "ELECTRIC_BIKE_SURCHARGE_WAIVER": "NO", "EIGHTD_HAS_KEY_DISPENSER": "NO", "CAPACITY": 11, "RENTAL_METHODS": "KEY,CREDITCARD", "REGION_ID": "41", "REGION_NAME": "Arlington, VA", "GIS_ID": null, "LATITUDE": 38.8426, "LONGITUDE": -77.0502, "GIS_LAST_MOD_DTTM": "2026-06-22T16:32:07Z", "OBJECTID": 357729029 }, "geometry": { "type": "Point", "coordinates": [ -77.050201771455917, 38.842610735932205 ] } },
{ "type": "Feature", "properties": { "NAME": "N Howard St & N Imboden St", "STATION_TYPE": "classic", "STATION_ID": "5e229707-ae42-42f7-b31d-1a65af253027", "STATION_STATUS": null, "LAST_REPORTED": "2026-06-22T16:29:49Z", "NUM_DOCKS_AVAILABLE": 9, "NUM_DOCKS_DISABLED": 0, "NUM_BIKES_AVAILABLE": 2, "NUM_EBIKES_AVAILABLE": 1, "NUM_BIKES_DISABLED": 0, "IS_INSTALLED": "YES", "IS_RETURNING": "YES", "IS_RENTING": "YES", "HAS_KIOSK": "YES", "IOS": "https://dc.lft.to/lastmile_qr_scan", "ANDROID": "https://dc.lft.to/lastmile_qr_scan", "ELECTRIC_BIKE_SURCHARGE_WAIVER": "NO", "EIGHTD_HAS_KEY_DISPENSER": "NO", "CAPACITY": 11, "RENTAL_METHODS": "KEY,CREDITCARD", "REGION_ID": "40", "REGION_NAME": "Alexandria, VA", "GIS_ID": null, "LATITUDE": 38.818509, "LONGITUDE": -77.105564, "GIS_LAST_MOD_DTTM": "2026-06-22T16:32:07Z", "OBJECTID": 357729030 }, "geometry": { "type": "Point", "coordinates": [ -77.105560698698937, 38.818521180180532 ] } },
{ "type": "Feature", "properties": { "NAME": "18th St & Rhode Island Ave NE", "STATION_TYPE": "classic", "STATION_ID": "08255561-1f3f-11e7-bf6b-3863bb334450", "STATION_STATUS": null, "LAST_REPORTED": "2026-06-22T16:29:46Z", "NUM_DOCKS_AVAILABLE": 10, "NUM_DOCKS_DISABLED": 0, "NUM_BIKES_AVAILABLE": 3, "NUM_EBIKES_AVAILABLE": 0, "NUM_BIKES_DISABLED": 2, "IS_INSTALLED": "YES", "IS_RETURNING": "YES", "IS_RENTING": "YES", "HAS_KIOSK": "YES", "IOS": "https://dc.lft.to/lastmile_qr_scan", "ANDROID": "https://dc.lft.to/lastmile_qr_scan", "ELECTRIC_BIKE_SURCHARGE_WAIVER": "NO", "EIGHTD_HAS_KEY_DISPENSER": "NO", "CAPACITY": 15, "RENTAL_METHODS": "KEY,CREDITCARD", "REGION_ID": "42", "REGION_NAME": "Washington, DC", "GIS_ID": null, "LATITUDE": 38.927095, "LONGITUDE": -76.978924, "GIS_LAST_MOD_DTTM": "2026-06-22T16:32:07Z", "OBJECTID": 357729031 }, "geometry": { "type": "Point", "coordinates": [ -76.978920735270663, 38.927100252643356 ] } },
{ "type": "Feature", "properties": { "NAME": "Fairfax Dr. & N. Pollard St", "STATION_TYPE": "classic", "STATION_ID": "2202583795313840508", "STATION_STATUS": null, "LAST_REPORTED": "2026-06-22T16:28:52Z", "NUM_DOCKS_AVAILABLE": 4, "NUM_DOCKS_DISABLED": 0, "NUM_BIKES_AVAILABLE": 3, "NUM_EBIKES_AVAILABLE": 0, "NUM_BIKES_DISABLED": 0, "IS_INSTALLED": "YES", "IS_RETURNING": "YES", "IS_RENTING": "YES", "HAS_KIOSK": "NO", "IOS": "https://dc.lft.to/lastmile_qr_scan", "ANDROID": "https://dc.lft.to/lastmile_qr_scan", "ELECTRIC_BIKE_SURCHARGE_WAIVER": "NO", "EIGHTD_HAS_KEY_DISPENSER": "NO", "CAPACITY": 7, "RENTAL_METHODS": "KEY,CREDITCARD", "REGION_ID": "41", "REGION_NAME": "Arlington, VA", "GIS_ID": null, "LATITUDE": 38.882558, "LONGITUDE": -77.10692, "GIS_LAST_MOD_DTTM": "2026-06-22T16:32:07Z", "OBJECTID": 357729032 }, "geometry": { "type": "Point", "coordinates": [ -77.106923248293597, 38.882569965323782 ] } },
{ "type": "Feature", "properties": { "NAME": "Fairhaven Ave & Monticello Rd", "STATION_TYPE": "classic", "STATION_ID": "2225205040569124696", "STATION_STATUS": null, "LAST_REPORTED": "2026-06-22T16:29:55Z", "NUM_DOCKS_AVAILABLE": 1, "NUM_DOCKS_DISABLED": 0, "NUM_BIKES_AVAILABLE": 9, "NUM_EBIKES_AVAILABLE": 1, "NUM_BIKES_DISABLED": 1, "IS_INSTALLED": "YES", "IS_RETURNING": "YES", "IS_RENTING": "YES", "HAS_KIOSK": "YES", "IOS": "https://dc.lft.to/lastmile_qr_scan", "ANDROID": "https://dc.lft.to/lastmile_qr_scan", "ELECTRIC_BIKE_SURCHARGE_WAIVER": "NO", "EIGHTD_HAS_KEY_DISPENSER": "NO", "CAPACITY": 11, "RENTAL_METHODS": "KEY,CREDITCARD", "REGION_ID": "104", "REGION_NAME": "Fairfax, VA", "GIS_ID": null, "LATITUDE": 38.787375, "LONGITUDE": -77.080536, "GIS_LAST_MOD_DTTM": "2026-06-22T16:32:07Z", "OBJECTID": 357729033 }, "geometry": { "type": "Point", "coordinates": [ -77.080537924631031, 38.787380707243251 ] } },
{ "type": "Feature", "properties": { "NAME": "Greensboro & International Dr", "STATION_TYPE": "classic", "STATION_ID": "0826410b-1f3f-11e7-bf6b-3863bb334450", "STATION_STATUS": null, "LAST_REPORTED": "2026-06-22T16:29:53Z", "NUM_DOCKS_AVAILABLE": 2, "NUM_DOCKS_DISABLED": 0, "NUM_BIKES_AVAILABLE": 9, "NUM_EBIKES_AVAILABLE": 2, "NUM_BIKES_DISABLED": 0, "IS_INSTALLED": "YES", "IS_RETURNING": "YES", "IS_RENTING": "YES", "HAS_KIOSK": "YES", "IOS": "https://dc.lft.to/lastmile_qr_scan", "ANDROID": "https://dc.lft.to/lastmile_qr_scan", "ELECTRIC_BIKE_SURCHARGE_WAIVER": "NO", "EIGHTD_HAS_KEY_DISPENSER": "NO", "CAPACITY": 11, "RENTAL_METHODS": "KEY,CREDITCARD", "REGION_ID": "104", "REGION_NAME": "Fairfax, VA", "GIS_ID": null, "LATITUDE": 38.923083, "LONGITUDE": -77.227417, "GIS_LAST_MOD_DTTM": "2026-06-22T16:32:07Z", "OBJECTID": 357729034 }, "geometry": { "type": "Point", "coordinates": [ -77.227423664959019, 38.923088354418418 ] } },
{ "type": "Feature", "properties": { "NAME": "Dulles Technology Dr & Sunrise Valley Dr", "STATION_TYPE": "classic", "STATION_ID": "2114282027453252138", "STATION_STATUS": null, "LAST_REPORTED": "2026-06-22T16:29:53Z", "NUM_DOCKS_AVAILABLE": 5, "NUM_DOCKS_DISABLED": 1, "NUM_BIKES_AVAILABLE": 4, "NUM_EBIKES_AVAILABLE": 0, "NUM_BIKES_DISABLED": 0, "IS_INSTALLED": "YES", "IS_RETURNING": "YES", "IS_RENTING": "YES", "HAS_KIOSK": "YES", "IOS": "https://dc.lft.to/lastmile_qr_scan", "ANDROID": "https://dc.lft.to/lastmile_qr_scan", "ELECTRIC_BIKE_SURCHARGE_WAIVER": "NO", "EIGHTD_HAS_KEY_DISPENSER": "NO", "CAPACITY": 11, "RENTAL_METHODS": "KEY,CREDITCARD", "REGION_ID": "104", "REGION_NAME": "Fairfax, VA", "GIS_ID": null, "LATITUDE": 38.95665, "LONGITUDE": -77.413788, "GIS_LAST_MOD_DTTM": "2026-06-22T16:32:07Z", "OBJECTID": 357729035 }, "geometry": { "type": "Point", "coordinates": [ -77.413791065702725, 38.95665578122923 ] } },
{ "type": "Feature", "properties": { "NAME": "Neal St & Trinidad Ave NE", "STATION_TYPE": "classic", "STATION_ID": "082565f9-1f3f-11e7-bf6b-3863bb334450", "STATION_STATUS": null, "LAST_REPORTED": "2026-06-22T16:29:56Z", "NUM_DOCKS_AVAILABLE": 12, "NUM_DOCKS_DISABLED": 0, "NUM_BIKES_AVAILABLE": 2, "NUM_EBIKES_AVAILABLE": 0, "NUM_BIKES_DISABLED": 0, "IS_INSTALLED": "YES", "IS_RETURNING": "YES", "IS_RENTING": "YES", "HAS_KIOSK": "YES", "IOS": "https://dc.lft.to/lastmile_qr_scan", "ANDROID": "https://dc.lft.to/lastmile_qr_scan", "ELECTRIC_BIKE_SURCHARGE_WAIVER": "NO", "EIGHTD_HAS_KEY_DISPENSER": "NO", "CAPACITY": 15, "RENTAL_METHODS": "KEY,CREDITCARD", "REGION_ID": "42", "REGION_NAME": "Washington, DC", "GIS_ID": null, "LATITUDE": 38.903732, "LONGITUDE": -76.987211, "GIS_LAST_MOD_DTTM": "2026-06-22T16:32:07Z", "OBJECTID": 357729036 }, "geometry": { "type": "Point", "coordinates": [ -76.987216844444546, 38.903742841442941 ] } },
{ "type": "Feature", "properties": { "NAME": "King St Metro South", "STATION_TYPE": "classic", "STATION_ID": "08253cdb-1f3f-11e7-bf6b-3863bb334450", "STATION_STATUS": null, "LAST_REPORTED": "2026-06-22T16:29:58Z", "NUM_DOCKS_AVAILABLE": 23, "NUM_DOCKS_DISABLED": 0, "NUM_BIKES_AVAILABLE": 0, "NUM_EBIKES_AVAILABLE": 0, "NUM_BIKES_DISABLED": 0, "IS_INSTALLED": "YES", "IS_RETURNING": "YES", "IS_RENTING": "YES", "HAS_KIOSK": "YES", "IOS": "https://dc.lft.to/lastmile_qr_scan", "ANDROID": "https://dc.lft.to/lastmile_qr_scan", "ELECTRIC_BIKE_SURCHARGE_WAIVER": "NO", "EIGHTD_HAS_KEY_DISPENSER": "NO", "CAPACITY": 23, "RENTAL_METHODS": "KEY,CREDITCARD", "REGION_ID": "40", "REGION_NAME": "Alexandria, VA", "GIS_ID": null, "LATITUDE": 38.805763, "LONGITUDE": -77.060627, "GIS_LAST_MOD_DTTM": "2026-06-22T16:32:07Z", "OBJECTID": 357729037 }, "geometry": { "type": "Point", "coordinates": [ -77.060629672603255, 38.805770124588449 ] } },
{ "type": "Feature", "properties": { "NAME": "Potomac Ave & Swann Ave", "STATION_TYPE": "classic", "STATION_ID": "0826315d-1f3f-11e7-bf6b-3863bb334450", "STATION_STATUS": null, "LAST_REPORTED": "2026-06-22T16:30:06Z", "NUM_DOCKS_AVAILABLE": 16, "NUM_DOCKS_DISABLED": 0, "NUM_BIKES_AVAILABLE": 2, "NUM_EBIKES_AVAILABLE": 1, "NUM_BIKES_DISABLED": 0, "IS_INSTALLED": "YES", "IS_RETURNING": "YES", "IS_RENTING": "YES", "HAS_KIOSK": "YES", "IOS": "https://dc.lft.to/lastmile_qr_scan", "ANDROID": "https://dc.lft.to/lastmile_qr_scan", "ELECTRIC_BIKE_SURCHARGE_WAIVER": "NO", "EIGHTD_HAS_KEY_DISPENSER": "NO", "CAPACITY": 19, "RENTAL_METHODS": "KEY,CREDITCARD", "REGION_ID": "40", "REGION_NAME": "Alexandria, VA", "GIS_ID": null, "LATITUDE": 38.829545, "LONGITUDE": -77.047844, "GIS_LAST_MOD_DTTM": "2026-06-22T16:32:07Z", "OBJECTID": 357729038 }, "geometry": { "type": "Point", "coordinates": [ -77.047843156518411, 38.829549460921626 ] } },
{ "type": "Feature", "properties": { "NAME": "Wisconsin Ave & Rodman St NW", "STATION_TYPE": "classic", "STATION_ID": "c7402dc0-b498-47b0-8977-2b9d671a62bb", "STATION_STATUS": null, "LAST_REPORTED": "2026-06-22T16:30:06Z", "NUM_DOCKS_AVAILABLE": 7, "NUM_DOCKS_DISABLED": 0, "NUM_BIKES_AVAILABLE": 14, "NUM_EBIKES_AVAILABLE": 4, "NUM_BIKES_DISABLED": 1, "IS_INSTALLED": "YES", "IS_RETURNING": "YES", "IS_RENTING": "YES", "HAS_KIOSK": "YES", "IOS": "https://dc.lft.to/lastmile_qr_scan", "ANDROID": "https://dc.lft.to/lastmile_qr_scan", "ELECTRIC_BIKE_SURCHARGE_WAIVER": "NO", "EIGHTD_HAS_KEY_DISPENSER": "NO", "CAPACITY": 23, "RENTAL_METHODS": "KEY,CREDITCARD", "REGION_ID": "42", "REGION_NAME": "Washington, DC", "GIS_ID": null, "LATITUDE": 38.939674, "LONGITUDE": -77.075277, "GIS_LAST_MOD_DTTM": "2026-06-22T16:32:07Z", "OBJECTID": 357729039 }, "geometry": { "type": "Point", "coordinates": [ -77.075277168629086, 38.939680531122441 ] } },
{ "type": "Feature", "properties": { "NAME": "Baltimore Ave & Jefferson St", "STATION_TYPE": "classic", "STATION_ID": "5efd5ecc-a734-4e7b-9142-a500a317df60", "STATION_STATUS": null, "LAST_REPORTED": "2026-06-22T16:30:06Z", "NUM_DOCKS_AVAILABLE": 12, "NUM_DOCKS_DISABLED": 0, "NUM_BIKES_AVAILABLE": 3, "NUM_EBIKES_AVAILABLE": 1, "NUM_BIKES_DISABLED": 0, "IS_INSTALLED": "YES", "IS_RETURNING": "YES", "IS_RENTING": "YES", "HAS_KIOSK": "YES", "IOS": "https://dc.lft.to/lastmile_qr_scan", "ANDROID": "https://dc.lft.to/lastmile_qr_scan", "ELECTRIC_BIKE_SURCHARGE_WAIVER": "NO", "EIGHTD_HAS_KEY_DISPENSER": "NO", "CAPACITY": 15, "RENTAL_METHODS": "KEY,CREDITCARD", "REGION_ID": "133", "REGION_NAME": "Prince George's County", "GIS_ID": null, "LATITUDE": 38.95548, "LONGITUDE": -76.940133, "GIS_LAST_MOD_DTTM": "2026-06-22T16:32:07Z", "OBJECTID": 357729040 }, "geometry": { "type": "Point", "coordinates": [ -76.940135908668466, 38.955489970551248 ] } },
{ "type": "Feature", "properties": { "NAME": "Fenton St & Ellsworth Dr ", "STATION_TYPE": "classic", "STATION_ID": "0825b6a9-1f3f-11e7-bf6b-3863bb334450", "STATION_STATUS": null, "LAST_REPORTED": "2026-06-22T16:30:03Z", "NUM_DOCKS_AVAILABLE": 11, "NUM_DOCKS_DISABLED": 0, "NUM_BIKES_AVAILABLE": 4, "NUM_EBIKES_AVAILABLE": 1, "NUM_BIKES_DISABLED": 0, "IS_INSTALLED": "YES", "IS_RETURNING": "YES", "IS_RENTING": "YES", "HAS_KIOSK": "YES", "IOS": "https://dc.lft.to/lastmile_qr_scan", "ANDROID": "https://dc.lft.to/lastmile_qr_scan", "ELECTRIC_BIKE_SURCHARGE_WAIVER": "NO", "EIGHTD_HAS_KEY_DISPENSER": "NO", "CAPACITY": 15, "RENTAL_METHODS": "KEY,CREDITCARD", "REGION_ID": "44", "REGION_NAME": "Montgomery County, MD (South)", "GIS_ID": null, "LATITUDE": 38.997033, "LONGITUDE": -77.025608, "GIS_LAST_MOD_DTTM": "2026-06-22T16:32:07Z", "OBJECTID": 357729041 }, "geometry": { "type": "Point", "coordinates": [ -77.025606657679759, 38.997039436654333 ] } },
{ "type": "Feature", "properties": { "NAME": "Park Run & Onyx Dr", "STATION_TYPE": "classic", "STATION_ID": "a826e5d0-8ee8-41a4-8c1d-1a2ad7212dec", "STATION_STATUS": null, "LAST_REPORTED": "2026-06-22T16:30:04Z", "NUM_DOCKS_AVAILABLE": 4, "NUM_DOCKS_DISABLED": 0, "NUM_BIKES_AVAILABLE": 7, "NUM_EBIKES_AVAILABLE": 0, "NUM_BIKES_DISABLED": 0, "IS_INSTALLED": "YES", "IS_RETURNING": "YES", "IS_RENTING": "YES", "HAS_KIOSK": "YES", "IOS": "https://dc.lft.to/lastmile_qr_scan", "ANDROID": "https://dc.lft.to/lastmile_qr_scan", "ELECTRIC_BIKE_SURCHARGE_WAIVER": "NO", "EIGHTD_HAS_KEY_DISPENSER": "NO", "CAPACITY": 11, "RENTAL_METHODS": "KEY,CREDITCARD", "REGION_ID": "104", "REGION_NAME": "Fairfax, VA", "GIS_ID": null, "LATITUDE": 38.92755, "LONGITUDE": -77.226644, "GIS_LAST_MOD_DTTM": "2026-06-22T16:32:07Z", "OBJECTID": 357729042 }, "geometry": { "type": "Point", "coordinates": [ -77.226642165167817, 38.927558012457538 ] } },
{ "type": "Feature", "properties": { "NAME": "Wisconsin Ave & Newark St NW", "STATION_TYPE": "classic", "STATION_ID": "0824973c-1f3f-11e7-bf6b-3863bb334450", "STATION_STATUS": null, "LAST_REPORTED": "2026-06-22T16:30:05Z", "NUM_DOCKS_AVAILABLE": 14, "NUM_DOCKS_DISABLED": 0, "NUM_BIKES_AVAILABLE": 4, "NUM_EBIKES_AVAILABLE": 3, "NUM_BIKES_DISABLED": 1, "IS_INSTALLED": "YES", "IS_RETURNING": "YES", "IS_RENTING": "YES", "HAS_KIOSK": "YES", "IOS": "https://dc.lft.to/lastmile_qr_scan", "ANDROID": "https://dc.lft.to/lastmile_qr_scan", "ELECTRIC_BIKE_SURCHARGE_WAIVER": "NO", "EIGHTD_HAS_KEY_DISPENSER": "NO", "CAPACITY": 19, "RENTAL_METHODS": "KEY,CREDITCARD", "REGION_ID": "42", "REGION_NAME": "Washington, DC", "GIS_ID": null, "LATITUDE": 38.934881, "LONGITUDE": -77.072755, "GIS_LAST_MOD_DTTM": "2026-06-22T16:32:07Z", "OBJECTID": 357729043 }, "geometry": { "type": "Point", "coordinates": [ -77.07275773322462, 38.934889710358405 ] } },
{ "type": "Feature", "properties": { "NAME": "West Falls Church Metro", "STATION_TYPE": "classic", "STATION_ID": "825f1146-bd56-4b4a-acfa-ff9d95472723", "STATION_STATUS": null, "LAST_REPORTED": "2026-06-22T16:29:59Z", "NUM_DOCKS_AVAILABLE": 7, "NUM_DOCKS_DISABLED": 0, "NUM_BIKES_AVAILABLE": 11, "NUM_EBIKES_AVAILABLE": 3, "NUM_BIKES_DISABLED": 1, "IS_INSTALLED": "YES", "IS_RETURNING": "YES", "IS_RENTING": "YES", "HAS_KIOSK": "YES", "IOS": "https://dc.lft.to/lastmile_qr_scan", "ANDROID": "https://dc.lft.to/lastmile_qr_scan", "ELECTRIC_BIKE_SURCHARGE_WAIVER": "NO", "EIGHTD_HAS_KEY_DISPENSER": "NO", "CAPACITY": 19, "RENTAL_METHODS": "KEY,CREDITCARD", "REGION_ID": "104", "REGION_NAME": "Fairfax, VA", "GIS_ID": null, "LATITUDE": 38.899708, "LONGITUDE": -77.188788, "GIS_LAST_MOD_DTTM": "2026-06-22T16:32:07Z", "OBJECTID": 357729044 }, "geometry": { "type": "Point", "coordinates": [ -77.188787394278776, 38.899717402807909 ] } },
{ "type": "Feature", "properties": { "NAME": "Baltimore Ave & Van Buren St / Riverdale Park Station", "STATION_TYPE": "classic", "STATION_ID": "3c8cebaf-4155-47d8-8272-9d65831f33b8", "STATION_STATUS": null, "LAST_REPORTED": "2026-06-22T16:30:00Z", "NUM_DOCKS_AVAILABLE": 13, "NUM_DOCKS_DISABLED": 0, "NUM_BIKES_AVAILABLE": 4, "NUM_EBIKES_AVAILABLE": 1, "NUM_BIKES_DISABLED": 0, "IS_INSTALLED": "YES", "IS_RETURNING": "YES", "IS_RENTING": "YES", "HAS_KIOSK": "YES", "IOS": "https://dc.lft.to/lastmile_qr_scan", "ANDROID": "https://dc.lft.to/lastmile_qr_scan", "ELECTRIC_BIKE_SURCHARGE_WAIVER": "NO", "EIGHTD_HAS_KEY_DISPENSER": "NO", "CAPACITY": 17, "RENTAL_METHODS": "KEY,CREDITCARD", "REGION_ID": "133", "REGION_NAME": "Prince George's County", "GIS_ID": null, "LATITUDE": 38.969581, "LONGITUDE": -76.937349, "GIS_LAST_MOD_DTTM": "2026-06-22T16:32:07Z", "OBJECTID": 357729045 }, "geometry": { "type": "Point", "coordinates": [ -76.937354598547032, 38.969586434245841 ] } },
{ "type": "Feature", "properties": { "NAME": "Lyttonsville Rd & Lyttonsville Pl", "STATION_TYPE": "classic", "STATION_ID": "082618a7-1f3f-11e7-bf6b-3863bb334450", "STATION_STATUS": null, "LAST_REPORTED": "2026-06-22T16:30:02Z", "NUM_DOCKS_AVAILABLE": 6, "NUM_DOCKS_DISABLED": 0, "NUM_BIKES_AVAILABLE": 9, "NUM_EBIKES_AVAILABLE": 0, "NUM_BIKES_DISABLED": 0, "IS_INSTALLED": "YES", "IS_RETURNING": "YES", "IS_RENTING": "YES", "HAS_KIOSK": "YES", "IOS": "https://dc.lft.to/lastmile_qr_scan", "ANDROID": "https://dc.lft.to/lastmile_qr_scan", "ELECTRIC_BIKE_SURCHARGE_WAIVER": "NO", "EIGHTD_HAS_KEY_DISPENSER": "NO", "CAPACITY": 15, "RENTAL_METHODS": "KEY,CREDITCARD", "REGION_ID": "44", "REGION_NAME": "Montgomery County, MD (South)", "GIS_ID": null, "LATITUDE": 38.999679, "LONGITUDE": -77.051168, "GIS_LAST_MOD_DTTM": "2026-06-22T16:32:07Z", "OBJECTID": 357729046 }, "geometry": { "type": "Point", "coordinates": [ -77.051166755085703, 38.999688465058448 ] } },
{ "type": "Feature", "properties": { "NAME": "S Reynolds St & Edsall Rd", "STATION_TYPE": "classic", "STATION_ID": "41b8e956-0341-4752-89a4-659f7b9eabb8", "STATION_STATUS": null, "LAST_REPORTED": "2026-06-22T16:30:00Z", "NUM_DOCKS_AVAILABLE": 10, "NUM_DOCKS_DISABLED": 0, "NUM_BIKES_AVAILABLE": 5, "NUM_EBIKES_AVAILABLE": 0, "NUM_BIKES_DISABLED": 0, "IS_INSTALLED": "YES", "IS_RETURNING": "YES", "IS_RENTING": "YES", "HAS_KIOSK": "YES", "IOS": "https://dc.lft.to/lastmile_qr_scan", "ANDROID": "https://dc.lft.to/lastmile_qr_scan", "ELECTRIC_BIKE_SURCHARGE_WAIVER": "NO", "EIGHTD_HAS_KEY_DISPENSER": "NO", "CAPACITY": 15, "RENTAL_METHODS": "KEY,CREDITCARD", "REGION_ID": "40", "REGION_NAME": "Alexandria, VA", "GIS_ID": null, "LATITUDE": 38.809607, "LONGITUDE": -77.128908, "GIS_LAST_MOD_DTTM": "2026-06-22T16:32:07Z", "OBJECTID": 357729047 }, "geometry": { "type": "Point", "coordinates": [ -77.128908664315858, 38.809615343786916 ] } },
{ "type": "Feature", "properties": { "NAME": "North Bethesda Metro", "STATION_TYPE": "classic", "STATION_ID": "eda4c5ee-faf7-4dae-b135-3065deb46ffe", "STATION_STATUS": null, "LAST_REPORTED": "2026-06-22T16:30:09Z", "NUM_DOCKS_AVAILABLE": 20, "NUM_DOCKS_DISABLED": 0, "NUM_BIKES_AVAILABLE": 5, "NUM_EBIKES_AVAILABLE": 0, "NUM_BIKES_DISABLED": 0, "IS_INSTALLED": "YES", "IS_RETURNING": "YES", "IS_RENTING": "YES", "HAS_KIOSK": "YES", "IOS": "https://dc.lft.to/lastmile_qr_scan", "ANDROID": "https://dc.lft.to/lastmile_qr_scan", "ELECTRIC_BIKE_SURCHARGE_WAIVER": "NO", "EIGHTD_HAS_KEY_DISPENSER": "NO", "CAPACITY": 25, "RENTAL_METHODS": "KEY,CREDITCARD", "REGION_ID": "43", "REGION_NAME": "Montgomery County, MD (North)", "GIS_ID": null, "LATITUDE": 39.04753, "LONGITUDE": -77.11287, "GIS_LAST_MOD_DTTM": "2026-06-22T16:32:07Z", "OBJECTID": 357729048 }, "geometry": { "type": "Point", "coordinates": [ -77.112877780058156, 39.047541512986754 ] } },
{ "type": "Feature", "properties": { "NAME": "Royal St & Wilkes St", "STATION_TYPE": "classic", "STATION_ID": "08261bf4-1f3f-11e7-bf6b-3863bb334450", "STATION_STATUS": null, "LAST_REPORTED": "2026-06-22T16:30:09Z", "NUM_DOCKS_AVAILABLE": 4, "NUM_DOCKS_DISABLED": 0, "NUM_BIKES_AVAILABLE": 11, "NUM_EBIKES_AVAILABLE": 2, "NUM_BIKES_DISABLED": 0, "IS_INSTALLED": "YES", "IS_RETURNING": "YES", "IS_RENTING": "YES", "HAS_KIOSK": "YES", "IOS": "https://dc.lft.to/lastmile_qr_scan", "ANDROID": "https://dc.lft.to/lastmile_qr_scan", "ELECTRIC_BIKE_SURCHARGE_WAIVER": "NO", "EIGHTD_HAS_KEY_DISPENSER": "NO", "CAPACITY": 15, "RENTAL_METHODS": "KEY,CREDITCARD", "REGION_ID": "40", "REGION_NAME": "Alexandria, VA", "GIS_ID": null, "LATITUDE": 38.799267, "LONGITUDE": -77.0447, "GIS_LAST_MOD_DTTM": "2026-06-22T16:32:07Z", "OBJECTID": 357729049 }, "geometry": { "type": "Point", "coordinates": [ -77.044703142519936, 38.799273173401815 ] } },
{ "type": "Feature", "properties": { "NAME": "Park Rd & Holmead Pl NW", "STATION_TYPE": "classic", "STATION_ID": "08247e59-1f3f-11e7-bf6b-3863bb334450", "STATION_STATUS": null, "LAST_REPORTED": "2026-06-22T16:30:09Z", "NUM_DOCKS_AVAILABLE": 24, "NUM_DOCKS_DISABLED": 0, "NUM_BIKES_AVAILABLE": 11, "NUM_EBIKES_AVAILABLE": 11, "NUM_BIKES_DISABLED": 0, "IS_INSTALLED": "YES", "IS_RETURNING": "YES", "IS_RENTING": "YES", "HAS_KIOSK": "YES", "IOS": "https://dc.lft.to/lastmile_qr_scan", "ANDROID": "https://dc.lft.to/lastmile_qr_scan", "ELECTRIC_BIKE_SURCHARGE_WAIVER": "NO", "EIGHTD_HAS_KEY_DISPENSER": "NO", "CAPACITY": 35, "RENTAL_METHODS": "KEY,CREDITCARD", "REGION_ID": "42", "REGION_NAME": "Washington, DC", "GIS_ID": null, "LATITUDE": 38.9308, "LONGITUDE": -77.0315, "GIS_LAST_MOD_DTTM": "2026-06-22T16:32:07Z", "OBJECTID": 357729050 }, "geometry": { "type": "Point", "coordinates": [ -77.031499390642168, 38.930809332672865 ] } },
{ "type": "Feature", "properties": { "NAME": "Daniels Ave & Poplar St", "STATION_TYPE": "classic", "STATION_ID": "2228553648109477080", "STATION_STATUS": null, "LAST_REPORTED": "2026-06-22T16:30:10Z", "NUM_DOCKS_AVAILABLE": 8, "NUM_DOCKS_DISABLED": 0, "NUM_BIKES_AVAILABLE": 3, "NUM_EBIKES_AVAILABLE": 0, "NUM_BIKES_DISABLED": 0, "IS_INSTALLED": "YES", "IS_RETURNING": "YES", "IS_RENTING": "YES", "HAS_KIOSK": "YES", "IOS": "https://dc.lft.to/lastmile_qr_scan", "ANDROID": "https://dc.lft.to/lastmile_qr_scan", "ELECTRIC_BIKE_SURCHARGE_WAIVER": "NO", "EIGHTD_HAS_KEY_DISPENSER": "NO", "CAPACITY": 11, "RENTAL_METHODS": "KEY,CREDITCARD", "REGION_ID": "104", "REGION_NAME": "Fairfax, VA", "GIS_ID": null, "LATITUDE": 38.832536, "LONGITUDE": -77.193927, "GIS_LAST_MOD_DTTM": "2026-06-22T16:32:07Z", "OBJECTID": 357729051 }, "geometry": { "type": "Point", "coordinates": [ -77.193930787484959, 38.832542099922762 ] } },
{ "type": "Feature", "properties": { "NAME": "17th St & Rhode Island Ave NW", "STATION_TYPE": "classic", "STATION_ID": "affeb890-08dc-46d2-9f8a-3eedf4452640", "STATION_STATUS": null, "LAST_REPORTED": "2026-06-22T16:30:10Z", "NUM_DOCKS_AVAILABLE": 15, "NUM_DOCKS_DISABLED": 0, "NUM_BIKES_AVAILABLE": 4, "NUM_EBIKES_AVAILABLE": 1, "NUM_BIKES_DISABLED": 0, "IS_INSTALLED": "YES", "IS_RETURNING": "YES", "IS_RENTING": "YES", "HAS_KIOSK": "YES", "IOS": "https://dc.lft.to/lastmile_qr_scan", "ANDROID": "https://dc.lft.to/lastmile_qr_scan", "ELECTRIC_BIKE_SURCHARGE_WAIVER": "NO", "EIGHTD_HAS_KEY_DISPENSER": "NO", "CAPACITY": 19, "RENTAL_METHODS": "KEY,CREDITCARD", "REGION_ID": "42", "REGION_NAME": "Washington, DC", "GIS_ID": null, "LATITUDE": 38.906767, "LONGITUDE": -77.038627, "GIS_LAST_MOD_DTTM": "2026-06-22T16:32:07Z", "OBJECTID": 357729052 }, "geometry": { "type": "Point", "coordinates": [ -77.038625406048837, 38.90677296969033 ] } },
{ "type": "Feature", "properties": { "NAME": "Rockville Metro East", "STATION_TYPE": "classic", "STATION_ID": "0825e147-1f3f-11e7-bf6b-3863bb334450", "STATION_STATUS": null, "LAST_REPORTED": "2026-06-22T16:30:10Z", "NUM_DOCKS_AVAILABLE": 9, "NUM_DOCKS_DISABLED": 0, "NUM_BIKES_AVAILABLE": 4, "NUM_EBIKES_AVAILABLE": 0, "NUM_BIKES_DISABLED": 0, "IS_INSTALLED": "YES", "IS_RETURNING": "YES", "IS_RENTING": "YES", "HAS_KIOSK": "YES", "IOS": "https://dc.lft.to/lastmile_qr_scan", "ANDROID": "https://dc.lft.to/lastmile_qr_scan", "ELECTRIC_BIKE_SURCHARGE_WAIVER": "NO", "EIGHTD_HAS_KEY_DISPENSER": "NO", "CAPACITY": 13, "RENTAL_METHODS": "KEY,CREDITCARD", "REGION_ID": "43", "REGION_NAME": "Montgomery County, MD (North)", "GIS_ID": null, "LATITUDE": 39.085394, "LONGITUDE": -77.145803, "GIS_LAST_MOD_DTTM": "2026-06-22T16:32:07Z", "OBJECTID": 357729053 }, "geometry": { "type": "Point", "coordinates": [ -77.145809505407911, 39.085402057360056 ] } },
{ "type": "Feature", "properties": { "NAME": "19th & G St NW", "STATION_TYPE": "classic", "STATION_ID": "0825fff6-1f3f-11e7-bf6b-3863bb334450", "STATION_STATUS": null, "LAST_REPORTED": "2026-06-22T16:30:12Z", "NUM_DOCKS_AVAILABLE": 1, "NUM_DOCKS_DISABLED": 0, "NUM_BIKES_AVAILABLE": 21, "NUM_EBIKES_AVAILABLE": 14, "NUM_BIKES_DISABLED": 1, "IS_INSTALLED": "YES", "IS_RETURNING": "YES", "IS_RENTING": "YES", "HAS_KIOSK": "YES", "IOS": "https://dc.lft.to/lastmile_qr_scan", "ANDROID": "https://dc.lft.to/lastmile_qr_scan", "ELECTRIC_BIKE_SURCHARGE_WAIVER": "NO", "EIGHTD_HAS_KEY_DISPENSER": "NO", "CAPACITY": 23, "RENTAL_METHODS": "KEY,CREDITCARD", "REGION_ID": "42", "REGION_NAME": "Washington, DC", "GIS_ID": null, "LATITUDE": 38.898412, "LONGITUDE": -77.043182, "GIS_LAST_MOD_DTTM": "2026-06-22T16:32:07Z", "OBJECTID": 357729054 }, "geometry": { "type": "Point", "coordinates": [ -77.043185948054173, 38.898420625870536 ] } },
{ "type": "Feature", "properties": { "NAME": "3rd & N St NE", "STATION_TYPE": "classic", "STATION_ID": "197e33c5-30cf-4007-b7a8-b9b1dfd064e3", "STATION_STATUS": null, "LAST_REPORTED": "2026-06-22T16:30:13Z", "NUM_DOCKS_AVAILABLE": 8, "NUM_DOCKS_DISABLED": 0, "NUM_BIKES_AVAILABLE": 3, "NUM_EBIKES_AVAILABLE": 0, "NUM_BIKES_DISABLED": 0, "IS_INSTALLED": "YES", "IS_RETURNING": "YES", "IS_RENTING": "YES", "HAS_KIOSK": "YES", "IOS": "https://dc.lft.to/lastmile_qr_scan", "ANDROID": "https://dc.lft.to/lastmile_qr_scan", "ELECTRIC_BIKE_SURCHARGE_WAIVER": "NO", "EIGHTD_HAS_KEY_DISPENSER": "NO", "CAPACITY": 11, "RENTAL_METHODS": "KEY,CREDITCARD", "REGION_ID": "42", "REGION_NAME": "Washington, DC", "GIS_ID": null, "LATITUDE": 38.907073, "LONGITUDE": -77.002109, "GIS_LAST_MOD_DTTM": "2026-06-22T16:32:07Z", "OBJECTID": 357729055 }, "geometry": { "type": "Point", "coordinates": [ -77.002112152990804, 38.907076611495491 ] } },
{ "type": "Feature", "properties": { "NAME": "Mississippi Ave & 19th St SE / THEARC", "STATION_TYPE": "classic", "STATION_ID": "72b359a7-f70e-4b97-aaf6-2b26f09f19b1", "STATION_STATUS": null, "LAST_REPORTED": "2026-06-22T16:30:16Z", "NUM_DOCKS_AVAILABLE": 15, "NUM_DOCKS_DISABLED": 0, "NUM_BIKES_AVAILABLE": 4, "NUM_EBIKES_AVAILABLE": 1, "NUM_BIKES_DISABLED": 0, "IS_INSTALLED": "YES", "IS_RETURNING": "YES", "IS_RENTING": "YES", "HAS_KIOSK": "YES", "IOS": "https://dc.lft.to/lastmile_qr_scan", "ANDROID": "https://dc.lft.to/lastmile_qr_scan", "ELECTRIC_BIKE_SURCHARGE_WAIVER": "NO", "EIGHTD_HAS_KEY_DISPENSER": "NO", "CAPACITY": 19, "RENTAL_METHODS": "KEY,CREDITCARD", "REGION_ID": "42", "REGION_NAME": "Washington, DC", "GIS_ID": null, "LATITUDE": 38.84377, "LONGITUDE": -76.97557, "GIS_LAST_MOD_DTTM": "2026-06-22T16:32:07Z", "OBJECTID": 357729056 }, "geometry": { "type": "Point", "coordinates": [ -76.975570232700036, 38.843781065790168 ] } },
{ "type": "Feature", "properties": { "NAME": "Potomac Ave & Main Line Blvd", "STATION_TYPE": "classic", "STATION_ID": "08261ccf-1f3f-11e7-bf6b-3863bb334450", "STATION_STATUS": null, "LAST_REPORTED": "2026-06-22T16:30:16Z", "NUM_DOCKS_AVAILABLE": 7, "NUM_DOCKS_DISABLED": 0, "NUM_BIKES_AVAILABLE": 12, "NUM_EBIKES_AVAILABLE": 2, "NUM_BIKES_DISABLED": 1, "IS_INSTALLED": "YES", "IS_RETURNING": "YES", "IS_RENTING": "YES", "HAS_KIOSK": "YES", "IOS": "https://dc.lft.to/lastmile_qr_scan", "ANDROID": "https://dc.lft.to/lastmile_qr_scan", "ELECTRIC_BIKE_SURCHARGE_WAIVER": "NO", "EIGHTD_HAS_KEY_DISPENSER": "NO", "CAPACITY": 19, "RENTAL_METHODS": "KEY,CREDITCARD", "REGION_ID": "40", "REGION_NAME": "Alexandria, VA", "GIS_ID": null, "LATITUDE": 38.822738, "LONGITUDE": -77.049265, "GIS_LAST_MOD_DTTM": "2026-06-22T16:32:07Z", "OBJECTID": 357729057 }, "geometry": { "type": "Point", "coordinates": [ -77.049266549315874, 38.822747471390635 ] } },
{ "type": "Feature", "properties": { "NAME": "Duke St & Strand (Robinson Terminal)", "STATION_TYPE": "classic", "STATION_ID": "66fe4efd-f6de-4300-9b35-82e3aea013e5", "STATION_STATUS": null, "LAST_REPORTED": "2026-06-22T16:30:18Z", "NUM_DOCKS_AVAILABLE": 0, "NUM_DOCKS_DISABLED": 0, "NUM_BIKES_AVAILABLE": 10, "NUM_EBIKES_AVAILABLE": 0, "NUM_BIKES_DISABLED": 0, "IS_INSTALLED": "YES", "IS_RETURNING": "YES", "IS_RENTING": "YES", "HAS_KIOSK": "YES", "IOS": "https://dc.lft.to/lastmile_qr_scan", "ANDROID": "https://dc.lft.to/lastmile_qr_scan", "ELECTRIC_BIKE_SURCHARGE_WAIVER": "NO", "EIGHTD_HAS_KEY_DISPENSER": "NO", "CAPACITY": 11, "RENTAL_METHODS": "KEY,CREDITCARD", "REGION_ID": "40", "REGION_NAME": "Alexandria, VA", "GIS_ID": null, "LATITUDE": 38.801947, "LONGITUDE": -77.040293, "GIS_LAST_MOD_DTTM": "2026-06-22T16:32:07Z", "OBJECTID": 357729058 }, "geometry": { "type": "Point", "coordinates": [ -77.040295579172877, 38.801950306064292 ] } },
{ "type": "Feature", "properties": { "NAME": "Potomac Greens Dr & Slaters Ln", "STATION_TYPE": "classic", "STATION_ID": "0825f807-1f3f-11e7-bf6b-3863bb334450", "STATION_STATUS": null, "LAST_REPORTED": "2026-06-22T16:30:18Z", "NUM_DOCKS_AVAILABLE": 7, "NUM_DOCKS_DISABLED": 0, "NUM_BIKES_AVAILABLE": 4, "NUM_EBIKES_AVAILABLE": 1, "NUM_BIKES_DISABLED": 0, "IS_INSTALLED": "YES", "IS_RETURNING": "YES", "IS_RENTING": "YES", "HAS_KIOSK": "YES", "IOS": "https://dc.lft.to/lastmile_qr_scan", "ANDROID": "https://dc.lft.to/lastmile_qr_scan", "ELECTRIC_BIKE_SURCHARGE_WAIVER": "NO", "EIGHTD_HAS_KEY_DISPENSER": "NO", "CAPACITY": 11, "RENTAL_METHODS": "KEY,CREDITCARD", "REGION_ID": "40", "REGION_NAME": "Alexandria, VA", "GIS_ID": null, "LATITUDE": 38.82175, "LONGITUDE": -77.047494, "GIS_LAST_MOD_DTTM": "2026-06-22T16:32:07Z", "OBJECTID": 357729059 }, "geometry": { "type": "Point", "coordinates": [ -77.047492468991038, 38.821757274263121 ] } },
{ "type": "Feature", "properties": { "NAME": "Maryland Ave & 17th St NE", "STATION_TYPE": "classic", "STATION_ID": "06a14329-dedb-4152-b237-e59afccd8d42", "STATION_STATUS": null, "LAST_REPORTED": "2026-06-22T16:30:25Z", "NUM_DOCKS_AVAILABLE": 11, "NUM_DOCKS_DISABLED": 0, "NUM_BIKES_AVAILABLE": 6, "NUM_EBIKES_AVAILABLE": 1, "NUM_BIKES_DISABLED": 1, "IS_INSTALLED": "YES", "IS_RETURNING": "YES", "IS_RENTING": "YES", "HAS_KIOSK": "YES", "IOS": "https://dc.lft.to/lastmile_qr_scan", "ANDROID": "https://dc.lft.to/lastmile_qr_scan", "ELECTRIC_BIKE_SURCHARGE_WAIVER": "NO", "EIGHTD_HAS_KEY_DISPENSER": "NO", "CAPACITY": 19, "RENTAL_METHODS": "KEY,CREDITCARD", "REGION_ID": "42", "REGION_NAME": "Washington, DC", "GIS_ID": null, "LATITUDE": 38.901935, "LONGITUDE": -76.978627, "GIS_LAST_MOD_DTTM": "2026-06-22T16:32:07Z", "OBJECTID": 357729060 }, "geometry": { "type": "Point", "coordinates": [ -76.978628428363393, 38.901939915014772 ] } },
{ "type": "Feature", "properties": { "NAME": "39th & Calvert St NW / Stoddert", "STATION_TYPE": "classic", "STATION_ID": "08251f93-1f3f-11e7-bf6b-3863bb334450", "STATION_STATUS": null, "LAST_REPORTED": "2026-06-22T16:30:21Z", "NUM_DOCKS_AVAILABLE": 15, "NUM_DOCKS_DISABLED": 0, "NUM_BIKES_AVAILABLE": 2, "NUM_EBIKES_AVAILABLE": 2, "NUM_BIKES_DISABLED": 1, "IS_INSTALLED": "YES", "IS_RETURNING": "YES", "IS_RENTING": "YES", "HAS_KIOSK": "YES", "IOS": "https://dc.lft.to/lastmile_qr_scan", "ANDROID": "https://dc.lft.to/lastmile_qr_scan", "ELECTRIC_BIKE_SURCHARGE_WAIVER": "NO", "EIGHTD_HAS_KEY_DISPENSER": "NO", "CAPACITY": 19, "RENTAL_METHODS": "KEY,CREDITCARD", "REGION_ID": "42", "REGION_NAME": "Washington, DC", "GIS_ID": null, "LATITUDE": 38.922649, "LONGITUDE": -77.077271, "GIS_LAST_MOD_DTTM": "2026-06-22T16:32:07Z", "OBJECTID": 357729061 }, "geometry": { "type": "Point", "coordinates": [ -77.077277269991939, 38.922653516475251 ] } },
{ "type": "Feature", "properties": { "NAME": "Potomac Ave & 8th St SE", "STATION_TYPE": "classic", "STATION_ID": "08259091-1f3f-11e7-bf6b-3863bb334450", "STATION_STATUS": null, "LAST_REPORTED": "2026-06-22T16:30:21Z", "NUM_DOCKS_AVAILABLE": 1, "NUM_DOCKS_DISABLED": 0, "NUM_BIKES_AVAILABLE": 15, "NUM_EBIKES_AVAILABLE": 11, "NUM_BIKES_DISABLED": 0, "IS_INSTALLED": "YES", "IS_RETURNING": "YES", "IS_RENTING": "YES", "HAS_KIOSK": "YES", "IOS": "https://dc.lft.to/lastmile_qr_scan", "ANDROID": "https://dc.lft.to/lastmile_qr_scan", "ELECTRIC_BIKE_SURCHARGE_WAIVER": "NO", "EIGHTD_HAS_KEY_DISPENSER": "NO", "CAPACITY": 15, "RENTAL_METHODS": "KEY,CREDITCARD", "REGION_ID": "42", "REGION_NAME": "Washington, DC", "GIS_ID": null, "LATITUDE": 38.876737, "LONGITUDE": -76.994468, "GIS_LAST_MOD_DTTM": "2026-06-22T16:32:07Z", "OBJECTID": 357729062 }, "geometry": { "type": "Point", "coordinates": [ -76.99447055174349, 38.876745307428941 ] } },
{ "type": "Feature", "properties": { "NAME": "Henry St & Pendleton St", "STATION_TYPE": "classic", "STATION_ID": "08253c00-1f3f-11e7-bf6b-3863bb334450", "STATION_STATUS": null, "LAST_REPORTED": "2026-06-22T16:30:24Z", "NUM_DOCKS_AVAILABLE": 13, "NUM_DOCKS_DISABLED": 0, "NUM_BIKES_AVAILABLE": 4, "NUM_EBIKES_AVAILABLE": 1, "NUM_BIKES_DISABLED": 0, "IS_INSTALLED": "YES", "IS_RETURNING": "YES", "IS_RENTING": "YES", "HAS_KIOSK": "YES", "IOS": "https://dc.lft.to/lastmile_qr_scan", "ANDROID": "https://dc.lft.to/lastmile_qr_scan", "ELECTRIC_BIKE_SURCHARGE_WAIVER": "NO", "EIGHTD_HAS_KEY_DISPENSER": "NO", "CAPACITY": 17, "RENTAL_METHODS": "KEY,CREDITCARD", "REGION_ID": "40", "REGION_NAME": "Alexandria, VA", "GIS_ID": null, "LATITUDE": 38.811456, "LONGITUDE": -77.050276, "GIS_LAST_MOD_DTTM": "2026-06-22T16:32:07Z", "OBJECTID": 357729063 }, "geometry": { "type": "Point", "coordinates": [ -77.050283500401576, 38.811459404695917 ] } },
{ "type": "Feature", "properties": { "NAME": "Carroll & Westmoreland Ave", "STATION_TYPE": "classic", "STATION_ID": "0825b10b-1f3f-11e7-bf6b-3863bb334450", "STATION_STATUS": null, "LAST_REPORTED": "2026-06-22T16:30:29Z", "NUM_DOCKS_AVAILABLE": 8, "NUM_DOCKS_DISABLED": 0, "NUM_BIKES_AVAILABLE": 6, "NUM_EBIKES_AVAILABLE": 1, "NUM_BIKES_DISABLED": 0, "IS_INSTALLED": "YES", "IS_RETURNING": "YES", "IS_RENTING": "YES", "HAS_KIOSK": "YES", "IOS": "https://dc.lft.to/lastmile_qr_scan", "ANDROID": "https://dc.lft.to/lastmile_qr_scan", "ELECTRIC_BIKE_SURCHARGE_WAIVER": "NO", "EIGHTD_HAS_KEY_DISPENSER": "NO", "CAPACITY": 15, "RENTAL_METHODS": "KEY,CREDITCARD", "REGION_ID": "44", "REGION_NAME": "Montgomery County, MD (South)", "GIS_ID": null, "LATITUDE": 38.975, "LONGITUDE": -77.01121, "GIS_LAST_MOD_DTTM": "2026-06-22T16:32:07Z", "OBJECTID": 357729064 }, "geometry": { "type": "Point", "coordinates": [ -77.011207948374633, 38.975007617548741 ] } },
{ "type": "Feature", "properties": { "NAME": "12th St & Pennsylvania Ave SE", "STATION_TYPE": "classic", "STATION_ID": "082642bd-1f3f-11e7-bf6b-3863bb334450", "STATION_STATUS": null, "LAST_REPORTED": "2026-06-22T16:30:31Z", "NUM_DOCKS_AVAILABLE": 16, "NUM_DOCKS_DISABLED": 0, "NUM_BIKES_AVAILABLE": 2, "NUM_EBIKES_AVAILABLE": 0, "NUM_BIKES_DISABLED": 0, "IS_INSTALLED": "YES", "IS_RETURNING": "YES", "IS_RENTING": "YES", "HAS_KIOSK": "YES", "IOS": "https://dc.lft.to/lastmile_qr_scan", "ANDROID": "https://dc.lft.to/lastmile_qr_scan", "ELECTRIC_BIKE_SURCHARGE_WAIVER": "NO", "EIGHTD_HAS_KEY_DISPENSER": "NO", "CAPACITY": 19, "RENTAL_METHODS": "KEY,CREDITCARD", "REGION_ID": "42", "REGION_NAME": "Washington, DC", "GIS_ID": null, "LATITUDE": 38.882489, "LONGITUDE": -76.990121, "GIS_LAST_MOD_DTTM": "2026-06-22T16:32:07Z", "OBJECTID": 357729065 }, "geometry": { "type": "Point", "coordinates": [ -76.990125043351497, 38.882492375425912 ] } },
{ "type": "Feature", "properties": { "NAME": "12th & Irving St NE", "STATION_TYPE": "classic", "STATION_ID": "0825619c-1f3f-11e7-bf6b-3863bb334450", "STATION_STATUS": null, "LAST_REPORTED": "2026-06-22T16:30:28Z", "NUM_DOCKS_AVAILABLE": 7, "NUM_DOCKS_DISABLED": 0, "NUM_BIKES_AVAILABLE": 6, "NUM_EBIKES_AVAILABLE": 3, "NUM_BIKES_DISABLED": 1, "IS_INSTALLED": "YES", "IS_RETURNING": "YES", "IS_RENTING": "YES", "HAS_KIOSK": "YES", "IOS": "https://dc.lft.to/lastmile_qr_scan", "ANDROID": "https://dc.lft.to/lastmile_qr_scan", "ELECTRIC_BIKE_SURCHARGE_WAIVER": "NO", "EIGHTD_HAS_KEY_DISPENSER": "NO", "CAPACITY": 15, "RENTAL_METHODS": "KEY,CREDITCARD", "REGION_ID": "42", "REGION_NAME": "Washington, DC", "GIS_ID": null, "LATITUDE": 38.928644, "LONGITUDE": -76.990955, "GIS_LAST_MOD_DTTM": "2026-06-22T16:32:07Z", "OBJECTID": 357729066 }, "geometry": { "type": "Point", "coordinates": [ -76.990960548678459, 38.928651233900872 ] } },
{ "type": "Feature", "properties": { "NAME": "Eads St & 15th St S", "STATION_TYPE": "classic", "STATION_ID": "082469cc-1f3f-11e7-bf6b-3863bb334450", "STATION_STATUS": null, "LAST_REPORTED": "2026-06-22T16:30:32Z", "NUM_DOCKS_AVAILABLE": 2, "NUM_DOCKS_DISABLED": 0, "NUM_BIKES_AVAILABLE": 13, "NUM_EBIKES_AVAILABLE": 1, "NUM_BIKES_DISABLED": 0, "IS_INSTALLED": "YES", "IS_RETURNING": "YES", "IS_RENTING": "YES", "HAS_KIOSK": "YES", "IOS": "https://dc.lft.to/lastmile_qr_scan", "ANDROID": "https://dc.lft.to/lastmile_qr_scan", "ELECTRIC_BIKE_SURCHARGE_WAIVER": "NO", "EIGHTD_HAS_KEY_DISPENSER": "NO", "CAPACITY": 15, "RENTAL_METHODS": "KEY,CREDITCARD", "REGION_ID": "41", "REGION_NAME": "Arlington, VA", "GIS_ID": null, "LATITUDE": 38.859751, "LONGITUDE": -77.053235, "GIS_LAST_MOD_DTTM": "2026-06-22T16:32:07Z", "OBJECTID": 357729067 }, "geometry": { "type": "Point", "coordinates": [ -77.053232519710903, 38.859761457672974 ] } },
{ "type": "Feature", "properties": { "NAME": "Eisenhower Ave & Mill Race Ln", "STATION_TYPE": "classic", "STATION_ID": "0825f794-1f3f-11e7-bf6b-3863bb334450", "STATION_STATUS": null, "LAST_REPORTED": "2026-06-22T16:30:32Z", "NUM_DOCKS_AVAILABLE": 9, "NUM_DOCKS_DISABLED": 0, "NUM_BIKES_AVAILABLE": 6, "NUM_EBIKES_AVAILABLE": 0, "NUM_BIKES_DISABLED": 2, "IS_INSTALLED": "YES", "IS_RETURNING": "YES", "IS_RENTING": "YES", "HAS_KIOSK": "YES", "IOS": "https://dc.lft.to/lastmile_qr_scan", "ANDROID": "https://dc.lft.to/lastmile_qr_scan", "ELECTRIC_BIKE_SURCHARGE_WAIVER": "NO", "EIGHTD_HAS_KEY_DISPENSER": "NO", "CAPACITY": 17, "RENTAL_METHODS": "KEY,CREDITCARD", "REGION_ID": "40", "REGION_NAME": "Alexandria, VA", "GIS_ID": null, "LATITUDE": 38.801111, "LONGITUDE": -77.068952, "GIS_LAST_MOD_DTTM": "2026-06-22T16:32:07Z", "OBJECTID": 357729068 }, "geometry": { "type": "Point", "coordinates": [ -77.068949072880244, 38.801117115396423 ] } },
{ "type": "Feature", "properties": { "NAME": "Crystal Dr & 27th St S", "STATION_TYPE": "classic", "STATION_ID": "08247052-1f3f-11e7-bf6b-3863bb334450", "STATION_STATUS": null, "LAST_REPORTED": "2026-06-22T16:30:37Z", "NUM_DOCKS_AVAILABLE": 8, "NUM_DOCKS_DISABLED": 0, "NUM_BIKES_AVAILABLE": 4, "NUM_EBIKES_AVAILABLE": 1, "NUM_BIKES_DISABLED": 0, "IS_INSTALLED": "YES", "IS_RETURNING": "YES", "IS_RENTING": "YES", "HAS_KIOSK": "YES", "IOS": "https://dc.lft.to/lastmile_qr_scan", "ANDROID": "https://dc.lft.to/lastmile_qr_scan", "ELECTRIC_BIKE_SURCHARGE_WAIVER": "NO", "EIGHTD_HAS_KEY_DISPENSER": "NO", "CAPACITY": 12, "RENTAL_METHODS": "KEY,CREDITCARD", "REGION_ID": "41", "REGION_NAME": "Arlington, VA", "GIS_ID": null, "LATITUDE": 38.848466, "LONGITUDE": -77.051514, "GIS_LAST_MOD_DTTM": "2026-06-22T16:32:07Z", "OBJECTID": 357729069 }, "geometry": { "type": "Point", "coordinates": [ -77.051519161225514, 38.848474659933984 ] } },
{ "type": "Feature", "properties": { "NAME": "Founders Row/W Broad St & West St", "STATION_TYPE": "classic", "STATION_ID": "37ea9197-6332-4bf7-8940-d3641f288869", "STATION_STATUS": null, "LAST_REPORTED": "2026-06-22T16:30:39Z", "NUM_DOCKS_AVAILABLE": 9, "NUM_DOCKS_DISABLED": 0, "NUM_BIKES_AVAILABLE": 3, "NUM_EBIKES_AVAILABLE": 0, "NUM_BIKES_DISABLED": 0, "IS_INSTALLED": "YES", "IS_RETURNING": "YES", "IS_RENTING": "YES", "HAS_KIOSK": "YES", "IOS": "https://dc.lft.to/lastmile_qr_scan", "ANDROID": "https://dc.lft.to/lastmile_qr_scan", "ELECTRIC_BIKE_SURCHARGE_WAIVER": "NO", "EIGHTD_HAS_KEY_DISPENSER": "NO", "CAPACITY": 12, "RENTAL_METHODS": "KEY,CREDITCARD", "REGION_ID": "152", "REGION_NAME": "Falls Church, VA", "GIS_ID": null, "LATITUDE": 38.890155, "LONGITUDE": -77.183178, "GIS_LAST_MOD_DTTM": "2026-06-22T16:32:07Z", "OBJECTID": 357729070 }, "geometry": { "type": "Point", "coordinates": [ -77.183183213805648, 38.890159418381728 ] } },
{ "type": "Feature", "properties": { "NAME": "Anacostia Park", "STATION_TYPE": "classic", "STATION_ID": "5fdaa766-383e-4a92-b1bd-0e71138c6844", "STATION_STATUS": null, "LAST_REPORTED": "2026-06-22T16:30:38Z", "NUM_DOCKS_AVAILABLE": 10, "NUM_DOCKS_DISABLED": 0, "NUM_BIKES_AVAILABLE": 9, "NUM_EBIKES_AVAILABLE": 2, "NUM_BIKES_DISABLED": 0, "IS_INSTALLED": "YES", "IS_RETURNING": "YES", "IS_RENTING": "YES", "HAS_KIOSK": "YES", "IOS": "https://dc.lft.to/lastmile_qr_scan", "ANDROID": "https://dc.lft.to/lastmile_qr_scan", "ELECTRIC_BIKE_SURCHARGE_WAIVER": "NO", "EIGHTD_HAS_KEY_DISPENSER": "NO", "CAPACITY": 19, "RENTAL_METHODS": "KEY,CREDITCARD", "REGION_ID": "42", "REGION_NAME": "Washington, DC", "GIS_ID": null, "LATITUDE": 38.873308, "LONGITUDE": -76.983363, "GIS_LAST_MOD_DTTM": "2026-06-22T16:32:07Z", "OBJECTID": 357729071 }, "geometry": { "type": "Point", "coordinates": [ -76.983361793570566, 38.873312052966384 ] } },
{ "type": "Feature", "properties": { "NAME": "Roosevelt Island", "STATION_TYPE": "classic", "STATION_ID": "08254f8e-1f3f-11e7-bf6b-3863bb334450", "STATION_STATUS": null, "LAST_REPORTED": "2026-06-22T16:30:37Z", "NUM_DOCKS_AVAILABLE": 14, "NUM_DOCKS_DISABLED": 0, "NUM_BIKES_AVAILABLE": 3, "NUM_EBIKES_AVAILABLE": 1, "NUM_BIKES_DISABLED": 0, "IS_INSTALLED": "YES", "IS_RETURNING": "YES", "IS_RENTING": "YES", "HAS_KIOSK": "YES", "IOS": "https://dc.lft.to/lastmile_qr_scan", "ANDROID": "https://dc.lft.to/lastmile_qr_scan", "ELECTRIC_BIKE_SURCHARGE_WAIVER": "NO", "EIGHTD_HAS_KEY_DISPENSER": "NO", "CAPACITY": 17, "RENTAL_METHODS": "KEY,CREDITCARD", "REGION_ID": "41", "REGION_NAME": "Arlington, VA", "GIS_ID": null, "LATITUDE": 38.896553, "LONGITUDE": -77.06714, "GIS_LAST_MOD_DTTM": "2026-06-22T16:32:07Z", "OBJECTID": 357729072 }, "geometry": { "type": "Point", "coordinates": [ -77.067139262918815, 38.896562599582865 ] } },
{ "type": "Feature", "properties": { "NAME": "16th & K St NW/BLM Plaza", "STATION_TYPE": "classic", "STATION_ID": "1923638474906011698", "STATION_STATUS": null, "LAST_REPORTED": "2026-06-22T16:30:38Z", "NUM_DOCKS_AVAILABLE": 20, "NUM_DOCKS_DISABLED": 0, "NUM_BIKES_AVAILABLE": 19, "NUM_EBIKES_AVAILABLE": 10, "NUM_BIKES_DISABLED": 0, "IS_INSTALLED": "YES", "IS_RETURNING": "YES", "IS_RENTING": "YES", "HAS_KIOSK": "YES", "IOS": "https://dc.lft.to/lastmile_qr_scan", "ANDROID": "https://dc.lft.to/lastmile_qr_scan", "ELECTRIC_BIKE_SURCHARGE_WAIVER": "NO", "EIGHTD_HAS_KEY_DISPENSER": "NO", "CAPACITY": 39, "RENTAL_METHODS": "KEY,CREDITCARD", "REGION_ID": "42", "REGION_NAME": "Washington, DC", "GIS_ID": null, "LATITUDE": 38.902677, "LONGITUDE": -77.035866, "GIS_LAST_MOD_DTTM": "2026-06-22T16:32:07Z", "OBJECTID": 357729073 }, "geometry": { "type": "Point", "coordinates": [ -77.035867849282695, 38.902684056428726 ] } },
{ "type": "Feature", "properties": { "NAME": "Olde Crafts Dr and Cartwright Pl", "STATION_TYPE": "classic", "STATION_ID": "bc4fc3e2-2050-4571-851b-47f062319f95", "STATION_STATUS": null, "LAST_REPORTED": "2026-06-22T16:30:39Z", "NUM_DOCKS_AVAILABLE": 5, "NUM_DOCKS_DISABLED": 0, "NUM_BIKES_AVAILABLE": 7, "NUM_EBIKES_AVAILABLE": 0, "NUM_BIKES_DISABLED": 0, "IS_INSTALLED": "YES", "IS_RETURNING": "YES", "IS_RENTING": "YES", "HAS_KIOSK": "YES", "IOS": "https://dc.lft.to/lastmile_qr_scan", "ANDROID": "https://dc.lft.to/lastmile_qr_scan", "ELECTRIC_BIKE_SURCHARGE_WAIVER": "NO", "EIGHTD_HAS_KEY_DISPENSER": "NO", "CAPACITY": 12, "RENTAL_METHODS": "KEY,CREDITCARD", "REGION_ID": "104", "REGION_NAME": "Fairfax, VA", "GIS_ID": null, "LATITUDE": 38.938797, "LONGITUDE": -77.354067, "GIS_LAST_MOD_DTTM": "2026-06-22T16:32:07Z", "OBJECTID": 357729074 }, "geometry": { "type": "Point", "coordinates": [ -77.354065273524341, 38.938808186626922 ] } },
{ "type": "Feature", "properties": { "NAME": "17th & K St NW / Farragut Square", "STATION_TYPE": "classic", "STATION_ID": "0824c80d-1f3f-11e7-bf6b-3863bb334450", "STATION_STATUS": null, "LAST_REPORTED": "2026-06-22T16:30:39Z", "NUM_DOCKS_AVAILABLE": 4, "NUM_DOCKS_DISABLED": 0, "NUM_BIKES_AVAILABLE": 35, "NUM_EBIKES_AVAILABLE": 12, "NUM_BIKES_DISABLED": 0, "IS_INSTALLED": "YES", "IS_RETURNING": "YES", "IS_RENTING": "YES", "HAS_KIOSK": "YES", "IOS": "https://dc.lft.to/lastmile_qr_scan", "ANDROID": "https://dc.lft.to/lastmile_qr_scan", "ELECTRIC_BIKE_SURCHARGE_WAIVER": "NO", "EIGHTD_HAS_KEY_DISPENSER": "NO", "CAPACITY": 39, "RENTAL_METHODS": "KEY,CREDITCARD", "REGION_ID": "42", "REGION_NAME": "Washington, DC", "GIS_ID": null, "LATITUDE": 38.902061, "LONGITUDE": -77.038322, "GIS_LAST_MOD_DTTM": "2026-06-22T16:32:07Z", "OBJECTID": 357729075 }, "geometry": { "type": "Point", "coordinates": [ -77.038323117912228, 38.902070708492715 ] } },
{ "type": "Feature", "properties": { "NAME": "East West Hwy & Blair Mill Rd", "STATION_TYPE": "classic", "STATION_ID": "08259804-1f3f-11e7-bf6b-3863bb334450", "STATION_STATUS": null, "LAST_REPORTED": "2026-06-22T16:30:39Z", "NUM_DOCKS_AVAILABLE": 10, "NUM_DOCKS_DISABLED": 0, "NUM_BIKES_AVAILABLE": 5, "NUM_EBIKES_AVAILABLE": 1, "NUM_BIKES_DISABLED": 0, "IS_INSTALLED": "YES", "IS_RETURNING": "YES", "IS_RENTING": "YES", "HAS_KIOSK": "YES", "IOS": "https://dc.lft.to/lastmile_qr_scan", "ANDROID": "https://dc.lft.to/lastmile_qr_scan", "ELECTRIC_BIKE_SURCHARGE_WAIVER": "NO", "EIGHTD_HAS_KEY_DISPENSER": "NO", "CAPACITY": 15, "RENTAL_METHODS": "KEY,CREDITCARD", "REGION_ID": "44", "REGION_NAME": "Montgomery County, MD (South)", "GIS_ID": null, "LATITUDE": 38.990249, "LONGITUDE": -77.02935, "GIS_LAST_MOD_DTTM": "2026-06-22T16:32:07Z", "OBJECTID": 357729076 }, "geometry": { "type": "Point", "coordinates": [ -77.029355629183456, 38.990255383106152 ] } },
{ "type": "Feature", "properties": { "NAME": "Penrose Sq/Columbia Pike & S Barton St", "STATION_TYPE": "classic", "STATION_ID": "71686e8c-9f47-4a65-8840-c7276be3786e", "STATION_STATUS": null, "LAST_REPORTED": "2026-06-22T16:30:43Z", "NUM_DOCKS_AVAILABLE": 8, "NUM_DOCKS_DISABLED": 0, "NUM_BIKES_AVAILABLE": 6, "NUM_EBIKES_AVAILABLE": 5, "NUM_BIKES_DISABLED": 0, "IS_INSTALLED": "YES", "IS_RETURNING": "YES", "IS_RENTING": "YES", "HAS_KIOSK": "YES", "IOS": "https://dc.lft.to/lastmile_qr_scan", "ANDROID": "https://dc.lft.to/lastmile_qr_scan", "ELECTRIC_BIKE_SURCHARGE_WAIVER": "NO", "EIGHTD_HAS_KEY_DISPENSER": "NO", "CAPACITY": 15, "RENTAL_METHODS": "KEY,CREDITCARD", "REGION_ID": "41", "REGION_NAME": "Arlington, VA", "GIS_ID": null, "LATITUDE": 38.863331, "LONGITUDE": -77.084477, "GIS_LAST_MOD_DTTM": "2026-06-22T16:32:07Z", "OBJECTID": 357729077 }, "geometry": { "type": "Point", "coordinates": [ -77.084483601116716, 38.863337387903989 ] } },
{ "type": "Feature", "properties": { "NAME": "Spring St & 2nd Ave", "STATION_TYPE": "classic", "STATION_ID": "0825fd09-1f3f-11e7-bf6b-3863bb334450", "STATION_STATUS": null, "LAST_REPORTED": "2026-06-22T16:30:43Z", "NUM_DOCKS_AVAILABLE": 11, "NUM_DOCKS_DISABLED": 0, "NUM_BIKES_AVAILABLE": 4, "NUM_EBIKES_AVAILABLE": 2, "NUM_BIKES_DISABLED": 0, "IS_INSTALLED": "YES", "IS_RETURNING": "YES", "IS_RENTING": "YES", "HAS_KIOSK": "YES", "IOS": "https://dc.lft.to/lastmile_qr_scan", "ANDROID": "https://dc.lft.to/lastmile_qr_scan", "ELECTRIC_BIKE_SURCHARGE_WAIVER": "NO", "EIGHTD_HAS_KEY_DISPENSER": "NO", "CAPACITY": 15, "RENTAL_METHODS": "KEY,CREDITCARD", "REGION_ID": "44", "REGION_NAME": "Montgomery County, MD (South)", "GIS_ID": null, "LATITUDE": 38.997653, "LONGITUDE": -77.034499, "GIS_LAST_MOD_DTTM": "2026-06-22T16:32:07Z", "OBJECTID": 357729078 }, "geometry": { "type": "Point", "coordinates": [ -77.034495760256959, 38.997658718229552 ] } },
{ "type": "Feature", "properties": { "NAME": "Anacostia Ave & East Capitol St NE", "STATION_TYPE": "classic", "STATION_ID": "5a3453ad-43af-495d-ba1f-e8be6b66e2e8", "STATION_STATUS": null, "LAST_REPORTED": "2026-06-22T16:30:43Z", "NUM_DOCKS_AVAILABLE": 12, "NUM_DOCKS_DISABLED": 0, "NUM_BIKES_AVAILABLE": 6, "NUM_EBIKES_AVAILABLE": 0, "NUM_BIKES_DISABLED": 1, "IS_INSTALLED": "YES", "IS_RETURNING": "YES", "IS_RENTING": "YES", "HAS_KIOSK": "YES", "IOS": "https://dc.lft.to/lastmile_qr_scan", "ANDROID": "https://dc.lft.to/lastmile_qr_scan", "ELECTRIC_BIKE_SURCHARGE_WAIVER": "NO", "EIGHTD_HAS_KEY_DISPENSER": "NO", "CAPACITY": 19, "RENTAL_METHODS": "KEY,CREDITCARD", "REGION_ID": "42", "REGION_NAME": "Washington, DC", "GIS_ID": null, "LATITUDE": 38.890461, "LONGITUDE": -76.96128, "GIS_LAST_MOD_DTTM": "2026-06-22T16:32:07Z", "OBJECTID": 357729079 }, "geometry": { "type": "Point", "coordinates": [ -76.961284247969274, 38.890467803591449 ] } },
{ "type": "Feature", "properties": { "NAME": "Rhodes St & 16th St N", "STATION_TYPE": "classic", "STATION_ID": "0824eea3-1f3f-11e7-bf6b-3863bb334450", "STATION_STATUS": null, "LAST_REPORTED": "2026-06-22T16:30:44Z", "NUM_DOCKS_AVAILABLE": 10, "NUM_DOCKS_DISABLED": 0, "NUM_BIKES_AVAILABLE": 1, "NUM_EBIKES_AVAILABLE": 0, "NUM_BIKES_DISABLED": 0, "IS_INSTALLED": "YES", "IS_RETURNING": "YES", "IS_RENTING": "YES", "HAS_KIOSK": "YES", "IOS": "https://dc.lft.to/lastmile_qr_scan", "ANDROID": "https://dc.lft.to/lastmile_qr_scan", "ELECTRIC_BIKE_SURCHARGE_WAIVER": "NO", "EIGHTD_HAS_KEY_DISPENSER": "NO", "CAPACITY": 12, "RENTAL_METHODS": "KEY,CREDITCARD", "REGION_ID": "41", "REGION_NAME": "Arlington, VA", "GIS_ID": null, "LATITUDE": 38.892164, "LONGITUDE": -77.079375, "GIS_LAST_MOD_DTTM": "2026-06-22T16:32:07Z", "OBJECTID": 357729080 }, "geometry": { "type": "Point", "coordinates": [ -77.079376730125261, 38.892167847583288 ] } },
{ "type": "Feature", "properties": { "NAME": "18th & C St NW", "STATION_TYPE": "classic", "STATION_ID": "08261aba-1f3f-11e7-bf6b-3863bb334450", "STATION_STATUS": null, "LAST_REPORTED": "2026-06-22T16:30:45Z", "NUM_DOCKS_AVAILABLE": 11, "NUM_DOCKS_DISABLED": 0, "NUM_BIKES_AVAILABLE": 7, "NUM_EBIKES_AVAILABLE": 4, "NUM_BIKES_DISABLED": 0, "IS_INSTALLED": "YES", "IS_RETURNING": "YES", "IS_RENTING": "YES", "HAS_KIOSK": "YES", "IOS": "https://dc.lft.to/lastmile_qr_scan", "ANDROID": "https://dc.lft.to/lastmile_qr_scan", "ELECTRIC_BIKE_SURCHARGE_WAIVER": "NO", "EIGHTD_HAS_KEY_DISPENSER": "NO", "CAPACITY": 19, "RENTAL_METHODS": "KEY,CREDITCARD", "REGION_ID": "42", "REGION_NAME": "Washington, DC", "GIS_ID": null, "LATITUDE": 38.893511, "LONGITUDE": -77.041544, "GIS_LAST_MOD_DTTM": "2026-06-22T16:32:07Z", "OBJECTID": 357729081 }, "geometry": { "type": "Point", "coordinates": [ -77.041546126538208, 38.893520668562729 ] } },
{ "type": "Feature", "properties": { "NAME": "21st St & N Pierce St", "STATION_TYPE": "classic", "STATION_ID": "0825ff20-1f3f-11e7-bf6b-3863bb334450", "STATION_STATUS": null, "LAST_REPORTED": "2026-06-22T16:30:41Z", "NUM_DOCKS_AVAILABLE": 15, "NUM_DOCKS_DISABLED": 0, "NUM_BIKES_AVAILABLE": 0, "NUM_EBIKES_AVAILABLE": 0, "NUM_BIKES_DISABLED": 1, "IS_INSTALLED": "YES", "IS_RETURNING": "YES", "IS_RENTING": "YES", "HAS_KIOSK": "NO", "IOS": "https://dc.lft.to/lastmile_qr_scan", "ANDROID": "https://dc.lft.to/lastmile_qr_scan", "ELECTRIC_BIKE_SURCHARGE_WAIVER": "NO", "EIGHTD_HAS_KEY_DISPENSER": "NO", "CAPACITY": 16, "RENTAL_METHODS": "KEY,CREDITCARD", "REGION_ID": "41", "REGION_NAME": "Arlington, VA", "GIS_ID": null, "LATITUDE": 38.898984, "LONGITUDE": -77.078317, "GIS_LAST_MOD_DTTM": "2026-06-22T16:32:07Z", "OBJECTID": 357729082 }, "geometry": { "type": "Point", "coordinates": [ -77.078323739828591, 38.898987895023822 ] } },
{ "type": "Feature", "properties": { "NAME": "Rockville Pike & Rose Ave", "STATION_TYPE": "classic", "STATION_ID": "b053927b-0761-40d0-a3ff-8a63fa1c7141", "STATION_STATUS": null, "LAST_REPORTED": "2026-06-22T16:30:44Z", "NUM_DOCKS_AVAILABLE": 13, "NUM_DOCKS_DISABLED": 0, "NUM_BIKES_AVAILABLE": 1, "NUM_EBIKES_AVAILABLE": 0, "NUM_BIKES_DISABLED": 1, "IS_INSTALLED": "YES", "IS_RETURNING": "YES", "IS_RENTING": "YES", "HAS_KIOSK": "YES", "IOS": "https://dc.lft.to/lastmile_qr_scan", "ANDROID": "https://dc.lft.to/lastmile_qr_scan", "ELECTRIC_BIKE_SURCHARGE_WAIVER": "NO", "EIGHTD_HAS_KEY_DISPENSER": "NO", "CAPACITY": 15, "RENTAL_METHODS": "KEY,CREDITCARD", "REGION_ID": "43", "REGION_NAME": "Montgomery County, MD (North)", "GIS_ID": null, "LATITUDE": 39.051022, "LONGITUDE": -77.115438, "GIS_LAST_MOD_DTTM": "2026-06-22T16:32:07Z", "OBJECTID": 357729083 }, "geometry": { "type": "Point", "coordinates": [ -77.115436457581026, 39.051034159170463 ] } },
{ "type": "Feature", "properties": { "NAME": "Rhode Island & Montana Ave NE", "STATION_TYPE": "classic", "STATION_ID": "30c5787e-6fdb-421d-8eaf-32e652dbeae2", "STATION_STATUS": null, "LAST_REPORTED": "2026-06-22T16:30:50Z", "NUM_DOCKS_AVAILABLE": 12, "NUM_DOCKS_DISABLED": 0, "NUM_BIKES_AVAILABLE": 2, "NUM_EBIKES_AVAILABLE": 0, "NUM_BIKES_DISABLED": 1, "IS_INSTALLED": "YES", "IS_RETURNING": "YES", "IS_RENTING": "YES", "HAS_KIOSK": "YES", "IOS": "https://dc.lft.to/lastmile_qr_scan", "ANDROID": "https://dc.lft.to/lastmile_qr_scan", "ELECTRIC_BIKE_SURCHARGE_WAIVER": "NO", "EIGHTD_HAS_KEY_DISPENSER": "NO", "CAPACITY": 15, "RENTAL_METHODS": "KEY,CREDITCARD", "REGION_ID": "42", "REGION_NAME": "Washington, DC", "GIS_ID": null, "LATITUDE": 38.924312, "LONGITUDE": -76.985957, "GIS_LAST_MOD_DTTM": "2026-06-22T16:32:07Z", "OBJECTID": 357729084 }, "geometry": { "type": "Point", "coordinates": [ -76.985956154962409, 38.924317739445684 ] } },
{ "type": "Feature", "properties": { "NAME": "Cherry St & Lawndale Dr", "STATION_TYPE": "classic", "STATION_ID": "2228179437342173882", "STATION_STATUS": null, "LAST_REPORTED": "2026-06-22T16:30:48Z", "NUM_DOCKS_AVAILABLE": 4, "NUM_DOCKS_DISABLED": 0, "NUM_BIKES_AVAILABLE": 6, "NUM_EBIKES_AVAILABLE": 1, "NUM_BIKES_DISABLED": 1, "IS_INSTALLED": "YES", "IS_RETURNING": "YES", "IS_RENTING": "YES", "HAS_KIOSK": "YES", "IOS": "https://dc.lft.to/lastmile_qr_scan", "ANDROID": "https://dc.lft.to/lastmile_qr_scan", "ELECTRIC_BIKE_SURCHARGE_WAIVER": "NO", "EIGHTD_HAS_KEY_DISPENSER": "NO", "CAPACITY": 11, "RENTAL_METHODS": "KEY,CREDITCARD", "REGION_ID": "104", "REGION_NAME": "Fairfax, VA", "GIS_ID": null, "LATITUDE": 38.872631, "LONGITUDE": -77.16895, "GIS_LAST_MOD_DTTM": "2026-06-22T16:32:07Z", "OBJECTID": 357729085 }, "geometry": { "type": "Point", "coordinates": [ -77.168952451570064, 38.872641504214485 ] } },
{ "type": "Feature", "properties": { "NAME": "1st & L St NW", "STATION_TYPE": "classic", "STATION_ID": "314fc12d-7275-4936-a245-a1febd3c95df", "STATION_STATUS": null, "LAST_REPORTED": "2026-06-22T16:30:49Z", "NUM_DOCKS_AVAILABLE": 10, "NUM_DOCKS_DISABLED": 0, "NUM_BIKES_AVAILABLE": 9, "NUM_EBIKES_AVAILABLE": 1, "NUM_BIKES_DISABLED": 0, "IS_INSTALLED": "YES", "IS_RETURNING": "YES", "IS_RENTING": "YES", "HAS_KIOSK": "YES", "IOS": "https://dc.lft.to/lastmile_qr_scan", "ANDROID": "https://dc.lft.to/lastmile_qr_scan", "ELECTRIC_BIKE_SURCHARGE_WAIVER": "NO", "EIGHTD_HAS_KEY_DISPENSER": "NO", "CAPACITY": 19, "RENTAL_METHODS": "KEY,CREDITCARD", "REGION_ID": "42", "REGION_NAME": "Washington, DC", "GIS_ID": null, "LATITUDE": 38.903819, "LONGITUDE": -77.011987, "GIS_LAST_MOD_DTTM": "2026-06-22T16:32:07Z", "OBJECTID": 357729086 }, "geometry": { "type": "Point", "coordinates": [ -77.011992249521327, 38.903824000053383 ] } },
{ "type": "Feature", "properties": { "NAME": "31st & K St NW", "STATION_TYPE": "classic", "STATION_ID": "0826030a-1f3f-11e7-bf6b-3863bb334450", "STATION_STATUS": null, "LAST_REPORTED": "2026-06-22T16:30:46Z", "NUM_DOCKS_AVAILABLE": 0, "NUM_DOCKS_DISABLED": 0, "NUM_BIKES_AVAILABLE": 26, "NUM_EBIKES_AVAILABLE": 2, "NUM_BIKES_DISABLED": 2, "IS_INSTALLED": "YES", "IS_RETURNING": "YES", "IS_RENTING": "YES", "HAS_KIOSK": "NO", "IOS": "https://dc.lft.to/lastmile_qr_scan", "ANDROID": "https://dc.lft.to/lastmile_qr_scan", "ELECTRIC_BIKE_SURCHARGE_WAIVER": "NO", "EIGHTD_HAS_KEY_DISPENSER": "NO", "CAPACITY": 28, "RENTAL_METHODS": "KEY,CREDITCARD", "REGION_ID": "42", "REGION_NAME": "Washington, DC", "GIS_ID": null, "LATITUDE": 38.903079, "LONGITUDE": -77.061262, "GIS_LAST_MOD_DTTM": "2026-06-22T16:32:07Z", "OBJECTID": 357729087 }, "geometry": { "type": "Point", "coordinates": [ -77.061265769382459, 38.903087882239916 ] } },
{ "type": "Feature", "properties": { "NAME": "King St & Peyton St", "STATION_TYPE": "classic", "STATION_ID": "8321ef62-caa3-45ea-95b2-4a4a97964625", "STATION_STATUS": null, "LAST_REPORTED": "2026-06-22T16:30:46Z", "NUM_DOCKS_AVAILABLE": 13, "NUM_DOCKS_DISABLED": 0, "NUM_BIKES_AVAILABLE": 3, "NUM_EBIKES_AVAILABLE": 1, "NUM_BIKES_DISABLED": 0, "IS_INSTALLED": "YES", "IS_RETURNING": "YES", "IS_RENTING": "YES", "HAS_KIOSK": "YES", "IOS": "https://dc.lft.to/lastmile_qr_scan", "ANDROID": "https://dc.lft.to/lastmile_qr_scan", "ELECTRIC_BIKE_SURCHARGE_WAIVER": "NO", "EIGHTD_HAS_KEY_DISPENSER": "NO", "CAPACITY": 16, "RENTAL_METHODS": "KEY,CREDITCARD", "REGION_ID": "40", "REGION_NAME": "Alexandria, VA", "GIS_ID": null, "LATITUDE": 38.806002, "LONGITUDE": -77.055911, "GIS_LAST_MOD_DTTM": "2026-06-22T16:32:07Z", "OBJECTID": 357729088 }, "geometry": { "type": "Point", "coordinates": [ -77.055909532090055, 38.806006703180586 ] } },
{ "type": "Feature", "properties": { "NAME": "Fishers Ln & Rock Creek Mill Rd", "STATION_TYPE": "classic", "STATION_ID": "66cac629-904e-4186-8431-44983be40985", "STATION_STATUS": null, "LAST_REPORTED": "2026-06-22T16:30:47Z", "NUM_DOCKS_AVAILABLE": 9, "NUM_DOCKS_DISABLED": 0, "NUM_BIKES_AVAILABLE": 6, "NUM_EBIKES_AVAILABLE": 1, "NUM_BIKES_DISABLED": 0, "IS_INSTALLED": "YES", "IS_RETURNING": "YES", "IS_RENTING": "YES", "HAS_KIOSK": "YES", "IOS": "https://dc.lft.to/lastmile_qr_scan", "ANDROID": "https://dc.lft.to/lastmile_qr_scan", "ELECTRIC_BIKE_SURCHARGE_WAIVER": "NO", "EIGHTD_HAS_KEY_DISPENSER": "NO", "CAPACITY": 15, "RENTAL_METHODS": "KEY,CREDITCARD", "REGION_ID": "43", "REGION_NAME": "Montgomery County, MD (North)", "GIS_ID": null, "LATITUDE": 39.0629, "LONGITUDE": -77.113454, "GIS_LAST_MOD_DTTM": "2026-06-22T16:32:07Z", "OBJECTID": 357729089 }, "geometry": { "type": "Point", "coordinates": [ -77.11345677400034, 39.062908744041252 ] } },
{ "type": "Feature", "properties": { "NAME": "Rosedale Rec Center", "STATION_TYPE": "classic", "STATION_ID": "92dd5072-b877-45d6-ba24-c5acbe66733b", "STATION_STATUS": null, "LAST_REPORTED": "2026-06-22T16:30:47Z", "NUM_DOCKS_AVAILABLE": 17, "NUM_DOCKS_DISABLED": 0, "NUM_BIKES_AVAILABLE": 2, "NUM_EBIKES_AVAILABLE": 0, "NUM_BIKES_DISABLED": 0, "IS_INSTALLED": "YES", "IS_RETURNING": "YES", "IS_RENTING": "YES", "HAS_KIOSK": "YES", "IOS": "https://dc.lft.to/lastmile_qr_scan", "ANDROID": "https://dc.lft.to/lastmile_qr_scan", "ELECTRIC_BIKE_SURCHARGE_WAIVER": "NO", "EIGHTD_HAS_KEY_DISPENSER": "NO", "CAPACITY": 19, "RENTAL_METHODS": "KEY,CREDITCARD", "REGION_ID": "42", "REGION_NAME": "Washington, DC", "GIS_ID": null, "LATITUDE": 38.897808, "LONGITUDE": -76.979634, "GIS_LAST_MOD_DTTM": "2026-06-22T16:32:07Z", "OBJECTID": 357729090 }, "geometry": { "type": "Point", "coordinates": [ -76.979632586509524, 38.89781426516867 ] } },
{ "type": "Feature", "properties": { "NAME": "Needwood Rd & Eagles Head Ct", "STATION_TYPE": "classic", "STATION_ID": "0825962a-1f3f-11e7-bf6b-3863bb334450", "STATION_STATUS": null, "LAST_REPORTED": "2026-06-22T16:30:50Z", "NUM_DOCKS_AVAILABLE": 13, "NUM_DOCKS_DISABLED": 0, "NUM_BIKES_AVAILABLE": 0, "NUM_EBIKES_AVAILABLE": 0, "NUM_BIKES_DISABLED": 1, "IS_INSTALLED": "YES", "IS_RETURNING": "YES", "IS_RENTING": "YES", "HAS_KIOSK": "YES", "IOS": "https://dc.lft.to/lastmile_qr_scan", "ANDROID": "https://dc.lft.to/lastmile_qr_scan", "ELECTRIC_BIKE_SURCHARGE_WAIVER": "NO", "EIGHTD_HAS_KEY_DISPENSER": "NO", "CAPACITY": 15, "RENTAL_METHODS": "KEY,CREDITCARD", "REGION_ID": "43", "REGION_NAME": "Montgomery County, MD (North)", "GIS_ID": null, "LATITUDE": 39.123513, "LONGITUDE": -77.15741, "GIS_LAST_MOD_DTTM": "2026-06-22T16:32:07Z", "OBJECTID": 357729091 }, "geometry": { "type": "Point", "coordinates": [ -77.157417418535971, 39.12351783783717 ] } },
{ "type": "Feature", "properties": { "NAME": "Maine Ave & 9th St SW", "STATION_TYPE": "classic", "STATION_ID": "f33b7c9d-11ff-4059-94e4-4a1206acd7a6", "STATION_STATUS": null, "LAST_REPORTED": "2026-06-22T16:30:51Z", "NUM_DOCKS_AVAILABLE": 1, "NUM_DOCKS_DISABLED": 0, "NUM_BIKES_AVAILABLE": 13, "NUM_EBIKES_AVAILABLE": 7, "NUM_BIKES_DISABLED": 1, "IS_INSTALLED": "YES", "IS_RETURNING": "YES", "IS_RENTING": "YES", "HAS_KIOSK": "YES", "IOS": "https://dc.lft.to/lastmile_qr_scan", "ANDROID": "https://dc.lft.to/lastmile_qr_scan", "ELECTRIC_BIKE_SURCHARGE_WAIVER": "NO", "EIGHTD_HAS_KEY_DISPENSER": "NO", "CAPACITY": 15, "RENTAL_METHODS": "KEY,CREDITCARD", "REGION_ID": "42", "REGION_NAME": "Washington, DC", "GIS_ID": null, "LATITUDE": 38.88044, "LONGITUDE": -77.025236, "GIS_LAST_MOD_DTTM": "2026-06-22T16:32:07Z", "OBJECTID": 357729092 }, "geometry": { "type": "Point", "coordinates": [ -77.025242111150661, 38.880445160015185 ] } },
{ "type": "Feature", "properties": { "NAME": "Potomac Ave & Half St SW", "STATION_TYPE": "classic", "STATION_ID": "21858490-7495-4942-b0eb-5e956db26b16", "STATION_STATUS": null, "LAST_REPORTED": "2026-06-22T16:30:51Z", "NUM_DOCKS_AVAILABLE": 21, "NUM_DOCKS_DISABLED": 0, "NUM_BIKES_AVAILABLE": 1, "NUM_EBIKES_AVAILABLE": 0, "NUM_BIKES_DISABLED": 1, "IS_INSTALLED": "YES", "IS_RETURNING": "YES", "IS_RENTING": "YES", "HAS_KIOSK": "YES", "IOS": "https://dc.lft.to/lastmile_qr_scan", "ANDROID": "https://dc.lft.to/lastmile_qr_scan", "ELECTRIC_BIKE_SURCHARGE_WAIVER": "NO", "EIGHTD_HAS_KEY_DISPENSER": "NO", "CAPACITY": 23, "RENTAL_METHODS": "KEY,CREDITCARD", "REGION_ID": "42", "REGION_NAME": "Washington, DC", "GIS_ID": null, "LATITUDE": 38.869683, "LONGITUDE": -77.010815, "GIS_LAST_MOD_DTTM": "2026-06-22T16:32:07Z", "OBJECTID": 357729093 }, "geometry": { "type": "Point", "coordinates": [ -77.010822659632936, 38.869691357348593 ] } },
{ "type": "Feature", "properties": { "NAME": "North Capitol St & F St NW", "STATION_TYPE": "classic", "STATION_ID": "0824d140-1f3f-11e7-bf6b-3863bb334450", "STATION_STATUS": null, "LAST_REPORTED": "2026-06-22T16:30:54Z", "NUM_DOCKS_AVAILABLE": 16, "NUM_DOCKS_DISABLED": 0, "NUM_BIKES_AVAILABLE": 7, "NUM_EBIKES_AVAILABLE": 1, "NUM_BIKES_DISABLED": 0, "IS_INSTALLED": "YES", "IS_RETURNING": "YES", "IS_RENTING": "YES", "HAS_KIOSK": "YES", "IOS": "https://dc.lft.to/lastmile_qr_scan", "ANDROID": "https://dc.lft.to/lastmile_qr_scan", "ELECTRIC_BIKE_SURCHARGE_WAIVER": "NO", "EIGHTD_HAS_KEY_DISPENSER": "NO", "CAPACITY": 23, "RENTAL_METHODS": "KEY,CREDITCARD", "REGION_ID": "42", "REGION_NAME": "Washington, DC", "GIS_ID": null, "LATITUDE": 38.897446, "LONGITUDE": -77.009888, "GIS_LAST_MOD_DTTM": "2026-06-22T16:32:07Z", "OBJECTID": 357729094 }, "geometry": { "type": "Point", "coordinates": [ -77.00989312202195, 38.8974552866704 ] } },
{ "type": "Feature", "properties": { "NAME": "Holmes Run Pkwy & N Pickett St", "STATION_TYPE": "classic", "STATION_ID": "fe33785a-90bb-40e0-9dce-91968006a5c6", "STATION_STATUS": null, "LAST_REPORTED": "2026-06-22T16:30:54Z", "NUM_DOCKS_AVAILABLE": 0, "NUM_DOCKS_DISABLED": 0, "NUM_BIKES_AVAILABLE": 15, "NUM_EBIKES_AVAILABLE": 1, "NUM_BIKES_DISABLED": 0, "IS_INSTALLED": "YES", "IS_RETURNING": "YES", "IS_RENTING": "YES", "HAS_KIOSK": "YES", "IOS": "https://dc.lft.to/lastmile_qr_scan", "ANDROID": "https://dc.lft.to/lastmile_qr_scan", "ELECTRIC_BIKE_SURCHARGE_WAIVER": "NO", "EIGHTD_HAS_KEY_DISPENSER": "NO", "CAPACITY": 15, "RENTAL_METHODS": "KEY,CREDITCARD", "REGION_ID": "40", "REGION_NAME": "Alexandria, VA", "GIS_ID": null, "LATITUDE": 38.814305, "LONGITUDE": -77.11893, "GIS_LAST_MOD_DTTM": "2026-06-22T16:32:07Z", "OBJECTID": 357729095 }, "geometry": { "type": "Point", "coordinates": [ -77.118934175865576, 38.814310357664162 ] } },
{ "type": "Feature", "properties": { "NAME": "Stanton Square SE", "STATION_TYPE": "classic", "STATION_ID": "eab74a15-a9dd-4813-a6a9-c445782f6920", "STATION_STATUS": null, "LAST_REPORTED": "2026-06-22T16:30:47Z", "NUM_DOCKS_AVAILABLE": 11, "NUM_DOCKS_DISABLED": 0, "NUM_BIKES_AVAILABLE": 0, "NUM_EBIKES_AVAILABLE": 0, "NUM_BIKES_DISABLED": 0, "IS_INSTALLED": "YES", "IS_RETURNING": "YES", "IS_RENTING": "YES", "HAS_KIOSK": "YES", "IOS": "https://dc.lft.to/lastmile_qr_scan", "ANDROID": "https://dc.lft.to/lastmile_qr_scan", "ELECTRIC_BIKE_SURCHARGE_WAIVER": "NO", "EIGHTD_HAS_KEY_DISPENSER": "NO", "CAPACITY": 11, "RENTAL_METHODS": "KEY,CREDITCARD", "REGION_ID": "42", "REGION_NAME": "Washington, DC", "GIS_ID": null, "LATITUDE": 38.855004, "LONGITUDE": -76.984512, "GIS_LAST_MOD_DTTM": "2026-06-22T16:32:07Z", "OBJECTID": 357729096 }, "geometry": { "type": "Point", "coordinates": [ -76.984518150721726, 38.855016118183222 ] } },
{ "type": "Feature", "properties": { "NAME": "Market Square / King St & Royal St", "STATION_TYPE": "classic", "STATION_ID": "082539e0-1f3f-11e7-bf6b-3863bb334450", "STATION_STATUS": null, "LAST_REPORTED": "2026-06-22T16:30:57Z", "NUM_DOCKS_AVAILABLE": 12, "NUM_DOCKS_DISABLED": 0, "NUM_BIKES_AVAILABLE": 10, "NUM_EBIKES_AVAILABLE": 0, "NUM_BIKES_DISABLED": 0, "IS_INSTALLED": "YES", "IS_RETURNING": "YES", "IS_RENTING": "YES", "HAS_KIOSK": "YES", "IOS": "https://dc.lft.to/lastmile_qr_scan", "ANDROID": "https://dc.lft.to/lastmile_qr_scan", "ELECTRIC_BIKE_SURCHARGE_WAIVER": "NO", "EIGHTD_HAS_KEY_DISPENSER": "NO", "CAPACITY": 21, "RENTAL_METHODS": "KEY,CREDITCARD", "REGION_ID": "40", "REGION_NAME": "Alexandria, VA", "GIS_ID": null, "LATITUDE": 38.804497, "LONGITUDE": -77.043597, "GIS_LAST_MOD_DTTM": "2026-06-22T16:32:07Z", "OBJECTID": 357729097 }, "geometry": { "type": "Point", "coordinates": [ -77.043601191078153, 38.804507532704534 ] } },
{ "type": "Feature", "properties": { "NAME": "36th & Calvert St NW / Glover Park", "STATION_TYPE": "classic", "STATION_ID": "0824e189-1f3f-11e7-bf6b-3863bb334450", "STATION_STATUS": null, "LAST_REPORTED": "2026-06-22T16:30:57Z", "NUM_DOCKS_AVAILABLE": 2, "NUM_DOCKS_DISABLED": 0, "NUM_BIKES_AVAILABLE": 11, "NUM_EBIKES_AVAILABLE": 9, "NUM_BIKES_DISABLED": 2, "IS_INSTALLED": "YES", "IS_RETURNING": "YES", "IS_RENTING": "YES", "HAS_KIOSK": "YES", "IOS": "https://dc.lft.to/lastmile_qr_scan", "ANDROID": "https://dc.lft.to/lastmile_qr_scan", "ELECTRIC_BIKE_SURCHARGE_WAIVER": "NO", "EIGHTD_HAS_KEY_DISPENSER": "NO", "CAPACITY": 15, "RENTAL_METHODS": "KEY,CREDITCARD", "REGION_ID": "42", "REGION_NAME": "Washington, DC", "GIS_ID": null, "LATITUDE": 38.922581, "LONGITUDE": -77.070334, "GIS_LAST_MOD_DTTM": "2026-06-22T16:32:07Z", "OBJECTID": 357729098 }, "geometry": { "type": "Point", "coordinates": [ -77.070335022863262, 38.922585834503828 ] } },
{ "type": "Feature", "properties": { "NAME": "4th & M St SE", "STATION_TYPE": "classic", "STATION_ID": "9a93cdb5-bd4e-43b8-87f3-81dc9063999f", "STATION_STATUS": null, "LAST_REPORTED": "2026-06-22T16:30:50Z", "NUM_DOCKS_AVAILABLE": 6, "NUM_DOCKS_DISABLED": 0, "NUM_BIKES_AVAILABLE": 14, "NUM_EBIKES_AVAILABLE": 12, "NUM_BIKES_DISABLED": 0, "IS_INSTALLED": "YES", "IS_RETURNING": "YES", "IS_RENTING": "YES", "HAS_KIOSK": "YES", "IOS": "https://dc.lft.to/lastmile_qr_scan", "ANDROID": "https://dc.lft.to/lastmile_qr_scan", "ELECTRIC_BIKE_SURCHARGE_WAIVER": "NO", "EIGHTD_HAS_KEY_DISPENSER": "NO", "CAPACITY": 19, "RENTAL_METHODS": "KEY,CREDITCARD", "REGION_ID": "42", "REGION_NAME": "Washington, DC", "GIS_ID": null, "LATITUDE": 38.876751, "LONGITUDE": -77.000736, "GIS_LAST_MOD_DTTM": "2026-06-22T16:32:07Z", "OBJECTID": 357729099 }, "geometry": { "type": "Point", "coordinates": [ -77.000739846263883, 38.876754444273246 ] } },
{ "type": "Feature", "properties": { "NAME": "5th & K St NW", "STATION_TYPE": "classic", "STATION_ID": "08247d46-1f3f-11e7-bf6b-3863bb334450", "STATION_STATUS": null, "LAST_REPORTED": "2026-06-22T16:30:52Z", "NUM_DOCKS_AVAILABLE": 15, "NUM_DOCKS_DISABLED": 0, "NUM_BIKES_AVAILABLE": 7, "NUM_EBIKES_AVAILABLE": 0, "NUM_BIKES_DISABLED": 1, "IS_INSTALLED": "YES", "IS_RETURNING": "YES", "IS_RENTING": "YES", "HAS_KIOSK": "YES", "IOS": "https://dc.lft.to/lastmile_qr_scan", "ANDROID": "https://dc.lft.to/lastmile_qr_scan", "ELECTRIC_BIKE_SURCHARGE_WAIVER": "NO", "EIGHTD_HAS_KEY_DISPENSER": "NO", "CAPACITY": 23, "RENTAL_METHODS": "KEY,CREDITCARD", "REGION_ID": "42", "REGION_NAME": "Washington, DC", "GIS_ID": null, "LATITUDE": 38.902734, "LONGITUDE": -77.019181, "GIS_LAST_MOD_DTTM": "2026-06-22T16:32:07Z", "OBJECTID": 357729100 }, "geometry": { "type": "Point", "coordinates": [ -77.0191859380094, 38.902742037423664 ] } }
]
}
